replicate,system,frame,time_us,box_nm,n_MED1_sequence_equivalents,n_MED1_physical_chains,n_OCT4,n_DNA,n_physical_proteins,direct_largest_protein_fraction,augmented_largest_protein_fraction,DNA_component_protein_fraction,DNA_component_MED1,DNA_component_OCT4,n_PP_edges,PP_edge_density,OO_contact_probability,MM_contact_probability,OM_contact_probability,OD_contact_probability,MD_contact_probability,OCT4_mean_degree,MED1_mean_degree,DNA_mean_degree,OCT4_fraction_contacting_DNA,MED1_fraction_contacting_DNA,DNA_Rg_nm,DNA_Ree_nm,DNA_asphericity,DNA_fraction_beads_contacting_OCT4,DNA_fraction_beads_contacting_MED1,DNA_fraction_beads_contacting_any_protein,N_OCT4_molecules_contacting_DNA,N_MED1_molecules_contacting_DNA
work,M0O100,1001,1.001,75.0,0,0,100,0,100,0.08,0.08,,,,59,0.0119191919191919,0.0119191919191919,,,,,1.18,,,0.0,,,,,,,,,
work,M0O100,1101,1.101,75.0,0,0,100,0,100,0.09,0.09,,,,60,0.0121212121212121,0.0121212121212121,,,,,1.2,,,0.0,,,,,,,,,
work,M0O100,1201,1.201,75.0,0,0,100,0,100,0.07,0.07,,,,56,0.0113131313131313,0.0113131313131313,,,,,1.12,,,0.0,,,,,,,,,
work,M0O100,1301,1.301,75.0,0,0,100,0,100,0.08,0.08,,,,57,0.0115151515151515,0.0115151515151515,,,,,1.14,,,0.0,,,,,,,,,
work,M0O100,1401,1.401,75.0,0,0,100,0,100,0.09,0.09,,,,53,0.0107070707070707,0.0107070707070707,,,,,1.06,,,0.0,,,,,,,,,
work,M0O100,1501,1.501,75.0,0,0,100,0,100,0.05,0.05,,,,53,0.0107070707070707,0.0107070707070707,,,,,1.06,,,0.0,,,,,,,,,
work,M0O100,1601,1.601,75.0,0,0,100,0,100,0.1,0.1,,,,59,0.0119191919191919,0.0119191919191919,,,,,1.18,,,0.0,,,,,,,,,
work,M0O100,1701,1.701,75.0,0,0,100,0,100,0.16,0.16,,,,51,0.0103030303030303,0.0103030303030303,,,,,1.02,,,0.0,,,,,,,,,
work,M0O100,1801,1.801,75.0,0,0,100,0,100,0.09,0.09,,,,56,0.0113131313131313,0.0113131313131313,,,,,1.12,,,0.0,,,,,,,,,
work,M0O100,1901,1.901,75.0,0,0,100,0,100,0.11,0.11,,,,62,0.0125252525252525,0.0125252525252525,,,,,1.24,,,0.0,,,,,,,,,
work,M0O100,2001,2.001,75.0,0,0,100,0,100,0.08,0.08,,,,57,0.0115151515151515,0.0115151515151515,,,,,1.14,,,0.0,,,,,,,,,
work,M0O100,2101,2.101,75.0,0,0,100,0,100,0.12,0.12,,,,69,0.0139393939393939,0.0139393939393939,,,,,1.38,,,0.0,,,,,,,,,
work,M0O100,2201,2.201,75.0,0,0,100,0,100,0.13,0.13,,,,60,0.0121212121212121,0.0121212121212121,,,,,1.2,,,0.0,,,,,,,,,
work,M0O100,2301,2.301,75.0,0,0,100,0,100,0.07,0.07,,,,46,0.0092929292929292,0.0092929292929292,,,,,0.92,,,0.0,,,,,,,,,
work,M0O100,2401,2.401,75.0,0,0,100,0,100,0.1,0.1,,,,58,0.0117171717171717,0.0117171717171717,,,,,1.16,,,0.0,,,,,,,,,
work,M0O100,2501,2.501,75.0,0,0,100,0,100,0.09,0.09,,,,61,0.0123232323232323,0.0123232323232323,,,,,1.22,,,0.0,,,,,,,,,
work,M0O100,2601,2.601,75.0,0,0,100,0,100,0.06,0.06,,,,53,0.0107070707070707,0.0107070707070707,,,,,1.06,,,0.0,,,,,,,,,
work,M0O100,2701,2.701,75.0,0,0,100,0,100,0.06,0.06,,,,52,0.0105050505050505,0.0105050505050505,,,,,1.04,,,0.0,,,,,,,,,
work,M0O100,2801,2.801,75.0,0,0,100,0,100,0.06,0.06,,,,48,0.0096969696969696,0.0096969696969696,,,,,0.96,,,0.0,,,,,,,,,
work,M0O100,2901,2.901,75.0,0,0,100,0,100,0.1,0.1,,,,56,0.0113131313131313,0.0113131313131313,,,,,1.12,,,0.0,,,,,,,,,
work,M0O100,3001,3.001,75.0,0,0,100,0,100,0.06,0.06,,,,35,0.007070707070707,0.007070707070707,,,,,0.7,,,0.0,,,,,,,,,
work,M0O100,3101,3.101,75.0,0,0,100,0,100,0.08,0.08,,,,55,0.0111111111111111,0.0111111111111111,,,,,1.1,,,0.0,,,,,,,,,
work,M0O100,3201,3.201,75.0,0,0,100,0,100,0.07,0.07,,,,41,0.0082828282828282,0.0082828282828282,,,,,0.82,,,0.0,,,,,,,,,
work,M0O100,3301,3.301,75.0,0,0,100,0,100,0.07,0.07,,,,61,0.0123232323232323,0.0123232323232323,,,,,1.22,,,0.0,,,,,,,,,
work,M0O100,3401,3.401,75.0,0,0,100,0,100,0.09,0.09,,,,59,0.0119191919191919,0.0119191919191919,,,,,1.18,,,0.0,,,,,,,,,
work,M0O100,3501,3.501,75.0,0,0,100,0,100,0.1,0.1,,,,73,0.0147474747474747,0.0147474747474747,,,,,1.46,,,0.0,,,,,,,,,
work,M0O100,3601,3.601,75.0,0,0,100,0,100,0.07,0.07,,,,49,0.0098989898989898,0.0098989898989898,,,,,0.98,,,0.0,,,,,,,,,
work,M0O100,3701,3.701,75.0,0,0,100,0,100,0.16,0.16,,,,54,0.0109090909090909,0.0109090909090909,,,,,1.08,,,0.0,,,,,,,,,
work,M0O100,3801,3.801,75.0,0,0,100,0,100,0.07,0.07,,,,52,0.0105050505050505,0.0105050505050505,,,,,1.04,,,0.0,,,,,,,,,
work,M0O100,3901,3.901,75.0,0,0,100,0,100,0.07,0.07,,,,48,0.0096969696969696,0.0096969696969696,,,,,0.96,,,0.0,,,,,,,,,
work,M0O100,4001,4.001,75.0,0,0,100,0,100,0.06,0.06,,,,44,0.0088888888888888,0.0088888888888888,,,,,0.88,,,0.0,,,,,,,,,
work,M0O100,4101,4.101,75.0,0,0,100,0,100,0.07,0.07,,,,59,0.0119191919191919,0.0119191919191919,,,,,1.18,,,0.0,,,,,,,,,
work,M0O100,4201,4.2010000000000005,75.0,0,0,100,0,100,0.07,0.07,,,,53,0.0107070707070707,0.0107070707070707,,,,,1.06,,,0.0,,,,,,,,,
work,M0O100,4301,4.301,75.0,0,0,100,0,100,0.09,0.09,,,,63,0.0127272727272727,0.0127272727272727,,,,,1.26,,,0.0,,,,,,,,,
work,M0O100,4401,4.401,75.0,0,0,100,0,100,0.09,0.09,,,,58,0.0117171717171717,0.0117171717171717,,,,,1.16,,,0.0,,,,,,,,,
work,M0O100,4501,4.501,75.0,0,0,100,0,100,0.09,0.09,,,,66,0.0133333333333333,0.0133333333333333,,,,,1.32,,,0.0,,,,,,,,,
work,M0O100,4601,4.601,75.0,0,0,100,0,100,0.19,0.19,,,,61,0.0123232323232323,0.0123232323232323,,,,,1.22,,,0.0,,,,,,,,,
work,M0O100,4701,4.7010000000000005,75.0,0,0,100,0,100,0.11,0.11,,,,64,0.0129292929292929,0.0129292929292929,,,,,1.28,,,0.0,,,,,,,,,
work,M0O100,4801,4.801,75.0,0,0,100,0,100,0.14,0.14,,,,69,0.0139393939393939,0.0139393939393939,,,,,1.38,,,0.0,,,,,,,,,
work,M0O100,4901,4.901,75.0,0,0,100,0,100,0.1,0.1,,,,57,0.0115151515151515,0.0115151515151515,,,,,1.14,,,0.0,,,,,,,,,
work-1,M0O100,1001,1.001,75.0,0,0,100,0,100,0.08,0.08,,,,56,0.0113131313131313,0.0113131313131313,,,,,1.12,,,0.0,,,,,,,,,
work-1,M0O100,1101,1.101,75.0,0,0,100,0,100,0.1,0.1,,,,59,0.0119191919191919,0.0119191919191919,,,,,1.18,,,0.0,,,,,,,,,
work-1,M0O100,1201,1.201,75.0,0,0,100,0,100,0.06,0.06,,,,48,0.0096969696969696,0.0096969696969696,,,,,0.96,,,0.0,,,,,,,,,
work-1,M0O100,1301,1.301,75.0,0,0,100,0,100,0.11,0.11,,,,61,0.0123232323232323,0.0123232323232323,,,,,1.22,,,0.0,,,,,,,,,
work-1,M0O100,1401,1.401,75.0,0,0,100,0,100,0.08,0.08,,,,65,0.0131313131313131,0.0131313131313131,,,,,1.3,,,0.0,,,,,,,,,
work-1,M0O100,1501,1.501,75.0,0,0,100,0,100,0.06,0.06,,,,48,0.0096969696969696,0.0096969696969696,,,,,0.96,,,0.0,,,,,,,,,
work-1,M0O100,1601,1.601,75.0,0,0,100,0,100,0.09,0.09,,,,57,0.0115151515151515,0.0115151515151515,,,,,1.14,,,0.0,,,,,,,,,
work-1,M0O100,1701,1.701,75.0,0,0,100,0,100,0.12,0.12,,,,63,0.0127272727272727,0.0127272727272727,,,,,1.26,,,0.0,,,,,,,,,
work-1,M0O100,1801,1.801,75.0,0,0,100,0,100,0.13,0.13,,,,65,0.0131313131313131,0.0131313131313131,,,,,1.3,,,0.0,,,,,,,,,
work-1,M0O100,1901,1.901,75.0,0,0,100,0,100,0.09,0.09,,,,52,0.0105050505050505,0.0105050505050505,,,,,1.04,,,0.0,,,,,,,,,
work-1,M0O100,2001,2.001,75.0,0,0,100,0,100,0.06,0.06,,,,33,0.0066666666666666,0.0066666666666666,,,,,0.66,,,0.0,,,,,,,,,
work-1,M0O100,2101,2.101,75.0,0,0,100,0,100,0.06,0.06,,,,52,0.0105050505050505,0.0105050505050505,,,,,1.04,,,0.0,,,,,,,,,
work-1,M0O100,2201,2.201,75.0,0,0,100,0,100,0.13,0.13,,,,62,0.0125252525252525,0.0125252525252525,,,,,1.24,,,0.0,,,,,,,,,
work-1,M0O100,2301,2.301,75.0,0,0,100,0,100,0.06,0.06,,,,56,0.0113131313131313,0.0113131313131313,,,,,1.12,,,0.0,,,,,,,,,
work-1,M0O100,2401,2.401,75.0,0,0,100,0,100,0.09,0.09,,,,49,0.0098989898989898,0.0098989898989898,,,,,0.98,,,0.0,,,,,,,,,
work-1,M0O100,2501,2.501,75.0,0,0,100,0,100,0.1,0.1,,,,49,0.0098989898989898,0.0098989898989898,,,,,0.98,,,0.0,,,,,,,,,
work-1,M0O100,2601,2.601,75.0,0,0,100,0,100,0.06,0.06,,,,44,0.0088888888888888,0.0088888888888888,,,,,0.88,,,0.0,,,,,,,,,
work-1,M0O100,2701,2.701,75.0,0,0,100,0,100,0.08,0.08,,,,51,0.0103030303030303,0.0103030303030303,,,,,1.02,,,0.0,,,,,,,,,
work-1,M0O100,2801,2.801,75.0,0,0,100,0,100,0.09,0.09,,,,58,0.0117171717171717,0.0117171717171717,,,,,1.16,,,0.0,,,,,,,,,
work-1,M0O100,2901,2.901,75.0,0,0,100,0,100,0.09,0.09,,,,75,0.0151515151515151,0.0151515151515151,,,,,1.5,,,0.0,,,,,,,,,
work-1,M0O100,3001,3.001,75.0,0,0,100,0,100,0.1,0.1,,,,62,0.0125252525252525,0.0125252525252525,,,,,1.24,,,0.0,,,,,,,,,
work-1,M0O100,3101,3.101,75.0,0,0,100,0,100,0.11,0.11,,,,55,0.0111111111111111,0.0111111111111111,,,,,1.1,,,0.0,,,,,,,,,
work-1,M0O100,3201,3.201,75.0,0,0,100,0,100,0.09,0.09,,,,48,0.0096969696969696,0.0096969696969696,,,,,0.96,,,0.0,,,,,,,,,
work-1,M0O100,3301,3.301,75.0,0,0,100,0,100,0.06,0.06,,,,46,0.0092929292929292,0.0092929292929292,,,,,0.92,,,0.0,,,,,,,,,
work-1,M0O100,3401,3.401,75.0,0,0,100,0,100,0.09,0.09,,,,53,0.0107070707070707,0.0107070707070707,,,,,1.06,,,0.0,,,,,,,,,
work-1,M0O100,3501,3.501,75.0,0,0,100,0,100,0.08,0.08,,,,59,0.0119191919191919,0.0119191919191919,,,,,1.18,,,0.0,,,,,,,,,
work-1,M0O100,3601,3.601,75.0,0,0,100,0,100,0.09,0.09,,,,53,0.0107070707070707,0.0107070707070707,,,,,1.06,,,0.0,,,,,,,,,
work-1,M0O100,3701,3.701,75.0,0,0,100,0,100,0.07,0.07,,,,52,0.0105050505050505,0.0105050505050505,,,,,1.04,,,0.0,,,,,,,,,
work-1,M0O100,3801,3.801,75.0,0,0,100,0,100,0.06,0.06,,,,69,0.0139393939393939,0.0139393939393939,,,,,1.38,,,0.0,,,,,,,,,
work-1,M0O100,3901,3.901,75.0,0,0,100,0,100,0.09,0.09,,,,53,0.0107070707070707,0.0107070707070707,,,,,1.06,,,0.0,,,,,,,,,
work-1,M0O100,4001,4.001,75.0,0,0,100,0,100,0.09,0.09,,,,52,0.0105050505050505,0.0105050505050505,,,,,1.04,,,0.0,,,,,,,,,
work-1,M0O100,4101,4.101,75.0,0,0,100,0,100,0.09,0.09,,,,56,0.0113131313131313,0.0113131313131313,,,,,1.12,,,0.0,,,,,,,,,
work-1,M0O100,4201,4.2010000000000005,75.0,0,0,100,0,100,0.06,0.06,,,,63,0.0127272727272727,0.0127272727272727,,,,,1.26,,,0.0,,,,,,,,,
work-1,M0O100,4301,4.301,75.0,0,0,100,0,100,0.17,0.17,,,,59,0.0119191919191919,0.0119191919191919,,,,,1.18,,,0.0,,,,,,,,,
work-1,M0O100,4401,4.401,75.0,0,0,100,0,100,0.04,0.04,,,,43,0.0086868686868686,0.0086868686868686,,,,,0.86,,,0.0,,,,,,,,,
work-1,M0O100,4501,4.501,75.0,0,0,100,0,100,0.1,0.1,,,,58,0.0117171717171717,0.0117171717171717,,,,,1.16,,,0.0,,,,,,,,,
work-1,M0O100,4601,4.601,75.0,0,0,100,0,100,0.11,0.11,,,,65,0.0131313131313131,0.0131313131313131,,,,,1.3,,,0.0,,,,,,,,,
work-1,M0O100,4701,4.7010000000000005,75.0,0,0,100,0,100,0.06,0.06,,,,57,0.0115151515151515,0.0115151515151515,,,,,1.14,,,0.0,,,,,,,,,
work-1,M0O100,4801,4.801,75.0,0,0,100,0,100,0.14,0.14,,,,66,0.0133333333333333,0.0133333333333333,,,,,1.32,,,0.0,,,,,,,,,
work-1,M0O100,4901,4.901,75.0,0,0,100,0,100,0.07,0.07,,,,51,0.0103030303030303,0.0103030303030303,,,,,1.02,,,0.0,,,,,,,,,
work-2,M0O100,1001,1.001,75.0,0,0,100,0,100,0.09,0.09,,,,73,0.0147474747474747,0.0147474747474747,,,,,1.46,,,0.0,,,,,,,,,
work-2,M0O100,1101,1.101,75.0,0,0,100,0,100,0.08,0.08,,,,50,0.0101010101010101,0.0101010101010101,,,,,1.0,,,0.0,,,,,,,,,
work-2,M0O100,1201,1.201,75.0,0,0,100,0,100,0.17,0.17,,,,66,0.0133333333333333,0.0133333333333333,,,,,1.32,,,0.0,,,,,,,,,
work-2,M0O100,1301,1.301,75.0,0,0,100,0,100,0.08,0.08,,,,62,0.0125252525252525,0.0125252525252525,,,,,1.24,,,0.0,,,,,,,,,
work-2,M0O100,1401,1.401,75.0,0,0,100,0,100,0.06,0.06,,,,48,0.0096969696969696,0.0096969696969696,,,,,0.96,,,0.0,,,,,,,,,
work-2,M0O100,1501,1.501,75.0,0,0,100,0,100,0.11,0.11,,,,64,0.0129292929292929,0.0129292929292929,,,,,1.28,,,0.0,,,,,,,,,
work-2,M0O100,1601,1.601,75.0,0,0,100,0,100,0.08,0.08,,,,78,0.0157575757575757,0.0157575757575757,,,,,1.56,,,0.0,,,,,,,,,
work-2,M0O100,1701,1.701,75.0,0,0,100,0,100,0.05,0.05,,,,51,0.0103030303030303,0.0103030303030303,,,,,1.02,,,0.0,,,,,,,,,
work-2,M0O100,1801,1.801,75.0,0,0,100,0,100,0.13,0.13,,,,67,0.0135353535353535,0.0135353535353535,,,,,1.34,,,0.0,,,,,,,,,
work-2,M0O100,1901,1.901,75.0,0,0,100,0,100,0.07,0.07,,,,60,0.0121212121212121,0.0121212121212121,,,,,1.2,,,0.0,,,,,,,,,
work-2,M0O100,2001,2.001,75.0,0,0,100,0,100,0.12,0.12,,,,63,0.0127272727272727,0.0127272727272727,,,,,1.26,,,0.0,,,,,,,,,
work-2,M0O100,2101,2.101,75.0,0,0,100,0,100,0.11,0.11,,,,58,0.0117171717171717,0.0117171717171717,,,,,1.16,,,0.0,,,,,,,,,
work-2,M0O100,2201,2.201,75.0,0,0,100,0,100,0.22,0.22,,,,62,0.0125252525252525,0.0125252525252525,,,,,1.24,,,0.0,,,,,,,,,
work-2,M0O100,2301,2.301,75.0,0,0,100,0,100,0.07,0.07,,,,62,0.0125252525252525,0.0125252525252525,,,,,1.24,,,0.0,,,,,,,,,
work-2,M0O100,2401,2.401,75.0,0,0,100,0,100,0.1,0.1,,,,57,0.0115151515151515,0.0115151515151515,,,,,1.14,,,0.0,,,,,,,,,
work-2,M0O100,2501,2.501,75.0,0,0,100,0,100,0.08,0.08,,,,61,0.0123232323232323,0.0123232323232323,,,,,1.22,,,0.0,,,,,,,,,
work-2,M0O100,2601,2.601,75.0,0,0,100,0,100,0.07,0.07,,,,58,0.0117171717171717,0.0117171717171717,,,,,1.16,,,0.0,,,,,,,,,
work-2,M0O100,2701,2.701,75.0,0,0,100,0,100,0.06,0.06,,,,50,0.0101010101010101,0.0101010101010101,,,,,1.0,,,0.0,,,,,,,,,
work-2,M0O100,2801,2.801,75.0,0,0,100,0,100,0.07,0.07,,,,48,0.0096969696969696,0.0096969696969696,,,,,0.96,,,0.0,,,,,,,,,
work-2,M0O100,2901,2.901,75.0,0,0,100,0,100,0.08,0.08,,,,60,0.0121212121212121,0.0121212121212121,,,,,1.2,,,0.0,,,,,,,,,
work-2,M0O100,3001,3.001,75.0,0,0,100,0,100,0.06,0.06,,,,53,0.0107070707070707,0.0107070707070707,,,,,1.06,,,0.0,,,,,,,,,
work-2,M0O100,3101,3.101,75.0,0,0,100,0,100,0.07,0.07,,,,49,0.0098989898989898,0.0098989898989898,,,,,0.98,,,0.0,,,,,,,,,
work-2,M0O100,3201,3.201,75.0,0,0,100,0,100,0.09,0.09,,,,61,0.0123232323232323,0.0123232323232323,,,,,1.22,,,0.0,,,,,,,,,
work-2,M0O100,3301,3.301,75.0,0,0,100,0,100,0.09,0.09,,,,59,0.0119191919191919,0.0119191919191919,,,,,1.18,,,0.0,,,,,,,,,
work-2,M0O100,3401,3.401,75.0,0,0,100,0,100,0.08,0.08,,,,63,0.0127272727272727,0.0127272727272727,,,,,1.26,,,0.0,,,,,,,,,
work-2,M0O100,3501,3.501,75.0,0,0,100,0,100,0.06,0.06,,,,49,0.0098989898989898,0.0098989898989898,,,,,0.98,,,0.0,,,,,,,,,
work-2,M0O100,3601,3.601,75.0,0,0,100,0,100,0.13,0.13,,,,70,0.0141414141414141,0.0141414141414141,,,,,1.4,,,0.0,,,,,,,,,
work-2,M0O100,3701,3.701,75.0,0,0,100,0,100,0.11,0.11,,,,64,0.0129292929292929,0.0129292929292929,,,,,1.28,,,0.0,,,,,,,,,
work-2,M0O100,3801,3.801,75.0,0,0,100,0,100,0.07,0.07,,,,51,0.0103030303030303,0.0103030303030303,,,,,1.02,,,0.0,,,,,,,,,
work-2,M0O100,3901,3.901,75.0,0,0,100,0,100,0.08,0.08,,,,53,0.0107070707070707,0.0107070707070707,,,,,1.06,,,0.0,,,,,,,,,
work-2,M0O100,4001,4.001,75.0,0,0,100,0,100,0.07,0.07,,,,48,0.0096969696969696,0.0096969696969696,,,,,0.96,,,0.0,,,,,,,,,
work-2,M0O100,4101,4.101,75.0,0,0,100,0,100,0.05,0.05,,,,57,0.0115151515151515,0.0115151515151515,,,,,1.14,,,0.0,,,,,,,,,
work-2,M0O100,4201,4.2010000000000005,75.0,0,0,100,0,100,0.09,0.09,,,,65,0.0131313131313131,0.0131313131313131,,,,,1.3,,,0.0,,,,,,,,,
work-2,M0O100,4301,4.301,75.0,0,0,100,0,100,0.09,0.09,,,,59,0.0119191919191919,0.0119191919191919,,,,,1.18,,,0.0,,,,,,,,,
work-2,M0O100,4401,4.401,75.0,0,0,100,0,100,0.08,0.08,,,,64,0.0129292929292929,0.0129292929292929,,,,,1.28,,,0.0,,,,,,,,,
work-2,M0O100,4501,4.501,75.0,0,0,100,0,100,0.08,0.08,,,,53,0.0107070707070707,0.0107070707070707,,,,,1.06,,,0.0,,,,,,,,,
work-2,M0O100,4601,4.601,75.0,0,0,100,0,100,0.15,0.15,,,,67,0.0135353535353535,0.0135353535353535,,,,,1.34,,,0.0,,,,,,,,,
work-2,M0O100,4701,4.7010000000000005,75.0,0,0,100,0,100,0.09,0.09,,,,54,0.0109090909090909,0.0109090909090909,,,,,1.08,,,0.0,,,,,,,,,
work-2,M0O100,4801,4.801,75.0,0,0,100,0,100,0.05,0.05,,,,36,0.0072727272727272,0.0072727272727272,,,,,0.72,,,0.0,,,,,,,,,
work-2,M0O100,4901,4.901,75.0,0,0,100,0,100,0.07,0.07,,,,52,0.0105050505050505,0.0105050505050505,,,,,1.04,,,0.0,,,,,,,,,
work,M5O95,1001,1.001,79.020236,5,5,95,0,100,0.09,0.09,,,,57,0.0115151515151515,0.0091825307950727,0.0,0.0336842105263157,,,1.0315789473684212,3.2,,0.0,0.0,,,,,,,,
work,M5O95,1101,1.101,79.020236,5,5,95,0,100,0.18,0.18,,,,60,0.0121212121212121,0.0105263157894736,0.0,0.0273684210526315,,,1.1263157894736842,2.6,,0.0,0.0,,,,,,,,
work,M5O95,1201,1.201,79.020236,5,5,95,0,100,0.16,0.16,,,,69,0.0139393939393939,0.0114221724524076,0.1,0.0357894736842105,,,1.2526315789473683,3.8,,0.0,0.0,,,,,,,,
work,M5O95,1301,1.301,79.020236,5,5,95,0,100,0.09,0.09,,,,68,0.0137373737373737,0.011646136618141,0.0,0.0336842105263157,,,1.263157894736842,3.2,,0.0,0.0,,,,,,,,
work,M5O95,1401,1.401,79.020236,5,5,95,0,100,0.23,0.23,,,,61,0.0123232323232323,0.0100783874580067,0.1,0.031578947368421,,,1.105263157894737,3.4,,0.0,0.0,,,,,,,,
work,M5O95,1501,1.501,79.020236,5,5,95,0,100,0.08,0.08,,,,50,0.0101010101010101,0.0087346024636058,0.0,0.0231578947368421,,,0.936842105263158,2.2,,0.0,0.0,,,,,,,,
work,M5O95,1601,1.601,79.020236,5,5,95,0,100,0.19,0.19,,,,82,0.0165656565656565,0.0143337066069428,0.1,0.0357894736842105,,,1.5263157894736843,3.8,,0.0,0.0,,,,,,,,
work,M5O95,1701,1.701,79.020236,5,5,95,0,100,0.16,0.16,,,,58,0.0117171717171717,0.0094064949608062,0.2,0.0294736842105263,,,1.0315789473684212,3.6,,0.0,0.0,,,,,,,,
work,M5O95,1801,1.801,79.020236,5,5,95,0,100,0.16,0.16,,,,63,0.0127272727272727,0.0103023516237402,0.0,0.0357894736842105,,,1.1473684210526316,3.4,,0.0,0.0,,,,,,,,
work,M5O95,1901,1.901,79.020236,5,5,95,0,100,0.1,0.1,,,,69,0.0139393939393939,0.012094064949608,0.0,0.031578947368421,,,1.2947368421052632,3.0,,0.0,0.0,,,,,,,,
work,M5O95,2001,2.001,79.020236,5,5,95,0,100,0.07,0.07,,,,57,0.0115151515151515,0.0105263157894736,0.1,0.0189473684210526,,,1.0842105263157895,2.2,,0.0,0.0,,,,,,,,
work,M5O95,2101,2.101,79.020236,5,5,95,0,100,0.14,0.14,,,,64,0.0129292929292929,0.0103023516237402,0.1,0.0357894736842105,,,1.1473684210526316,3.8,,0.0,0.0,,,,,,,,
work,M5O95,2201,2.201,79.020236,5,5,95,0,100,0.19,0.19,,,,76,0.0153535353535353,0.012541993281075,0.0,0.0421052631578947,,,1.3894736842105264,4.0,,0.0,0.0,,,,,,,,
work,M5O95,2301,2.301,79.020236,5,5,95,0,100,0.14,0.14,,,,64,0.0129292929292929,0.0107502799552071,0.2,0.0294736842105263,,,1.1578947368421053,3.6,,0.0,0.0,,,,,,,,
work,M5O95,2401,2.401,79.020236,5,5,95,0,100,0.09,0.09,,,,52,0.0105050505050505,0.0078387458006718,0.1,0.0336842105263157,,,0.9052631578947368,3.6,,0.0,0.0,,,,,,,,
work,M5O95,2501,2.501,79.020236,5,5,95,0,100,0.11,0.11,,,,57,0.0115151515151515,0.0094064949608062,0.0,0.031578947368421,,,1.0421052631578946,3.0,,0.0,0.0,,,,,,,,
work,M5O95,2601,2.601,79.020236,5,5,95,0,100,0.13,0.13,,,,54,0.0109090909090909,0.0096304591265397,0.0,0.0231578947368421,,,1.0210526315789474,2.2,,0.0,0.0,,,,,,,,
work,M5O95,2701,2.701,79.020236,5,5,95,0,100,0.1,0.1,,,,64,0.0129292929292929,0.0127659574468085,0.0,0.0147368421052631,,,1.2736842105263158,1.4,,0.0,0.0,,,,,,,,
work,M5O95,2801,2.801,79.020236,5,5,95,0,100,0.1,0.1,,,,54,0.0109090909090909,0.0105263157894736,0.0,0.0147368421052631,,,1.063157894736842,1.4,,0.0,0.0,,,,,,,,
work,M5O95,2901,2.901,79.020236,5,5,95,0,100,0.13,0.13,,,,60,0.0121212121212121,0.0103023516237402,0.1,0.0273684210526315,,,1.105263157894737,3.0,,0.0,0.0,,,,,,,,
work,M5O95,3001,3.001,79.020236,5,5,95,0,100,0.08,0.08,,,,64,0.0129292929292929,0.0100783874580067,0.0,0.04,,,1.1473684210526316,3.8,,0.0,0.0,,,,,,,,
work,M5O95,3101,3.101,79.020236,5,5,95,0,100,0.3,0.3,,,,70,0.0141414141414141,0.011646136618141,0.1,0.0357894736842105,,,1.2736842105263158,3.8,,0.0,0.0,,,,,,,,
work,M5O95,3201,3.201,79.020236,5,5,95,0,100,0.13,0.13,,,,60,0.0121212121212121,0.0091825307950727,0.1,0.0378947368421052,,,1.0526315789473684,4.0,,0.0,0.0,,,,,,,,
work,M5O95,3301,3.301,79.020236,5,5,95,0,100,0.09,0.09,,,,60,0.0121212121212121,0.0098544232922732,0.0,0.0336842105263157,,,1.0947368421052632,3.2,,0.0,0.0,,,,,,,,
work,M5O95,3401,3.401,79.020236,5,5,95,0,100,0.09,0.09,,,,66,0.0133333333333333,0.0114221724524076,0.1,0.0294736842105263,,,1.2210526315789474,3.2,,0.0,0.0,,,,,,,,
work,M5O95,3501,3.501,79.020236,5,5,95,0,100,0.1,0.1,,,,63,0.0127272727272727,0.0118701007838745,0.1,0.0189473684210526,,,1.2105263157894737,2.2,,0.0,0.0,,,,,,,,
work,M5O95,3601,3.601,79.020236,5,5,95,0,100,0.1,0.1,,,,65,0.0131313131313131,0.0109742441209406,0.0,0.0336842105263157,,,1.2,3.2,,0.0,0.0,,,,,,,,
work,M5O95,3701,3.701,79.020236,5,5,95,0,100,0.09,0.09,,,,62,0.0125252525252525,0.0111982082866741,0.0,0.0252631578947368,,,1.1789473684210523,2.4,,0.0,0.0,,,,,,,,
work,M5O95,3801,3.801,79.020236,5,5,95,0,100,0.32,0.32,,,,57,0.0115151515151515,0.0076147816349384,0.2,0.0442105263157894,,,0.936842105263158,5.0,,0.0,0.0,,,,,,,,
work,M5O95,3901,3.901,79.020236,5,5,95,0,100,0.08,0.08,,,,64,0.0129292929292929,0.0111982082866741,0.0,0.0294736842105263,,,1.2,2.8,,0.0,0.0,,,,,,,,
work,M5O95,4001,4.001,79.020236,5,5,95,0,100,0.07,0.07,,,,48,0.0096969696969696,0.0089585666293393,0.0,0.0168421052631578,,,0.9263157894736842,1.6,,0.0,0.0,,,,,,,,
work,M5O95,4101,4.101,79.020236,5,5,95,0,100,0.18,0.18,,,,55,0.0111111111111111,0.0094064949608062,0.0,0.0273684210526315,,,1.0210526315789474,2.6,,0.0,0.0,,,,,,,,
work,M5O95,4201,4.2010000000000005,79.020236,5,5,95,0,100,0.2,0.2,,,,76,0.0153535353535353,0.0123180291153415,0.1,0.0421052631578947,,,1.368421052631579,4.4,,0.0,0.0,,,,,,,,
work,M5O95,4301,4.301,79.020236,5,5,95,0,100,0.17,0.17,,,,68,0.0137373737373737,0.0111982082866741,0.1,0.0357894736842105,,,1.231578947368421,3.8,,0.0,0.0,,,,,,,,
work,M5O95,4401,4.401,79.020236,5,5,95,0,100,0.1,0.1,,,,64,0.0129292929292929,0.0114221724524076,0.0,0.0273684210526315,,,1.2105263157894737,2.6,,0.0,0.0,,,,,,,,
work,M5O95,4501,4.501,79.020236,5,5,95,0,100,0.17,0.17,,,,69,0.0139393939393939,0.0111982082866741,0.1,0.0378947368421052,,,1.2421052631578948,4.0,,0.0,0.0,,,,,,,,
work,M5O95,4601,4.601,79.020236,5,5,95,0,100,0.16,0.16,,,,56,0.0113131313131313,0.0094064949608062,0.1,0.0273684210526315,,,1.0210526315789474,3.0,,0.0,0.0,,,,,,,,
work,M5O95,4701,4.7010000000000005,79.020236,5,5,95,0,100,0.09,0.09,,,,53,0.0107070707070707,0.0096304591265397,0.1,0.0189473684210526,,,1.0,2.2,,0.0,0.0,,,,,,,,
work,M5O95,4801,4.801,79.020236,5,5,95,0,100,0.07,0.07,,,,47,0.0094949494949494,0.0082866741321388,0.1,0.0189473684210526,,,0.8736842105263158,2.2,,0.0,0.0,,,,,,,,
work,M5O95,4901,4.901,79.020236,5,5,95,0,100,0.12,0.12,,,,68,0.0137373737373737,0.0118701007838745,0.1,0.0294736842105263,,,1.263157894736842,3.2,,0.0,0.0,,,,,,,,
work-1,M5O95,1001,1.001,79.020236,5,5,95,0,100,0.1,0.1,,,,73,0.0147474747474747,0.0132138857782754,0.0,0.0294736842105263,,,1.3894736842105264,2.8,,0.0,0.0,,,,,,,,
work-1,M5O95,1101,1.101,79.020236,5,5,95,0,100,0.1,0.1,,,,50,0.0101010101010101,0.0085106382978723,0.0,0.0252631578947368,,,0.9263157894736842,2.4,,0.0,0.0,,,,,,,,
work-1,M5O95,1201,1.201,79.020236,5,5,95,0,100,0.08,0.08,,,,48,0.0096969696969696,0.0078387458006718,0.0,0.0273684210526315,,,0.8736842105263158,2.6,,0.0,0.0,,,,,,,,
work-1,M5O95,1301,1.301,79.020236,5,5,95,0,100,0.08,0.08,,,,59,0.0119191919191919,0.0103023516237402,0.0,0.0273684210526315,,,1.105263157894737,2.6,,0.0,0.0,,,,,,,,
work-1,M5O95,1401,1.401,79.020236,5,5,95,0,100,0.07,0.07,,,,74,0.0149494949494949,0.0132138857782754,0.1,0.0294736842105263,,,1.3894736842105264,3.2,,0.0,0.0,,,,,,,,
work-1,M5O95,1501,1.501,79.020236,5,5,95,0,100,0.08,0.08,,,,56,0.0113131313131313,0.0089585666293393,0.1,0.031578947368421,,,1.0,3.4,,0.0,0.0,,,,,,,,
work-1,M5O95,1601,1.601,79.020236,5,5,95,0,100,0.12,0.12,,,,57,0.0115151515151515,0.0091825307950727,0.0,0.0336842105263157,,,1.0315789473684212,3.2,,0.0,0.0,,,,,,,,
work-1,M5O95,1701,1.701,79.020236,5,5,95,0,100,0.15,0.15,,,,62,0.0125252525252525,0.0109742441209406,0.3,0.0210526315789473,,,1.136842105263158,3.2,,0.0,0.0,,,,,,,,
work-1,M5O95,1801,1.801,79.020236,5,5,95,0,100,0.12,0.12,,,,58,0.0117171717171717,0.0096304591265397,0.0,0.031578947368421,,,1.063157894736842,3.0,,0.0,0.0,,,,,,,,
work-1,M5O95,1901,1.901,79.020236,5,5,95,0,100,0.07,0.07,,,,63,0.0127272727272727,0.0109742441209406,0.2,0.0252631578947368,,,1.1578947368421053,3.2,,0.0,0.0,,,,,,,,
work-1,M5O95,2001,2.001,79.020236,5,5,95,0,100,0.12,0.12,,,,73,0.0147474747474747,0.0127659574468085,0.0,0.0336842105263157,,,1.368421052631579,3.2,,0.0,0.0,,,,,,,,
work-1,M5O95,2101,2.101,79.020236,5,5,95,0,100,0.14,0.14,,,,73,0.0147474747474747,0.0118701007838745,0.1,0.04,,,1.3157894736842106,4.2,,0.0,0.0,,,,,,,,
work-1,M5O95,2201,2.201,79.020236,5,5,95,0,100,0.11,0.11,,,,63,0.0127272727272727,0.0109742441209406,0.1,0.0273684210526315,,,1.168421052631579,3.0,,0.0,0.0,,,,,,,,
work-1,M5O95,2301,2.301,79.020236,5,5,95,0,100,0.09,0.09,,,,46,0.0092929292929292,0.0078387458006718,0.0,0.0231578947368421,,,0.8526315789473684,2.2,,0.0,0.0,,,,,,,,
work-1,M5O95,2401,2.401,79.020236,5,5,95,0,100,0.15,0.15,,,,75,0.0151515151515151,0.012094064949608,0.2,0.04,,,1.3368421052631578,4.6,,0.0,0.0,,,,,,,,
work-1,M5O95,2501,2.501,79.020236,5,5,95,0,100,0.3,0.3,,,,76,0.0153535353535353,0.0123180291153415,0.1,0.0421052631578947,,,1.368421052631579,4.4,,0.0,0.0,,,,,,,,
work-1,M5O95,2601,2.601,79.020236,5,5,95,0,100,0.16,0.16,,,,71,0.0143434343434343,0.0111982082866741,0.4,0.0357894736842105,,,1.231578947368421,5.0,,0.0,0.0,,,,,,,,
work-1,M5O95,2701,2.701,79.020236,5,5,95,0,100,0.1,0.1,,,,60,0.0121212121212121,0.0100783874580067,0.1,0.0294736842105263,,,1.0947368421052632,3.2,,0.0,0.0,,,,,,,,
work-1,M5O95,2801,2.801,79.020236,5,5,95,0,100,0.11,0.11,,,,63,0.0127272727272727,0.0114221724524076,0.0,0.0252631578947368,,,1.2,2.4,,0.0,0.0,,,,,,,,
work-1,M5O95,2901,2.901,79.020236,5,5,95,0,100,0.12,0.12,,,,55,0.0111111111111111,0.0094064949608062,0.0,0.0273684210526315,,,1.0210526315789474,2.6,,0.0,0.0,,,,,,,,
work-1,M5O95,3001,3.001,79.020236,5,5,95,0,100,0.08,0.08,,,,54,0.0109090909090909,0.0091825307950727,0.0,0.0273684210526315,,,1.0,2.6,,0.0,0.0,,,,,,,,
work-1,M5O95,3101,3.101,79.020236,5,5,95,0,100,0.08,0.08,,,,59,0.0119191919191919,0.0091825307950727,0.0,0.0378947368421052,,,1.0526315789473684,3.6,,0.0,0.0,,,,,,,,
work-1,M5O95,3201,3.201,79.020236,5,5,95,0,100,0.05,0.05,,,,38,0.0076767676767676,0.0067189249720044,0.0,0.0168421052631578,,,0.7157894736842105,1.6,,0.0,0.0,,,,,,,,
work-1,M5O95,3301,3.301,79.020236,5,5,95,0,100,0.16,0.16,,,,56,0.0113131313131313,0.0091825307950727,0.1,0.0294736842105263,,,1.0105263157894735,3.2,,0.0,0.0,,,,,,,,
work-1,M5O95,3401,3.401,79.020236,5,5,95,0,100,0.11,0.11,,,,57,0.0115151515151515,0.0089585666293393,0.1,0.0336842105263157,,,1.0105263157894735,3.6,,0.0,0.0,,,,,,,,
work-1,M5O95,3501,3.501,79.020236,5,5,95,0,100,0.12,0.12,,,,59,0.0119191919191919,0.0089585666293393,0.0,0.04,,,1.0421052631578946,3.8,,0.0,0.0,,,,,,,,
work-1,M5O95,3601,3.601,79.020236,5,5,95,0,100,0.14,0.14,,,,46,0.0092929292929292,0.0069428891377379,0.0,0.031578947368421,,,0.8105263157894737,3.0,,0.0,0.0,,,,,,,,
work-1,M5O95,3701,3.701,79.020236,5,5,95,0,100,0.07,0.07,,,,61,0.0123232323232323,0.011646136618141,0.1,0.0168421052631578,,,1.1789473684210523,2.0,,0.0,0.0,,,,,,,,
work-1,M5O95,3801,3.801,79.020236,5,5,95,0,100,0.16,0.16,,,,65,0.0131313131313131,0.0109742441209406,0.2,0.0294736842105263,,,1.1789473684210523,3.6,,0.0,0.0,,,,,,,,
work-1,M5O95,3901,3.901,79.020236,5,5,95,0,100,0.09,0.09,,,,43,0.0086868686868686,0.0062709966405375,0.1,0.0294736842105263,,,0.7368421052631579,3.2,,0.0,0.0,,,,,,,,
work-1,M5O95,4001,4.001,79.020236,5,5,95,0,100,0.14,0.14,,,,49,0.0098989898989898,0.0078387458006718,0.1,0.0273684210526315,,,0.8736842105263158,3.0,,0.0,0.0,,,,,,,,
work-1,M5O95,4101,4.101,79.020236,5,5,95,0,100,0.08,0.08,,,,59,0.0119191919191919,0.0096304591265397,0.0,0.0336842105263157,,,1.0736842105263158,3.2,,0.0,0.0,,,,,,,,
work-1,M5O95,4201,4.2010000000000005,79.020236,5,5,95,0,100,0.1,0.1,,,,57,0.0115151515151515,0.0089585666293393,0.0,0.0357894736842105,,,1.0210526315789474,3.4,,0.0,0.0,,,,,,,,
work-1,M5O95,4301,4.301,79.020236,5,5,95,0,100,0.06,0.06,,,,55,0.0111111111111111,0.0098544232922732,0.1,0.0210526315789473,,,1.0315789473684212,2.4,,0.0,0.0,,,,,,,,
work-1,M5O95,4401,4.401,79.020236,5,5,95,0,100,0.06,0.06,,,,56,0.0113131313131313,0.0098544232922732,0.0,0.0252631578947368,,,1.0526315789473684,2.4,,0.0,0.0,,,,,,,,
work-1,M5O95,4501,4.501,79.020236,5,5,95,0,100,0.1,0.1,,,,57,0.0115151515151515,0.0082866741321388,0.1,0.04,,,0.9789473684210528,4.2,,0.0,0.0,,,,,,,,
work-1,M5O95,4601,4.601,79.020236,5,5,95,0,100,0.07,0.07,,,,58,0.0117171717171717,0.0107502799552071,0.0,0.0210526315789473,,,1.1157894736842104,2.0,,0.0,0.0,,,,,,,,
work-1,M5O95,4701,4.7010000000000005,79.020236,5,5,95,0,100,0.07,0.07,,,,59,0.0119191919191919,0.0103023516237402,0.0,0.0273684210526315,,,1.105263157894737,2.6,,0.0,0.0,,,,,,,,
work-1,M5O95,4801,4.801,79.020236,5,5,95,0,100,0.23,0.23,,,,72,0.0145454545454545,0.0134378499440089,0.0,0.0252631578947368,,,1.3894736842105264,2.4,,0.0,0.0,,,,,,,,
work-1,M5O95,4901,4.901,79.020236,5,5,95,0,100,0.14,0.14,,,,67,0.0135353535353535,0.0123180291153415,0.0,0.0252631578947368,,,1.2842105263157897,2.4,,0.0,0.0,,,,,,,,
work-2,M5O95,1001,1.001,79.020236,5,5,95,0,100,0.06,0.06,,,,44,0.0088888888888888,0.0058230683090705,0.0,0.0378947368421052,,,0.7368421052631579,3.6,,0.0,0.0,,,,,,,,
work-2,M5O95,1101,1.101,79.020236,5,5,95,0,100,0.17,0.17,,,,61,0.0123232323232323,0.0091825307950727,0.1,0.04,,,1.063157894736842,4.2,,0.0,0.0,,,,,,,,
work-2,M5O95,1201,1.201,79.020236,5,5,95,0,100,0.06,0.06,,,,49,0.0098989898989898,0.0085106382978723,0.0,0.0231578947368421,,,0.9157894736842104,2.2,,0.0,0.0,,,,,,,,
work-2,M5O95,1301,1.301,79.020236,5,5,95,0,100,0.11,0.11,,,,60,0.0121212121212121,0.0096304591265397,0.1,0.0336842105263157,,,1.0736842105263158,3.6,,0.0,0.0,,,,,,,,
work-2,M5O95,1401,1.401,79.020236,5,5,95,0,100,0.09,0.09,,,,60,0.0121212121212121,0.0103023516237402,0.1,0.0273684210526315,,,1.105263157894737,3.0,,0.0,0.0,,,,,,,,
work-2,M5O95,1501,1.501,79.020236,5,5,95,0,100,0.1,0.1,,,,75,0.0151515151515151,0.0111982082866741,0.0,0.0526315789473684,,,1.3157894736842106,5.0,,0.0,0.0,,,,,,,,
work-2,M5O95,1601,1.601,79.020236,5,5,95,0,100,0.09,0.09,,,,45,0.009090909090909,0.0071668533034714,0.1,0.0252631578947368,,,0.8,2.8,,0.0,0.0,,,,,,,,
work-2,M5O95,1701,1.701,79.020236,5,5,95,0,100,0.11,0.11,,,,69,0.0139393939393939,0.0114221724524076,0.1,0.0357894736842105,,,1.2526315789473683,3.8,,0.0,0.0,,,,,,,,
work-2,M5O95,1801,1.801,79.020236,5,5,95,0,100,0.1,0.1,,,,64,0.0129292929292929,0.0111982082866741,0.1,0.0273684210526315,,,1.1894736842105262,3.0,,0.0,0.0,,,,,,,,
work-2,M5O95,1901,1.901,79.020236,5,5,95,0,100,0.05,0.05,,,,52,0.0105050505050505,0.0091825307950727,0.0,0.0231578947368421,,,0.9789473684210528,2.2,,0.0,0.0,,,,,,,,
work-2,M5O95,2001,2.001,79.020236,5,5,95,0,100,0.16,0.16,,,,63,0.0127272727272727,0.0100783874580067,0.3,0.031578947368421,,,1.105263157894737,4.2,,0.0,0.0,,,,,,,,
work-2,M5O95,2101,2.101,79.020236,5,5,95,0,100,0.11,0.11,,,,61,0.0123232323232323,0.0100783874580067,0.0,0.0336842105263157,,,1.1157894736842104,3.2,,0.0,0.0,,,,,,,,
work-2,M5O95,2201,2.201,79.020236,5,5,95,0,100,0.1,0.1,,,,62,0.0125252525252525,0.0114221724524076,0.1,0.0210526315789473,,,1.1789473684210523,2.4,,0.0,0.0,,,,,,,,
work-2,M5O95,2301,2.301,79.020236,5,5,95,0,100,0.12,0.12,,,,61,0.0123232323232323,0.0098544232922732,0.1,0.0336842105263157,,,1.0947368421052632,3.6,,0.0,0.0,,,,,,,,
work-2,M5O95,2401,2.401,79.020236,5,5,95,0,100,0.09,0.09,,,,53,0.0107070707070707,0.0078387458006718,0.1,0.0357894736842105,,,0.9157894736842104,3.8,,0.0,0.0,,,,,,,,
work-2,M5O95,2501,2.501,79.020236,5,5,95,0,100,0.07,0.07,,,,60,0.0121212121212121,0.0098544232922732,0.0,0.0336842105263157,,,1.0947368421052632,3.2,,0.0,0.0,,,,,,,,
work-2,M5O95,2601,2.601,79.020236,5,5,95,0,100,0.16,0.16,,,,71,0.0143434343434343,0.0111982082866741,0.0,0.0442105263157894,,,1.2736842105263158,4.2,,0.0,0.0,,,,,,,,
work-2,M5O95,2701,2.701,79.020236,5,5,95,0,100,0.09,0.09,,,,59,0.0119191919191919,0.0098544232922732,0.0,0.031578947368421,,,1.0842105263157895,3.0,,0.0,0.0,,,,,,,,
work-2,M5O95,2801,2.801,79.020236,5,5,95,0,100,0.08,0.08,,,,55,0.0111111111111111,0.0098544232922732,0.0,0.0231578947368421,,,1.0421052631578946,2.2,,0.0,0.0,,,,,,,,
work-2,M5O95,2901,2.901,79.020236,5,5,95,0,100,0.08,0.08,,,,50,0.0101010101010101,0.0082866741321388,0.1,0.0252631578947368,,,0.9052631578947368,2.8,,0.0,0.0,,,,,,,,
work-2,M5O95,3001,3.001,79.020236,5,5,95,0,100,0.16,0.16,,,,67,0.0135353535353535,0.0111982082866741,0.0,0.0357894736842105,,,1.231578947368421,3.4,,0.0,0.0,,,,,,,,
work-2,M5O95,3101,3.101,79.020236,5,5,95,0,100,0.11,0.11,,,,65,0.0131313131313131,0.011646136618141,0.1,0.0252631578947368,,,1.2210526315789474,2.8,,0.0,0.0,,,,,,,,
work-2,M5O95,3201,3.201,79.020236,5,5,95,0,100,0.15,0.15,,,,61,0.0123232323232323,0.0096304591265397,0.1,0.0357894736842105,,,1.0842105263157895,3.8,,0.0,0.0,,,,,,,,
work-2,M5O95,3301,3.301,79.020236,5,5,95,0,100,0.09,0.09,,,,63,0.0127272727272727,0.011646136618141,0.0,0.0231578947368421,,,1.2105263157894737,2.2,,0.0,0.0,,,,,,,,
work-2,M5O95,3401,3.401,79.020236,5,5,95,0,100,0.09,0.09,,,,59,0.0119191919191919,0.0096304591265397,0.0,0.0336842105263157,,,1.0736842105263158,3.2,,0.0,0.0,,,,,,,,
work-2,M5O95,3501,3.501,79.020236,5,5,95,0,100,0.16,0.16,,,,63,0.0127272727272727,0.0094064949608062,0.0,0.0442105263157894,,,1.105263157894737,4.2,,0.0,0.0,,,,,,,,
work-2,M5O95,3601,3.601,79.020236,5,5,95,0,100,0.15,0.15,,,,68,0.0137373737373737,0.0105263157894736,0.1,0.0421052631578947,,,1.2,4.4,,0.0,0.0,,,,,,,,
work-2,M5O95,3701,3.701,79.020236,5,5,95,0,100,0.1,0.1,,,,62,0.0125252525252525,0.0103023516237402,0.1,0.031578947368421,,,1.1263157894736842,3.4,,0.0,0.0,,,,,,,,
work-2,M5O95,3801,3.801,79.020236,5,5,95,0,100,0.1,0.1,,,,63,0.0127272727272727,0.0105263157894736,0.1,0.031578947368421,,,1.1473684210526316,3.4,,0.0,0.0,,,,,,,,
work-2,M5O95,3901,3.901,79.020236,5,5,95,0,100,0.12,0.12,,,,62,0.0125252525252525,0.0118701007838745,0.0,0.0189473684210526,,,1.2105263157894737,1.8,,0.0,0.0,,,,,,,,
work-2,M5O95,4001,4.001,79.020236,5,5,95,0,100,0.13,0.13,,,,62,0.0125252525252525,0.0103023516237402,0.0,0.0336842105263157,,,1.136842105263158,3.2,,0.0,0.0,,,,,,,,
work-2,M5O95,4101,4.101,79.020236,5,5,95,0,100,0.12,0.12,,,,65,0.0131313131313131,0.0109742441209406,0.0,0.0336842105263157,,,1.2,3.2,,0.0,0.0,,,,,,,,
work-2,M5O95,4201,4.2010000000000005,79.020236,5,5,95,0,100,0.11,0.11,,,,55,0.0111111111111111,0.0096304591265397,0.0,0.0252631578947368,,,1.0315789473684212,2.4,,0.0,0.0,,,,,,,,
work-2,M5O95,4301,4.301,79.020236,5,5,95,0,100,0.11,0.11,,,,64,0.0129292929292929,0.0109742441209406,0.0,0.031578947368421,,,1.1894736842105262,3.0,,0.0,0.0,,,,,,,,
work-2,M5O95,4401,4.401,79.020236,5,5,95,0,100,0.12,0.12,,,,59,0.0119191919191919,0.0091825307950727,0.1,0.0357894736842105,,,1.0421052631578946,3.8,,0.0,0.0,,,,,,,,
work-2,M5O95,4501,4.501,79.020236,5,5,95,0,100,0.07,0.07,,,,55,0.0111111111111111,0.0094064949608062,0.1,0.0252631578947368,,,1.0105263157894735,2.8,,0.0,0.0,,,,,,,,
work-2,M5O95,4601,4.601,79.020236,5,5,95,0,100,0.13,0.13,,,,50,0.0101010101010101,0.0087346024636058,0.2,0.0189473684210526,,,0.9157894736842104,2.6,,0.0,0.0,,,,,,,,
work-2,M5O95,4701,4.7010000000000005,79.020236,5,5,95,0,100,0.14,0.14,,,,64,0.0129292929292929,0.0114221724524076,0.0,0.0273684210526315,,,1.2105263157894737,2.6,,0.0,0.0,,,,,,,,
work-2,M5O95,4801,4.801,79.020236,5,5,95,0,100,0.08,0.08,,,,59,0.0119191919191919,0.0096304591265397,0.0,0.0336842105263157,,,1.0736842105263158,3.2,,0.0,0.0,,,,,,,,
work-2,M5O95,4901,4.901,79.020236,5,5,95,0,100,0.09,0.09,,,,58,0.0117171717171717,0.0098544232922732,0.0,0.0294736842105263,,,1.0736842105263158,2.8,,0.0,0.0,,,,,,,,
work,M10O90,1001,1.001,82.668389,10,10,90,0,100,0.14,0.14,,,,72,0.0145454545454545,0.0102372034956304,0.1555555555555555,0.0266666666666666,,,1.1777777777777778,3.8,,0.0,0.0,,,,,,,,
work,M10O90,1101,1.101,82.668389,10,10,90,0,100,0.12,0.12,,,,51,0.0103030303030303,0.0077403245942571,0.0,0.0222222222222222,,,0.9111111111111112,2.0,,0.0,0.0,,,,,,,,
work,M10O90,1201,1.201,82.668389,10,10,90,0,100,0.07,0.07,,,,54,0.0109090909090909,0.0077403245942571,0.0222222222222222,0.0244444444444444,,,0.9333333333333332,2.4,,0.0,0.0,,,,,,,,
work,M10O90,1301,1.301,82.668389,10,10,90,0,100,0.15,0.15,,,,67,0.0135353535353535,0.0089887640449438,0.1111111111111111,0.0288888888888888,,,1.0888888888888888,3.6,,0.0,0.0,,,,,,,,
work,M10O90,1401,1.401,82.668389,10,10,90,0,100,0.18,0.18,,,,64,0.0129292929292929,0.0097378277153558,0.0444444444444444,0.0255555555555555,,,1.1222222222222222,2.7,,0.0,0.0,,,,,,,,
work,M10O90,1501,1.501,82.668389,10,10,90,0,100,0.16,0.16,,,,54,0.0109090909090909,0.0077403245942571,0.0444444444444444,0.0233333333333333,,,0.9222222222222224,2.5,,0.0,0.0,,,,,,,,
work,M10O90,1601,1.601,82.668389,10,10,90,0,100,0.13,0.13,,,,60,0.0121212121212121,0.0087390761548064,0.0222222222222222,0.0266666666666666,,,1.0444444444444445,2.6,,0.0,0.0,,,,,,,,
work,M10O90,1701,1.701,82.668389,10,10,90,0,100,0.13,0.13,,,,64,0.0129292929292929,0.0094881398252184,0.0444444444444444,0.0266666666666666,,,1.1111111111111112,2.8,,0.0,0.0,,,,,,,,
work,M10O90,1801,1.801,82.668389,10,10,90,0,100,0.16,0.16,,,,53,0.0107070707070707,0.0064918851435705,0.0888888888888888,0.0255555555555555,,,0.8333333333333334,3.1,,0.0,0.0,,,,,,,,
work,M10O90,1901,1.901,82.668389,10,10,90,0,100,0.1,0.1,,,,61,0.0123232323232323,0.0082397003745318,0.0444444444444444,0.0288888888888888,,,1.022222222222222,3.0,,0.0,0.0,,,,,,,,
work,M10O90,2001,2.001,82.668389,10,10,90,0,100,0.11,0.11,,,,58,0.0117171717171717,0.0089887640449438,0.0444444444444444,0.0222222222222222,,,1.022222222222222,2.4,,0.0,0.0,,,,,,,,
work,M10O90,2101,2.101,82.668389,10,10,90,0,100,0.15,0.15,,,,77,0.0155555555555555,0.012983770287141,0.0666666666666666,0.0244444444444444,,,1.4,2.8,,0.0,0.0,,,,,,,,
work,M10O90,2201,2.201,82.668389,10,10,90,0,100,0.11,0.11,,,,62,0.0125252525252525,0.0099875156054931,0.0444444444444444,0.0222222222222222,,,1.1111111111111112,2.4,,0.0,0.0,,,,,,,,
work,M10O90,2301,2.301,82.668389,10,10,90,0,100,0.17,0.17,,,,70,0.0141414141414141,0.0099875156054931,0.0888888888888888,0.0288888888888888,,,1.1777777777777778,3.4,,0.0,0.0,,,,,,,,
work,M10O90,2401,2.401,82.668389,10,10,90,0,100,0.23,0.23,,,,58,0.0117171717171717,0.0082397003745318,0.0666666666666666,0.0244444444444444,,,0.9777777777777776,2.8,,0.0,0.0,,,,,,,,
work,M10O90,2501,2.501,82.668389,10,10,90,0,100,0.15,0.15,,,,58,0.0117171717171717,0.0082397003745318,0.0444444444444444,0.0255555555555555,,,0.9888888888888888,2.7,,0.0,0.0,,,,,,,,
work,M10O90,2601,2.601,82.668389,10,10,90,0,100,0.11,0.11,,,,75,0.0151515151515151,0.0119850187265917,0.0,0.03,,,1.3666666666666667,2.7,,0.0,0.0,,,,,,,,
work,M10O90,2701,2.701,82.668389,10,10,90,0,100,0.09,0.09,,,,65,0.0131313131313131,0.0104868913857677,0.0222222222222222,0.0244444444444444,,,1.1777777777777778,2.4,,0.0,0.0,,,,,,,,
work,M10O90,2801,2.801,82.668389,10,10,90,0,100,0.33,0.33,,,,76,0.0153535353535353,0.0109862671660424,0.0222222222222222,0.0344444444444444,,,1.3222222222222222,3.3,,0.0,0.0,,,,,,,,
work,M10O90,2901,2.901,82.668389,10,10,90,0,100,0.12,0.12,,,,71,0.0143434343434343,0.013732833957553,0.0444444444444444,0.0155555555555555,,,1.3777777777777778,1.8,,0.0,0.0,,,,,,,,
work,M10O90,3001,3.001,82.668389,10,10,90,0,100,0.24,0.24,,,,53,0.0107070707070707,0.0074906367041198,0.0888888888888888,0.0211111111111111,,,0.8777777777777778,2.7,,0.0,0.0,,,,,,,,
work,M10O90,3101,3.101,82.668389,10,10,90,0,100,0.14,0.14,,,,55,0.0111111111111111,0.0074906367041198,0.0888888888888888,0.0233333333333333,,,0.9,2.9,,0.0,0.0,,,,,,,,
work,M10O90,3201,3.201,82.668389,10,10,90,0,100,0.25,0.25,,,,74,0.0149494949494949,0.0094881398252184,0.0666666666666666,0.0366666666666666,,,1.211111111111111,3.9,,0.0,0.0,,,,,,,,
work,M10O90,3301,3.301,82.668389,10,10,90,0,100,0.21,0.21,,,,70,0.0141414141414141,0.0094881398252184,0.0888888888888888,0.0311111111111111,,,1.1555555555555554,3.6,,0.0,0.0,,,,,,,,
work,M10O90,3401,3.401,82.668389,10,10,90,0,100,0.26,0.26,,,,57,0.0115151515151515,0.0069912609238451,0.0444444444444444,0.03,,,0.9222222222222224,3.1,,0.0,0.0,,,,,,,,
work,M10O90,3501,3.501,82.668389,10,10,90,0,100,0.12,0.12,,,,61,0.0123232323232323,0.0072409488139825,0.0666666666666666,0.0322222222222222,,,0.9666666666666668,3.5,,0.0,0.0,,,,,,,,
work,M10O90,3601,3.601,82.668389,10,10,90,0,100,0.07,0.07,,,,55,0.0111111111111111,0.0077403245942571,0.0222222222222222,0.0255555555555555,,,0.9444444444444444,2.5,,0.0,0.0,,,,,,,,
work,M10O90,3701,3.701,82.668389,10,10,90,0,100,0.23,0.23,,,,76,0.0153535353535353,0.0114856429463171,0.0,0.0333333333333333,,,1.3555555555555556,3.0,,0.0,0.0,,,,,,,,
work,M10O90,3801,3.801,82.668389,10,10,90,0,100,0.17,0.17,,,,66,0.0133333333333333,0.0092384519350811,0.0444444444444444,0.03,,,1.1222222222222222,3.1,,0.0,0.0,,,,,,,,
work,M10O90,3901,3.901,82.668389,10,10,90,0,100,0.17,0.17,,,,67,0.0135353535353535,0.0069912609238451,0.0666666666666666,0.04,,,1.022222222222222,4.2,,0.0,0.0,,,,,,,,
work,M10O90,4001,4.001,82.668389,10,10,90,0,100,0.16,0.16,,,,59,0.0119191919191919,0.0077403245942571,0.1111111111111111,0.0255555555555555,,,0.9444444444444444,3.3,,0.0,0.0,,,,,,,,
work,M10O90,4101,4.101,82.668389,10,10,90,0,100,0.17,0.17,,,,54,0.0109090909090909,0.0062421972534332,0.2,0.0222222222222222,,,0.7777777777777778,3.8,,0.0,0.0,,,,,,,,
work,M10O90,4201,4.2010000000000005,82.668389,10,10,90,0,100,0.28,0.28,,,,56,0.0113131313131313,0.0059925093632958,0.0888888888888888,0.0311111111111111,,,0.8444444444444444,3.6,,0.0,0.0,,,,,,,,
work,M10O90,4301,4.301,82.668389,10,10,90,0,100,0.15,0.15,,,,65,0.0131313131313131,0.0092384519350811,0.0222222222222222,0.03,,,1.1222222222222222,2.9,,0.0,0.0,,,,,,,,
work,M10O90,4401,4.401,82.668389,10,10,90,0,100,0.15,0.15,,,,66,0.0133333333333333,0.0099875156054931,0.0666666666666666,0.0255555555555555,,,1.1444444444444444,2.9,,0.0,0.0,,,,,,,,
work,M10O90,4501,4.501,82.668389,10,10,90,0,100,0.32,0.32,,,,72,0.0145454545454545,0.0097378277153558,0.0666666666666666,0.0333333333333333,,,1.2,3.6,,0.0,0.0,,,,,,,,
work,M10O90,4601,4.601,82.668389,10,10,90,0,100,0.25,0.25,,,,59,0.0119191919191919,0.0087390761548064,0.0888888888888888,0.0222222222222222,,,1.0,2.8,,0.0,0.0,,,,,,,,
work,M10O90,4701,4.7010000000000005,82.668389,10,10,90,0,100,0.11,0.11,,,,56,0.0113131313131313,0.0087390761548064,0.0666666666666666,0.02,,,0.9777777777777776,2.4,,0.0,0.0,,,,,,,,
work,M10O90,4801,4.801,82.668389,10,10,90,0,100,0.08,0.08,,,,47,0.0094949494949494,0.0074906367041198,0.0,0.0188888888888888,,,0.8555555555555555,1.7,,0.0,0.0,,,,,,,,
work,M10O90,4901,4.901,82.668389,10,10,90,0,100,0.27,0.27,,,,68,0.0137373737373737,0.0077403245942571,0.0444444444444444,0.0388888888888888,,,1.0777777777777775,3.9,,0.0,0.0,,,,,,,,
work-1,M10O90,1001,1.001,82.668389,10,10,90,0,100,0.28,0.28,,,,62,0.0125252525252525,0.0094881398252184,0.0444444444444444,0.0244444444444444,,,1.0888888888888888,2.6,,0.0,0.0,,,,,,,,
work-1,M10O90,1101,1.101,82.668389,10,10,90,0,100,0.19,0.19,,,,64,0.0129292929292929,0.0089887640449438,0.0444444444444444,0.0288888888888888,,,1.0888888888888888,3.0,,0.0,0.0,,,,,,,,
work-1,M10O90,1201,1.201,82.668389,10,10,90,0,100,0.26,0.26,,,,77,0.0155555555555555,0.0107365792759051,0.0888888888888888,0.0333333333333333,,,1.288888888888889,3.8,,0.0,0.0,,,,,,,,
work-1,M10O90,1301,1.301,82.668389,10,10,90,0,100,0.14,0.14,,,,56,0.0113131313131313,0.0082397003745318,0.0888888888888888,0.0211111111111111,,,0.9444444444444444,2.7,,0.0,0.0,,,,,,,,
work-1,M10O90,1401,1.401,82.668389,10,10,90,0,100,0.31,0.31,,,,76,0.0153535353535353,0.0102372034956304,0.0666666666666666,0.0355555555555555,,,1.2666666666666666,3.8,,0.0,0.0,,,,,,,,
work-1,M10O90,1501,1.501,82.668389,10,10,90,0,100,0.1,0.1,,,,55,0.0111111111111111,0.0072409488139825,0.0888888888888888,0.0244444444444444,,,0.8888888888888888,3.0,,0.0,0.0,,,,,,,,
work-1,M10O90,1601,1.601,82.668389,10,10,90,0,100,0.07,0.07,,,,45,0.009090909090909,0.0062421972534332,0.0222222222222222,0.0211111111111111,,,0.7666666666666667,2.1,,0.0,0.0,,,,,,,,
work-1,M10O90,1701,1.701,82.668389,10,10,90,0,100,0.14,0.14,,,,58,0.0117171717171717,0.0089887640449438,0.0444444444444444,0.0222222222222222,,,1.022222222222222,2.4,,0.0,0.0,,,,,,,,
work-1,M10O90,1801,1.801,82.668389,10,10,90,0,100,0.11,0.11,,,,51,0.0103030303030303,0.0089887640449438,0.0222222222222222,0.0155555555555555,,,0.9555555555555556,1.6,,0.0,0.0,,,,,,,,
work-1,M10O90,1901,1.901,82.668389,10,10,90,0,100,0.24,0.24,,,,87,0.0175757575757575,0.0127340823970037,0.0888888888888888,0.0355555555555555,,,1.488888888888889,4.0,,0.0,0.0,,,,,,,,
work-1,M10O90,2001,2.001,82.668389,10,10,90,0,100,0.16,0.16,,,,53,0.0107070707070707,0.0077403245942571,0.0444444444444444,0.0222222222222222,,,0.9111111111111112,2.4,,0.0,0.0,,,,,,,,
work-1,M10O90,2101,2.101,82.668389,10,10,90,0,100,0.16,0.16,,,,53,0.0107070707070707,0.0072409488139825,0.0222222222222222,0.0255555555555555,,,0.9,2.5,,0.0,0.0,,,,,,,,
work-1,M10O90,2201,2.201,82.668389,10,10,90,0,100,0.15,0.15,,,,64,0.0129292929292929,0.0099875156054931,0.0222222222222222,0.0255555555555555,,,1.1444444444444444,2.5,,0.0,0.0,,,,,,,,
work-1,M10O90,2301,2.301,82.668389,10,10,90,0,100,0.13,0.13,,,,57,0.0115151515151515,0.0074906367041198,0.0222222222222222,0.0288888888888888,,,0.9555555555555556,2.8,,0.0,0.0,,,,,,,,
work-1,M10O90,2401,2.401,82.668389,10,10,90,0,100,0.11,0.11,,,,54,0.0109090909090909,0.0082397003745318,0.0444444444444444,0.0211111111111111,,,0.9444444444444444,2.3,,0.0,0.0,,,,,,,,
work-1,M10O90,2501,2.501,82.668389,10,10,90,0,100,0.15,0.15,,,,65,0.0131313131313131,0.0089887640449438,0.1111111111111111,0.0266666666666666,,,1.0666666666666669,3.4,,0.0,0.0,,,,,,,,
work-1,M10O90,2601,2.601,82.668389,10,10,90,0,100,0.08,0.08,,,,47,0.0094949494949494,0.0067415730337078,0.0666666666666666,0.0188888888888888,,,0.7888888888888889,2.3,,0.0,0.0,,,,,,,,
work-1,M10O90,2701,2.701,82.668389,10,10,90,0,100,0.2,0.2,,,,57,0.0115151515151515,0.0089887640449438,0.0666666666666666,0.02,,,1.0,2.4,,0.0,0.0,,,,,,,,
work-1,M10O90,2801,2.801,82.668389,10,10,90,0,100,0.08,0.08,,,,50,0.0101010101010101,0.0084893882646691,0.0444444444444444,0.0155555555555555,,,0.9111111111111112,1.8,,0.0,0.0,,,,,,,,
work-1,M10O90,2901,2.901,82.668389,10,10,90,0,100,0.17,0.17,,,,63,0.0127272727272727,0.0097378277153558,0.0222222222222222,0.0255555555555555,,,1.1222222222222222,2.5,,0.0,0.0,,,,,,,,
work-1,M10O90,3001,3.001,82.668389,10,10,90,0,100,0.12,0.12,,,,52,0.0105050505050505,0.0079900124843945,0.0222222222222222,0.0211111111111111,,,0.9222222222222224,2.1,,0.0,0.0,,,,,,,,
work-1,M10O90,3101,3.101,82.668389,10,10,90,0,100,0.11,0.11,,,,56,0.0113131313131313,0.0097378277153558,0.0222222222222222,0.0177777777777777,,,1.0444444444444445,1.8,,0.0,0.0,,,,,,,,
work-1,M10O90,3201,3.201,82.668389,10,10,90,0,100,0.2,0.2,,,,75,0.0151515151515151,0.0074906367041198,0.1111111111111111,0.0444444444444444,,,1.1111111111111112,5.0,,0.0,0.0,,,,,,,,
work-1,M10O90,3301,3.301,82.668389,10,10,90,0,100,0.18,0.18,,,,67,0.0135353535353535,0.0082397003745318,0.0666666666666666,0.0344444444444444,,,1.0777777777777775,3.7,,0.0,0.0,,,,,,,,
work-1,M10O90,3401,3.401,82.668389,10,10,90,0,100,0.13,0.13,,,,55,0.0111111111111111,0.0087390761548064,0.0222222222222222,0.0211111111111111,,,0.9888888888888888,2.1,,0.0,0.0,,,,,,,,
work-1,M10O90,3501,3.501,82.668389,10,10,90,0,100,0.19,0.19,,,,65,0.0131313131313131,0.0079900124843945,0.1111111111111111,0.0311111111111111,,,1.022222222222222,3.8,,0.0,0.0,,,,,,,,
work-1,M10O90,3601,3.601,82.668389,10,10,90,0,100,0.21,0.21,,,,65,0.0131313131313131,0.0087390761548064,0.0666666666666666,0.03,,,1.0777777777777775,3.3,,0.0,0.0,,,,,,,,
work-1,M10O90,3701,3.701,82.668389,10,10,90,0,100,0.09,0.09,,,,68,0.0137373737373737,0.0109862671660424,0.0666666666666666,0.0233333333333333,,,1.211111111111111,2.7,,0.0,0.0,,,,,,,,
work-1,M10O90,3801,3.801,82.668389,10,10,90,0,100,0.22,0.22,,,,86,0.0173737373737373,0.0119850187265917,0.0888888888888888,0.0377777777777777,,,1.4444444444444444,4.2,,0.0,0.0,,,,,,,,
work-1,M10O90,3901,3.901,82.668389,10,10,90,0,100,0.22,0.22,,,,74,0.0149494949494949,0.0109862671660424,0.0888888888888888,0.0288888888888888,,,1.2666666666666666,3.4,,0.0,0.0,,,,,,,,
work-1,M10O90,4001,4.001,82.668389,10,10,90,0,100,0.19,0.19,,,,72,0.0145454545454545,0.0099875156054931,0.0888888888888888,0.0311111111111111,,,1.2,3.6,,0.0,0.0,,,,,,,,
work-1,M10O90,4101,4.101,82.668389,10,10,90,0,100,0.09,0.09,,,,60,0.0121212121212121,0.0092384519350811,0.0222222222222222,0.0244444444444444,,,1.0666666666666669,2.4,,0.0,0.0,,,,,,,,
work-1,M10O90,4201,4.2010000000000005,82.668389,10,10,90,0,100,0.11,0.11,,,,67,0.0135353535353535,0.0114856429463171,0.0444444444444444,0.0211111111111111,,,1.2333333333333334,2.3,,0.0,0.0,,,,,,,,
work-1,M10O90,4301,4.301,82.668389,10,10,90,0,100,0.19,0.19,,,,65,0.0131313131313131,0.0089887640449438,0.0222222222222222,0.0311111111111111,,,1.1111111111111112,3.0,,0.0,0.0,,,,,,,,
work-1,M10O90,4401,4.401,82.668389,10,10,90,0,100,0.12,0.12,,,,63,0.0127272727272727,0.0084893882646691,0.0444444444444444,0.03,,,1.0555555555555556,3.1,,0.0,0.0,,,,,,,,
work-1,M10O90,4501,4.501,82.668389,10,10,90,0,100,0.13,0.13,,,,58,0.0117171717171717,0.0087390761548064,0.0222222222222222,0.0244444444444444,,,1.022222222222222,2.4,,0.0,0.0,,,,,,,,
work-1,M10O90,4601,4.601,82.668389,10,10,90,0,100,0.09,0.09,,,,57,0.0115151515151515,0.0087390761548064,0.0444444444444444,0.0222222222222222,,,1.0,2.4,,0.0,0.0,,,,,,,,
work-1,M10O90,4701,4.7010000000000005,82.668389,10,10,90,0,100,0.12,0.12,,,,58,0.0117171717171717,0.0079900124843945,0.0444444444444444,0.0266666666666666,,,0.9777777777777776,2.8,,0.0,0.0,,,,,,,,
work-1,M10O90,4801,4.801,82.668389,10,10,90,0,100,0.17,0.17,,,,56,0.0113131313131313,0.0077403245942571,0.0666666666666666,0.0244444444444444,,,0.9333333333333332,2.8,,0.0,0.0,,,,,,,,
work-1,M10O90,4901,4.901,82.668389,10,10,90,0,100,0.14,0.14,,,,55,0.0111111111111111,0.0089887640449438,0.0666666666666666,0.0177777777777777,,,0.9777777777777776,2.2,,0.0,0.0,,,,,,,,
work-2,M10O90,1001,1.001,82.668389,10,10,90,0,100,0.18,0.18,,,,58,0.0117171717171717,0.0084893882646691,0.0888888888888888,0.0222222222222222,,,0.9777777777777776,2.8,,0.0,0.0,,,,,,,,
work-2,M10O90,1101,1.101,82.668389,10,10,90,0,100,0.21,0.21,,,,58,0.0117171717171717,0.0094881398252184,0.0888888888888888,0.0177777777777777,,,1.022222222222222,2.4,,0.0,0.0,,,,,,,,
work-2,M10O90,1201,1.201,82.668389,10,10,90,0,100,0.16,0.16,,,,68,0.0137373737373737,0.0104868913857677,0.0444444444444444,0.0266666666666666,,,1.2,2.8,,0.0,0.0,,,,,,,,
work-2,M10O90,1301,1.301,82.668389,10,10,90,0,100,0.18,0.18,,,,58,0.0117171717171717,0.0072409488139825,0.1111111111111111,0.0266666666666666,,,0.9111111111111112,3.4,,0.0,0.0,,,,,,,,
work-2,M10O90,1401,1.401,82.668389,10,10,90,0,100,0.2,0.2,,,,74,0.0149494949494949,0.0132334581772784,0.0888888888888888,0.0188888888888888,,,1.3666666666666667,2.5,,0.0,0.0,,,,,,,,
work-2,M10O90,1501,1.501,82.668389,10,10,90,0,100,0.13,0.13,,,,58,0.0117171717171717,0.0077403245942571,0.1111111111111111,0.0244444444444444,,,0.9333333333333332,3.2,,0.0,0.0,,,,,,,,
work-2,M10O90,1601,1.601,82.668389,10,10,90,0,100,0.1,0.1,,,,53,0.0107070707070707,0.0074906367041198,0.0666666666666666,0.0222222222222222,,,0.8888888888888888,2.6,,0.0,0.0,,,,,,,,
work-2,M10O90,1701,1.701,82.668389,10,10,90,0,100,0.09,0.09,,,,62,0.0125252525252525,0.0092384519350811,0.0444444444444444,0.0255555555555555,,,1.0777777777777775,2.7,,0.0,0.0,,,,,,,,
work-2,M10O90,1801,1.801,82.668389,10,10,90,0,100,0.13,0.13,,,,57,0.0115151515151515,0.0074906367041198,0.1333333333333333,0.0233333333333333,,,0.9,3.3,,0.0,0.0,,,,,,,,
work-2,M10O90,1901,1.901,82.668389,10,10,90,0,100,0.1,0.1,,,,58,0.0117171717171717,0.0087390761548064,0.0666666666666666,0.0222222222222222,,,1.0,2.6,,0.0,0.0,,,,,,,,
work-2,M10O90,2001,2.001,82.668389,10,10,90,0,100,0.1,0.1,,,,64,0.0129292929292929,0.0089887640449438,0.0444444444444444,0.0288888888888888,,,1.0888888888888888,3.0,,0.0,0.0,,,,,,,,
work-2,M10O90,2101,2.101,82.668389,10,10,90,0,100,0.09,0.09,,,,50,0.0101010101010101,0.0069912609238451,0.0222222222222222,0.0233333333333333,,,0.8555555555555555,2.3,,0.0,0.0,,,,,,,,
work-2,M10O90,2201,2.201,82.668389,10,10,90,0,100,0.18,0.18,,,,65,0.0131313131313131,0.0094881398252184,0.0888888888888888,0.0255555555555555,,,1.1,3.1,,0.0,0.0,,,,,,,,
work-2,M10O90,2301,2.301,82.668389,10,10,90,0,100,0.11,0.11,,,,61,0.0123232323232323,0.0077403245942571,0.0444444444444444,0.0311111111111111,,,1.0,3.2,,0.0,0.0,,,,,,,,
work-2,M10O90,2401,2.401,82.668389,10,10,90,0,100,0.08,0.08,,,,60,0.0121212121212121,0.0089887640449438,0.0444444444444444,0.0244444444444444,,,1.0444444444444445,2.6,,0.0,0.0,,,,,,,,
work-2,M10O90,2501,2.501,82.668389,10,10,90,0,100,0.22,0.22,,,,61,0.0123232323232323,0.0079900124843945,0.0222222222222222,0.0311111111111111,,,1.022222222222222,3.0,,0.0,0.0,,,,,,,,
work-2,M10O90,2601,2.601,82.668389,10,10,90,0,100,0.11,0.11,,,,62,0.0125252525252525,0.0082397003745318,0.0666666666666666,0.0288888888888888,,,1.022222222222222,3.2,,0.0,0.0,,,,,,,,
work-2,M10O90,2701,2.701,82.668389,10,10,90,0,100,0.11,0.11,,,,67,0.0135353535353535,0.0102372034956304,0.0222222222222222,0.0277777777777777,,,1.1888888888888889,2.7,,0.0,0.0,,,,,,,,
work-2,M10O90,2801,2.801,82.668389,10,10,90,0,100,0.13,0.13,,,,52,0.0105050505050505,0.0064918851435705,0.0222222222222222,0.0277777777777777,,,0.8555555555555555,2.7,,0.0,0.0,,,,,,,,
work-2,M10O90,2901,2.901,82.668389,10,10,90,0,100,0.17,0.17,,,,47,0.0094949494949494,0.0054931335830212,0.0222222222222222,0.0266666666666666,,,0.7555555555555555,2.6,,0.0,0.0,,,,,,,,
work-2,M10O90,3001,3.001,82.668389,10,10,90,0,100,0.12,0.12,,,,61,0.0123232323232323,0.0082397003745318,0.0,0.0311111111111111,,,1.0444444444444445,2.8,,0.0,0.0,,,,,,,,
work-2,M10O90,3101,3.101,82.668389,10,10,90,0,100,0.1,0.1,,,,49,0.0098989898989898,0.0067415730337078,0.0222222222222222,0.0233333333333333,,,0.8333333333333334,2.3,,0.0,0.0,,,,,,,,
work-2,M10O90,3201,3.201,82.668389,10,10,90,0,100,0.17,0.17,,,,72,0.0145454545454545,0.0107365792759051,0.0444444444444444,0.03,,,1.2555555555555555,3.1,,0.0,0.0,,,,,,,,
work-2,M10O90,3301,3.301,82.668389,10,10,90,0,100,0.28,0.28,,,,65,0.0131313131313131,0.0079900124843945,0.0666666666666666,0.0333333333333333,,,1.0444444444444445,3.6,,0.0,0.0,,,,,,,,
work-2,M10O90,3401,3.401,82.668389,10,10,90,0,100,0.15,0.15,,,,80,0.0161616161616161,0.0117353308364544,0.0444444444444444,0.0344444444444444,,,1.3888888888888888,3.5,,0.0,0.0,,,,,,,,
work-2,M10O90,3501,3.501,82.668389,10,10,90,0,100,0.2,0.2,,,,63,0.0127272727272727,0.0094881398252184,0.0444444444444444,0.0255555555555555,,,1.1,2.7,,0.0,0.0,,,,,,,,
work-2,M10O90,3601,3.601,82.668389,10,10,90,0,100,0.15,0.15,,,,60,0.0121212121212121,0.0094881398252184,0.0444444444444444,0.0222222222222222,,,1.0666666666666669,2.4,,0.0,0.0,,,,,,,,
work-2,M10O90,3701,3.701,82.668389,10,10,90,0,100,0.12,0.12,,,,63,0.0127272727272727,0.0084893882646691,0.0444444444444444,0.03,,,1.0555555555555556,3.1,,0.0,0.0,,,,,,,,
work-2,M10O90,3801,3.801,82.668389,10,10,90,0,100,0.08,0.08,,,,67,0.0135353535353535,0.0112359550561797,0.0222222222222222,0.0233333333333333,,,1.2333333333333334,2.3,,0.0,0.0,,,,,,,,
work-2,M10O90,3901,3.901,82.668389,10,10,90,0,100,0.19,0.19,,,,57,0.0115151515151515,0.0094881398252184,0.0444444444444444,0.0188888888888888,,,1.0333333333333334,2.1,,0.0,0.0,,,,,,,,
work-2,M10O90,4001,4.001,82.668389,10,10,90,0,100,0.12,0.12,,,,65,0.0131313131313131,0.0079900124843945,0.1111111111111111,0.0311111111111111,,,1.022222222222222,3.8,,0.0,0.0,,,,,,,,
work-2,M10O90,4101,4.101,82.668389,10,10,90,0,100,0.11,0.11,,,,70,0.0141414141414141,0.0104868913857677,0.0444444444444444,0.0288888888888888,,,1.2222222222222223,3.0,,0.0,0.0,,,,,,,,
work-2,M10O90,4201,4.2010000000000005,82.668389,10,10,90,0,100,0.19,0.19,,,,55,0.0111111111111111,0.0087390761548064,0.0222222222222222,0.0211111111111111,,,0.9888888888888888,2.1,,0.0,0.0,,,,,,,,
work-2,M10O90,4301,4.301,82.668389,10,10,90,0,100,0.17,0.17,,,,53,0.0107070707070707,0.0069912609238451,0.0888888888888888,0.0233333333333333,,,0.8555555555555555,2.9,,0.0,0.0,,,,,,,,
work-2,M10O90,4401,4.401,82.668389,10,10,90,0,100,0.1,0.1,,,,68,0.0137373737373737,0.0097378277153558,0.0222222222222222,0.0311111111111111,,,1.1777777777777778,3.0,,0.0,0.0,,,,,,,,
work-2,M10O90,4501,4.501,82.668389,10,10,90,0,100,0.1,0.1,,,,46,0.0092929292929292,0.0049937578027465,0.0444444444444444,0.0266666666666666,,,0.7111111111111111,2.8,,0.0,0.0,,,,,,,,
work-2,M10O90,4601,4.601,82.668389,10,10,90,0,100,0.25,0.25,,,,69,0.0139393939393939,0.0094881398252184,0.0,0.0344444444444444,,,1.1888888888888889,3.1,,0.0,0.0,,,,,,,,
work-2,M10O90,4701,4.7010000000000005,82.668389,10,10,90,0,100,0.24,0.24,,,,58,0.0117171717171717,0.0059925093632958,0.0444444444444444,0.0355555555555555,,,0.8888888888888888,3.6,,0.0,0.0,,,,,,,,
work-2,M10O90,4801,4.801,82.668389,10,10,90,0,100,0.13,0.13,,,,70,0.0141414141414141,0.0124843945068664,0.0666666666666666,0.0188888888888888,,,1.3,2.3,,0.0,0.0,,,,,,,,
work-2,M10O90,4901,4.901,82.668389,10,10,90,0,100,0.18,0.18,,,,69,0.0139393939393939,0.0084893882646691,0.0666666666666666,0.0355555555555555,,,1.1111111111111112,3.8,,0.0,0.0,,,,,,,,
work,M15O85,1001,1.001,86.020182,15,15,85,0,100,0.06,0.06,,,,60,0.0121212121212121,0.0089635854341736,0.019047619047619,0.0203921568627451,,,1.0588235294117647,2.0,,0.0,0.0,,,,,,,,
work,M15O85,1101,1.101,86.020182,15,15,85,0,100,0.11,0.11,,,,72,0.0145454545454545,0.0089635854341736,0.0666666666666666,0.0258823529411764,,,1.1411764705882352,3.1333333333333333,,0.0,0.0,,,,,,,,
work,M15O85,1201,1.201,86.020182,15,15,85,0,100,0.2,0.2,,,,66,0.0133333333333333,0.0095238095238095,0.0857142857142857,0.0180392156862745,,,1.0705882352941176,2.7333333333333334,,0.0,0.0,,,,,,,,
work,M15O85,1301,1.301,86.020182,15,15,85,0,100,0.15,0.15,,,,68,0.0137373737373737,0.0092436974789915,0.0666666666666666,0.0219607843137254,,,1.1058823529411763,2.8,,0.0,0.0,,,,,,,,
work,M15O85,1401,1.401,86.020182,15,15,85,0,100,0.3,0.3,,,,69,0.0139393939393939,0.0084033613445378,0.0666666666666666,0.0250980392156862,,,1.0823529411764703,3.066666666666667,,0.0,0.0,,,,,,,,
work,M15O85,1501,1.501,86.020182,15,15,85,0,100,0.21,0.21,,,,63,0.0127272727272727,0.007563025210084,0.019047619047619,0.0266666666666666,,,1.035294117647059,2.533333333333333,,0.0,0.0,,,,,,,,
work,M15O85,1601,1.601,86.020182,15,15,85,0,100,0.14,0.14,,,,65,0.0131313131313131,0.0081232492997198,0.0476190476190476,0.024313725490196,,,1.0470588235294118,2.7333333333333334,,0.0,0.0,,,,,,,,
work,M15O85,1701,1.701,86.020182,15,15,85,0,100,0.27,0.27,,,,69,0.0139393939393939,0.0081232492997198,0.019047619047619,0.0298039215686274,,,1.1294117647058823,2.8,,0.0,0.0,,,,,,,,
work,M15O85,1801,1.801,86.020182,15,15,85,0,100,0.08,0.08,,,,66,0.0133333333333333,0.0089635854341736,0.0285714285714285,0.024313725490196,,,1.1176470588235294,2.466666666666667,,0.0,0.0,,,,,,,,
work,M15O85,1901,1.901,86.020182,15,15,85,0,100,0.16,0.16,,,,58,0.0117171717171717,0.0061624649859943,0.0476190476190476,0.024313725490196,,,0.8823529411764706,2.7333333333333334,,0.0,0.0,,,,,,,,
work,M15O85,2001,2.001,86.020182,15,15,85,0,100,0.12,0.12,,,,66,0.0133333333333333,0.0086834733893557,0.0380952380952381,0.024313725490196,,,1.0941176470588236,2.6,,0.0,0.0,,,,,,,,
work,M15O85,2101,2.101,86.020182,15,15,85,0,100,0.09,0.09,,,,52,0.0105050505050505,0.0056022408963585,0.0571428571428571,0.0203921568627451,,,0.7764705882352941,2.533333333333333,,0.0,0.0,,,,,,,,
work,M15O85,2201,2.201,86.020182,15,15,85,0,100,0.08,0.08,,,,50,0.0101010101010101,0.0064425770308123,0.019047619047619,0.0196078431372549,,,0.8352941176470589,1.9333333333333331,,0.0,0.0,,,,,,,,
work,M15O85,2301,2.301,86.020182,15,15,85,0,100,0.14,0.14,,,,75,0.0151515151515151,0.0084033613445378,0.019047619047619,0.0337254901960784,,,1.2117647058823529,3.1333333333333333,,0.0,0.0,,,,,,,,
work,M15O85,2401,2.401,86.020182,15,15,85,0,100,0.14,0.14,,,,63,0.0127272727272727,0.0089635854341736,0.0380952380952381,0.0211764705882352,,,1.0705882352941176,2.333333333333333,,0.0,0.0,,,,,,,,
work,M15O85,2501,2.501,86.020182,15,15,85,0,100,0.15,0.15,,,,68,0.0137373737373737,0.0084033613445378,0.0285714285714285,0.0274509803921568,,,1.1176470588235294,2.7333333333333334,,0.0,0.0,,,,,,,,
work,M15O85,2601,2.601,86.020182,15,15,85,0,100,0.1,0.1,,,,48,0.0096969696969696,0.007563025210084,0.0380952380952381,0.0133333333333333,,,0.8352941176470589,1.6666666666666667,,0.0,0.0,,,,,,,,
work,M15O85,2701,2.701,86.020182,15,15,85,0,100,0.12,0.12,,,,70,0.0141414141414141,0.0100840336134453,0.0380952380952381,0.0235294117647058,,,1.2,2.533333333333333,,0.0,0.0,,,,,,,,
work,M15O85,2801,2.801,86.020182,15,15,85,0,100,0.1,0.1,,,,65,0.0131313131313131,0.0078431372549019,0.0666666666666666,0.0235294117647058,,,1.011764705882353,2.933333333333333,,0.0,0.0,,,,,,,,
work,M15O85,2901,2.901,86.020182,15,15,85,0,100,0.19,0.19,,,,56,0.0113131313131313,0.0067226890756302,0.0571428571428571,0.0203921568627451,,,0.8705882352941177,2.533333333333333,,0.0,0.0,,,,,,,,
work,M15O85,3001,3.001,86.020182,15,15,85,0,100,0.22,0.22,,,,59,0.0119191919191919,0.0061624649859943,0.0380952380952381,0.0258823529411764,,,0.9058823529411764,2.7333333333333334,,0.0,0.0,,,,,,,,
work,M15O85,3101,3.101,86.020182,15,15,85,0,100,0.16,0.16,,,,83,0.0167676767676767,0.0084033613445378,0.0761904761904762,0.0352941176470588,,,1.2352941176470589,4.066666666666666,,0.0,0.0,,,,,,,,
work,M15O85,3201,3.201,86.020182,15,15,85,0,100,0.12,0.12,,,,71,0.0143434343434343,0.0089635854341736,0.0571428571428571,0.0258823529411764,,,1.1411764705882352,3.0,,0.0,0.0,,,,,,,,
work,M15O85,3301,3.301,86.020182,15,15,85,0,100,0.21,0.21,,,,82,0.0165656565656565,0.0117647058823529,0.0476190476190476,0.0274509803921568,,,1.4,3.0,,0.0,0.0,,,,,,,,
work,M15O85,3401,3.401,86.020182,15,15,85,0,100,0.11,0.11,,,,67,0.0135353535353535,0.0103641456582633,0.0380952380952381,0.0203921568627451,,,1.1764705882352942,2.2666666666666666,,0.0,0.0,,,,,,,,
work,M15O85,3501,3.501,86.020182,15,15,85,0,100,0.16,0.16,,,,63,0.0127272727272727,0.0072829131652661,0.0571428571428571,0.024313725490196,,,0.976470588235294,2.8666666666666667,,0.0,0.0,,,,,,,,
work,M15O85,3601,3.601,86.020182,15,15,85,0,100,0.14,0.14,,,,62,0.0125252525252525,0.007563025210084,0.0476190476190476,0.0235294117647058,,,0.9882352941176472,2.6666666666666665,,0.0,0.0,,,,,,,,
work,M15O85,3701,3.701,86.020182,15,15,85,0,100,0.12,0.12,,,,61,0.0123232323232323,0.0078431372549019,0.0380952380952381,0.0227450980392156,,,1.0,2.466666666666667,,0.0,0.0,,,,,,,,
work,M15O85,3801,3.801,86.020182,15,15,85,0,100,0.09,0.09,,,,52,0.0105050505050505,0.0053221288515406,0.019047619047619,0.024313725490196,,,0.8117647058823529,2.333333333333333,,0.0,0.0,,,,,,,,
work,M15O85,3901,3.901,86.020182,15,15,85,0,100,0.15,0.15,,,,61,0.0123232323232323,0.0067226890756302,0.0571428571428571,0.024313725490196,,,0.9294117647058824,2.8666666666666667,,0.0,0.0,,,,,,,,
work,M15O85,4001,4.001,86.020182,15,15,85,0,100,0.1,0.1,,,,47,0.0094949494949494,0.0061624649859943,0.0,0.0196078431372549,,,0.8117647058823529,1.6666666666666667,,0.0,0.0,,,,,,,,
work,M15O85,4101,4.101,86.020182,15,15,85,0,100,0.2,0.2,,,,61,0.0123232323232323,0.0058823529411764,0.0380952380952381,0.028235294117647,,,0.9176470588235294,2.933333333333333,,0.0,0.0,,,,,,,,
work,M15O85,4201,4.2010000000000005,86.020182,15,15,85,0,100,0.12,0.12,,,,68,0.0137373737373737,0.0089635854341736,0.0476190476190476,0.024313725490196,,,1.1176470588235294,2.7333333333333334,,0.0,0.0,,,,,,,,
work,M15O85,4301,4.301,86.020182,15,15,85,0,100,0.2,0.2,,,,83,0.0167676767676767,0.0103641456582633,0.0666666666666666,0.0305882352941176,,,1.3294117647058823,3.533333333333333,,0.0,0.0,,,,,,,,
work,M15O85,4401,4.401,86.020182,15,15,85,0,100,0.1,0.1,,,,68,0.0137373737373737,0.011204481792717,0.0380952380952381,0.0188235294117647,,,1.223529411764706,2.1333333333333333,,0.0,0.0,,,,,,,,
work,M15O85,4501,4.501,86.020182,15,15,85,0,100,0.14,0.14,,,,55,0.0111111111111111,0.0081232492997198,0.0666666666666666,0.0149019607843137,,,0.9058823529411764,2.2,,0.0,0.0,,,,,,,,
work,M15O85,4601,4.601,86.020182,15,15,85,0,100,0.16,0.16,,,,52,0.0105050505050505,0.0070028011204481,0.0666666666666666,0.0156862745098039,,,0.8235294117647058,2.2666666666666666,,0.0,0.0,,,,,,,,
work,M15O85,4701,4.7010000000000005,86.020182,15,15,85,0,100,0.12,0.12,,,,71,0.0143434343434343,0.0084033613445378,0.0571428571428571,0.0274509803921568,,,1.1176470588235294,3.1333333333333333,,0.0,0.0,,,,,,,,
work,M15O85,4801,4.801,86.020182,15,15,85,0,100,0.31,0.31,,,,64,0.0129292929292929,0.0072829131652661,0.0476190476190476,0.0258823529411764,,,1.0,2.8666666666666667,,0.0,0.0,,,,,,,,
work,M15O85,4901,4.901,86.020182,15,15,85,0,100,0.15,0.15,,,,72,0.0145454545454545,0.0098039215686274,0.0285714285714285,0.0266666666666666,,,1.223529411764706,2.6666666666666665,,0.0,0.0,,,,,,,,
work-1,M15O85,1001,1.0010000000000001,86.020182,15,15,85,0,100,0.17,0.17,,,,56,0.011313131313131313,0.005322128851540616,0.06666666666666667,0.023529411764705882,,,0.8,2.933333333333333,,0.0,0.0,,,,,,,,
work-1,M15O85,1101,1.101,86.020182,15,15,85,0,100,0.09,0.09,,,,65,0.013131313131313131,0.009243697478991597,0.02857142857142857,0.022745098039215685,,,1.1176470588235294,2.3333333333333335,,0.0,0.0,,,,,,,,
work-1,M15O85,1201,1.201,86.020182,15,15,85,0,100,0.07,0.07,,,,59,0.01191919191919192,0.008123249299719889,0.0380952380952381,0.0203921568627451,,,0.9882352941176471,2.2666666666666666,,0.0,0.0,,,,,,,,
work-1,M15O85,1301,1.301,86.020182,15,15,85,0,100,0.11,0.11,,,,66,0.013333333333333334,0.00784313725490196,0.01904761904761905,0.02823529411764706,,,1.0823529411764705,2.6666666666666665,,0.0,0.0,,,,,,,,
work-1,M15O85,1401,1.401,86.020182,15,15,85,0,100,0.08,0.08,,,,55,0.011111111111111112,0.008683473389355743,0.0380952380952381,0.01568627450980392,,,0.9647058823529412,1.8666666666666667,,0.0,0.0,,,,,,,,
work-1,M15O85,1501,1.5010000000000001,86.020182,15,15,85,0,100,0.25,0.25,,,,75,0.015151515151515152,0.009523809523809525,0.02857142857142857,0.02980392156862745,,,1.2470588235294118,2.933333333333333,,0.0,0.0,,,,,,,,
work-1,M15O85,1601,1.601,86.020182,15,15,85,0,100,0.17,0.17,,,,59,0.01191919191919192,0.00784313725490196,0.0380952380952381,0.021176470588235293,,,0.9764705882352941,2.3333333333333335,,0.0,0.0,,,,,,,,
work-1,M15O85,1701,1.701,86.020182,15,15,85,0,100,0.14,0.14,,,,73,0.014747474747474747,0.012044817927170869,0.0380952380952381,0.0203921568627451,,,1.3176470588235294,2.2666666666666666,,0.0,0.0,,,,,,,,
work-1,M15O85,1801,1.801,86.020182,15,15,85,0,100,0.15,0.15,,,,62,0.012525252525252526,0.0067226890756302525,0.06666666666666667,0.02431372549019608,,,0.9294117647058824,3.0,,0.0,0.0,,,,,,,,
work-1,M15O85,1901,1.901,86.020182,15,15,85,0,100,0.1,0.1,,,,56,0.011313131313131313,0.007563025210084034,0.01904761904761905,0.021176470588235293,,,0.9529411764705882,2.066666666666667,,0.0,0.0,,,,,,,,
work-1,M15O85,2001,2.001,86.020182,15,15,85,0,100,0.16,0.16,,,,63,0.012727272727272728,0.007563025210084034,0.0761904761904762,0.02196078431372549,,,0.9647058823529412,2.933333333333333,,0.0,0.0,,,,,,,,
work-1,M15O85,2101,2.101,86.020182,15,15,85,0,100,0.14,0.14,,,,59,0.01191919191919192,0.008123249299719889,0.01904761904761905,0.02196078431372549,,,1.011764705882353,2.1333333333333333,,0.0,0.0,,,,,,,,
work-1,M15O85,2201,2.201,86.020182,15,15,85,0,100,0.19,0.19,,,,63,0.012727272727272728,0.007563025210084034,0.02857142857142857,0.02588235294117647,,,1.0235294117647058,2.6,,0.0,0.0,,,,,,,,
work-1,M15O85,2301,2.301,86.020182,15,15,85,0,100,0.12,0.12,,,,59,0.01191919191919192,0.008683473389355743,0.0380952380952381,0.018823529411764704,,,1.011764705882353,2.1333333333333333,,0.0,0.0,,,,,,,,
work-1,M15O85,2401,2.4010000000000002,86.020182,15,15,85,0,100,0.17,0.17,,,,67,0.013535353535353536,0.007282913165266107,0.0380952380952381,0.029019607843137254,,,1.0470588235294118,3.0,,0.0,0.0,,,,,,,,
work-1,M15O85,2501,2.501,86.020182,15,15,85,0,100,0.21,0.21,,,,77,0.015555555555555555,0.008403361344537815,0.0380952380952381,0.03372549019607843,,,1.2117647058823529,3.4,,0.0,0.0,,,,,,,,
work-1,M15O85,2601,2.601,86.020182,15,15,85,0,100,0.26,0.26,,,,77,0.015555555555555555,0.008683473389355743,0.05714285714285714,0.03137254901960784,,,1.2,3.466666666666667,,0.0,0.0,,,,,,,,
work-1,M15O85,2701,2.701,86.020182,15,15,85,0,100,0.1,0.1,,,,76,0.015353535353535354,0.011484593837535015,0.06666666666666667,0.02196078431372549,,,1.2941176470588236,2.8,,0.0,0.0,,,,,,,,
work-1,M15O85,2801,2.801,86.020182,15,15,85,0,100,0.07,0.07,,,,66,0.013333333333333334,0.008963585434173669,0.0380952380952381,0.023529411764705882,,,1.1058823529411765,2.533333333333333,,0.0,0.0,,,,,,,,
work-1,M15O85,2901,2.9010000000000002,86.020182,15,15,85,0,100,0.07,0.07,,,,54,0.01090909090909091,0.00784313725490196,0.0380952380952381,0.017254901960784313,,,0.9176470588235294,2.0,,0.0,0.0,,,,,,,,
work-1,M15O85,3001,3.001,86.020182,15,15,85,0,100,0.12,0.12,,,,62,0.012525252525252526,0.010084033613445379,0.0380952380952381,0.017254901960784313,,,1.1058823529411765,2.0,,0.0,0.0,,,,,,,,
work-1,M15O85,3101,3.101,86.020182,15,15,85,0,100,0.12,0.12,,,,62,0.012525252525252526,0.007282913165266107,0.05714285714285714,0.023529411764705882,,,0.9647058823529412,2.8,,0.0,0.0,,,,,,,,
work-1,M15O85,3201,3.201,86.020182,15,15,85,0,100,0.09,0.09,,,,58,0.011717171717171718,0.008683473389355743,0.01904761904761905,0.0196078431372549,,,1.0235294117647058,1.9333333333333333,,0.0,0.0,,,,,,,,
work-1,M15O85,3301,3.301,86.020182,15,15,85,0,100,0.17,0.17,,,,66,0.013333333333333334,0.00784313725490196,0.06666666666666667,0.02431372549019608,,,1.0235294117647058,3.0,,0.0,0.0,,,,,,,,
work-1,M15O85,3401,3.4010000000000002,86.020182,15,15,85,0,100,0.15,0.15,,,,70,0.014141414141414142,0.008683473389355743,0.05714285714285714,0.02588235294117647,,,1.1176470588235294,3.0,,0.0,0.0,,,,,,,,
work-1,M15O85,3501,3.501,86.020182,15,15,85,0,100,0.21,0.21,,,,72,0.014545454545454545,0.007563025210084034,0.08571428571428572,0.02823529411764706,,,1.0588235294117647,3.6,,0.0,0.0,,,,,,,,
work-1,M15O85,3601,3.601,86.020182,15,15,85,0,100,0.34,0.34,,,,74,0.01494949494949495,0.007563025210084034,0.09523809523809523,0.029019607843137254,,,1.0705882352941176,3.8,,0.0,0.0,,,,,,,,
work-1,M15O85,3701,3.701,86.020182,15,15,85,0,100,0.31,0.31,,,,79,0.01595959595959596,0.008683473389355743,0.06666666666666667,0.03215686274509804,,,1.2117647058823529,3.6666666666666665,,0.0,0.0,,,,,,,,
work-1,M15O85,3801,3.801,86.020182,15,15,85,0,100,0.15,0.15,,,,61,0.012323232323232323,0.0067226890756302525,0.047619047619047616,0.025098039215686273,,,0.9411764705882353,2.8,,0.0,0.0,,,,,,,,
work-1,M15O85,3901,3.9010000000000002,86.020182,15,15,85,0,100,0.38,0.38,,,,64,0.01292929292929293,0.00784313725490196,0.06666666666666667,0.022745098039215685,,,1.0,2.8666666666666667,,0.0,0.0,,,,,,,,
work-1,M15O85,4001,4.001,86.020182,15,15,85,0,100,0.11,0.11,,,,64,0.01292929292929293,0.008963585434173669,0.05714285714285714,0.0203921568627451,,,1.0588235294117647,2.533333333333333,,0.0,0.0,,,,,,,,
work-1,M15O85,4101,4.101,86.020182,15,15,85,0,100,0.12,0.12,,,,63,0.012727272727272728,0.010364145658263305,0.0380952380952381,0.017254901960784313,,,1.1294117647058823,2.0,,0.0,0.0,,,,,,,,
work-1,M15O85,4201,4.2010000000000005,86.020182,15,15,85,0,100,0.12,0.12,,,,62,0.012525252525252526,0.009243697478991597,0.02857142857142857,0.0203921568627451,,,1.0823529411764705,2.1333333333333333,,0.0,0.0,,,,,,,,
work-1,M15O85,4301,4.301,86.020182,15,15,85,0,100,0.25,0.25,,,,85,0.01717171717171717,0.013165266106442577,0.01904761904761905,0.02823529411764706,,,1.5294117647058822,2.6666666666666665,,0.0,0.0,,,,,,,,
work-1,M15O85,4401,4.401,86.020182,15,15,85,0,100,0.35,0.35,,,,72,0.014545454545454545,0.010084033613445379,0.09523809523809523,0.0203921568627451,,,1.1529411764705881,3.066666666666667,,0.0,0.0,,,,,,,,
work-1,M15O85,4501,4.501,86.020182,15,15,85,0,100,0.18,0.18,,,,72,0.014545454545454545,0.008123249299719889,0.05714285714285714,0.029019607843137254,,,1.1176470588235294,3.2666666666666666,,0.0,0.0,,,,,,,,
work-1,M15O85,4601,4.601,86.020182,15,15,85,0,100,0.12,0.12,,,,74,0.01494949494949495,0.010644257703081233,0.06666666666666667,0.022745098039215685,,,1.2352941176470589,2.8666666666666667,,0.0,0.0,,,,,,,,
work-1,M15O85,4701,4.7010000000000005,86.020182,15,15,85,0,100,0.13,0.13,,,,67,0.013535353535353536,0.010644257703081233,0.047619047619047616,0.018823529411764704,,,1.1764705882352942,2.2666666666666666,,0.0,0.0,,,,,,,,
work-1,M15O85,4801,4.801,86.020182,15,15,85,0,100,0.07,0.07,,,,54,0.01090909090909091,0.0067226890756302525,0.01904761904761905,0.02196078431372549,,,0.8941176470588236,2.1333333333333333,,0.0,0.0,,,,,,,,
work-1,M15O85,4901,4.901,86.020182,15,15,85,0,100,0.18,0.18,,,,65,0.013131313131313131,0.00784313725490196,0.02857142857142857,0.02666666666666667,,,1.0588235294117647,2.6666666666666665,,0.0,0.0,,,,,,,,
work-2,M15O85,1001,1.001,86.020182,15,15,85,0,100,0.14,0.14,,,,55,0.0111111111111111,0.0058823529411764,0.0380952380952381,0.0235294117647058,,,0.8470588235294118,2.533333333333333,,0.0,0.0,,,,,,,,
work-2,M15O85,1101,1.101,86.020182,15,15,85,0,100,0.11,0.11,,,,66,0.0133333333333333,0.0084033613445378,0.0380952380952381,0.0250980392156862,,,1.0823529411764703,2.6666666666666665,,0.0,0.0,,,,,,,,
work-2,M15O85,1201,1.201,86.020182,15,15,85,0,100,0.25,0.25,,,,67,0.0135353535353535,0.0081232492997198,0.019047619047619,0.028235294117647,,,1.1058823529411763,2.6666666666666665,,0.0,0.0,,,,,,,,
work-2,M15O85,1301,1.301,86.020182,15,15,85,0,100,0.12,0.12,,,,73,0.0147474747474747,0.0095238095238095,0.0571428571428571,0.0258823529411764,,,1.188235294117647,3.0,,0.0,0.0,,,,,,,,
work-2,M15O85,1401,1.401,86.020182,15,15,85,0,100,0.14,0.14,,,,67,0.0135353535353535,0.0092436974789915,0.0476190476190476,0.0227450980392156,,,1.1176470588235294,2.6,,0.0,0.0,,,,,,,,
work-2,M15O85,1501,1.501,86.020182,15,15,85,0,100,0.33,0.33,,,,74,0.0149494949494949,0.007563025210084,0.0571428571428571,0.032156862745098,,,1.1176470588235294,3.533333333333333,,0.0,0.0,,,,,,,,
work-2,M15O85,1601,1.601,86.020182,15,15,85,0,100,0.1,0.1,,,,66,0.0133333333333333,0.0086834733893557,0.0571428571428571,0.0227450980392156,,,1.0705882352941176,2.7333333333333334,,0.0,0.0,,,,,,,,
work-2,M15O85,1701,1.701,86.020182,15,15,85,0,100,0.25,0.25,,,,62,0.0125252525252525,0.0089635854341736,0.0666666666666666,0.0180392156862745,,,1.0235294117647058,2.466666666666667,,0.0,0.0,,,,,,,,
work-2,M15O85,1801,1.801,86.020182,15,15,85,0,100,0.14,0.14,,,,67,0.0135353535353535,0.0106442577030812,0.0761904761904762,0.0164705882352941,,,1.1411764705882352,2.466666666666667,,0.0,0.0,,,,,,,,
work-2,M15O85,1901,1.901,86.020182,15,15,85,0,100,0.17,0.17,,,,71,0.0143434343434343,0.0100840336134453,0.0380952380952381,0.024313725490196,,,1.2117647058823529,2.6,,0.0,0.0,,,,,,,,
work-2,M15O85,2001,2.001,86.020182,15,15,85,0,100,0.35,0.35,,,,80,0.0161616161616161,0.011484593837535,0.0571428571428571,0.0258823529411764,,,1.3529411764705883,3.0,,0.0,0.0,,,,,,,,
work-2,M15O85,2101,2.101,86.020182,15,15,85,0,100,0.22,0.22,,,,76,0.0153535353535353,0.0095238095238095,0.0666666666666666,0.0274509803921568,,,1.2117647058823529,3.2666666666666666,,0.0,0.0,,,,,,,,
work-2,M15O85,2201,2.201,86.020182,15,15,85,0,100,0.1,0.1,,,,54,0.0109090909090909,0.0072829131652661,0.0380952380952381,0.0188235294117647,,,0.8941176470588236,2.1333333333333333,,0.0,0.0,,,,,,,,
work-2,M15O85,2301,2.301,86.020182,15,15,85,0,100,0.17,0.17,,,,66,0.0133333333333333,0.0103641456582633,0.0476190476190476,0.0188235294117647,,,1.152941176470588,2.2666666666666666,,0.0,0.0,,,,,,,,
work-2,M15O85,2401,2.401,86.020182,15,15,85,0,100,0.15,0.15,,,,79,0.0159595959595959,0.0128851540616246,0.0285714285714285,0.0235294117647058,,,1.4352941176470588,2.4,,0.0,0.0,,,,,,,,
work-2,M15O85,2501,2.501,86.020182,15,15,85,0,100,0.25,0.25,,,,69,0.0139393939393939,0.0084033613445378,0.0666666666666666,0.0250980392156862,,,1.0823529411764703,3.066666666666667,,0.0,0.0,,,,,,,,
work-2,M15O85,2601,2.601,86.020182,15,15,85,0,100,0.12,0.12,,,,58,0.0117171717171717,0.0067226890756302,0.0285714285714285,0.024313725490196,,,0.9294117647058824,2.466666666666667,,0.0,0.0,,,,,,,,
work-2,M15O85,2701,2.701,86.020182,15,15,85,0,100,0.19,0.19,,,,68,0.0137373737373737,0.0084033613445378,0.0571428571428571,0.0250980392156862,,,1.0823529411764703,2.933333333333333,,0.0,0.0,,,,,,,,
work-2,M15O85,2801,2.801,86.020182,15,15,85,0,100,0.28,0.28,,,,68,0.0137373737373737,0.0100840336134453,0.019047619047619,0.0235294117647058,,,1.2,2.2666666666666666,,0.0,0.0,,,,,,,,
work-2,M15O85,2901,2.901,86.020182,15,15,85,0,100,0.22,0.22,,,,70,0.0141414141414141,0.0100840336134453,0.0476190476190476,0.0227450980392156,,,1.188235294117647,2.6,,0.0,0.0,,,,,,,,
work-2,M15O85,3001,3.001,86.020182,15,15,85,0,100,0.12,0.12,,,,64,0.0129292929292929,0.0070028011204481,0.0380952380952381,0.0274509803921568,,,1.0,2.8666666666666667,,0.0,0.0,,,,,,,,
work-2,M15O85,3101,3.101,86.020182,15,15,85,0,100,0.42,0.42,,,,69,0.0139393939393939,0.0081232492997198,0.0857142857142857,0.024313725490196,,,1.0470588235294118,3.2666666666666666,,0.0,0.0,,,,,,,,
work-2,M15O85,3201,3.201,86.020182,15,15,85,0,100,0.27,0.27,,,,79,0.0159595959595959,0.0103641456582633,0.0476190476190476,0.0290196078431372,,,1.3058823529411765,3.1333333333333333,,0.0,0.0,,,,,,,,
work-2,M15O85,3301,3.301,86.020182,15,15,85,0,100,0.17,0.17,,,,63,0.0127272727272727,0.0078431372549019,0.0380952380952381,0.024313725490196,,,1.0235294117647058,2.6,,0.0,0.0,,,,,,,,
work-2,M15O85,3401,3.401,86.020182,15,15,85,0,100,0.08,0.08,,,,72,0.0145454545454545,0.0092436974789915,0.0571428571428571,0.0258823529411764,,,1.1647058823529413,3.0,,0.0,0.0,,,,,,,,
work-2,M15O85,3501,3.501,86.020182,15,15,85,0,100,0.11,0.11,,,,63,0.0127272727272727,0.0084033613445378,0.0380952380952381,0.0227450980392156,,,1.0470588235294118,2.466666666666667,,0.0,0.0,,,,,,,,
work-2,M15O85,3601,3.601,86.020182,15,15,85,0,100,0.13,0.13,,,,77,0.0155555555555555,0.011484593837535,0.0666666666666666,0.0227450980392156,,,1.3058823529411765,2.8666666666666667,,0.0,0.0,,,,,,,,
work-2,M15O85,3701,3.701,86.020182,15,15,85,0,100,0.1,0.1,,,,64,0.0129292929292929,0.0100840336134453,0.0476190476190476,0.0180392156862745,,,1.1176470588235294,2.2,,0.0,0.0,,,,,,,,
work-2,M15O85,3801,3.801,86.020182,15,15,85,0,100,0.28,0.28,,,,59,0.0119191919191919,0.0081232492997198,0.0761904761904762,0.0172549019607843,,,0.9411764705882352,2.533333333333333,,0.0,0.0,,,,,,,,
work-2,M15O85,3901,3.901,86.020182,15,15,85,0,100,0.12,0.12,,,,63,0.0127272727272727,0.0081232492997198,0.0666666666666666,0.0211764705882352,,,1.0,2.7333333333333334,,0.0,0.0,,,,,,,,
work-2,M15O85,4001,4.001,86.020182,15,15,85,0,100,0.26,0.26,,,,72,0.0145454545454545,0.0098039215686274,0.0380952380952381,0.0258823529411764,,,1.2117647058823529,2.7333333333333334,,0.0,0.0,,,,,,,,
work-2,M15O85,4101,4.101,86.020182,15,15,85,0,100,0.13,0.13,,,,66,0.0133333333333333,0.0106442577030812,0.0285714285714285,0.0196078431372549,,,1.188235294117647,2.066666666666667,,0.0,0.0,,,,,,,,
work-2,M15O85,4201,4.2010000000000005,86.020182,15,15,85,0,100,0.22,0.22,,,,68,0.0137373737373737,0.0058823529411764,0.0571428571428571,0.032156862745098,,,0.976470588235294,3.533333333333333,,0.0,0.0,,,,,,,,
work-2,M15O85,4301,4.301,86.020182,15,15,85,0,100,0.1,0.1,,,,56,0.0113131313131313,0.0086834733893557,0.019047619047619,0.0180392156862745,,,1.0,1.8,,0.0,0.0,,,,,,,,
work-2,M15O85,4401,4.401,86.020182,15,15,85,0,100,0.31,0.31,,,,73,0.0147474747474747,0.0095238095238095,0.0476190476190476,0.0266666666666666,,,1.2,2.933333333333333,,0.0,0.0,,,,,,,,
work-2,M15O85,4501,4.501,86.020182,15,15,85,0,100,0.27,0.27,,,,71,0.0143434343434343,0.0078431372549019,0.0380952380952381,0.0305882352941176,,,1.1176470588235294,3.1333333333333333,,0.0,0.0,,,,,,,,
work-2,M15O85,4601,4.601,86.020182,15,15,85,0,100,0.16,0.16,,,,56,0.0113131313131313,0.007563025210084,0.0476190476190476,0.0188235294117647,,,0.9176470588235294,2.2666666666666666,,0.0,0.0,,,,,,,,
work-2,M15O85,4701,4.7010000000000005,86.020182,15,15,85,0,100,0.17,0.17,,,,76,0.0153535353535353,0.0095238095238095,0.0476190476190476,0.0290196078431372,,,1.2352941176470589,3.1333333333333333,,0.0,0.0,,,,,,,,
work-2,M15O85,4801,4.801,86.020182,15,15,85,0,100,0.2,0.2,,,,76,0.0153535353535353,0.007563025210084,0.0761904761904762,0.032156862745098,,,1.1176470588235294,3.8,,0.0,0.0,,,,,,,,
work-2,M15O85,4901,4.901,86.020182,15,15,85,0,100,0.21,0.21,,,,76,0.0153535353535353,0.0089635854341736,0.0666666666666666,0.0290196078431372,,,1.188235294117647,3.4,,0.0,0.0,,,,,,,,
work,M20O80,1001,1.001,89.129336,20,20,80,0,100,0.11,0.11,,,,54,0.0109090909090909,0.0069620253164556,0.0157894736842105,0.018125,,,0.9125,1.75,,0.0,0.0,,,,,,,,
work,M20O80,1101,1.101,89.129336,20,20,80,0,100,0.25,0.25,,,,61,0.0123232323232323,0.0056962025316455,0.0578947368421052,0.02,,,0.85,2.7,,0.0,0.0,,,,,,,,
work,M20O80,1201,1.201,89.129336,20,20,80,0,100,0.24,0.24,,,,69,0.0139393939393939,0.0063291139240506,0.0526315789473684,0.024375,,,0.9875,2.95,,0.0,0.0,,,,,,,,
work,M20O80,1301,1.301,89.129336,20,20,80,0,100,0.11,0.11,,,,58,0.0117171717171717,0.005379746835443,0.0263157894736842,0.0225,,,0.875,2.3,,0.0,0.0,,,,,,,,
work,M20O80,1401,1.401,89.129336,20,20,80,0,100,0.17,0.17,,,,72,0.0145454545454545,0.0088607594936708,0.031578947368421,0.02375,,,1.175,2.5,,0.0,0.0,,,,,,,,
work,M20O80,1501,1.501,89.129336,20,20,80,0,100,0.4,0.4,,,,76,0.0153535353535353,0.0085443037974683,0.0578947368421052,0.02375,,,1.15,3.0,,0.0,0.0,,,,,,,,
work,M20O80,1601,1.601,89.129336,20,20,80,0,100,0.32,0.32,,,,69,0.0139393939393939,0.0047468354430379,0.0631578947368421,0.02625,,,0.9,3.3,,0.0,0.0,,,,,,,,
work,M20O80,1701,1.701,89.129336,20,20,80,0,100,0.5,0.5,,,,85,0.0171717171717171,0.0088607594936708,0.0736842105263157,0.026875,,,1.2375,3.55,,0.0,0.0,,,,,,,,
work,M20O80,1801,1.801,89.129336,20,20,80,0,100,0.15,0.15,,,,73,0.0147474747474747,0.0047468354430379,0.0473684210526315,0.030625,,,0.9875,3.35,,0.0,0.0,,,,,,,,
work,M20O80,1901,1.901,89.129336,20,20,80,0,100,0.31,0.31,,,,63,0.0127272727272727,0.0069620253164556,0.0421052631578947,0.020625,,,0.9625,2.45,,0.0,0.0,,,,,,,,
work,M20O80,2001,2.001,89.129336,20,20,80,0,100,0.2,0.2,,,,69,0.0139393939393939,0.0094936708860759,0.0526315789473684,0.018125,,,1.1125,2.45,,0.0,0.0,,,,,,,,
work,M20O80,2101,2.101,89.129336,20,20,80,0,100,0.15,0.15,,,,66,0.0133333333333333,0.0063291139240506,0.0368421052631578,0.024375,,,0.9875,2.65,,0.0,0.0,,,,,,,,
work,M20O80,2201,2.201,89.129336,20,20,80,0,100,0.14,0.14,,,,65,0.0131313131313131,0.0075949367088607,0.0368421052631578,0.02125,,,1.025,2.4,,0.0,0.0,,,,,,,,
work,M20O80,2301,2.301,89.129336,20,20,80,0,100,0.38,0.38,,,,66,0.0133333333333333,0.005379746835443,0.0578947368421052,0.02375,,,0.9,3.0,,0.0,0.0,,,,,,,,
work,M20O80,2401,2.401,89.129336,20,20,80,0,100,0.13,0.13,,,,70,0.0141414141414141,0.0085443037974683,0.0263157894736842,0.02375,,,1.15,2.4,,0.0,0.0,,,,,,,,
work,M20O80,2501,2.501,89.129336,20,20,80,0,100,0.09,0.09,,,,62,0.0125252525252525,0.0072784810126582,0.0263157894736842,0.02125,,,1.0,2.2,,0.0,0.0,,,,,,,,
work,M20O80,2601,2.601,89.129336,20,20,80,0,100,0.21,0.21,,,,69,0.0139393939393939,0.0075949367088607,0.0368421052631578,0.02375,,,1.075,2.6,,0.0,0.0,,,,,,,,
work,M20O80,2701,2.701,89.129336,20,20,80,0,100,0.19,0.19,,,,80,0.0161616161616161,0.0088607594936708,0.0578947368421052,0.025625,,,1.2125,3.15,,0.0,0.0,,,,,,,,
work,M20O80,2801,2.801,89.129336,20,20,80,0,100,0.14,0.14,,,,65,0.0131313131313131,0.0082278481012658,0.0421052631578947,0.019375,,,1.0375,2.35,,0.0,0.0,,,,,,,,
work,M20O80,2901,2.901,89.129336,20,20,80,0,100,0.16,0.16,,,,58,0.0117171717171717,0.0056962025316455,0.0368421052631578,0.020625,,,0.8625,2.35,,0.0,0.0,,,,,,,,
work,M20O80,3001,3.001,89.129336,20,20,80,0,100,0.19,0.19,,,,65,0.0131313131313131,0.0072784810126582,0.0263157894736842,0.023125,,,1.0375,2.35,,0.0,0.0,,,,,,,,
work,M20O80,3101,3.101,89.129336,20,20,80,0,100,0.15,0.15,,,,57,0.0115151515151515,0.0056962025316455,0.0368421052631578,0.02,,,0.85,2.3,,0.0,0.0,,,,,,,,
work,M20O80,3201,3.201,89.129336,20,20,80,0,100,0.2,0.2,,,,87,0.0175757575757575,0.0088607594936708,0.0421052631578947,0.031875,,,1.3375,3.35,,0.0,0.0,,,,,,,,
work,M20O80,3301,3.301,89.129336,20,20,80,0,100,0.24,0.24,,,,79,0.0159595959595959,0.0088607594936708,0.0210526315789473,0.029375,,,1.2875,2.75,,0.0,0.0,,,,,,,,
work,M20O80,3401,3.401,89.129336,20,20,80,0,100,0.27,0.27,,,,75,0.0151515151515151,0.0091772151898734,0.0631578947368421,0.02125,,,1.15,2.9,,0.0,0.0,,,,,,,,
work,M20O80,3501,3.501,89.129336,20,20,80,0,100,0.13,0.13,,,,63,0.0127272727272727,0.0060126582278481,0.0473684210526315,0.021875,,,0.9125,2.65,,0.0,0.0,,,,,,,,
work,M20O80,3601,3.601,89.129336,20,20,80,0,100,0.29,0.29,,,,74,0.0149494949494949,0.0066455696202531,0.0631578947368421,0.025625,,,1.0375,3.25,,0.0,0.0,,,,,,,,
work,M20O80,3701,3.701,89.129336,20,20,80,0,100,0.18,0.18,,,,65,0.0131313131313131,0.0056962025316455,0.0473684210526315,0.02375,,,0.925,2.8,,0.0,0.0,,,,,,,,
work,M20O80,3801,3.801,89.129336,20,20,80,0,100,0.22,0.22,,,,63,0.0127272727272727,0.0056962025316455,0.0473684210526315,0.0225,,,0.9,2.7,,0.0,0.0,,,,,,,,
work,M20O80,3901,3.901,89.129336,20,20,80,0,100,0.26,0.26,,,,85,0.0171717171717171,0.0079113924050632,0.0684210526315789,0.029375,,,1.2125,3.65,,0.0,0.0,,,,,,,,
work,M20O80,4001,4.001,89.129336,20,20,80,0,100,0.19,0.19,,,,79,0.0159595959595959,0.0075949367088607,0.0368421052631578,0.03,,,1.2,3.1,,0.0,0.0,,,,,,,,
work,M20O80,4101,4.101,89.129336,20,20,80,0,100,0.15,0.15,,,,65,0.0131313131313131,0.0088607594936708,0.0473684210526315,0.0175,,,1.05,2.3,,0.0,0.0,,,,,,,,
work,M20O80,4201,4.2010000000000005,89.129336,20,20,80,0,100,0.13,0.13,,,,70,0.0141414141414141,0.0085443037974683,0.0263157894736842,0.02375,,,1.15,2.4,,0.0,0.0,,,,,,,,
work,M20O80,4301,4.301,89.129336,20,20,80,0,100,0.35,0.35,,,,72,0.0145454545454545,0.0075949367088607,0.0526315789473684,0.02375,,,1.075,2.9,,0.0,0.0,,,,,,,,
work,M20O80,4401,4.401,89.129336,20,20,80,0,100,0.1,0.1,,,,60,0.0121212121212121,0.0060126582278481,0.0263157894736842,0.0225,,,0.925,2.3,,0.0,0.0,,,,,,,,
work,M20O80,4501,4.501,89.129336,20,20,80,0,100,0.23,0.23,,,,76,0.0153535353535353,0.010126582278481,0.0368421052631578,0.023125,,,1.2625,2.55,,0.0,0.0,,,,,,,,
work,M20O80,4601,4.601,89.129336,20,20,80,0,100,0.19,0.19,,,,67,0.0135353535353535,0.0079113924050632,0.031578947368421,0.0225,,,1.075,2.4,,0.0,0.0,,,,,,,,
work,M20O80,4701,4.7010000000000005,89.129336,20,20,80,0,100,0.1,0.1,,,,55,0.0111111111111111,0.0056962025316455,0.0263157894736842,0.02,,,0.85,2.1,,0.0,0.0,,,,,,,,
work,M20O80,4801,4.801,89.129336,20,20,80,0,100,0.18,0.18,,,,56,0.0113131313131313,0.0063291139240506,0.0473684210526315,0.016875,,,0.8375,2.25,,0.0,0.0,,,,,,,,
work,M20O80,4901,4.901,89.129336,20,20,80,0,100,0.22,0.22,,,,65,0.0131313131313131,0.0050632911392405,0.0578947368421052,0.02375,,,0.875,3.0,,0.0,0.0,,,,,,,,
work-1,M20O80,1001,1.001,89.129336,20,20,80,0,100,0.16,0.16,,,,69,0.0139393939393939,0.0085443037974683,0.031578947368421,0.0225,,,1.125,2.4,,0.0,0.0,,,,,,,,
work-1,M20O80,1101,1.101,89.129336,20,20,80,0,100,0.12,0.12,,,,63,0.0127272727272727,0.0060126582278481,0.0578947368421052,0.020625,,,0.8875,2.75,,0.0,0.0,,,,,,,,
work-1,M20O80,1201,1.201,89.129336,20,20,80,0,100,0.24,0.24,,,,73,0.0147474747474747,0.0085443037974683,0.0526315789473684,0.0225,,,1.125,2.8,,0.0,0.0,,,,,,,,
work-1,M20O80,1301,1.301,89.129336,20,20,80,0,100,0.3,0.3,,,,71,0.0143434343434343,0.0082278481012658,0.0526315789473684,0.021875,,,1.0875,2.75,,0.0,0.0,,,,,,,,
work-1,M20O80,1401,1.401,89.129336,20,20,80,0,100,0.31,0.31,,,,74,0.0149494949494949,0.0082278481012658,0.0578947368421052,0.023125,,,1.1125,2.95,,0.0,0.0,,,,,,,,
work-1,M20O80,1501,1.501,89.129336,20,20,80,0,100,0.32,0.32,,,,76,0.0153535353535353,0.0069620253164556,0.0526315789473684,0.0275,,,1.1,3.2,,0.0,0.0,,,,,,,,
work-1,M20O80,1601,1.601,89.129336,20,20,80,0,100,0.19,0.19,,,,57,0.0115151515151515,0.0056962025316455,0.0473684210526315,0.01875,,,0.825,2.4,,0.0,0.0,,,,,,,,
work-1,M20O80,1701,1.701,89.129336,20,20,80,0,100,0.19,0.19,,,,73,0.0147474747474747,0.0063291139240506,0.0473684210526315,0.0275,,,1.05,3.1,,0.0,0.0,,,,,,,,
work-1,M20O80,1801,1.801,89.129336,20,20,80,0,100,0.16,0.16,,,,80,0.0161616161616161,0.0123417721518987,0.0473684210526315,0.02,,,1.375,2.5,,0.0,0.0,,,,,,,,
work-1,M20O80,1901,1.901,89.129336,20,20,80,0,100,0.16,0.16,,,,66,0.0133333333333333,0.0066455696202531,0.0421052631578947,0.023125,,,0.9875,2.65,,0.0,0.0,,,,,,,,
work-1,M20O80,2001,2.001,89.129336,20,20,80,0,100,0.19,0.19,,,,73,0.0147474747474747,0.0094936708860759,0.0263157894736842,0.02375,,,1.225,2.4,,0.0,0.0,,,,,,,,
work-1,M20O80,2101,2.101,89.129336,20,20,80,0,100,0.24,0.24,,,,70,0.0141414141414141,0.0085443037974683,0.0736842105263157,0.018125,,,1.0375,2.85,,0.0,0.0,,,,,,,,
work-1,M20O80,2201,2.201,89.129336,20,20,80,0,100,0.08,0.08,,,,62,0.0125252525252525,0.0082278481012658,0.0368421052631578,0.018125,,,1.0125,2.15,,0.0,0.0,,,,,,,,
work-1,M20O80,2301,2.301,89.129336,20,20,80,0,100,0.13,0.13,,,,69,0.0139393939393939,0.0085443037974683,0.0421052631578947,0.02125,,,1.1,2.5,,0.0,0.0,,,,,,,,
work-1,M20O80,2401,2.401,89.129336,20,20,80,0,100,0.25,0.25,,,,74,0.0149494949494949,0.0085443037974683,0.0578947368421052,0.0225,,,1.125,2.9,,0.0,0.0,,,,,,,,
work-1,M20O80,2501,2.501,89.129336,20,20,80,0,100,0.13,0.13,,,,70,0.0141414141414141,0.0091772151898734,0.031578947368421,0.021875,,,1.1625,2.35,,0.0,0.0,,,,,,,,
work-1,M20O80,2601,2.601,89.129336,20,20,80,0,100,0.14,0.14,,,,70,0.0141414141414141,0.0085443037974683,0.0421052631578947,0.021875,,,1.1125,2.55,,0.0,0.0,,,,,,,,
work-1,M20O80,2701,2.701,89.129336,20,20,80,0,100,0.25,0.25,,,,68,0.0137373737373737,0.0075949367088607,0.0368421052631578,0.023125,,,1.0625,2.55,,0.0,0.0,,,,,,,,
work-1,M20O80,2801,2.801,89.129336,20,20,80,0,100,0.1,0.1,,,,67,0.0135353535353535,0.0098101265822784,0.0210526315789473,0.02,,,1.175,2.0,,0.0,0.0,,,,,,,,
work-1,M20O80,2901,2.901,89.129336,20,20,80,0,100,0.33,0.33,,,,74,0.0149494949494949,0.0069620253164556,0.0684210526315789,0.024375,,,1.0375,3.25,,0.0,0.0,,,,,,,,
work-1,M20O80,3001,3.001,89.129336,20,20,80,0,100,0.34,0.34,,,,77,0.0155555555555555,0.0085443037974683,0.0473684210526315,0.025625,,,1.1875,2.95,,0.0,0.0,,,,,,,,
work-1,M20O80,3101,3.101,89.129336,20,20,80,0,100,0.1,0.1,,,,47,0.0094949494949494,0.0047468354430379,0.0421052631578947,0.015,,,0.675,2.0,,0.0,0.0,,,,,,,,
work-1,M20O80,3201,3.201,89.129336,20,20,80,0,100,0.24,0.24,,,,67,0.0135353535353535,0.0088607594936708,0.031578947368421,0.020625,,,1.1125,2.25,,0.0,0.0,,,,,,,,
work-1,M20O80,3301,3.301,89.129336,20,20,80,0,100,0.37,0.37,,,,69,0.0139393939393939,0.0066455696202531,0.0473684210526315,0.024375,,,1.0125,2.85,,0.0,0.0,,,,,,,,
work-1,M20O80,3401,3.401,89.129336,20,20,80,0,100,0.13,0.13,,,,72,0.0145454545454545,0.0079113924050632,0.0368421052631578,0.025,,,1.125,2.7,,0.0,0.0,,,,,,,,
work-1,M20O80,3501,3.501,89.129336,20,20,80,0,100,0.15,0.15,,,,71,0.0143434343434343,0.010126582278481,0.0263157894736842,0.02125,,,1.225,2.2,,0.0,0.0,,,,,,,,
work-1,M20O80,3601,3.601,89.129336,20,20,80,0,100,0.25,0.25,,,,67,0.0135353535353535,0.0072784810126582,0.0684210526315789,0.019375,,,0.9625,2.85,,0.0,0.0,,,,,,,,
work-1,M20O80,3701,3.701,89.129336,20,20,80,0,100,0.19,0.19,,,,78,0.0157575757575757,0.0082278481012658,0.0526315789473684,0.02625,,,1.175,3.1,,0.0,0.0,,,,,,,,
work-1,M20O80,3801,3.801,89.129336,20,20,80,0,100,0.24,0.24,,,,72,0.0145454545454545,0.0082278481012658,0.0789473684210526,0.019375,,,1.0375,3.05,,0.0,0.0,,,,,,,,
work-1,M20O80,3901,3.901,89.129336,20,20,80,0,100,0.15,0.15,,,,77,0.0155555555555555,0.0088607594936708,0.0578947368421052,0.02375,,,1.175,3.0,,0.0,0.0,,,,,,,,
work-1,M20O80,4001,4.001,89.129336,20,20,80,0,100,0.13,0.13,,,,69,0.0139393939393939,0.0075949367088607,0.0526315789473684,0.021875,,,1.0375,2.75,,0.0,0.0,,,,,,,,
work-1,M20O80,4101,4.101,89.129336,20,20,80,0,100,0.15,0.15,,,,60,0.0121212121212121,0.0056962025316455,0.031578947368421,0.0225,,,0.9,2.4,,0.0,0.0,,,,,,,,
work-1,M20O80,4201,4.2010000000000005,89.129336,20,20,80,0,100,0.15,0.15,,,,62,0.0125252525252525,0.0056962025316455,0.031578947368421,0.02375,,,0.925,2.5,,0.0,0.0,,,,,,,,
work-1,M20O80,4301,4.301,89.129336,20,20,80,0,100,0.17,0.17,,,,58,0.0117171717171717,0.0060126582278481,0.0526315789473684,0.018125,,,0.8375,2.45,,0.0,0.0,,,,,,,,
work-1,M20O80,4401,4.401,89.129336,20,20,80,0,100,0.25,0.25,,,,82,0.0165656565656565,0.0085443037974683,0.0473684210526315,0.02875,,,1.25,3.2,,0.0,0.0,,,,,,,,
work-1,M20O80,4501,4.501,89.129336,20,20,80,0,100,0.13,0.13,,,,77,0.0155555555555555,0.0079113924050632,0.0526315789473684,0.02625,,,1.15,3.1,,0.0,0.0,,,,,,,,
work-1,M20O80,4601,4.601,89.129336,20,20,80,0,100,0.22,0.22,,,,71,0.0143434343434343,0.0088607594936708,0.0526315789473684,0.020625,,,1.1125,2.65,,0.0,0.0,,,,,,,,
work-1,M20O80,4701,4.7010000000000005,89.129336,20,20,80,0,100,0.09,0.09,,,,64,0.0129292929292929,0.0066455696202531,0.0368421052631578,0.0225,,,0.975,2.5,,0.0,0.0,,,,,,,,
work-1,M20O80,4801,4.801,89.129336,20,20,80,0,100,0.36,0.36,,,,90,0.0181818181818181,0.0088607594936708,0.0368421052631578,0.034375,,,1.3875,3.45,,0.0,0.0,,,,,,,,
work-1,M20O80,4901,4.901,89.129336,20,20,80,0,100,0.17,0.17,,,,81,0.0163636363636363,0.0104430379746835,0.0473684210526315,0.024375,,,1.3125,2.85,,0.0,0.0,,,,,,,,
work-2,M20O80,1001,1.001,89.129336,20,20,80,0,100,0.22,0.22,,,,77,0.0155555555555555,0.0082278481012658,0.0526315789473684,0.025625,,,1.1625,3.05,,0.0,0.0,,,,,,,,
work-2,M20O80,1101,1.101,89.129336,20,20,80,0,100,0.18,0.18,,,,64,0.0129292929292929,0.0085443037974683,0.0526315789473684,0.016875,,,1.0125,2.35,,0.0,0.0,,,,,,,,
work-2,M20O80,1201,1.201,89.129336,20,20,80,0,100,0.08,0.08,,,,60,0.0121212121212121,0.0079113924050632,0.0157894736842105,0.02,,,1.025,1.9,,0.0,0.0,,,,,,,,
work-2,M20O80,1301,1.301,89.129336,20,20,80,0,100,0.12,0.12,,,,75,0.0151515151515151,0.0088607594936708,0.0368421052631578,0.025,,,1.2,2.7,,0.0,0.0,,,,,,,,
work-2,M20O80,1401,1.401,89.129336,20,20,80,0,100,0.23,0.23,,,,71,0.0143434343434343,0.0079113924050632,0.0526315789473684,0.0225,,,1.075,2.8,,0.0,0.0,,,,,,,,
work-2,M20O80,1501,1.501,89.129336,20,20,80,0,100,0.16,0.16,,,,71,0.0143434343434343,0.0069620253164556,0.0526315789473684,0.024375,,,1.0375,2.95,,0.0,0.0,,,,,,,,
work-2,M20O80,1601,1.601,89.129336,20,20,80,0,100,0.25,0.25,,,,71,0.0143434343434343,0.0072784810126582,0.0473684210526315,0.024375,,,1.0625,2.85,,0.0,0.0,,,,,,,,
work-2,M20O80,1701,1.701,89.129336,20,20,80,0,100,0.18,0.18,,,,71,0.0143434343434343,0.0079113924050632,0.0578947368421052,0.021875,,,1.0625,2.85,,0.0,0.0,,,,,,,,
work-2,M20O80,1801,1.801,89.129336,20,20,80,0,100,0.11,0.11,,,,74,0.0149494949494949,0.0098101265822784,0.0421052631578947,0.021875,,,1.2125,2.55,,0.0,0.0,,,,,,,,
work-2,M20O80,1901,1.901,89.129336,20,20,80,0,100,0.1,0.1,,,,65,0.0131313131313131,0.0066455696202531,0.0210526315789473,0.025,,,1.025,2.4,,0.0,0.0,,,,,,,,
work-2,M20O80,2001,2.001,89.129336,20,20,80,0,100,0.13,0.13,,,,56,0.0113131313131313,0.005379746835443,0.0473684210526315,0.01875,,,0.8,2.4,,0.0,0.0,,,,,,,,
work-2,M20O80,2101,2.101,89.129336,20,20,80,0,100,0.1,0.1,,,,67,0.0135353535353535,0.0082278481012658,0.0210526315789473,0.023125,,,1.1125,2.25,,0.0,0.0,,,,,,,,
work-2,M20O80,2201,2.201,89.129336,20,20,80,0,100,0.12,0.12,,,,56,0.0113131313131313,0.0072784810126582,0.0263157894736842,0.0175,,,0.925,1.9,,0.0,0.0,,,,,,,,
work-2,M20O80,2301,2.301,89.129336,20,20,80,0,100,0.18,0.18,,,,67,0.0135353535353535,0.0050632911392405,0.0631578947368421,0.024375,,,0.8875,3.15,,0.0,0.0,,,,,,,,
work-2,M20O80,2401,2.401,89.129336,20,20,80,0,100,0.15,0.15,,,,56,0.0113131313131313,0.0056962025316455,0.0421052631578947,0.01875,,,0.825,2.3,,0.0,0.0,,,,,,,,
work-2,M20O80,2501,2.501,89.129336,20,20,80,0,100,0.14,0.14,,,,79,0.0159595959595959,0.0113924050632911,0.031578947368421,0.023125,,,1.3625,2.45,,0.0,0.0,,,,,,,,
work-2,M20O80,2601,2.601,89.129336,20,20,80,0,100,0.33,0.33,,,,60,0.0121212121212121,0.0056962025316455,0.0631578947368421,0.01875,,,0.825,2.7,,0.0,0.0,,,,,,,,
work-2,M20O80,2701,2.701,89.129336,20,20,80,0,100,0.19,0.19,,,,61,0.0123232323232323,0.0072784810126582,0.0473684210526315,0.018125,,,0.9375,2.35,,0.0,0.0,,,,,,,,
work-2,M20O80,2801,2.801,89.129336,20,20,80,0,100,0.12,0.12,,,,63,0.0127272727272727,0.0094936708860759,0.031578947368421,0.016875,,,1.0875,1.95,,0.0,0.0,,,,,,,,
work-2,M20O80,2901,2.901,89.129336,20,20,80,0,100,0.27,0.27,,,,63,0.0127272727272727,0.0047468354430379,0.0421052631578947,0.025,,,0.875,2.8,,0.0,0.0,,,,,,,,
work-2,M20O80,3001,3.001,89.129336,20,20,80,0,100,0.17,0.17,,,,69,0.0139393939393939,0.0056962025316455,0.0526315789473684,0.025625,,,0.9625,3.05,,0.0,0.0,,,,,,,,
work-2,M20O80,3101,3.101,89.129336,20,20,80,0,100,0.13,0.13,,,,67,0.0135353535353535,0.0088607594936708,0.031578947368421,0.020625,,,1.1125,2.25,,0.0,0.0,,,,,,,,
work-2,M20O80,3201,3.201,89.129336,20,20,80,0,100,0.14,0.14,,,,70,0.0141414141414141,0.0091772151898734,0.0473684210526315,0.02,,,1.125,2.5,,0.0,0.0,,,,,,,,
work-2,M20O80,3301,3.301,89.129336,20,20,80,0,100,0.17,0.17,,,,62,0.0125252525252525,0.0088607594936708,0.0210526315789473,0.01875,,,1.075,1.9,,0.0,0.0,,,,,,,,
work-2,M20O80,3401,3.401,89.129336,20,20,80,0,100,0.17,0.17,,,,58,0.0117171717171717,0.0066455696202531,0.031578947368421,0.019375,,,0.9125,2.15,,0.0,0.0,,,,,,,,
work-2,M20O80,3501,3.501,89.129336,20,20,80,0,100,0.09,0.09,,,,64,0.0129292929292929,0.0066455696202531,0.0210526315789473,0.024375,,,1.0125,2.35,,0.0,0.0,,,,,,,,
work-2,M20O80,3601,3.601,89.129336,20,20,80,0,100,0.16,0.16,,,,74,0.0149494949494949,0.0072784810126582,0.0421052631578947,0.026875,,,1.1125,2.95,,0.0,0.0,,,,,,,,
work-2,M20O80,3701,3.701,89.129336,20,20,80,0,100,0.36,0.36,,,,78,0.0157575757575757,0.0085443037974683,0.031578947368421,0.028125,,,1.2375,2.85,,0.0,0.0,,,,,,,,
work-2,M20O80,3801,3.801,89.129336,20,20,80,0,100,0.17,0.17,,,,66,0.0133333333333333,0.0066455696202531,0.0526315789473684,0.021875,,,0.9625,2.75,,0.0,0.0,,,,,,,,
work-2,M20O80,3901,3.901,89.129336,20,20,80,0,100,0.13,0.13,,,,73,0.0147474747474747,0.0113924050632911,0.031578947368421,0.019375,,,1.2875,2.15,,0.0,0.0,,,,,,,,
work-2,M20O80,4001,4.001,89.129336,20,20,80,0,100,0.17,0.17,,,,50,0.0101010101010101,0.0037974683544303,0.0526315789473684,0.0175,,,0.65,2.4,,0.0,0.0,,,,,,,,
work-2,M20O80,4101,4.101,89.129336,20,20,80,0,100,0.41,0.41,,,,74,0.0149494949494949,0.0085443037974683,0.0578947368421052,0.0225,,,1.125,2.9,,0.0,0.0,,,,,,,,
work-2,M20O80,4201,4.2010000000000005,89.129336,20,20,80,0,100,0.22,0.22,,,,58,0.0117171717171717,0.0060126582278481,0.0421052631578947,0.019375,,,0.8625,2.35,,0.0,0.0,,,,,,,,
work-2,M20O80,4301,4.301,89.129336,20,20,80,0,100,0.27,0.27,,,,78,0.0157575757575757,0.0063291139240506,0.0631578947368421,0.02875,,,1.075,3.5,,0.0,0.0,,,,,,,,
work-2,M20O80,4401,4.401,89.129336,20,20,80,0,100,0.15,0.15,,,,71,0.0143434343434343,0.0069620253164556,0.0578947368421052,0.02375,,,1.025,3.0,,0.0,0.0,,,,,,,,
work-2,M20O80,4501,4.501,89.129336,20,20,80,0,100,0.22,0.22,,,,64,0.0129292929292929,0.0072784810126582,0.0263157894736842,0.0225,,,1.025,2.3,,0.0,0.0,,,,,,,,
work-2,M20O80,4601,4.601,89.129336,20,20,80,0,100,0.33,0.33,,,,68,0.0137373737373737,0.0069620253164556,0.0526315789473684,0.0225,,,1.0,2.8,,0.0,0.0,,,,,,,,
work-2,M20O80,4701,4.7010000000000005,89.129336,20,20,80,0,100,0.17,0.17,,,,69,0.0139393939393939,0.0085443037974683,0.0473684210526315,0.020625,,,1.0875,2.55,,0.0,0.0,,,,,,,,
work-2,M20O80,4801,4.801,89.129336,20,20,80,0,100,0.34,0.34,,,,63,0.0127272727272727,0.0072784810126582,0.0526315789473684,0.01875,,,0.95,2.5,,0.0,0.0,,,,,,,,
work-2,M20O80,4901,4.901,89.129336,20,20,80,0,100,0.13,0.13,,,,76,0.0153535353535353,0.010759493670886,0.0210526315789473,0.02375,,,1.325,2.3,,0.0,0.0,,,,,,,,
work,M25O75,1001,1.001,92.035503,25,25,75,0,100,0.19,0.19,,,,74,0.0149494949494949,0.0075675675675675,0.0466666666666666,0.0208,,,1.08,2.68,,0.0,0.0,,,,,,,,
work,M25O75,1101,1.101,92.035503,25,25,75,0,100,0.23,0.23,,,,76,0.0153535353535353,0.0057657657657657,0.05,0.024,,,1.0266666666666666,3.0,,0.0,0.0,,,,,,,,
work,M25O75,1201,1.201,92.035503,25,25,75,0,100,0.37,0.37,,,,86,0.0173737373737373,0.0079279279279279,0.0366666666666666,0.0282666666666666,,,1.2933333333333332,3.0,,0.0,0.0,,,,,,,,
work,M25O75,1301,1.301,92.035503,25,25,75,0,100,0.18,0.18,,,,64,0.0129292929292929,0.0046846846846846,0.0366666666666666,0.0213333333333333,,,0.88,2.48,,0.0,0.0,,,,,,,,
work,M25O75,1401,1.401,92.035503,25,25,75,0,100,0.18,0.18,,,,67,0.0135353535353535,0.0064864864864864,0.0333333333333333,0.0208,,,1.0,2.36,,0.0,0.0,,,,,,,,
work,M25O75,1501,1.501,92.035503,25,25,75,0,100,0.16,0.16,,,,59,0.0119191919191919,0.0039639639639639,0.0333333333333333,0.0202666666666666,,,0.8,2.32,,0.0,0.0,,,,,,,,
work,M25O75,1601,1.601,92.035503,25,25,75,0,100,0.19,0.19,,,,73,0.0147474747474747,0.0079279279279279,0.0433333333333333,0.0202666666666666,,,1.0933333333333333,2.56,,0.0,0.0,,,,,,,,
work,M25O75,1701,1.701,92.035503,25,25,75,0,100,0.39,0.39,,,,92,0.0185858585858585,0.0079279279279279,0.06,0.0277333333333333,,,1.28,3.52,,0.0,0.0,,,,,,,,
work,M25O75,1801,1.801,92.035503,25,25,75,0,100,0.18,0.18,,,,70,0.0141414141414141,0.0061261261261261,0.0333333333333333,0.0229333333333333,,,1.0266666666666666,2.52,,0.0,0.0,,,,,,,,
work,M25O75,1901,1.901,92.035503,25,25,75,0,100,0.44,0.44,,,,87,0.0175757575757575,0.0064864864864864,0.07,0.0256,,,1.12,3.6,,0.0,0.0,,,,,,,,
work,M25O75,2001,2.001,92.035503,25,25,75,0,100,0.44,0.44,,,,82,0.0165656565656565,0.0072072072072072,0.0533333333333333,0.0245333333333333,,,1.1466666666666667,3.12,,0.0,0.0,,,,,,,,
work,M25O75,2101,2.101,92.035503,25,25,75,0,100,0.12,0.12,,,,58,0.0117171717171717,0.0068468468468468,0.03,0.016,,,0.9066666666666666,1.92,,0.0,0.0,,,,,,,,
work,M25O75,2201,2.201,92.035503,25,25,75,0,100,0.1,0.1,,,,66,0.0133333333333333,0.0097297297297297,0.0366666666666666,0.0149333333333333,,,1.0933333333333333,2.0,,0.0,0.0,,,,,,,,
work,M25O75,2301,2.301,92.035503,25,25,75,0,100,0.2,0.2,,,,66,0.0133333333333333,0.0075675675675675,0.0566666666666666,0.0149333333333333,,,0.9333333333333332,2.48,,0.0,0.0,,,,,,,,
work,M25O75,2401,2.401,92.035503,25,25,75,0,100,0.14,0.14,,,,64,0.0129292929292929,0.009009009009009,0.05,0.0128,,,0.9866666666666668,2.16,,0.0,0.0,,,,,,,,
work,M25O75,2501,2.501,92.035503,25,25,75,0,100,0.08,0.08,,,,66,0.0133333333333333,0.0086486486486486,0.0166666666666666,0.0197333333333333,,,1.1333333333333333,1.88,,0.0,0.0,,,,,,,,
work,M25O75,2601,2.601,92.035503,25,25,75,0,100,0.36,0.36,,,,75,0.0151515151515151,0.0068468468468468,0.0466666666666666,0.0224,,,1.0666666666666669,2.8,,0.0,0.0,,,,,,,,
work,M25O75,2701,2.701,92.035503,25,25,75,0,100,0.18,0.18,,,,81,0.0163636363636363,0.0079279279279279,0.0366666666666666,0.0256,,,1.2266666666666666,2.8,,0.0,0.0,,,,,,,,
work,M25O75,2801,2.801,92.035503,25,25,75,0,100,0.19,0.19,,,,69,0.0139393939393939,0.0068468468468468,0.0566666666666666,0.0176,,,0.9466666666666668,2.68,,0.0,0.0,,,,,,,,
work,M25O75,2901,2.901,92.035503,25,25,75,0,100,0.21,0.21,,,,76,0.0153535353535353,0.0093693693693693,0.0633333333333333,0.0165333333333333,,,1.106666666666667,2.76,,0.0,0.0,,,,,,,,
work,M25O75,3001,3.001,92.035503,25,25,75,0,100,0.34,0.34,,,,75,0.0151515151515151,0.009009009009009,0.06,0.0170666666666666,,,1.0933333333333333,2.72,,0.0,0.0,,,,,,,,
work,M25O75,3101,3.101,92.035503,25,25,75,0,100,0.27,0.27,,,,66,0.0133333333333333,0.0064864864864864,0.0433333333333333,0.0186666666666666,,,0.9466666666666668,2.44,,0.0,0.0,,,,,,,,
work,M25O75,3201,3.201,92.035503,25,25,75,0,100,0.2,0.2,,,,68,0.0137373737373737,0.0057657657657657,0.0366666666666666,0.0218666666666666,,,0.9733333333333334,2.52,,0.0,0.0,,,,,,,,
work,M25O75,3301,3.301,92.035503,25,25,75,0,100,0.18,0.18,,,,67,0.0135353535353535,0.0057657657657657,0.0466666666666666,0.0197333333333333,,,0.92,2.6,,0.0,0.0,,,,,,,,
work,M25O75,3401,3.401,92.035503,25,25,75,0,100,0.34,0.34,,,,84,0.0169696969696969,0.0086486486486486,0.0333333333333333,0.0266666666666666,,,1.3066666666666666,2.8,,0.0,0.0,,,,,,,,
work,M25O75,3501,3.501,92.035503,25,25,75,0,100,0.21,0.21,,,,73,0.0147474747474747,0.0093693693693693,0.0333333333333333,0.0197333333333333,,,1.1866666666666668,2.28,,0.0,0.0,,,,,,,,
work,M25O75,3601,3.601,92.035503,25,25,75,0,100,0.31,0.31,,,,64,0.0129292929292929,0.0036036036036036,0.0433333333333333,0.0218666666666666,,,0.8133333333333334,2.68,,0.0,0.0,,,,,,,,
work,M25O75,3701,3.701,92.035503,25,25,75,0,100,0.21,0.21,,,,58,0.0117171717171717,0.0054054054054054,0.0366666666666666,0.0170666666666666,,,0.8266666666666667,2.16,,0.0,0.0,,,,,,,,
work,M25O75,3801,3.801,92.035503,25,25,75,0,100,0.24,0.24,,,,80,0.0161616161616161,0.01009009009009,0.04,0.0213333333333333,,,1.28,2.56,,0.0,0.0,,,,,,,,
work,M25O75,3901,3.901,92.035503,25,25,75,0,100,0.21,0.21,,,,71,0.0143434343434343,0.0079279279279279,0.0433333333333333,0.0192,,,1.0666666666666669,2.48,,0.0,0.0,,,,,,,,
work,M25O75,4001,4.001,92.035503,25,25,75,0,100,0.39,0.39,,,,73,0.0147474747474747,0.0082882882882882,0.05,0.0186666666666666,,,1.08,2.6,,0.0,0.0,,,,,,,,
work,M25O75,4101,4.101,92.035503,25,25,75,0,100,0.53,0.53,,,,80,0.0161616161616161,0.0061261261261261,0.0466666666666666,0.0261333333333333,,,1.106666666666667,3.08,,0.0,0.0,,,,,,,,
work,M25O75,4201,4.2010000000000005,92.035503,25,25,75,0,100,0.18,0.18,,,,74,0.0149494949494949,0.0068468468468468,0.0466666666666666,0.0218666666666666,,,1.0533333333333332,2.76,,0.0,0.0,,,,,,,,
work,M25O75,4301,4.301,92.035503,25,25,75,0,100,0.2,0.2,,,,69,0.0139393939393939,0.0064864864864864,0.03,0.0224,,,1.04,2.4,,0.0,0.0,,,,,,,,
work,M25O75,4401,4.401,92.035503,25,25,75,0,100,0.31,0.31,,,,86,0.0173737373737373,0.0082882882882882,0.0433333333333333,0.0266666666666666,,,1.28,3.04,,0.0,0.0,,,,,,,,
work,M25O75,4501,4.501,92.035503,25,25,75,0,100,0.16,0.16,,,,69,0.0139393939393939,0.0086486486486486,0.0366666666666666,0.0181333333333333,,,1.0933333333333333,2.24,,0.0,0.0,,,,,,,,
work,M25O75,4601,4.601,92.035503,25,25,75,0,100,0.2,0.2,,,,72,0.0145454545454545,0.0054054054054054,0.0433333333333333,0.0234666666666666,,,0.9866666666666668,2.8,,0.0,0.0,,,,,,,,
work,M25O75,4701,4.7010000000000005,92.035503,25,25,75,0,100,0.31,0.31,,,,79,0.0159595959595959,0.0079279279279279,0.04,0.024,,,1.1866666666666668,2.76,,0.0,0.0,,,,,,,,
work,M25O75,4801,4.801,92.035503,25,25,75,0,100,0.18,0.18,,,,74,0.0149494949494949,0.0082882882882882,0.0366666666666666,0.0213333333333333,,,1.1466666666666667,2.48,,0.0,0.0,,,,,,,,
work,M25O75,4901,4.901,92.035503,25,25,75,0,100,0.26,0.26,,,,63,0.0127272727272727,0.0057657657657657,0.0533333333333333,0.0165333333333333,,,0.84,2.52,,0.0,0.0,,,,,,,,
work-1,M25O75,1001,1.001,92.035503,25,25,75,0,100,0.28,0.28,,,,82,0.0165656565656565,0.0104504504504504,0.0433333333333333,0.0213333333333333,,,1.3066666666666666,2.64,,0.0,0.0,,,,,,,,
work-1,M25O75,1101,1.101,92.035503,25,25,75,0,100,0.21,0.21,,,,73,0.0147474747474747,0.0072072072072072,0.0533333333333333,0.0197333333333333,,,1.0266666666666666,2.76,,0.0,0.0,,,,,,,,
work-1,M25O75,1201,1.201,92.035503,25,25,75,0,100,0.08,0.08,,,,53,0.0107070707070707,0.0068468468468468,0.0266666666666666,0.0138666666666666,,,0.8533333333333334,1.68,,0.0,0.0,,,,,,,,
work-1,M25O75,1301,1.301,92.035503,25,25,75,0,100,0.29,0.29,,,,73,0.0147474747474747,0.0082882882882882,0.05,0.0186666666666666,,,1.08,2.6,,0.0,0.0,,,,,,,,
work-1,M25O75,1401,1.401,92.035503,25,25,75,0,100,0.15,0.15,,,,77,0.0155555555555555,0.0093693693693693,0.0333333333333333,0.0218666666666666,,,1.24,2.44,,0.0,0.0,,,,,,,,
work-1,M25O75,1501,1.501,92.035503,25,25,75,0,100,0.29,0.29,,,,80,0.0161616161616161,0.0064864864864864,0.0566666666666666,0.024,,,1.08,3.16,,0.0,0.0,,,,,,,,
work-1,M25O75,1601,1.601,92.035503,25,25,75,0,100,0.14,0.14,,,,77,0.0155555555555555,0.0068468468468468,0.0266666666666666,0.0266666666666666,,,1.1733333333333331,2.64,,0.0,0.0,,,,,,,,
work-1,M25O75,1701,1.701,92.035503,25,25,75,0,100,0.09,0.09,,,,54,0.0109090909090909,0.0039639639639639,0.0266666666666666,0.0186666666666666,,,0.76,2.04,,0.0,0.0,,,,,,,,
work-1,M25O75,1801,1.801,92.035503,25,25,75,0,100,0.16,0.16,,,,69,0.0139393939393939,0.0064864864864864,0.0466666666666666,0.0197333333333333,,,0.9733333333333334,2.6,,0.0,0.0,,,,,,,,
work-1,M25O75,1901,1.901,92.035503,25,25,75,0,100,0.28,0.28,,,,83,0.0167676767676767,0.0079279279279279,0.0466666666666666,0.0250666666666666,,,1.2133333333333334,3.0,,0.0,0.0,,,,,,,,
work-1,M25O75,2001,2.001,92.035503,25,25,75,0,100,0.3,0.3,,,,71,0.0143434343434343,0.0072072072072072,0.0433333333333333,0.0202666666666666,,,1.04,2.56,,0.0,0.0,,,,,,,,
work-1,M25O75,2101,2.101,92.035503,25,25,75,0,100,0.13,0.13,,,,71,0.0143434343434343,0.0079279279279279,0.0266666666666666,0.0218666666666666,,,1.1333333333333333,2.28,,0.0,0.0,,,,,,,,
work-1,M25O75,2201,2.201,92.035503,25,25,75,0,100,0.17,0.17,,,,77,0.0155555555555555,0.0075675675675675,0.0333333333333333,0.0245333333333333,,,1.1733333333333331,2.64,,0.0,0.0,,,,,,,,
work-1,M25O75,2301,2.301,92.035503,25,25,75,0,100,0.19,0.19,,,,87,0.0175757575757575,0.0061261261261261,0.0566666666666666,0.0282666666666666,,,1.16,3.48,,0.0,0.0,,,,,,,,
work-1,M25O75,2401,2.401,92.035503,25,25,75,0,100,0.28,0.28,,,,81,0.0163636363636363,0.0097297297297297,0.0433333333333333,0.0218666666666666,,,1.2666666666666666,2.68,,0.0,0.0,,,,,,,,
work-1,M25O75,2501,2.501,92.035503,25,25,75,0,100,0.21,0.21,,,,63,0.0127272727272727,0.0075675675675675,0.0366666666666666,0.0165333333333333,,,0.9733333333333334,2.12,,0.0,0.0,,,,,,,,
work-1,M25O75,2601,2.601,92.035503,25,25,75,0,100,0.25,0.25,,,,75,0.0151515151515151,0.0086486486486486,0.05,0.0192,,,1.12,2.64,,0.0,0.0,,,,,,,,
work-1,M25O75,2701,2.701,92.035503,25,25,75,0,100,0.36,0.36,,,,78,0.0157575757575757,0.0075675675675675,0.05,0.0224,,,1.12,2.88,,0.0,0.0,,,,,,,,
work-1,M25O75,2801,2.801,92.035503,25,25,75,0,100,0.1,0.1,,,,62,0.0125252525252525,0.005045045045045,0.0266666666666666,0.0213333333333333,,,0.9066666666666666,2.24,,0.0,0.0,,,,,,,,
work-1,M25O75,2901,2.901,92.035503,25,25,75,0,100,0.22,0.22,,,,72,0.0145454545454545,0.0079279279279279,0.0333333333333333,0.0213333333333333,,,1.12,2.4,,0.0,0.0,,,,,,,,
work-1,M25O75,3001,3.001,92.035503,25,25,75,0,100,0.15,0.15,,,,66,0.0133333333333333,0.0075675675675675,0.0233333333333333,0.0202666666666666,,,1.0666666666666669,2.08,,0.0,0.0,,,,,,,,
work-1,M25O75,3101,3.101,92.035503,25,25,75,0,100,0.15,0.15,,,,76,0.0153535353535353,0.0086486486486486,0.04,0.0213333333333333,,,1.1733333333333331,2.56,,0.0,0.0,,,,,,,,
work-1,M25O75,3201,3.201,92.035503,25,25,75,0,100,0.16,0.16,,,,72,0.0145454545454545,0.0061261261261261,0.0333333333333333,0.024,,,1.0533333333333332,2.6,,0.0,0.0,,,,,,,,
work-1,M25O75,3301,3.301,92.035503,25,25,75,0,100,0.32,0.32,,,,87,0.0175757575757575,0.0108108108108108,0.0333333333333333,0.0250666666666666,,,1.4266666666666667,2.68,,0.0,0.0,,,,,,,,
work-1,M25O75,3401,3.401,92.035503,25,25,75,0,100,0.11,0.11,,,,75,0.0151515151515151,0.009009009009009,0.02,0.0234666666666666,,,1.2533333333333334,2.24,,0.0,0.0,,,,,,,,
work-1,M25O75,3501,3.501,92.035503,25,25,75,0,100,0.11,0.11,,,,61,0.0123232323232323,0.0086486486486486,0.0333333333333333,0.0144,,,1.0,1.88,,0.0,0.0,,,,,,,,
work-1,M25O75,3601,3.601,92.035503,25,25,75,0,100,0.25,0.25,,,,74,0.0149494949494949,0.0097297297297297,0.02,0.0218666666666666,,,1.2666666666666666,2.12,,0.0,0.0,,,,,,,,
work-1,M25O75,3701,3.701,92.035503,25,25,75,0,100,0.24,0.24,,,,72,0.0145454545454545,0.0086486486486486,0.0366666666666666,0.0197333333333333,,,1.1333333333333333,2.36,,0.0,0.0,,,,,,,,
work-1,M25O75,3801,3.801,92.035503,25,25,75,0,100,0.12,0.12,,,,69,0.0139393939393939,0.0054054054054054,0.03,0.024,,,1.0,2.52,,0.0,0.0,,,,,,,,
work-1,M25O75,3901,3.901,92.035503,25,25,75,0,100,0.31,0.31,,,,87,0.0175757575757575,0.0075675675675675,0.0533333333333333,0.0266666666666666,,,1.2266666666666666,3.28,,0.0,0.0,,,,,,,,
work-1,M25O75,4001,4.001,92.035503,25,25,75,0,100,0.16,0.16,,,,68,0.0137373737373737,0.0061261261261261,0.0266666666666666,0.0229333333333333,,,1.0266666666666666,2.36,,0.0,0.0,,,,,,,,
work-1,M25O75,4101,4.101,92.035503,25,25,75,0,100,0.14,0.14,,,,46,0.0092929292929292,0.0036036036036036,0.0233333333333333,0.0154666666666666,,,0.6533333333333333,1.72,,0.0,0.0,,,,,,,,
work-1,M25O75,4201,4.2010000000000005,92.035503,25,25,75,0,100,0.19,0.19,,,,54,0.0109090909090909,0.0054054054054054,0.03,0.016,,,0.8,1.92,,0.0,0.0,,,,,,,,
work-1,M25O75,4301,4.301,92.035503,25,25,75,0,100,0.14,0.14,,,,61,0.0123232323232323,0.005045045045045,0.03,0.0202666666666666,,,0.88,2.24,,0.0,0.0,,,,,,,,
work-1,M25O75,4401,4.401,92.035503,25,25,75,0,100,0.22,0.22,,,,77,0.0155555555555555,0.0082882882882882,0.04,0.0224,,,1.1733333333333331,2.64,,0.0,0.0,,,,,,,,
work-1,M25O75,4501,4.501,92.035503,25,25,75,0,100,0.27,0.27,,,,88,0.0177777777777777,0.0079279279279279,0.05,0.0272,,,1.2666666666666666,3.24,,0.0,0.0,,,,,,,,
work-1,M25O75,4601,4.601,92.035503,25,25,75,0,100,0.17,0.17,,,,61,0.0123232323232323,0.0046846846846846,0.0266666666666666,0.0213333333333333,,,0.88,2.24,,0.0,0.0,,,,,,,,
work-1,M25O75,4701,4.7010000000000005,92.035503,25,25,75,0,100,0.13,0.13,,,,63,0.0127272727272727,0.0057657657657657,0.0266666666666666,0.0208,,,0.9466666666666668,2.2,,0.0,0.0,,,,,,,,
work-1,M25O75,4801,4.801,92.035503,25,25,75,0,100,0.17,0.17,,,,67,0.0135353535353535,0.009009009009009,0.04,0.016,,,1.0666666666666669,2.16,,0.0,0.0,,,,,,,,
work-1,M25O75,4901,4.901,92.035503,25,25,75,0,100,0.24,0.24,,,,75,0.0151515151515151,0.0068468468468468,0.05,0.0218666666666666,,,1.0533333333333332,2.84,,0.0,0.0,,,,,,,,
work-2,M25O75,1001,1.001,92.035503,25,25,75,0,100,0.21,0.21,,,,79,0.0159595959595959,0.0079279279279279,0.0433333333333333,0.0234666666666666,,,1.1733333333333331,2.8,,0.0,0.0,,,,,,,,
work-2,M25O75,1101,1.101,92.035503,25,25,75,0,100,0.16,0.16,,,,69,0.0139393939393939,0.0079279279279279,0.03,0.0202666666666666,,,1.0933333333333333,2.24,,0.0,0.0,,,,,,,,
work-2,M25O75,1201,1.201,92.035503,25,25,75,0,100,0.22,0.22,,,,87,0.0175757575757575,0.0093693693693693,0.0433333333333333,0.0256,,,1.3333333333333333,2.96,,0.0,0.0,,,,,,,,
work-2,M25O75,1301,1.301,92.035503,25,25,75,0,100,0.13,0.13,,,,62,0.0125252525252525,0.005045045045045,0.0233333333333333,0.0218666666666666,,,0.92,2.2,,0.0,0.0,,,,,,,,
work-2,M25O75,1401,1.401,92.035503,25,25,75,0,100,0.21,0.21,,,,76,0.0153535353535353,0.0082882882882882,0.0466666666666666,0.0208,,,1.1333333333333333,2.68,,0.0,0.0,,,,,,,,
work-2,M25O75,1501,1.501,92.035503,25,25,75,0,100,0.15,0.15,,,,69,0.0139393939393939,0.0079279279279279,0.04,0.0186666666666666,,,1.0533333333333332,2.36,,0.0,0.0,,,,,,,,
work-2,M25O75,1601,1.601,92.035503,25,25,75,0,100,0.11,0.11,,,,61,0.0123232323232323,0.0075675675675675,0.03,0.0165333333333333,,,0.9733333333333334,1.96,,0.0,0.0,,,,,,,,
work-2,M25O75,1701,1.701,92.035503,25,25,75,0,100,0.23,0.23,,,,76,0.0153535353535353,0.0068468468468468,0.0433333333333333,0.0234666666666666,,,1.0933333333333333,2.8,,0.0,0.0,,,,,,,,
work-2,M25O75,1801,1.801,92.035503,25,25,75,0,100,0.13,0.13,,,,65,0.0131313131313131,0.0064864864864864,0.0333333333333333,0.0197333333333333,,,0.9733333333333334,2.28,,0.0,0.0,,,,,,,,
work-2,M25O75,1901,1.901,92.035503,25,25,75,0,100,0.12,0.12,,,,61,0.0123232323232323,0.0054054054054054,0.03,0.0197333333333333,,,0.8933333333333333,2.2,,0.0,0.0,,,,,,,,
work-2,M25O75,2001,2.001,92.035503,25,25,75,0,100,0.15,0.15,,,,61,0.0123232323232323,0.0046846846846846,0.0433333333333333,0.0186666666666666,,,0.8133333333333334,2.44,,0.0,0.0,,,,,,,,
work-2,M25O75,2101,2.101,92.035503,25,25,75,0,100,0.26,0.26,,,,81,0.0163636363636363,0.0093693693693693,0.0366666666666666,0.0234666666666666,,,1.28,2.64,,0.0,0.0,,,,,,,,
work-2,M25O75,2201,2.201,92.035503,25,25,75,0,100,0.18,0.18,,,,91,0.0183838383838383,0.0122522522522522,0.0466666666666666,0.0229333333333333,,,1.48,2.84,,0.0,0.0,,,,,,,,
work-2,M25O75,2301,2.301,92.035503,25,25,75,0,100,0.27,0.27,,,,69,0.0139393939393939,0.0086486486486486,0.04,0.0176,,,1.08,2.28,,0.0,0.0,,,,,,,,
work-2,M25O75,2401,2.401,92.035503,25,25,75,0,100,0.25,0.25,,,,54,0.0109090909090909,0.005045045045045,0.0266666666666666,0.0170666666666666,,,0.8,1.92,,0.0,0.0,,,,,,,,
work-2,M25O75,2501,2.501,92.035503,25,25,75,0,100,0.3,0.3,,,,79,0.0159595959595959,0.0061261261261261,0.0466666666666666,0.0256,,,1.0933333333333333,3.04,,0.0,0.0,,,,,,,,
work-2,M25O75,2601,2.601,92.035503,25,25,75,0,100,0.4,0.4,,,,78,0.0157575757575757,0.0068468468468468,0.04,0.0250666666666666,,,1.1333333333333333,2.84,,0.0,0.0,,,,,,,,
work-2,M25O75,2701,2.701,92.035503,25,25,75,0,100,0.11,0.11,,,,59,0.0119191919191919,0.0064864864864864,0.03,0.0170666666666666,,,0.9066666666666666,2.0,,0.0,0.0,,,,,,,,
work-2,M25O75,2801,2.801,92.035503,25,25,75,0,100,0.14,0.14,,,,68,0.0137373737373737,0.0075675675675675,0.04,0.0186666666666666,,,1.0266666666666666,2.36,,0.0,0.0,,,,,,,,
work-2,M25O75,2901,2.901,92.035503,25,25,75,0,100,0.27,0.27,,,,78,0.0157575757575757,0.0082882882882882,0.0466666666666666,0.0218666666666666,,,1.16,2.76,,0.0,0.0,,,,,,,,
work-2,M25O75,3001,3.001,92.035503,25,25,75,0,100,0.18,0.18,,,,69,0.0139393939393939,0.0054054054054054,0.0433333333333333,0.0218666666666666,,,0.9466666666666668,2.68,,0.0,0.0,,,,,,,,
work-2,M25O75,3101,3.101,92.035503,25,25,75,0,100,0.17,0.17,,,,79,0.0159595959595959,0.0097297297297297,0.0366666666666666,0.0218666666666666,,,1.2666666666666666,2.52,,0.0,0.0,,,,,,,,
work-2,M25O75,3201,3.201,92.035503,25,25,75,0,100,0.15,0.15,,,,72,0.0145454545454545,0.0082882882882882,0.0433333333333333,0.0192,,,1.0933333333333333,2.48,,0.0,0.0,,,,,,,,
work-2,M25O75,3301,3.301,92.035503,25,25,75,0,100,0.14,0.14,,,,68,0.0137373737373737,0.0068468468468468,0.0266666666666666,0.0218666666666666,,,1.0533333333333332,2.28,,0.0,0.0,,,,,,,,
work-2,M25O75,3401,3.401,92.035503,25,25,75,0,100,0.08,0.08,,,,62,0.0125252525252525,0.0082882882882882,0.0333333333333333,0.0154666666666666,,,1.0,1.96,,0.0,0.0,,,,,,,,
work-2,M25O75,3501,3.501,92.035503,25,25,75,0,100,0.11,0.11,,,,58,0.0117171717171717,0.0086486486486486,0.03,0.0133333333333333,,,0.9733333333333334,1.72,,0.0,0.0,,,,,,,,
work-2,M25O75,3601,3.601,92.035503,25,25,75,0,100,0.3,0.3,,,,79,0.0159595959595959,0.009009009009009,0.0466666666666666,0.0213333333333333,,,1.2,2.72,,0.0,0.0,,,,,,,,
work-2,M25O75,3701,3.701,92.035503,25,25,75,0,100,0.18,0.18,,,,68,0.0137373737373737,0.0068468468468468,0.0333333333333333,0.0208,,,1.0266666666666666,2.36,,0.0,0.0,,,,,,,,
work-2,M25O75,3801,3.801,92.035503,25,25,75,0,100,0.15,0.15,,,,64,0.0129292929292929,0.0086486486486486,0.0366666666666666,0.0154666666666666,,,1.0266666666666666,2.04,,0.0,0.0,,,,,,,,
work-2,M25O75,3901,3.901,92.035503,25,25,75,0,100,0.2,0.2,,,,76,0.0153535353535353,0.0064864864864864,0.05,0.0229333333333333,,,1.0533333333333332,2.92,,0.0,0.0,,,,,,,,
work-2,M25O75,4001,4.001,92.035503,25,25,75,0,100,0.26,0.26,,,,72,0.0145454545454545,0.0046846846846846,0.0633333333333333,0.0213333333333333,,,0.88,3.12,,0.0,0.0,,,,,,,,
work-2,M25O75,4101,4.101,92.035503,25,25,75,0,100,0.14,0.14,,,,67,0.0135353535353535,0.0082882882882882,0.04,0.0170666666666666,,,1.04,2.24,,0.0,0.0,,,,,,,,
work-2,M25O75,4201,4.2010000000000005,92.035503,25,25,75,0,100,0.15,0.15,,,,77,0.0155555555555555,0.0072072072072072,0.04,0.024,,,1.1333333333333333,2.76,,0.0,0.0,,,,,,,,
work-2,M25O75,4301,4.301,92.035503,25,25,75,0,100,0.28,0.28,,,,67,0.0135353535353535,0.0061261261261261,0.04,0.0202666666666666,,,0.96,2.48,,0.0,0.0,,,,,,,,
work-2,M25O75,4401,4.401,92.035503,25,25,75,0,100,0.27,0.27,,,,80,0.0161616161616161,0.0068468468468468,0.0533333333333333,0.024,,,1.106666666666667,3.08,,0.0,0.0,,,,,,,,
work-2,M25O75,4501,4.501,92.035503,25,25,75,0,100,0.48,0.48,,,,82,0.0165656565656565,0.0068468468468468,0.0433333333333333,0.0266666666666666,,,1.1733333333333331,3.04,,0.0,0.0,,,,,,,,
work-2,M25O75,4601,4.601,92.035503,25,25,75,0,100,0.2,0.2,,,,76,0.0153535353535353,0.0093693693693693,0.0333333333333333,0.0213333333333333,,,1.2266666666666666,2.4,,0.0,0.0,,,,,,,,
work-2,M25O75,4701,4.7010000000000005,92.035503,25,25,75,0,100,0.33,0.33,,,,79,0.0159595959595959,0.0072072072072072,0.0566666666666666,0.0224,,,1.0933333333333333,3.04,,0.0,0.0,,,,,,,,
work-2,M25O75,4801,4.801,92.035503,25,25,75,0,100,0.39,0.39,,,,76,0.0153535353535353,0.0072072072072072,0.04,0.0234666666666666,,,1.12,2.72,,0.0,0.0,,,,,,,,
work-2,M25O75,4901,4.901,92.035503,25,25,75,0,100,0.19,0.19,,,,68,0.0137373737373737,0.0057657657657657,0.0533333333333333,0.0192,,,0.9066666666666666,2.72,,0.0,0.0,,,,,,,,
work,M30O70,1001,1.001,94.768887,30,30,70,0,100,0.2,0.2,,,,77,0.0155555555555555,0.0037267080745341,0.0413793103448275,0.0238095238095238,,,0.9714285714285714,2.8666666666666667,,0.0,0.0,,,,,,,,
work,M30O70,1101,1.101,94.768887,30,30,70,0,100,0.12,0.12,,,,60,0.0121212121212121,0.0057971014492753,0.0298850574712643,0.0157142857142857,,,0.8714285714285714,1.9666666666666663,,0.0,0.0,,,,,,,,
work,M30O70,1201,1.201,94.768887,30,30,70,0,100,0.11,0.11,,,,67,0.0135353535353535,0.0049689440993788,0.0344827586206896,0.019047619047619,,,0.9142857142857144,2.333333333333333,,0.0,0.0,,,,,,,,
work,M30O70,1301,1.301,94.768887,30,30,70,0,100,0.16,0.16,,,,78,0.0157575757575757,0.0078674948240165,0.0344827586206896,0.0209523809523809,,,1.1714285714285717,2.466666666666667,,0.0,0.0,,,,,,,,
work,M30O70,1401,1.401,94.768887,30,30,70,0,100,0.23,0.23,,,,79,0.0159595959595959,0.00703933747412,0.032183908045977,0.0228571428571428,,,1.1714285714285717,2.533333333333333,,0.0,0.0,,,,,,,,
work,M30O70,1501,1.501,94.768887,30,30,70,0,100,0.12,0.12,,,,64,0.0129292929292929,0.0078674948240165,0.032183908045977,0.0147619047619047,,,0.9857142857142858,1.9666666666666663,,0.0,0.0,,,,,,,,
work,M30O70,1601,1.601,94.768887,30,30,70,0,100,0.2,0.2,,,,82,0.0165656565656565,0.0066252587991718,0.0436781609195402,0.0223809523809523,,,1.1285714285714286,2.833333333333333,,0.0,0.0,,,,,,,,
work,M30O70,1701,1.701,94.768887,30,30,70,0,100,0.35,0.35,,,,87,0.0175757575757575,0.008695652173913,0.0459770114942528,0.0219047619047619,,,1.2571428571428571,2.8666666666666667,,0.0,0.0,,,,,,,,
work,M30O70,1801,1.801,94.768887,30,30,70,0,100,0.12,0.12,,,,62,0.0125252525252525,0.0049689440993788,0.0436781609195402,0.0147619047619047,,,0.7857142857142857,2.3,,0.0,0.0,,,,,,,,
work,M30O70,1901,1.901,94.768887,30,30,70,0,100,0.12,0.12,,,,62,0.0125252525252525,0.0057971014492753,0.0390804597701149,0.0147619047619047,,,0.8428571428571429,2.1666666666666665,,0.0,0.0,,,,,,,,
work,M30O70,2001,2.001,94.768887,30,30,70,0,100,0.09,0.09,,,,71,0.0143434343434343,0.0074534161490683,0.025287356321839,0.02,,,1.1142857142857143,2.1333333333333333,,0.0,0.0,,,,,,,,
work,M30O70,2101,2.101,94.768887,30,30,70,0,100,0.31,0.31,,,,79,0.0159595959595959,0.0078674948240165,0.0482758620689655,0.0185714285714285,,,1.1,2.7,,0.0,0.0,,,,,,,,
work,M30O70,2201,2.201,94.768887,30,30,70,0,100,0.26,0.26,,,,76,0.0153535353535353,0.0091097308488612,0.0367816091954023,0.018095238095238,,,1.1714285714285717,2.333333333333333,,0.0,0.0,,,,,,,,
work,M30O70,2301,2.301,94.768887,30,30,70,0,100,0.42,0.42,,,,82,0.0165656565656565,0.00703933747412,0.0436781609195402,0.0219047619047619,,,1.1428571428571428,2.8,,0.0,0.0,,,,,,,,
work,M30O70,2401,2.401,94.768887,30,30,70,0,100,0.25,0.25,,,,67,0.0135353535353535,0.0049689440993788,0.0459770114942528,0.0166666666666666,,,0.8428571428571429,2.5,,0.0,0.0,,,,,,,,
work,M30O70,2501,2.501,94.768887,30,30,70,0,100,0.32,0.32,,,,77,0.0155555555555555,0.0053830227743271,0.0436781609195402,0.0214285714285714,,,1.0142857142857142,2.7666666666666666,,0.0,0.0,,,,,,,,
work,M30O70,2601,2.601,94.768887,30,30,70,0,100,0.29,0.29,,,,78,0.0157575757575757,0.0091097308488612,0.032183908045977,0.02,,,1.2285714285714286,2.333333333333333,,0.0,0.0,,,,,,,,
work,M30O70,2701,2.701,94.768887,30,30,70,0,100,0.51,0.51,,,,82,0.0165656565656565,0.0066252587991718,0.0390804597701149,0.0233333333333333,,,1.1571428571428573,2.7666666666666666,,0.0,0.0,,,,,,,,
work,M30O70,2801,2.801,94.768887,30,30,70,0,100,0.24,0.24,,,,58,0.0117171717171717,0.0062111801242236,0.0298850574712643,0.0142857142857142,,,0.8571428571428571,1.8666666666666667,,0.0,0.0,,,,,,,,
work,M30O70,2901,2.901,94.768887,30,30,70,0,100,0.31,0.31,,,,83,0.0167676767676767,0.0066252587991718,0.0436781609195402,0.0228571428571428,,,1.1428571428571428,2.8666666666666667,,0.0,0.0,,,,,,,,
work,M30O70,3001,3.001,94.768887,30,30,70,0,100,0.18,0.18,,,,68,0.0137373737373737,0.0045548654244306,0.0275862068965517,0.0214285714285714,,,0.9571428571428572,2.3,,0.0,0.0,,,,,,,,
work,M30O70,3101,3.101,94.768887,30,30,70,0,100,0.11,0.11,,,,63,0.0127272727272727,0.0057971014492753,0.025287356321839,0.018095238095238,,,0.9428571428571428,2.0,,0.0,0.0,,,,,,,,
work,M30O70,3201,3.201,94.768887,30,30,70,0,100,0.14,0.14,,,,66,0.0133333333333333,0.0045548654244306,0.032183908045977,0.0195238095238095,,,0.9,2.3,,0.0,0.0,,,,,,,,
work,M30O70,3301,3.301,94.768887,30,30,70,0,100,0.08,0.08,,,,66,0.0133333333333333,0.0066252587991718,0.0298850574712643,0.0176190476190476,,,0.9857142857142858,2.1,,0.0,0.0,,,,,,,,
work,M30O70,3401,3.401,94.768887,30,30,70,0,100,0.35,0.35,,,,72,0.0145454545454545,0.0045548654244306,0.0505747126436781,0.0185714285714285,,,0.8714285714285714,2.7666666666666666,,0.0,0.0,,,,,,,,
work,M30O70,3501,3.501,94.768887,30,30,70,0,100,0.13,0.13,,,,60,0.0121212121212121,0.0074534161490683,0.0137931034482758,0.0171428571428571,,,1.0285714285714285,1.6,,0.0,0.0,,,,,,,,
work,M30O70,3601,3.601,94.768887,30,30,70,0,100,0.2,0.2,,,,79,0.0159595959595959,0.0057971014492753,0.0390804597701149,0.0228571428571428,,,1.0857142857142856,2.7333333333333334,,0.0,0.0,,,,,,,,
work,M30O70,3701,3.701,94.768887,30,30,70,0,100,0.49,0.49,,,,79,0.0159595959595959,0.0062111801242236,0.057471264367816,0.0185714285714285,,,0.9857142857142858,2.966666666666667,,0.0,0.0,,,,,,,,
work,M30O70,3801,3.801,94.768887,30,30,70,0,100,0.36,0.36,,,,77,0.0155555555555555,0.0053830227743271,0.0620689655172413,0.0176190476190476,,,0.9,3.033333333333333,,0.0,0.0,,,,,,,,
work,M30O70,3901,3.901,94.768887,30,30,70,0,100,0.19,0.19,,,,79,0.0159595959595959,0.0049689440993788,0.0505747126436781,0.0214285714285714,,,0.9857142857142858,2.966666666666667,,0.0,0.0,,,,,,,,
work,M30O70,4001,4.001,94.768887,30,30,70,0,100,0.25,0.25,,,,76,0.0153535353535353,0.0033126293995859,0.0505747126436781,0.0219047619047619,,,0.8857142857142857,3.0,,0.0,0.0,,,,,,,,
work,M30O70,4101,4.101,94.768887,30,30,70,0,100,0.34,0.34,,,,77,0.0155555555555555,0.0049689440993788,0.0413793103448275,0.0223809523809523,,,1.0142857142857142,2.7666666666666666,,0.0,0.0,,,,,,,,
work,M30O70,4201,4.2010000000000005,94.768887,30,30,70,0,100,0.13,0.13,,,,65,0.0131313131313131,0.0062111801242236,0.0298850574712643,0.0176190476190476,,,0.9571428571428572,2.1,,0.0,0.0,,,,,,,,
work,M30O70,4301,4.301,94.768887,30,30,70,0,100,0.38,0.38,,,,77,0.0155555555555555,0.0074534161490683,0.0413793103448275,0.0195238095238095,,,1.1,2.566666666666667,,0.0,0.0,,,,,,,,
work,M30O70,4401,4.401,94.768887,30,30,70,0,100,0.19,0.19,,,,81,0.0163636363636363,0.0074534161490683,0.0275862068965517,0.0242857142857142,,,1.2428571428571429,2.5,,0.0,0.0,,,,,,,,
work,M30O70,4501,4.501,94.768887,30,30,70,0,100,0.25,0.25,,,,81,0.0163636363636363,0.0062111801242236,0.0390804597701149,0.0233333333333333,,,1.1285714285714286,2.7666666666666666,,0.0,0.0,,,,,,,,
work,M30O70,4601,4.601,94.768887,30,30,70,0,100,0.28,0.28,,,,78,0.0157575757575757,0.0057971014492753,0.0344827586206896,0.0233333333333333,,,1.1,2.6333333333333333,,0.0,0.0,,,,,,,,
work,M30O70,4701,4.7010000000000005,94.768887,30,30,70,0,100,0.22,0.22,,,,68,0.0137373737373737,0.0074534161490683,0.0344827586206896,0.0166666666666666,,,1.0142857142857142,2.1666666666666665,,0.0,0.0,,,,,,,,
work,M30O70,4801,4.801,94.768887,30,30,70,0,100,0.19,0.19,,,,77,0.0155555555555555,0.00703933747412,0.0367816091954023,0.0209523809523809,,,1.1142857142857143,2.533333333333333,,0.0,0.0,,,,,,,,
work,M30O70,4901,4.901,94.768887,30,30,70,0,100,0.19,0.19,,,,69,0.0139393939393939,0.00703933747412,0.0413793103448275,0.0161904761904761,,,0.9714285714285714,2.333333333333333,,0.0,0.0,,,,,,,,
work-1,M30O70,1001,1.001,94.768887,30,30,70,0,100,0.14,0.14,,,,55,0.0111111111111111,0.0037267080745341,0.025287356321839,0.0166666666666666,,,0.7571428571428571,1.9,,0.0,0.0,,,,,,,,
work-1,M30O70,1101,1.101,94.768887,30,30,70,0,100,0.25,0.25,,,,76,0.0153535353535353,0.0053830227743271,0.0505747126436781,0.0195238095238095,,,0.9571428571428572,2.833333333333333,,0.0,0.0,,,,,,,,
work-1,M30O70,1201,1.201,94.768887,30,30,70,0,100,0.42,0.42,,,,74,0.0149494949494949,0.0062111801242236,0.0413793103448275,0.0195238095238095,,,1.0142857142857142,2.566666666666667,,0.0,0.0,,,,,,,,
work-1,M30O70,1301,1.301,94.768887,30,30,70,0,100,0.37,0.37,,,,74,0.0149494949494949,0.0049689440993788,0.0390804597701149,0.0214285714285714,,,0.9857142857142858,2.6333333333333333,,0.0,0.0,,,,,,,,
work-1,M30O70,1401,1.401,94.768887,30,30,70,0,100,0.12,0.12,,,,56,0.0113131313131313,0.0053830227743271,0.0298850574712643,0.0142857142857142,,,0.8,1.8666666666666667,,0.0,0.0,,,,,,,,
work-1,M30O70,1501,1.501,94.768887,30,30,70,0,100,0.27,0.27,,,,68,0.0137373737373737,0.0074534161490683,0.0413793103448275,0.0152380952380952,,,0.9714285714285714,2.2666666666666666,,0.0,0.0,,,,,,,,
work-1,M30O70,1601,1.601,94.768887,30,30,70,0,100,0.26,0.26,,,,75,0.0151515151515151,0.0078674948240165,0.0528735632183908,0.0157142857142857,,,1.0142857142857142,2.6333333333333333,,0.0,0.0,,,,,,,,
work-1,M30O70,1701,1.701,94.768887,30,30,70,0,100,0.19,0.19,,,,75,0.0151515151515151,0.0049689440993788,0.0459770114942528,0.0204761904761904,,,0.9571428571428572,2.7666666666666666,,0.0,0.0,,,,,,,,
work-1,M30O70,1801,1.801,94.768887,30,30,70,0,100,0.23,0.23,,,,66,0.0133333333333333,0.010351966873706,0.025287356321839,0.0142857142857142,,,1.1428571428571428,1.7333333333333334,,0.0,0.0,,,,,,,,
work-1,M30O70,1901,1.901,94.768887,30,30,70,0,100,0.31,0.31,,,,78,0.0157575757575757,0.0066252587991718,0.0436781609195402,0.0204761904761904,,,1.0714285714285714,2.7,,0.0,0.0,,,,,,,,
work-1,M30O70,2001,2.001,94.768887,30,30,70,0,100,0.12,0.12,,,,71,0.0143434343434343,0.0053830227743271,0.0344827586206896,0.0204761904761904,,,0.9857142857142858,2.433333333333333,,0.0,0.0,,,,,,,,
work-1,M30O70,2101,2.101,94.768887,30,30,70,0,100,0.1,0.1,,,,59,0.0119191919191919,0.0053830227743271,0.032183908045977,0.0152380952380952,,,0.8285714285714286,2.0,,0.0,0.0,,,,,,,,
work-1,M30O70,2201,2.201,94.768887,30,30,70,0,100,0.32,0.32,,,,69,0.0139393939393939,0.0049689440993788,0.0482758620689655,0.0171428571428571,,,0.8571428571428571,2.6,,0.0,0.0,,,,,,,,
work-1,M30O70,2301,2.301,94.768887,30,30,70,0,100,0.38,0.38,,,,86,0.0173737373737373,0.0062111801242236,0.0551724137931034,0.0223809523809523,,,1.1,3.1666666666666665,,0.0,0.0,,,,,,,,
work-1,M30O70,2401,2.401,94.768887,30,30,70,0,100,0.18,0.18,,,,64,0.0129292929292929,0.0053830227743271,0.0344827586206896,0.0171428571428571,,,0.8857142857142857,2.2,,0.0,0.0,,,,,,,,
work-1,M30O70,2501,2.501,94.768887,30,30,70,0,100,0.48,0.48,,,,75,0.0151515151515151,0.0045548654244306,0.032183908045977,0.0238095238095238,,,1.0285714285714285,2.6,,0.0,0.0,,,,,,,,
work-1,M30O70,2601,2.601,94.768887,30,30,70,0,100,0.3,0.3,,,,67,0.0135353535353535,0.0066252587991718,0.0436781609195402,0.0152380952380952,,,0.9142857142857144,2.333333333333333,,0.0,0.0,,,,,,,,
work-1,M30O70,2701,2.701,94.768887,30,30,70,0,100,0.14,0.14,,,,62,0.0125252525252525,0.0062111801242236,0.0275862068965517,0.0166666666666666,,,0.9285714285714286,1.9666666666666663,,0.0,0.0,,,,,,,,
work-1,M30O70,2801,2.801,94.768887,30,30,70,0,100,0.11,0.11,,,,66,0.0133333333333333,0.0053830227743271,0.0229885057471264,0.0204761904761904,,,0.9857142857142858,2.1,,0.0,0.0,,,,,,,,
work-1,M30O70,2901,2.901,94.768887,30,30,70,0,100,0.12,0.12,,,,57,0.0115151515151515,0.0049689440993788,0.032183908045977,0.0147619047619047,,,0.7857142857142857,1.9666666666666663,,0.0,0.0,,,,,,,,
work-1,M30O70,3001,3.001,94.768887,30,30,70,0,100,0.25,0.25,,,,68,0.0137373737373737,0.00703933747412,0.0367816091954023,0.0166666666666666,,,0.9857142857142858,2.2333333333333334,,0.0,0.0,,,,,,,,
work-1,M30O70,3101,3.101,94.768887,30,30,70,0,100,0.15,0.15,,,,62,0.0125252525252525,0.0062111801242236,0.025287356321839,0.0171428571428571,,,0.9428571428571428,1.9333333333333331,,0.0,0.0,,,,,,,,
work-1,M30O70,3201,3.201,94.768887,30,30,70,0,100,0.17,0.17,,,,68,0.0137373737373737,0.0045548654244306,0.0413793103448275,0.0185714285714285,,,0.8714285714285714,2.5,,0.0,0.0,,,,,,,,
work-1,M30O70,3301,3.301,94.768887,30,30,70,0,100,0.19,0.19,,,,66,0.0133333333333333,0.0045548654244306,0.0390804597701149,0.018095238095238,,,0.8571428571428571,2.4,,0.0,0.0,,,,,,,,
work-1,M30O70,3401,3.401,94.768887,30,30,70,0,100,0.33,0.33,,,,74,0.0149494949494949,0.00703933747412,0.0275862068965517,0.0214285714285714,,,1.1285714285714286,2.3,,0.0,0.0,,,,,,,,
work-1,M30O70,3501,3.501,94.768887,30,30,70,0,100,0.45,0.45,,,,77,0.0155555555555555,0.0074534161490683,0.0620689655172413,0.0152380952380952,,,0.9714285714285714,2.8666666666666667,,0.0,0.0,,,,,,,,
work-1,M30O70,3601,3.601,94.768887,30,30,70,0,100,0.27,0.27,,,,70,0.0141414141414141,0.0074534161490683,0.0436781609195402,0.0157142857142857,,,0.9857142857142858,2.3666666666666667,,0.0,0.0,,,,,,,,
work-1,M30O70,3701,3.701,94.768887,30,30,70,0,100,0.35,0.35,,,,83,0.0167676767676767,0.0066252587991718,0.0436781609195402,0.0228571428571428,,,1.1428571428571428,2.8666666666666667,,0.0,0.0,,,,,,,,
work-1,M30O70,3801,3.801,94.768887,30,30,70,0,100,0.21,0.21,,,,70,0.0141414141414141,0.0066252587991718,0.025287356321839,0.0204761904761904,,,1.0714285714285714,2.1666666666666665,,0.0,0.0,,,,,,,,
work-1,M30O70,3901,3.901,94.768887,30,30,70,0,100,0.29,0.29,,,,76,0.0153535353535353,0.0062111801242236,0.0390804597701149,0.0209523809523809,,,1.0571428571428572,2.6,,0.0,0.0,,,,,,,,
work-1,M30O70,4001,4.001,94.768887,30,30,70,0,100,0.26,0.26,,,,72,0.0145454545454545,0.0107660455486542,0.0275862068965517,0.0161904761904761,,,1.2285714285714286,1.9333333333333331,,0.0,0.0,,,,,,,,
work-1,M30O70,4101,4.101,94.768887,30,30,70,0,100,0.34,0.34,,,,77,0.0155555555555555,0.0057971014492753,0.0390804597701149,0.0219047619047619,,,1.0571428571428572,2.6666666666666665,,0.0,0.0,,,,,,,,
work-1,M30O70,4201,4.2010000000000005,94.768887,30,30,70,0,100,0.33,0.33,,,,81,0.0163636363636363,0.0057971014492753,0.0528735632183908,0.0209523809523809,,,1.0285714285714285,3.0,,0.0,0.0,,,,,,,,
work-1,M30O70,4301,4.301,94.768887,30,30,70,0,100,0.37,0.37,,,,84,0.0169696969696969,0.00703933747412,0.0436781609195402,0.0228571428571428,,,1.1714285714285717,2.8666666666666667,,0.0,0.0,,,,,,,,
work-1,M30O70,4401,4.401,94.768887,30,30,70,0,100,0.41,0.41,,,,70,0.0141414141414141,0.0053830227743271,0.0436781609195402,0.018095238095238,,,0.9142857142857144,2.533333333333333,,0.0,0.0,,,,,,,,
work-1,M30O70,4501,4.501,94.768887,30,30,70,0,100,0.28,0.28,,,,72,0.0145454545454545,0.0074534161490683,0.0344827586206896,0.0185714285714285,,,1.0714285714285714,2.3,,0.0,0.0,,,,,,,,
work-1,M30O70,4601,4.601,94.768887,30,30,70,0,100,0.28,0.28,,,,70,0.0141414141414141,0.0045548654244306,0.0298850574712643,0.0219047619047619,,,0.9714285714285714,2.4,,0.0,0.0,,,,,,,,
work-1,M30O70,4701,4.7010000000000005,94.768887,30,30,70,0,100,0.22,0.22,,,,77,0.0155555555555555,0.0066252587991718,0.0344827586206896,0.0219047619047619,,,1.1142857142857143,2.533333333333333,,0.0,0.0,,,,,,,,
work-1,M30O70,4801,4.801,94.768887,30,30,70,0,100,0.11,0.11,,,,68,0.0137373737373737,0.0062111801242236,0.0275862068965517,0.0195238095238095,,,1.0142857142857142,2.1666666666666665,,0.0,0.0,,,,,,,,
work-1,M30O70,4901,4.901,94.768887,30,30,70,0,100,0.39,0.39,,,,81,0.0163636363636363,0.0074534161490683,0.0413793103448275,0.0214285714285714,,,1.1571428571428573,2.7,,0.0,0.0,,,,,,,,
work-2,M30O70,1001,1.001,94.768887,30,30,70,0,100,0.13,0.13,,,,71,0.0143434343434343,0.00703933747412,0.025287356321839,0.0204761904761904,,,1.1,2.1666666666666665,,0.0,0.0,,,,,,,,
work-2,M30O70,1101,1.101,94.768887,30,30,70,0,100,0.19,0.19,,,,66,0.0133333333333333,0.00703933747412,0.032183908045977,0.0166666666666666,,,0.9857142857142858,2.1,,0.0,0.0,,,,,,,,
work-2,M30O70,1201,1.201,94.768887,30,30,70,0,100,0.2,0.2,,,,70,0.0141414141414141,0.0066252587991718,0.032183908045977,0.019047619047619,,,1.0285714285714285,2.2666666666666666,,0.0,0.0,,,,,,,,
work-2,M30O70,1301,1.301,94.768887,30,30,70,0,100,0.13,0.13,,,,62,0.0125252525252525,0.0078674948240165,0.0390804597701149,0.0123809523809523,,,0.9142857142857144,2.0,,0.0,0.0,,,,,,,,
work-2,M30O70,1401,1.401,94.768887,30,30,70,0,100,0.23,0.23,,,,74,0.0149494949494949,0.0078674948240165,0.0413793103448275,0.0176190476190476,,,1.0714285714285714,2.433333333333333,,0.0,0.0,,,,,,,,
work-2,M30O70,1501,1.501,94.768887,30,30,70,0,100,0.43,0.43,,,,77,0.0155555555555555,0.0074534161490683,0.0390804597701149,0.02,,,1.1142857142857143,2.533333333333333,,0.0,0.0,,,,,,,,
work-2,M30O70,1601,1.601,94.768887,30,30,70,0,100,0.43,0.43,,,,92,0.0185858585858585,0.0115942028985507,0.0436781609195402,0.0214285714285714,,,1.4428571428571428,2.7666666666666666,,0.0,0.0,,,,,,,,
work-2,M30O70,1701,1.701,94.768887,30,30,70,0,100,0.36,0.36,,,,79,0.0159595959595959,0.0057971014492753,0.032183908045977,0.0242857142857142,,,1.1285714285714286,2.6333333333333333,,0.0,0.0,,,,,,,,
work-2,M30O70,1801,1.801,94.768887,30,30,70,0,100,0.38,0.38,,,,88,0.0177777777777777,0.0091097308488612,0.0390804597701149,0.0233333333333333,,,1.3285714285714283,2.7666666666666666,,0.0,0.0,,,,,,,,
work-2,M30O70,1901,1.901,94.768887,30,30,70,0,100,0.11,0.11,,,,57,0.0115151515151515,0.0045548654244306,0.0298850574712643,0.0157142857142857,,,0.7857142857142857,1.9666666666666663,,0.0,0.0,,,,,,,,
work-2,M30O70,2001,2.001,94.768887,30,30,70,0,100,0.09,0.09,,,,58,0.0117171717171717,0.0049689440993788,0.0275862068965517,0.0161904761904761,,,0.8285714285714286,1.9333333333333331,,0.0,0.0,,,,,,,,
work-2,M30O70,2101,2.101,94.768887,30,30,70,0,100,0.19,0.19,,,,71,0.0143434343434343,0.0066252587991718,0.032183908045977,0.0195238095238095,,,1.042857142857143,2.3,,0.0,0.0,,,,,,,,
work-2,M30O70,2201,2.201,94.768887,30,30,70,0,100,0.13,0.13,,,,66,0.0133333333333333,0.0041407867494824,0.0298850574712643,0.0204761904761904,,,0.9,2.3,,0.0,0.0,,,,,,,,
work-2,M30O70,2301,2.301,94.768887,30,30,70,0,100,0.17,0.17,,,,62,0.0125252525252525,0.0057971014492753,0.032183908045977,0.0161904761904761,,,0.8857142857142857,2.066666666666667,,0.0,0.0,,,,,,,,
work-2,M30O70,2401,2.401,94.768887,30,30,70,0,100,0.16,0.16,,,,66,0.0133333333333333,0.0049689440993788,0.0390804597701149,0.0176190476190476,,,0.8714285714285714,2.3666666666666667,,0.0,0.0,,,,,,,,
work-2,M30O70,2501,2.501,94.768887,30,30,70,0,100,0.34,0.34,,,,78,0.0157575757575757,0.0066252587991718,0.0505747126436781,0.019047619047619,,,1.0285714285714285,2.8,,0.0,0.0,,,,,,,,
work-2,M30O70,2601,2.601,94.768887,30,30,70,0,100,0.21,0.21,,,,76,0.0153535353535353,0.0066252587991718,0.0459770114942528,0.019047619047619,,,1.0285714285714285,2.6666666666666665,,0.0,0.0,,,,,,,,
work-2,M30O70,2701,2.701,94.768887,30,30,70,0,100,0.39,0.39,,,,70,0.0141414141414141,0.0037267080745341,0.0436781609195402,0.02,,,0.8571428571428571,2.6666666666666665,,0.0,0.0,,,,,,,,
work-2,M30O70,2801,2.801,94.768887,30,30,70,0,100,0.18,0.18,,,,66,0.0133333333333333,0.00703933747412,0.0344827586206896,0.0161904761904761,,,0.9714285714285714,2.1333333333333333,,0.0,0.0,,,,,,,,
work-2,M30O70,2901,2.901,94.768887,30,30,70,0,100,0.17,0.17,,,,70,0.0141414141414141,0.0041407867494824,0.0390804597701149,0.0204761904761904,,,0.9,2.566666666666667,,0.0,0.0,,,,,,,,
work-2,M30O70,3001,3.001,94.768887,30,30,70,0,100,0.47,0.47,,,,78,0.0157575757575757,0.0078674948240165,0.0482758620689655,0.018095238095238,,,1.0857142857142856,2.6666666666666665,,0.0,0.0,,,,,,,,
work-2,M30O70,3101,3.101,94.768887,30,30,70,0,100,0.14,0.14,,,,78,0.0157575757575757,0.0066252587991718,0.0229885057471264,0.0247619047619047,,,1.2,2.4,,0.0,0.0,,,,,,,,
work-2,M30O70,3201,3.201,94.768887,30,30,70,0,100,0.13,0.13,,,,72,0.0145454545454545,0.0062111801242236,0.0390804597701149,0.019047619047619,,,1.0,2.466666666666667,,0.0,0.0,,,,,,,,
work-2,M30O70,3301,3.301,94.768887,30,30,70,0,100,0.24,0.24,,,,85,0.0171717171717171,0.0082815734989648,0.0390804597701149,0.0228571428571428,,,1.2571428571428571,2.7333333333333334,,0.0,0.0,,,,,,,,
work-2,M30O70,3401,3.401,94.768887,30,30,70,0,100,0.59,0.59,,,,86,0.0173737373737373,0.0107660455486542,0.0436781609195402,0.0195238095238095,,,1.3285714285714283,2.6333333333333333,,0.0,0.0,,,,,,,,
work-2,M30O70,3501,3.501,94.768887,30,30,70,0,100,0.17,0.17,,,,59,0.0119191919191919,0.0041407867494824,0.0390804597701149,0.0152380952380952,,,0.7428571428571429,2.2,,0.0,0.0,,,,,,,,
work-2,M30O70,3601,3.601,94.768887,30,30,70,0,100,0.16,0.16,,,,72,0.0145454545454545,0.0082815734989648,0.0390804597701149,0.0166666666666666,,,1.0714285714285714,2.3,,0.0,0.0,,,,,,,,
work-2,M30O70,3701,3.701,94.768887,30,30,70,0,100,0.28,0.28,,,,73,0.0147474747474747,0.0062111801242236,0.032183908045977,0.0209523809523809,,,1.0571428571428572,2.4,,0.0,0.0,,,,,,,,
work-2,M30O70,3801,3.801,94.768887,30,30,70,0,100,0.13,0.13,,,,78,0.0157575757575757,0.0078674948240165,0.0459770114942528,0.0185714285714285,,,1.1,2.6333333333333333,,0.0,0.0,,,,,,,,
work-2,M30O70,3901,3.901,94.768887,30,30,70,0,100,0.14,0.14,,,,65,0.0131313131313131,0.0057971014492753,0.0367816091954023,0.0166666666666666,,,0.9,2.2333333333333334,,0.0,0.0,,,,,,,,
work-2,M30O70,4001,4.001,94.768887,30,30,70,0,100,0.41,0.41,,,,71,0.0143434343434343,0.0045548654244306,0.0459770114942528,0.019047619047619,,,0.8857142857142857,2.6666666666666665,,0.0,0.0,,,,,,,,
work-2,M30O70,4101,4.101,94.768887,30,30,70,0,100,0.23,0.23,,,,68,0.0137373737373737,0.0062111801242236,0.0413793103448275,0.0166666666666666,,,0.9285714285714286,2.3666666666666667,,0.0,0.0,,,,,,,,
work-2,M30O70,4201,4.2010000000000005,94.768887,30,30,70,0,100,0.38,0.38,,,,74,0.0149494949494949,0.0057971014492753,0.0482758620689655,0.0185714285714285,,,0.9571428571428572,2.7,,0.0,0.0,,,,,,,,
work-2,M30O70,4301,4.301,94.768887,30,30,70,0,100,0.15,0.15,,,,77,0.0155555555555555,0.0066252587991718,0.0436781609195402,0.02,,,1.0571428571428572,2.6666666666666665,,0.0,0.0,,,,,,,,
work-2,M30O70,4401,4.401,94.768887,30,30,70,0,100,0.25,0.25,,,,71,0.0143434343434343,0.00703933747412,0.0229885057471264,0.0209523809523809,,,1.1142857142857143,2.1333333333333333,,0.0,0.0,,,,,,,,
work-2,M30O70,4501,4.501,94.768887,30,30,70,0,100,0.21,0.21,,,,68,0.0137373737373737,0.0053830227743271,0.0367816091954023,0.0185714285714285,,,0.9285714285714286,2.3666666666666667,,0.0,0.0,,,,,,,,
work-2,M30O70,4601,4.601,94.768887,30,30,70,0,100,0.35,0.35,,,,66,0.0133333333333333,0.0049689440993788,0.0459770114942528,0.0161904761904761,,,0.8285714285714286,2.466666666666667,,0.0,0.0,,,,,,,,
work-2,M30O70,4701,4.7010000000000005,94.768887,30,30,70,0,100,0.23,0.23,,,,60,0.0121212121212121,0.0053830227743271,0.0367816091954023,0.0147619047619047,,,0.8142857142857143,2.1,,0.0,0.0,,,,,,,,
work-2,M30O70,4801,4.801,94.768887,30,30,70,0,100,0.19,0.19,,,,73,0.0147474747474747,0.0062111801242236,0.0344827586206896,0.0204761904761904,,,1.042857142857143,2.433333333333333,,0.0,0.0,,,,,,,,
work-2,M30O70,4901,4.901,94.768887,30,30,70,0,100,0.29,0.29,,,,80,0.0161616161616161,0.008695652173913,0.0390804597701149,0.02,,,1.2,2.533333333333333,,0.0,0.0,,,,,,,,
work,M50O50,1001,1.001,104.381999,50,50,50,0,100,0.28,0.28,,,,79,0.0159595959595959,0.0048979591836734,0.026938775510204,0.016,,,1.04,2.12,,0.0,0.0,,,,,,,,
work,M50O50,1101,1.101,104.381999,50,50,50,0,100,0.29,0.29,,,,75,0.0151515151515151,0.0048979591836734,0.026938775510204,0.0144,,,0.96,2.04,,0.0,0.0,,,,,,,,
work,M50O50,1201,1.201,104.381999,50,50,50,0,100,0.2,0.2,,,,69,0.0139393939393939,0.0032653061224489,0.0204081632653061,0.016,,,0.96,1.8,,0.0,0.0,,,,,,,,
work,M50O50,1301,1.301,104.381999,50,50,50,0,100,0.5,0.5,,,,84,0.0169696969696969,0.0016326530612244,0.036734693877551,0.0148,,,0.82,2.54,,0.0,0.0,,,,,,,,
work,M50O50,1401,1.401,104.381999,50,50,50,0,100,0.38,0.38,,,,88,0.0177777777777777,0.0065306122448979,0.030204081632653,0.0172,,,1.18,2.34,,0.0,0.0,,,,,,,,
work,M50O50,1501,1.501,104.381999,50,50,50,0,100,0.33,0.33,,,,74,0.0149494949494949,0.0048979591836734,0.0236734693877551,0.0156,,,1.02,1.94,,0.0,0.0,,,,,,,,
work,M50O50,1601,1.601,104.381999,50,50,50,0,100,0.46,0.46,,,,78,0.0157575757575757,0.0048979591836734,0.030204081632653,0.014,,,0.94,2.18,,0.0,0.0,,,,,,,,
work,M50O50,1701,1.701,104.381999,50,50,50,0,100,0.27,0.27,,,,79,0.0159595959595959,0.0073469387755102,0.0253061224489795,0.0156,,,1.14,2.02,,0.0,0.0,,,,,,,,
work,M50O50,1801,1.801,104.381999,50,50,50,0,100,0.18,0.18,,,,73,0.0147474747474747,0.0032653061224489,0.0253061224489795,0.0152,,,0.92,2.0,,0.0,0.0,,,,,,,,
work,M50O50,1901,1.901,104.381999,50,50,50,0,100,0.56,0.56,,,,80,0.0161616161616161,0.0032653061224489,0.0318367346938775,0.0148,,,0.9,2.3,,0.0,0.0,,,,,,,,
work,M50O50,2001,2.001,104.381999,50,50,50,0,100,0.27,0.27,,,,70,0.0141414141414141,0.0032653061224489,0.0244897959183673,0.0144,,,0.88,1.92,,0.0,0.0,,,,,,,,
work,M50O50,2101,2.101,104.381999,50,50,50,0,100,0.36,0.36,,,,73,0.0147474747474747,0.0073469387755102,0.0261224489795918,0.0128,,,1.0,1.92,,0.0,0.0,,,,,,,,
work,M50O50,2201,2.201,104.381999,50,50,50,0,100,0.59,0.59,,,,85,0.0171717171717171,0.0081632653061224,0.0310204081632653,0.0148,,,1.14,2.26,,0.0,0.0,,,,,,,,
work,M50O50,2301,2.301,104.381999,50,50,50,0,100,0.31,0.31,,,,83,0.0167676767676767,0.0040816326530612,0.0310204081632653,0.016,,,1.0,2.32,,0.0,0.0,,,,,,,,
work,M50O50,2401,2.401,104.381999,50,50,50,0,100,0.26,0.26,,,,75,0.0151515151515151,0.0081632653061224,0.0212244897959183,0.0156,,,1.18,1.82,,0.0,0.0,,,,,,,,
work,M50O50,2501,2.501,104.381999,50,50,50,0,100,0.34,0.34,,,,81,0.0163636363636363,0.0089795918367346,0.0277551020408163,0.0144,,,1.16,2.08,,0.0,0.0,,,,,,,,
work,M50O50,2601,2.601,104.381999,50,50,50,0,100,0.17,0.17,,,,81,0.0163636363636363,0.0057142857142857,0.030204081632653,0.0148,,,1.02,2.22,,0.0,0.0,,,,,,,,
work,M50O50,2701,2.701,104.381999,50,50,50,0,100,0.31,0.31,,,,72,0.0145454545454545,0.0048979591836734,0.0351020408163265,0.0092,,,0.7,2.18,,0.0,0.0,,,,,,,,
work,M50O50,2801,2.801,104.381999,50,50,50,0,100,0.48,0.48,,,,79,0.0159595959595959,0.0040816326530612,0.030204081632653,0.0148,,,0.94,2.22,,0.0,0.0,,,,,,,,
work,M50O50,2901,2.901,104.381999,50,50,50,0,100,0.25,0.25,,,,88,0.0177777777777777,0.0073469387755102,0.0318367346938775,0.016,,,1.16,2.36,,0.0,0.0,,,,,,,,
work,M50O50,3001,3.001,104.381999,50,50,50,0,100,0.14,0.14,,,,67,0.0135353535353535,0.0032653061224489,0.0212244897959183,0.0148,,,0.9,1.78,,0.0,0.0,,,,,,,,
work,M50O50,3101,3.101,104.381999,50,50,50,0,100,0.32,0.32,,,,81,0.0163636363636363,0.0024489795918367,0.033469387755102,0.0148,,,0.86,2.38,,0.0,0.0,,,,,,,,
work,M50O50,3201,3.201,104.381999,50,50,50,0,100,0.24,0.24,,,,80,0.0161616161616161,0.0016326530612244,0.0285714285714285,0.0172,,,0.94,2.26,,0.0,0.0,,,,,,,,
work,M50O50,3301,3.301,104.381999,50,50,50,0,100,0.18,0.18,,,,70,0.0141414141414141,0.0032653061224489,0.0236734693877551,0.0148,,,0.9,1.9,,0.0,0.0,,,,,,,,
work,M50O50,3401,3.401,104.381999,50,50,50,0,100,0.57,0.57,,,,95,0.0191919191919191,0.0081632653061224,0.0359183673469387,0.0164,,,1.22,2.58,,0.0,0.0,,,,,,,,
work,M50O50,3501,3.501,104.381999,50,50,50,0,100,0.19,0.19,,,,73,0.0147474747474747,0.0057142857142857,0.0228571428571428,0.0152,,,1.04,1.88,,0.0,0.0,,,,,,,,
work,M50O50,3601,3.601,104.381999,50,50,50,0,100,0.42,0.42,,,,72,0.0145454545454545,0.0057142857142857,0.0293877551020408,0.0116,,,0.86,2.02,,0.0,0.0,,,,,,,,
work,M50O50,3701,3.701,104.381999,50,50,50,0,100,0.13,0.13,,,,58,0.0117171717171717,0.0040816326530612,0.0195918367346938,0.0116,,,0.78,1.54,,0.0,0.0,,,,,,,,
work,M50O50,3801,3.801,104.381999,50,50,50,0,100,0.23,0.23,,,,74,0.0149494949494949,0.0016326530612244,0.0285714285714285,0.0148,,,0.82,2.14,,0.0,0.0,,,,,,,,
work,M50O50,3901,3.901,104.381999,50,50,50,0,100,0.47,0.47,,,,90,0.0181818181818181,0.0016326530612244,0.0375510204081632,0.0168,,,0.92,2.68,,0.0,0.0,,,,,,,,
work,M50O50,4001,4.001,104.381999,50,50,50,0,100,0.43,0.43,,,,80,0.0161616161616161,0.0040816326530612,0.0310204081632653,0.0148,,,0.94,2.26,,0.0,0.0,,,,,,,,
work,M50O50,4101,4.101,104.381999,50,50,50,0,100,0.25,0.25,,,,77,0.0155555555555555,0.0065306122448979,0.0228571428571428,0.0164,,,1.14,1.94,,0.0,0.0,,,,,,,,
work,M50O50,4201,4.2010000000000005,104.381999,50,50,50,0,100,0.29,0.29,,,,87,0.0175757575757575,0.0057142857142857,0.030204081632653,0.0172,,,1.14,2.34,,0.0,0.0,,,,,,,,
work,M50O50,4301,4.301,104.381999,50,50,50,0,100,0.15,0.15,,,,65,0.0131313131313131,0.0040816326530612,0.0244897959183673,0.012,,,0.8,1.8,,0.0,0.0,,,,,,,,
work,M50O50,4401,4.401,104.381999,50,50,50,0,100,0.47,0.47,,,,78,0.0157575757575757,0.0024489795918367,0.0293877551020408,0.0156,,,0.9,2.22,,0.0,0.0,,,,,,,,
work,M50O50,4501,4.501,104.381999,50,50,50,0,100,0.33,0.33,,,,84,0.0169696969696969,0.0048979591836734,0.030204081632653,0.0164,,,1.06,2.3,,0.0,0.0,,,,,,,,
work,M50O50,4601,4.601,104.381999,50,50,50,0,100,0.35,0.35,,,,93,0.0187878787878787,0.0048979591836734,0.0375510204081632,0.0164,,,1.06,2.66,,0.0,0.0,,,,,,,,
work,M50O50,4701,4.7010000000000005,104.381999,50,50,50,0,100,0.46,0.46,,,,83,0.0167676767676767,0.0048979591836734,0.026938775510204,0.0176,,,1.12,2.2,,0.0,0.0,,,,,,,,
work,M50O50,4801,4.801,104.381999,50,50,50,0,100,0.54,0.54,,,,82,0.0165656565656565,0.0024489795918367,0.0342857142857142,0.0148,,,0.86,2.42,,0.0,0.0,,,,,,,,
work,M50O50,4901,4.901,104.381999,50,50,50,0,100,0.29,0.29,,,,74,0.0149494949494949,0.0057142857142857,0.0261224489795918,0.014,,,0.98,1.98,,0.0,0.0,,,,,,,,
work-1,M50O50,1001,1.001,104.381999,50,50,50,0,100,0.28,0.28,,,,76,0.0153535353535353,0.0024489795918367,0.026938775510204,0.016,,,0.92,2.12,,0.0,0.0,,,,,,,,
work-1,M50O50,1101,1.101,104.381999,50,50,50,0,100,0.34,0.34,,,,71,0.0143434343434343,0.0040816326530612,0.026938775510204,0.0132,,,0.86,1.98,,0.0,0.0,,,,,,,,
work-1,M50O50,1201,1.201,104.381999,50,50,50,0,100,0.27,0.27,,,,79,0.0159595959595959,0.0032653061224489,0.033469387755102,0.0136,,,0.84,2.32,,0.0,0.0,,,,,,,,
work-1,M50O50,1301,1.301,104.381999,50,50,50,0,100,0.57,0.57,,,,84,0.0169696969696969,0.0057142857142857,0.030204081632653,0.016,,,1.08,2.28,,0.0,0.0,,,,,,,,
work-1,M50O50,1401,1.401,104.381999,50,50,50,0,100,0.26,0.26,,,,82,0.0165656565656565,0.0081632653061224,0.0285714285714285,0.0148,,,1.14,2.14,,0.0,0.0,,,,,,,,
work-1,M50O50,1501,1.501,104.381999,50,50,50,0,100,0.3,0.3,,,,74,0.0149494949494949,0.0024489795918367,0.0285714285714285,0.0144,,,0.84,2.12,,0.0,0.0,,,,,,,,
work-1,M50O50,1601,1.601,104.381999,50,50,50,0,100,0.38,0.38,,,,93,0.0187878787878787,0.0122448979591836,0.0359183673469387,0.0136,,,1.28,2.44,,0.0,0.0,,,,,,,,
work-1,M50O50,1701,1.701,104.381999,50,50,50,0,100,0.39,0.39,,,,77,0.0155555555555555,0.0048979591836734,0.0285714285714285,0.0144,,,0.96,2.12,,0.0,0.0,,,,,,,,
work-1,M50O50,1801,1.801,104.381999,50,50,50,0,100,0.33,0.33,,,,75,0.0151515151515151,0.0048979591836734,0.0244897959183673,0.0156,,,1.02,1.98,,0.0,0.0,,,,,,,,
work-1,M50O50,1901,1.901,104.381999,50,50,50,0,100,0.34,0.34,,,,66,0.0133333333333333,0.0032653061224489,0.0277551020408163,0.0112,,,0.72,1.92,,0.0,0.0,,,,,,,,
work-1,M50O50,2001,2.001,104.381999,50,50,50,0,100,0.34,0.34,,,,77,0.0155555555555555,0.0024489795918367,0.026938775510204,0.0164,,,0.94,2.14,,0.0,0.0,,,,,,,,
work-1,M50O50,2101,2.101,104.381999,50,50,50,0,100,0.27,0.27,,,,83,0.0167676767676767,0.0057142857142857,0.030204081632653,0.0156,,,1.06,2.26,,0.0,0.0,,,,,,,,
work-1,M50O50,2201,2.201,104.381999,50,50,50,0,100,0.54,0.54,,,,76,0.0153535353535353,0.0048979591836734,0.030204081632653,0.0132,,,0.9,2.14,,0.0,0.0,,,,,,,,
work-1,M50O50,2301,2.301,104.381999,50,50,50,0,100,0.47,0.47,,,,94,0.0189898989898989,0.0057142857142857,0.0351020408163265,0.0176,,,1.16,2.6,,0.0,0.0,,,,,,,,
work-1,M50O50,2401,2.401,104.381999,50,50,50,0,100,0.5,0.5,,,,73,0.0147474747474747,0.0048979591836734,0.0277551020408163,0.0132,,,0.9,2.02,,0.0,0.0,,,,,,,,
work-1,M50O50,2501,2.501,104.381999,50,50,50,0,100,0.2,0.2,,,,66,0.0133333333333333,0.0016326530612244,0.0220408163265306,0.0148,,,0.82,1.82,,0.0,0.0,,,,,,,,
work-1,M50O50,2601,2.601,104.381999,50,50,50,0,100,0.43,0.43,,,,84,0.0169696969696969,0.0048979591836734,0.026938775510204,0.018,,,1.14,2.22,,0.0,0.0,,,,,,,,
work-1,M50O50,2701,2.701,104.381999,50,50,50,0,100,0.42,0.42,,,,77,0.0155555555555555,0.0048979591836734,0.0277551020408163,0.0148,,,0.98,2.1,,0.0,0.0,,,,,,,,
work-1,M50O50,2801,2.801,104.381999,50,50,50,0,100,0.47,0.47,,,,82,0.0165656565656565,0.0065306122448979,0.0285714285714285,0.0156,,,1.1,2.18,,0.0,0.0,,,,,,,,
work-1,M50O50,2901,2.901,104.381999,50,50,50,0,100,0.22,0.22,,,,64,0.0129292929292929,0.0089795918367346,0.0236734693877551,0.0096,,,0.92,1.64,,0.0,0.0,,,,,,,,
work-1,M50O50,3001,3.001,104.381999,50,50,50,0,100,0.4,0.4,,,,83,0.0167676767676767,0.0089795918367346,0.0293877551020408,0.0144,,,1.16,2.16,,0.0,0.0,,,,,,,,
work-1,M50O50,3101,3.101,104.381999,50,50,50,0,100,0.44,0.44,,,,90,0.0181818181818181,0.0057142857142857,0.0326530612244898,0.0172,,,1.14,2.46,,0.0,0.0,,,,,,,,
work-1,M50O50,3201,3.201,104.381999,50,50,50,0,100,0.53,0.53,,,,84,0.0169696969696969,0.0065306122448979,0.0285714285714285,0.0164,,,1.14,2.22,,0.0,0.0,,,,,,,,
work-1,M50O50,3301,3.301,104.381999,50,50,50,0,100,0.47,0.47,,,,77,0.0155555555555555,0.0048979591836734,0.0310204081632653,0.0132,,,0.9,2.18,,0.0,0.0,,,,,,,,
work-1,M50O50,3401,3.401,104.381999,50,50,50,0,100,0.56,0.56,,,,89,0.0179797979797979,0.0016326530612244,0.0375510204081632,0.0164,,,0.9,2.66,,0.0,0.0,,,,,,,,
work-1,M50O50,3501,3.501,104.381999,50,50,50,0,100,0.32,0.32,,,,81,0.0163636363636363,0.0032653061224489,0.0310204081632653,0.0156,,,0.94,2.3,,0.0,0.0,,,,,,,,
work-1,M50O50,3601,3.601,104.381999,50,50,50,0,100,0.54,0.54,,,,104,0.021010101010101,0.0057142857142857,0.0416326530612244,0.0184,,,1.2,2.96,,0.0,0.0,,,,,,,,
work-1,M50O50,3701,3.701,104.381999,50,50,50,0,100,0.28,0.28,,,,67,0.0135353535353535,0.0048979591836734,0.0293877551020408,0.01,,,0.74,1.94,,0.0,0.0,,,,,,,,
work-1,M50O50,3801,3.801,104.381999,50,50,50,0,100,0.19,0.19,,,,81,0.0163636363636363,0.0032653061224489,0.0277551020408163,0.0172,,,1.02,2.22,,0.0,0.0,,,,,,,,
work-1,M50O50,3901,3.901,104.381999,50,50,50,0,100,0.35,0.35,,,,75,0.0151515151515151,0.0057142857142857,0.0212244897959183,0.0168,,,1.12,1.88,,0.0,0.0,,,,,,,,
work-1,M50O50,4001,4.001,104.381999,50,50,50,0,100,0.16,0.16,,,,61,0.0123232323232323,0.0024489795918367,0.0244897959183673,0.0112,,,0.68,1.76,,0.0,0.0,,,,,,,,
work-1,M50O50,4101,4.101,104.381999,50,50,50,0,100,0.12,0.12,,,,69,0.0139393939393939,0.0048979591836734,0.0228571428571428,0.014,,,0.94,1.82,,0.0,0.0,,,,,,,,
work-1,M50O50,4201,4.2010000000000005,104.381999,50,50,50,0,100,0.27,0.27,,,,73,0.0147474747474747,0.0048979591836734,0.026938775510204,0.0136,,,0.92,2.0,,0.0,0.0,,,,,,,,
work-1,M50O50,4301,4.301,104.381999,50,50,50,0,100,0.21,0.21,,,,76,0.0153535353535353,0.0073469387755102,0.0244897959183673,0.0148,,,1.1,1.94,,0.0,0.0,,,,,,,,
work-1,M50O50,4401,4.401,104.381999,50,50,50,0,100,0.2,0.2,,,,69,0.0139393939393939,0.0024489795918367,0.026938775510204,0.0132,,,0.78,1.98,,0.0,0.0,,,,,,,,
work-1,M50O50,4501,4.501,104.381999,50,50,50,0,100,0.18,0.18,,,,74,0.0149494949494949,0.0040816326530612,0.0277551020408163,0.014,,,0.9,2.06,,0.0,0.0,,,,,,,,
work-1,M50O50,4601,4.601,104.381999,50,50,50,0,100,0.18,0.18,,,,70,0.0141414141414141,0.0048979591836734,0.0261224489795918,0.0128,,,0.88,1.92,,0.0,0.0,,,,,,,,
work-1,M50O50,4701,4.7010000000000005,104.381999,50,50,50,0,100,0.15,0.15,,,,79,0.0159595959595959,0.0081632653061224,0.0236734693877551,0.016,,,1.2,1.96,,0.0,0.0,,,,,,,,
work-1,M50O50,4801,4.801,104.381999,50,50,50,0,100,0.18,0.18,,,,64,0.0129292929292929,0.0032653061224489,0.0244897959183673,0.012,,,0.76,1.8,,0.0,0.0,,,,,,,,
work-1,M50O50,4901,4.901,104.381999,50,50,50,0,100,0.14,0.14,,,,57,0.0115151515151515,0.0040816326530612,0.0179591836734693,0.012,,,0.8,1.48,,0.0,0.0,,,,,,,,
work-2,M50O50,1001,1.001,104.381999,50,50,50,0,100,0.29,0.29,,,,83,0.0167676767676767,0.0057142857142857,0.0277551020408163,0.0168,,,1.12,2.2,,0.0,0.0,,,,,,,,
work-2,M50O50,1101,1.101,104.381999,50,50,50,0,100,0.2,0.2,,,,76,0.0153535353535353,0.0065306122448979,0.0253061224489795,0.0148,,,1.06,1.98,,0.0,0.0,,,,,,,,
work-2,M50O50,1201,1.201,104.381999,50,50,50,0,100,0.38,0.38,,,,92,0.0185858585858585,0.0048979591836734,0.036734693877551,0.0164,,,1.06,2.62,,0.0,0.0,,,,,,,,
work-2,M50O50,1301,1.301,104.381999,50,50,50,0,100,0.33,0.33,,,,80,0.0161616161616161,0.0048979591836734,0.033469387755102,0.0132,,,0.9,2.3,,0.0,0.0,,,,,,,,
work-2,M50O50,1401,1.401,104.381999,50,50,50,0,100,0.43,0.43,,,,79,0.0159595959595959,0.0048979591836734,0.030204081632653,0.0144,,,0.96,2.2,,0.0,0.0,,,,,,,,
work-2,M50O50,1501,1.501,104.381999,50,50,50,0,100,0.31,0.31,,,,77,0.0155555555555555,0.0048979591836734,0.0293877551020408,0.014,,,0.94,2.14,,0.0,0.0,,,,,,,,
work-2,M50O50,1601,1.601,104.381999,50,50,50,0,100,0.38,0.38,,,,74,0.0149494949494949,0.0065306122448979,0.0277551020408163,0.0128,,,0.96,2.0,,0.0,0.0,,,,,,,,
work-2,M50O50,1701,1.701,104.381999,50,50,50,0,100,0.14,0.14,,,,69,0.0139393939393939,0.0057142857142857,0.0277551020408163,0.0112,,,0.84,1.92,,0.0,0.0,,,,,,,,
work-2,M50O50,1801,1.801,104.381999,50,50,50,0,100,0.4,0.4,,,,74,0.0149494949494949,0.0024489795918367,0.0244897959183673,0.0164,,,0.94,2.02,,0.0,0.0,,,,,,,,
work-2,M50O50,1901,1.901,104.381999,50,50,50,0,100,0.37,0.37,,,,83,0.0167676767676767,0.0040816326530612,0.036734693877551,0.0132,,,0.86,2.46,,0.0,0.0,,,,,,,,
work-2,M50O50,2001,2.001,104.381999,50,50,50,0,100,0.1,0.1,,,,64,0.0129292929292929,0.0048979591836734,0.0195918367346938,0.0136,,,0.92,1.64,,0.0,0.0,,,,,,,,
work-2,M50O50,2101,2.101,104.381999,50,50,50,0,100,0.21,0.21,,,,68,0.0137373737373737,0.0024489795918367,0.0228571428571428,0.0148,,,0.86,1.86,,0.0,0.0,,,,,,,,
work-2,M50O50,2201,2.201,104.381999,50,50,50,0,100,0.25,0.25,,,,65,0.0131313131313131,0.0048979591836734,0.0253061224489795,0.0112,,,0.8,1.8,,0.0,0.0,,,,,,,,
work-2,M50O50,2301,2.301,104.381999,50,50,50,0,100,0.19,0.19,,,,79,0.0159595959595959,0.0032653061224489,0.0326530612244898,0.014,,,0.86,2.3,,0.0,0.0,,,,,,,,
work-2,M50O50,2401,2.401,104.381999,50,50,50,0,100,0.19,0.19,,,,77,0.0155555555555555,0.0024489795918367,0.026938775510204,0.0164,,,0.94,2.14,,0.0,0.0,,,,,,,,
work-2,M50O50,2501,2.501,104.381999,50,50,50,0,100,0.5,0.5,,,,82,0.0165656565656565,0.0040816326530612,0.0310204081632653,0.0156,,,0.98,2.3,,0.0,0.0,,,,,,,,
work-2,M50O50,2601,2.601,104.381999,50,50,50,0,100,0.49,0.49,,,,87,0.0175757575757575,0.0032653061224489,0.0310204081632653,0.018,,,1.06,2.42,,0.0,0.0,,,,,,,,
work-2,M50O50,2701,2.701,104.381999,50,50,50,0,100,0.18,0.18,,,,84,0.0169696969696969,0.0114285714285714,0.0244897959183673,0.016,,,1.36,2.0,,0.0,0.0,,,,,,,,
work-2,M50O50,2801,2.801,104.381999,50,50,50,0,100,0.21,0.21,,,,67,0.0135353535353535,0.0024489795918367,0.026938775510204,0.0124,,,0.74,1.94,,0.0,0.0,,,,,,,,
work-2,M50O50,2901,2.901,104.381999,50,50,50,0,100,0.24,0.24,,,,81,0.0163636363636363,0.0065306122448979,0.0310204081632653,0.014,,,1.02,2.22,,0.0,0.0,,,,,,,,
work-2,M50O50,3001,3.001,104.381999,50,50,50,0,100,0.45,0.45,,,,85,0.0171717171717171,0.0048979591836734,0.033469387755102,0.0152,,,1.0,2.4,,0.0,0.0,,,,,,,,
work-2,M50O50,3101,3.101,104.381999,50,50,50,0,100,0.19,0.19,,,,75,0.0151515151515151,0.0032653061224489,0.0285714285714285,0.0144,,,0.88,2.12,,0.0,0.0,,,,,,,,
work-2,M50O50,3201,3.201,104.381999,50,50,50,0,100,0.3,0.3,,,,83,0.0167676767676767,0.0065306122448979,0.026938775510204,0.0168,,,1.16,2.16,,0.0,0.0,,,,,,,,
work-2,M50O50,3301,3.301,104.381999,50,50,50,0,100,0.35,0.35,,,,79,0.0159595959595959,0.0048979591836734,0.0326530612244898,0.0132,,,0.9,2.26,,0.0,0.0,,,,,,,,
work-2,M50O50,3401,3.401,104.381999,50,50,50,0,100,0.25,0.25,,,,93,0.0187878787878787,0.0065306122448979,0.033469387755102,0.0176,,,1.2,2.52,,0.0,0.0,,,,,,,,
work-2,M50O50,3501,3.501,104.381999,50,50,50,0,100,0.22,0.22,,,,76,0.0153535353535353,0.0040816326530612,0.0228571428571428,0.0172,,,1.06,1.98,,0.0,0.0,,,,,,,,
work-2,M50O50,3601,3.601,104.381999,50,50,50,0,100,0.41,0.41,,,,76,0.0153535353535353,0.0073469387755102,0.0318367346938775,0.0112,,,0.92,2.12,,0.0,0.0,,,,,,,,
work-2,M50O50,3701,3.701,104.381999,50,50,50,0,100,0.38,0.38,,,,78,0.0157575757575757,0.0048979591836734,0.0277551020408163,0.0152,,,1.0,2.12,,0.0,0.0,,,,,,,,
work-2,M50O50,3801,3.801,104.381999,50,50,50,0,100,0.16,0.16,,,,71,0.0143434343434343,0.0032653061224489,0.026938775510204,0.0136,,,0.84,2.0,,0.0,0.0,,,,,,,,
work-2,M50O50,3901,3.901,104.381999,50,50,50,0,100,0.59,0.59,,,,91,0.0183838383838383,0.0081632653061224,0.0212244897959183,0.022,,,1.5,2.14,,0.0,0.0,,,,,,,,
work-2,M50O50,4001,4.001,104.381999,50,50,50,0,100,0.48,0.48,,,,88,0.0177777777777777,0.0073469387755102,0.030204081632653,0.0168,,,1.2,2.32,,0.0,0.0,,,,,,,,
work-2,M50O50,4101,4.101,104.381999,50,50,50,0,100,0.45,0.45,,,,87,0.0175757575757575,0.0065306122448979,0.0342857142857142,0.0148,,,1.06,2.42,,0.0,0.0,,,,,,,,
work-2,M50O50,4201,4.2010000000000005,104.381999,50,50,50,0,100,0.24,0.24,,,,75,0.0151515151515151,0.0081632653061224,0.0236734693877551,0.0144,,,1.12,1.88,,0.0,0.0,,,,,,,,
work-2,M50O50,4301,4.301,104.381999,50,50,50,0,100,0.23,0.23,,,,76,0.0153535353535353,0.0040816326530612,0.030204081632653,0.0136,,,0.88,2.16,,0.0,0.0,,,,,,,,
work-2,M50O50,4401,4.401,104.381999,50,50,50,0,100,0.21,0.21,,,,79,0.0159595959595959,0.0040816326530612,0.0244897959183673,0.0176,,,1.08,2.08,,0.0,0.0,,,,,,,,
work-2,M50O50,4501,4.501,104.381999,50,50,50,0,100,0.46,0.46,,,,73,0.0147474747474747,0.0032653061224489,0.030204081632653,0.0128,,,0.8,2.12,,0.0,0.0,,,,,,,,
work-2,M50O50,4601,4.601,104.381999,50,50,50,0,100,0.21,0.21,,,,78,0.0157575757575757,0.0024489795918367,0.0318367346938775,0.0144,,,0.84,2.28,,0.0,0.0,,,,,,,,
work-2,M50O50,4701,4.7010000000000005,104.381999,50,50,50,0,100,0.16,0.16,,,,65,0.0131313131313131,0.0016326530612244,0.0212244897959183,0.0148,,,0.82,1.78,,0.0,0.0,,,,,,,,
work-2,M50O50,4801,4.801,104.381999,50,50,50,0,100,0.15,0.15,,,,73,0.0147474747474747,0.0024489795918367,0.0212244897959183,0.0176,,,1.0,1.92,,0.0,0.0,,,,,,,,
work-2,M50O50,4901,4.901,104.381999,50,50,50,0,100,0.28,0.28,,,,65,0.0131313131313131,0.0016326530612244,0.0253061224489795,0.0128,,,0.72,1.88,,0.0,0.0,,,,,,,,
work,M50O0,1001,1.001,75.0,50,50,0,0,50,0.98,0.98,,,,90,0.073469387755102,,0.073469387755102,,,,,3.6,,,0.0,,,,,,,,
work,M50O0,1101,1.101,75.0,50,50,0,0,50,1.0,1.0,,,,93,0.0759183673469387,,0.0759183673469387,,,,,3.72,,,0.0,,,,,,,,
work,M50O0,1201,1.201,75.0,50,50,0,0,50,0.96,0.96,,,,95,0.0775510204081632,,0.0775510204081632,,,,,3.8,,,0.0,,,,,,,,
work,M50O0,1301,1.301,75.0,50,50,0,0,50,0.92,0.92,,,,98,0.08,,0.08,,,,,3.92,,,0.0,,,,,,,,
work,M50O0,1401,1.401,75.0,50,50,0,0,50,0.96,0.96,,,,87,0.0710204081632653,,0.0710204081632653,,,,,3.48,,,0.0,,,,,,,,
work,M50O0,1501,1.501,75.0,50,50,0,0,50,1.0,1.0,,,,103,0.0840816326530612,,0.0840816326530612,,,,,4.12,,,0.0,,,,,,,,
work,M50O0,1601,1.601,75.0,50,50,0,0,50,1.0,1.0,,,,106,0.0865306122448979,,0.0865306122448979,,,,,4.24,,,0.0,,,,,,,,
work,M50O0,1701,1.701,75.0,50,50,0,0,50,0.94,0.94,,,,89,0.0726530612244897,,0.0726530612244897,,,,,3.56,,,0.0,,,,,,,,
work,M50O0,1801,1.801,75.0,50,50,0,0,50,1.0,1.0,,,,101,0.0824489795918367,,0.0824489795918367,,,,,4.04,,,0.0,,,,,,,,
work,M50O0,1901,1.901,75.0,50,50,0,0,50,0.98,0.98,,,,94,0.076734693877551,,0.076734693877551,,,,,3.76,,,0.0,,,,,,,,
work,M50O0,2001,2.001,75.0,50,50,0,0,50,0.96,0.96,,,,93,0.0759183673469387,,0.0759183673469387,,,,,3.72,,,0.0,,,,,,,,
work,M50O0,2101,2.101,75.0,50,50,0,0,50,0.98,0.98,,,,101,0.0824489795918367,,0.0824489795918367,,,,,4.04,,,0.0,,,,,,,,
work,M50O0,2201,2.201,75.0,50,50,0,0,50,0.94,0.94,,,,102,0.0832653061224489,,0.0832653061224489,,,,,4.08,,,0.0,,,,,,,,
work,M50O0,2301,2.301,75.0,50,50,0,0,50,0.98,0.98,,,,95,0.0775510204081632,,0.0775510204081632,,,,,3.8,,,0.0,,,,,,,,
work,M50O0,2401,2.401,75.0,50,50,0,0,50,0.94,0.94,,,,87,0.0710204081632653,,0.0710204081632653,,,,,3.48,,,0.0,,,,,,,,
work,M50O0,2501,2.501,75.0,50,50,0,0,50,0.98,0.98,,,,92,0.0751020408163265,,0.0751020408163265,,,,,3.68,,,0.0,,,,,,,,
work,M50O0,2601,2.601,75.0,50,50,0,0,50,0.98,0.98,,,,97,0.0791836734693877,,0.0791836734693877,,,,,3.88,,,0.0,,,,,,,,
work,M50O0,2701,2.701,75.0,50,50,0,0,50,0.9,0.9,,,,81,0.0661224489795918,,0.0661224489795918,,,,,3.24,,,0.0,,,,,,,,
work,M50O0,2801,2.801,75.0,50,50,0,0,50,0.98,0.98,,,,80,0.0653061224489796,,0.0653061224489796,,,,,3.2,,,0.0,,,,,,,,
work,M50O0,2901,2.901,75.0,50,50,0,0,50,0.98,0.98,,,,91,0.0742857142857142,,0.0742857142857142,,,,,3.64,,,0.0,,,,,,,,
work,M50O0,3001,3.001,75.0,50,50,0,0,50,0.96,0.96,,,,78,0.0636734693877551,,0.0636734693877551,,,,,3.12,,,0.0,,,,,,,,
work,M50O0,3101,3.101,75.0,50,50,0,0,50,1.0,1.0,,,,103,0.0840816326530612,,0.0840816326530612,,,,,4.12,,,0.0,,,,,,,,
work,M50O0,3201,3.201,75.0,50,50,0,0,50,0.96,0.96,,,,91,0.0742857142857142,,0.0742857142857142,,,,,3.64,,,0.0,,,,,,,,
work,M50O0,3301,3.301,75.0,50,50,0,0,50,1.0,1.0,,,,112,0.0914285714285714,,0.0914285714285714,,,,,4.48,,,0.0,,,,,,,,
work,M50O0,3401,3.401,75.0,50,50,0,0,50,1.0,1.0,,,,94,0.076734693877551,,0.076734693877551,,,,,3.76,,,0.0,,,,,,,,
work,M50O0,3501,3.501,75.0,50,50,0,0,50,0.98,0.98,,,,109,0.0889795918367346,,0.0889795918367346,,,,,4.36,,,0.0,,,,,,,,
work,M50O0,3601,3.601,75.0,50,50,0,0,50,1.0,1.0,,,,91,0.0742857142857142,,0.0742857142857142,,,,,3.64,,,0.0,,,,,,,,
work,M50O0,3701,3.701,75.0,50,50,0,0,50,0.98,0.98,,,,96,0.0783673469387755,,0.0783673469387755,,,,,3.84,,,0.0,,,,,,,,
work,M50O0,3801,3.801,75.0,50,50,0,0,50,1.0,1.0,,,,103,0.0840816326530612,,0.0840816326530612,,,,,4.12,,,0.0,,,,,,,,
work,M50O0,3901,3.901,75.0,50,50,0,0,50,1.0,1.0,,,,95,0.0775510204081632,,0.0775510204081632,,,,,3.8,,,0.0,,,,,,,,
work,M50O0,4001,4.001,75.0,50,50,0,0,50,1.0,1.0,,,,85,0.0693877551020408,,0.0693877551020408,,,,,3.4,,,0.0,,,,,,,,
work,M50O0,4101,4.101,75.0,50,50,0,0,50,1.0,1.0,,,,91,0.0742857142857142,,0.0742857142857142,,,,,3.64,,,0.0,,,,,,,,
work,M50O0,4201,4.2010000000000005,75.0,50,50,0,0,50,0.96,0.96,,,,103,0.0840816326530612,,0.0840816326530612,,,,,4.12,,,0.0,,,,,,,,
work,M50O0,4301,4.301,75.0,50,50,0,0,50,0.98,0.98,,,,96,0.0783673469387755,,0.0783673469387755,,,,,3.84,,,0.0,,,,,,,,
work,M50O0,4401,4.401,75.0,50,50,0,0,50,1.0,1.0,,,,106,0.0865306122448979,,0.0865306122448979,,,,,4.24,,,0.0,,,,,,,,
work,M50O0,4501,4.501,75.0,50,50,0,0,50,1.0,1.0,,,,94,0.076734693877551,,0.076734693877551,,,,,3.76,,,0.0,,,,,,,,
work,M50O0,4601,4.601,75.0,50,50,0,0,50,0.98,0.98,,,,94,0.076734693877551,,0.076734693877551,,,,,3.76,,,0.0,,,,,,,,
work,M50O0,4701,4.7010000000000005,75.0,50,50,0,0,50,1.0,1.0,,,,109,0.0889795918367346,,0.0889795918367346,,,,,4.36,,,0.0,,,,,,,,
work,M50O0,4801,4.801,75.0,50,50,0,0,50,1.0,1.0,,,,85,0.0693877551020408,,0.0693877551020408,,,,,3.4,,,0.0,,,,,,,,
work,M50O0,4901,4.901,75.0,50,50,0,0,50,0.98,0.98,,,,84,0.0685714285714285,,0.0685714285714285,,,,,3.36,,,0.0,,,,,,,,
work-1,M50O0,1001,1.001,75.0,50,50,0,0,50,0.98,0.98,,,,88,0.0718367346938775,,0.0718367346938775,,,,,3.52,,,0.0,,,,,,,,
work-1,M50O0,1101,1.101,75.0,50,50,0,0,50,0.98,0.98,,,,90,0.073469387755102,,0.073469387755102,,,,,3.6,,,0.0,,,,,,,,
work-1,M50O0,1201,1.201,75.0,50,50,0,0,50,0.98,0.98,,,,95,0.0775510204081632,,0.0775510204081632,,,,,3.8,,,0.0,,,,,,,,
work-1,M50O0,1301,1.301,75.0,50,50,0,0,50,0.94,0.94,,,,84,0.0685714285714285,,0.0685714285714285,,,,,3.36,,,0.0,,,,,,,,
work-1,M50O0,1401,1.401,75.0,50,50,0,0,50,1.0,1.0,,,,97,0.0791836734693877,,0.0791836734693877,,,,,3.88,,,0.0,,,,,,,,
work-1,M50O0,1501,1.501,75.0,50,50,0,0,50,0.96,0.96,,,,92,0.0751020408163265,,0.0751020408163265,,,,,3.68,,,0.0,,,,,,,,
work-1,M50O0,1601,1.601,75.0,50,50,0,0,50,1.0,1.0,,,,100,0.0816326530612244,,0.0816326530612244,,,,,4.0,,,0.0,,,,,,,,
work-1,M50O0,1701,1.701,75.0,50,50,0,0,50,0.92,0.92,,,,76,0.0620408163265306,,0.0620408163265306,,,,,3.04,,,0.0,,,,,,,,
work-1,M50O0,1801,1.801,75.0,50,50,0,0,50,1.0,1.0,,,,99,0.0808163265306122,,0.0808163265306122,,,,,3.96,,,0.0,,,,,,,,
work-1,M50O0,1901,1.901,75.0,50,50,0,0,50,1.0,1.0,,,,96,0.0783673469387755,,0.0783673469387755,,,,,3.84,,,0.0,,,,,,,,
work-1,M50O0,2001,2.001,75.0,50,50,0,0,50,1.0,1.0,,,,103,0.0840816326530612,,0.0840816326530612,,,,,4.12,,,0.0,,,,,,,,
work-1,M50O0,2101,2.101,75.0,50,50,0,0,50,0.92,0.92,,,,85,0.0693877551020408,,0.0693877551020408,,,,,3.4,,,0.0,,,,,,,,
work-1,M50O0,2201,2.201,75.0,50,50,0,0,50,1.0,1.0,,,,102,0.0832653061224489,,0.0832653061224489,,,,,4.08,,,0.0,,,,,,,,
work-1,M50O0,2301,2.301,75.0,50,50,0,0,50,0.98,0.98,,,,91,0.0742857142857142,,0.0742857142857142,,,,,3.64,,,0.0,,,,,,,,
work-1,M50O0,2401,2.401,75.0,50,50,0,0,50,0.96,0.96,,,,94,0.076734693877551,,0.076734693877551,,,,,3.76,,,0.0,,,,,,,,
work-1,M50O0,2501,2.501,75.0,50,50,0,0,50,1.0,1.0,,,,93,0.0759183673469387,,0.0759183673469387,,,,,3.72,,,0.0,,,,,,,,
work-1,M50O0,2601,2.601,75.0,50,50,0,0,50,1.0,1.0,,,,88,0.0718367346938775,,0.0718367346938775,,,,,3.52,,,0.0,,,,,,,,
work-1,M50O0,2701,2.701,75.0,50,50,0,0,50,0.98,0.98,,,,96,0.0783673469387755,,0.0783673469387755,,,,,3.84,,,0.0,,,,,,,,
work-1,M50O0,2801,2.801,75.0,50,50,0,0,50,1.0,1.0,,,,106,0.0865306122448979,,0.0865306122448979,,,,,4.24,,,0.0,,,,,,,,
work-1,M50O0,2901,2.901,75.0,50,50,0,0,50,1.0,1.0,,,,110,0.0897959183673469,,0.0897959183673469,,,,,4.4,,,0.0,,,,,,,,
work-1,M50O0,3001,3.001,75.0,50,50,0,0,50,1.0,1.0,,,,92,0.0751020408163265,,0.0751020408163265,,,,,3.68,,,0.0,,,,,,,,
work-1,M50O0,3101,3.101,75.0,50,50,0,0,50,1.0,1.0,,,,106,0.0865306122448979,,0.0865306122448979,,,,,4.24,,,0.0,,,,,,,,
work-1,M50O0,3201,3.201,75.0,50,50,0,0,50,1.0,1.0,,,,106,0.0865306122448979,,0.0865306122448979,,,,,4.24,,,0.0,,,,,,,,
work-1,M50O0,3301,3.301,75.0,50,50,0,0,50,1.0,1.0,,,,89,0.0726530612244897,,0.0726530612244897,,,,,3.56,,,0.0,,,,,,,,
work-1,M50O0,3401,3.401,75.0,50,50,0,0,50,0.96,0.96,,,,102,0.0832653061224489,,0.0832653061224489,,,,,4.08,,,0.0,,,,,,,,
work-1,M50O0,3501,3.501,75.0,50,50,0,0,50,1.0,1.0,,,,89,0.0726530612244897,,0.0726530612244897,,,,,3.56,,,0.0,,,,,,,,
work-1,M50O0,3601,3.601,75.0,50,50,0,0,50,1.0,1.0,,,,97,0.0791836734693877,,0.0791836734693877,,,,,3.88,,,0.0,,,,,,,,
work-1,M50O0,3701,3.701,75.0,50,50,0,0,50,0.96,0.96,,,,97,0.0791836734693877,,0.0791836734693877,,,,,3.88,,,0.0,,,,,,,,
work-1,M50O0,3801,3.801,75.0,50,50,0,0,50,1.0,1.0,,,,96,0.0783673469387755,,0.0783673469387755,,,,,3.84,,,0.0,,,,,,,,
work-1,M50O0,3901,3.901,75.0,50,50,0,0,50,1.0,1.0,,,,88,0.0718367346938775,,0.0718367346938775,,,,,3.52,,,0.0,,,,,,,,
work-1,M50O0,4001,4.001,75.0,50,50,0,0,50,1.0,1.0,,,,98,0.08,,0.08,,,,,3.92,,,0.0,,,,,,,,
work-1,M50O0,4101,4.101,75.0,50,50,0,0,50,0.98,0.98,,,,86,0.070204081632653,,0.070204081632653,,,,,3.44,,,0.0,,,,,,,,
work-1,M50O0,4201,4.2010000000000005,75.0,50,50,0,0,50,0.92,0.92,,,,101,0.0824489795918367,,0.0824489795918367,,,,,4.04,,,0.0,,,,,,,,
work-1,M50O0,4301,4.301,75.0,50,50,0,0,50,1.0,1.0,,,,88,0.0718367346938775,,0.0718367346938775,,,,,3.52,,,0.0,,,,,,,,
work-1,M50O0,4401,4.401,75.0,50,50,0,0,50,1.0,1.0,,,,104,0.0848979591836734,,0.0848979591836734,,,,,4.16,,,0.0,,,,,,,,
work-1,M50O0,4501,4.501,75.0,50,50,0,0,50,1.0,1.0,,,,99,0.0808163265306122,,0.0808163265306122,,,,,3.96,,,0.0,,,,,,,,
work-1,M50O0,4601,4.601,75.0,50,50,0,0,50,1.0,1.0,,,,106,0.0865306122448979,,0.0865306122448979,,,,,4.24,,,0.0,,,,,,,,
work-1,M50O0,4701,4.7010000000000005,75.0,50,50,0,0,50,0.94,0.94,,,,94,0.076734693877551,,0.076734693877551,,,,,3.76,,,0.0,,,,,,,,
work-1,M50O0,4801,4.801,75.0,50,50,0,0,50,0.98,0.98,,,,99,0.0808163265306122,,0.0808163265306122,,,,,3.96,,,0.0,,,,,,,,
work-1,M50O0,4901,4.901,75.0,50,50,0,0,50,0.98,0.98,,,,96,0.0783673469387755,,0.0783673469387755,,,,,3.84,,,0.0,,,,,,,,
work-2,M50O0,1001,1.001,75.0,50,50,0,0,50,1.0,1.0,,,,107,0.0873469387755102,,0.0873469387755102,,,,,4.28,,,0.0,,,,,,,,
work-2,M50O0,1101,1.101,75.0,50,50,0,0,50,0.98,0.98,,,,84,0.0685714285714285,,0.0685714285714285,,,,,3.36,,,0.0,,,,,,,,
work-2,M50O0,1201,1.201,75.0,50,50,0,0,50,1.0,1.0,,,,100,0.0816326530612244,,0.0816326530612244,,,,,4.0,,,0.0,,,,,,,,
work-2,M50O0,1301,1.301,75.0,50,50,0,0,50,0.98,0.98,,,,102,0.0832653061224489,,0.0832653061224489,,,,,4.08,,,0.0,,,,,,,,
work-2,M50O0,1401,1.401,75.0,50,50,0,0,50,0.94,0.94,,,,100,0.0816326530612244,,0.0816326530612244,,,,,4.0,,,0.0,,,,,,,,
work-2,M50O0,1501,1.501,75.0,50,50,0,0,50,0.96,0.96,,,,90,0.073469387755102,,0.073469387755102,,,,,3.6,,,0.0,,,,,,,,
work-2,M50O0,1601,1.601,75.0,50,50,0,0,50,0.98,0.98,,,,90,0.073469387755102,,0.073469387755102,,,,,3.6,,,0.0,,,,,,,,
work-2,M50O0,1701,1.701,75.0,50,50,0,0,50,0.98,0.98,,,,99,0.0808163265306122,,0.0808163265306122,,,,,3.96,,,0.0,,,,,,,,
work-2,M50O0,1801,1.801,75.0,50,50,0,0,50,1.0,1.0,,,,96,0.0783673469387755,,0.0783673469387755,,,,,3.84,,,0.0,,,,,,,,
work-2,M50O0,1901,1.901,75.0,50,50,0,0,50,0.96,0.96,,,,90,0.073469387755102,,0.073469387755102,,,,,3.6,,,0.0,,,,,,,,
work-2,M50O0,2001,2.001,75.0,50,50,0,0,50,0.96,0.96,,,,91,0.0742857142857142,,0.0742857142857142,,,,,3.64,,,0.0,,,,,,,,
work-2,M50O0,2101,2.101,75.0,50,50,0,0,50,0.98,0.98,,,,99,0.0808163265306122,,0.0808163265306122,,,,,3.96,,,0.0,,,,,,,,
work-2,M50O0,2201,2.201,75.0,50,50,0,0,50,1.0,1.0,,,,89,0.0726530612244897,,0.0726530612244897,,,,,3.56,,,0.0,,,,,,,,
work-2,M50O0,2301,2.301,75.0,50,50,0,0,50,0.98,0.98,,,,118,0.0963265306122449,,0.0963265306122449,,,,,4.72,,,0.0,,,,,,,,
work-2,M50O0,2401,2.401,75.0,50,50,0,0,50,0.98,0.98,,,,97,0.0791836734693877,,0.0791836734693877,,,,,3.88,,,0.0,,,,,,,,
work-2,M50O0,2501,2.501,75.0,50,50,0,0,50,1.0,1.0,,,,85,0.0693877551020408,,0.0693877551020408,,,,,3.4,,,0.0,,,,,,,,
work-2,M50O0,2601,2.601,75.0,50,50,0,0,50,1.0,1.0,,,,86,0.070204081632653,,0.070204081632653,,,,,3.44,,,0.0,,,,,,,,
work-2,M50O0,2701,2.701,75.0,50,50,0,0,50,1.0,1.0,,,,94,0.076734693877551,,0.076734693877551,,,,,3.76,,,0.0,,,,,,,,
work-2,M50O0,2801,2.801,75.0,50,50,0,0,50,1.0,1.0,,,,96,0.0783673469387755,,0.0783673469387755,,,,,3.84,,,0.0,,,,,,,,
work-2,M50O0,2901,2.901,75.0,50,50,0,0,50,1.0,1.0,,,,94,0.076734693877551,,0.076734693877551,,,,,3.76,,,0.0,,,,,,,,
work-2,M50O0,3001,3.001,75.0,50,50,0,0,50,0.98,0.98,,,,96,0.0783673469387755,,0.0783673469387755,,,,,3.84,,,0.0,,,,,,,,
work-2,M50O0,3101,3.101,75.0,50,50,0,0,50,1.0,1.0,,,,96,0.0783673469387755,,0.0783673469387755,,,,,3.84,,,0.0,,,,,,,,
work-2,M50O0,3201,3.201,75.0,50,50,0,0,50,1.0,1.0,,,,95,0.0775510204081632,,0.0775510204081632,,,,,3.8,,,0.0,,,,,,,,
work-2,M50O0,3301,3.301,75.0,50,50,0,0,50,1.0,1.0,,,,106,0.0865306122448979,,0.0865306122448979,,,,,4.24,,,0.0,,,,,,,,
work-2,M50O0,3401,3.401,75.0,50,50,0,0,50,1.0,1.0,,,,99,0.0808163265306122,,0.0808163265306122,,,,,3.96,,,0.0,,,,,,,,
work-2,M50O0,3501,3.501,75.0,50,50,0,0,50,0.98,0.98,,,,88,0.0718367346938775,,0.0718367346938775,,,,,3.52,,,0.0,,,,,,,,
work-2,M50O0,3601,3.601,75.0,50,50,0,0,50,0.98,0.98,,,,97,0.0791836734693877,,0.0791836734693877,,,,,3.88,,,0.0,,,,,,,,
work-2,M50O0,3701,3.701,75.0,50,50,0,0,50,1.0,1.0,,,,114,0.0930612244897959,,0.0930612244897959,,,,,4.56,,,0.0,,,,,,,,
work-2,M50O0,3801,3.801,75.0,50,50,0,0,50,1.0,1.0,,,,108,0.0881632653061224,,0.0881632653061224,,,,,4.32,,,0.0,,,,,,,,
work-2,M50O0,3901,3.901,75.0,50,50,0,0,50,1.0,1.0,,,,96,0.0783673469387755,,0.0783673469387755,,,,,3.84,,,0.0,,,,,,,,
work-2,M50O0,4001,4.001,75.0,50,50,0,0,50,0.9,0.9,,,,96,0.0783673469387755,,0.0783673469387755,,,,,3.84,,,0.0,,,,,,,,
work-2,M50O0,4101,4.101,75.0,50,50,0,0,50,0.94,0.94,,,,97,0.0791836734693877,,0.0791836734693877,,,,,3.88,,,0.0,,,,,,,,
work-2,M50O0,4201,4.2010000000000005,75.0,50,50,0,0,50,1.0,1.0,,,,91,0.0742857142857142,,0.0742857142857142,,,,,3.64,,,0.0,,,,,,,,
work-2,M50O0,4301,4.301,75.0,50,50,0,0,50,1.0,1.0,,,,88,0.0718367346938775,,0.0718367346938775,,,,,3.52,,,0.0,,,,,,,,
work-2,M50O0,4401,4.401,75.0,50,50,0,0,50,1.0,1.0,,,,99,0.0808163265306122,,0.0808163265306122,,,,,3.96,,,0.0,,,,,,,,
work-2,M50O0,4501,4.501,75.0,50,50,0,0,50,1.0,1.0,,,,107,0.0873469387755102,,0.0873469387755102,,,,,4.28,,,0.0,,,,,,,,
work-2,M50O0,4601,4.601,75.0,50,50,0,0,50,1.0,1.0,,,,97,0.0791836734693877,,0.0791836734693877,,,,,3.88,,,0.0,,,,,,,,
work-2,M50O0,4701,4.7010000000000005,75.0,50,50,0,0,50,1.0,1.0,,,,108,0.0881632653061224,,0.0881632653061224,,,,,4.32,,,0.0,,,,,,,,
work-2,M50O0,4801,4.801,75.0,50,50,0,0,50,0.92,0.92,,,,87,0.0710204081632653,,0.0710204081632653,,,,,3.48,,,0.0,,,,,,,,
work-2,M50O0,4901,4.901,75.0,50,50,0,0,50,1.0,1.0,,,,101,0.0824489795918367,,0.0824489795918367,,,,,4.04,,,0.0,,,,,,,,
work,M0O100D1,1001,1.001,75.0,0,0,100,1,100,0.42,0.42,0.42,0.0,42.0,140,0.0282828282828282,0.0282828282828282,,,0.36,,3.16,,36.0,0.36,,16.85807106207077,52.937633450727446,0.7664358236904998,1.0,0.0,1.0,36.0,0.0
work,M0O100D1,1101,1.101,75.0,0,0,100,1,100,0.54,0.54,0.54,0.0,54.0,135,0.0272727272727272,0.0272727272727272,,,0.36,,3.06,,36.0,0.36,,16.41108197559383,53.11207659427685,0.8182420915740358,1.0,0.0,1.0,36.0,0.0
work,M0O100D1,1201,1.201,75.0,0,0,100,1,100,0.41,0.41,0.41,0.0,41.0,161,0.0325252525252525,0.0325252525252525,,,0.37,,3.59,,37.0,0.37,,17.946650815143983,56.63333062175317,0.9052266344158744,1.0,0.0,1.0,37.0,0.0
work,M0O100D1,1301,1.301,75.0,0,0,100,1,100,0.45,0.45,0.45,0.0,45.0,155,0.0313131313131313,0.0313131313131313,,,0.37,,3.47,,37.0,0.37,,17.35296303493268,53.20995955033378,0.7759041342497667,1.0,0.0,1.0,37.0,0.0
work,M0O100D1,1401,1.401,75.0,0,0,100,1,100,0.52,0.52,0.52,0.0,52.0,168,0.0339393939393939,0.0339393939393939,,,0.37,,3.73,,37.0,0.37,,18.21258629655576,59.37126011949085,0.8998231305702169,1.0,0.0,1.0,37.0,0.0
work,M0O100D1,1501,1.501,75.0,0,0,100,1,100,0.46,0.46,0.46,0.0,46.0,157,0.0317171717171717,0.0317171717171717,,,0.35,,3.49,,35.0,0.35,,17.107170176286505,55.87344211956715,0.8574324997635769,1.0,0.0,1.0,35.0,0.0
work,M0O100D1,1601,1.601,75.0,0,0,100,1,100,0.45,0.45,0.45,0.0,45.0,139,0.028080808080808,0.028080808080808,,,0.35,,3.13,,35.0,0.35,,18.806469111741333,62.33154019919353,0.983804343392902,1.0,0.0,1.0,35.0,0.0
work,M0O100D1,1701,1.701,75.0,0,0,100,1,100,0.53,0.53,0.53,0.0,53.0,167,0.0337373737373737,0.0337373737373737,,,0.37,,3.71,,37.0,0.37,,16.99665373485732,55.04702404093533,0.7967261317309343,1.0,0.0,1.0,37.0,0.0
work,M0O100D1,1801,1.801,75.0,0,0,100,1,100,0.48,0.48,0.48,0.0,48.0,135,0.0272727272727272,0.0272727272727272,,,0.38,,3.08,,38.0,0.38,,18.484068523324837,61.22388534977553,0.9556211284704568,1.0,0.0,1.0,38.0,0.0
work,M0O100D1,1901,1.901,75.0,0,0,100,1,100,0.54,0.54,0.54,0.0,54.0,153,0.0309090909090909,0.0309090909090909,,,0.37,,3.43,,37.0,0.37,,18.29914606288529,58.5317815045671,0.9041858865639018,1.0,0.0,1.0,37.0,0.0
work,M0O100D1,2001,2.001,75.0,0,0,100,1,100,0.43,0.43,0.43,0.0,43.0,168,0.0339393939393939,0.0339393939393939,,,0.38,,3.74,,38.0,0.38,,17.97809891038313,56.160751930737725,0.9091121373499664,1.0,0.0,1.0,38.0,0.0
work,M0O100D1,2101,2.101,75.0,0,0,100,1,100,0.52,0.52,0.52,0.0,52.0,149,0.0301010101010101,0.0301010101010101,,,0.38,,3.36,,38.0,0.38,,18.38765292388817,60.75689837062293,0.9558062208721084,1.0,0.0,1.0,38.0,0.0
work,M0O100D1,2201,2.201,75.0,0,0,100,1,100,0.49,0.49,0.49,0.0,49.0,151,0.0305050505050505,0.0305050505050505,,,0.38,,3.4,,38.0,0.38,,18.458908424441358,59.85821443317936,0.9154879988816486,0.9975,0.0,0.9975,38.0,0.0
work,M0O100D1,2301,2.301,75.0,0,0,100,1,100,0.48,0.48,0.48,0.0,48.0,155,0.0313131313131313,0.0313131313131313,,,0.39,,3.49,,39.0,0.39,,17.96928881060228,58.61579331169855,0.95217345049842,1.0,0.0,1.0,39.0,0.0
work,M0O100D1,2401,2.401,75.0,0,0,100,1,100,0.55,0.55,0.55,0.0,55.0,176,0.0355555555555555,0.0355555555555555,,,0.37,,3.89,,37.0,0.37,,16.605839942983053,48.78343692284485,0.7062276374018249,0.9975,0.0,0.9975,37.0,0.0
work,M0O100D1,2501,2.501,75.0,0,0,100,1,100,0.42,0.42,0.42,0.0,42.0,140,0.0282828282828282,0.0282828282828282,,,0.38,,3.18,,38.0,0.38,,19.04874903127692,61.78944616892122,0.964485049211138,1.0,0.0,1.0,38.0,0.0
work,M0O100D1,2601,2.601,75.0,0,0,100,1,100,0.44,0.44,0.44,0.0,44.0,149,0.0301010101010101,0.0301010101010101,,,0.37,,3.35,,37.0,0.37,,18.1102312820374,60.33895838282166,0.9407426256857736,1.0,0.0,1.0,37.0,0.0
work,M0O100D1,2701,2.701,75.0,0,0,100,1,100,0.53,0.53,0.53,0.0,53.0,148,0.0298989898989899,0.0298989898989899,,,0.37,,3.33,,37.0,0.37,,16.075670168059208,45.77874015936946,0.6812066339265632,1.0,0.0,1.0,37.0,0.0
work,M0O100D1,2801,2.801,75.0,0,0,100,1,100,0.48,0.48,0.48,0.0,48.0,123,0.0248484848484848,0.0248484848484848,,,0.36,,2.82,,36.0,0.36,,17.81955520191957,59.14632638839086,0.8879503507042199,1.0,0.0,1.0,36.0,0.0
work,M0O100D1,2901,2.901,75.0,0,0,100,1,100,0.43,0.43,0.43,0.0,43.0,146,0.0294949494949494,0.0294949494949494,,,0.36,,3.28,,36.0,0.36,,17.54937779706455,54.63169027118632,0.8512754514772419,1.0,0.0,1.0,36.0,0.0
work,M0O100D1,3001,3.001,75.0,0,0,100,1,100,0.47,0.47,0.47,0.0,47.0,158,0.0319191919191919,0.0319191919191919,,,0.36,,3.52,,36.0,0.36,,16.980762802465534,51.00411976110399,0.8286899978966703,1.0,0.0,1.0,36.0,0.0
work,M0O100D1,3101,3.101,75.0,0,0,100,1,100,0.51,0.51,0.51,0.0,51.0,170,0.0343434343434343,0.0343434343434343,,,0.37,,3.77,,37.0,0.37,,17.99902700121673,60.84158423084353,0.9451415049693488,1.0,0.0,1.0,37.0,0.0
work,M0O100D1,3201,3.201,75.0,0,0,100,1,100,0.45,0.45,0.45,0.0,45.0,177,0.0357575757575757,0.0357575757575757,,,0.4,,3.94,,40.0,0.4,,16.31519211039268,45.64507858379192,0.6624584357496711,0.9975,0.0,0.9975,40.0,0.0
work,M0O100D1,3301,3.301,75.0,0,0,100,1,100,0.44,0.44,0.44,0.0,44.0,158,0.0319191919191919,0.0319191919191919,,,0.38,,3.54,,38.0,0.38,,18.641248425501495,63.318207876670165,0.9731898184746844,1.0,0.0,1.0,38.0,0.0
work,M0O100D1,3401,3.401,75.0,0,0,100,1,100,0.53,0.53,0.53,0.0,53.0,174,0.0351515151515151,0.0351515151515151,,,0.38,,3.86,,38.0,0.38,,18.56766090084353,59.36418536752174,0.9497009550783394,1.0,0.0,1.0,38.0,0.0
work,M0O100D1,3501,3.501,75.0,0,0,100,1,100,0.48,0.48,0.48,0.0,48.0,161,0.0325252525252525,0.0325252525252525,,,0.38,,3.6,,38.0,0.38,,18.7215932390465,60.2821577506783,0.9361023624122412,0.9975,0.0,0.9975,38.0,0.0
work,M0O100D1,3601,3.601,75.0,0,0,100,1,100,0.52,0.52,0.52,0.0,52.0,160,0.0323232323232323,0.0323232323232323,,,0.37,,3.57,,37.0,0.37,,18.28797135765012,55.96769069934097,0.8909408197367141,0.9975,0.0,0.9975,37.0,0.0
work,M0O100D1,3701,3.701,75.0,0,0,100,1,100,0.49,0.49,0.49,0.0,49.0,172,0.0347474747474747,0.0347474747474747,,,0.39,,3.83,,39.0,0.39,,17.915047555670295,59.0995980507988,0.925211462394556,1.0,0.0,1.0,39.0,0.0
work,M0O100D1,3801,3.801,75.0,0,0,100,1,100,0.51,0.51,0.51,0.0,51.0,175,0.0353535353535353,0.0353535353535353,,,0.39,,3.89,,39.0,0.39,,16.054446170299485,51.99994991716865,0.7145100060536673,1.0,0.0,1.0,39.0,0.0
work,M0O100D1,3901,3.901,75.0,0,0,100,1,100,0.54,0.54,0.54,0.0,54.0,167,0.0337373737373737,0.0337373737373737,,,0.4,,3.74,,40.0,0.4,,16.489733335516707,52.40411436165486,0.7072672445777396,1.0,0.0,1.0,40.0,0.0
work,M0O100D1,4001,4.001,75.0,0,0,100,1,100,0.52,0.52,0.52,0.0,52.0,162,0.0327272727272727,0.0327272727272727,,,0.4,,3.64,,40.0,0.4,,18.193374830726786,58.88125007045044,0.8679135976369751,1.0,0.0,1.0,40.0,0.0
work,M0O100D1,4101,4.101,75.0,0,0,100,1,100,0.42,0.42,0.42,0.0,42.0,157,0.0317171717171717,0.0317171717171717,,,0.38,,3.52,,38.0,0.38,,16.966402860485132,53.36235768974338,0.8307641794413998,1.0,0.0,1.0,38.0,0.0
work,M0O100D1,4201,4.2010000000000005,75.0,0,0,100,1,100,0.46,0.46,0.46,0.0,46.0,159,0.0321212121212121,0.0321212121212121,,,0.37,,3.55,,37.0,0.37,,18.60823021310925,59.64408741396432,0.9033931075080218,1.0,0.0,1.0,37.0,0.0
work,M0O100D1,4301,4.301,75.0,0,0,100,1,100,0.43,0.43,0.43,0.0,43.0,150,0.0303030303030303,0.0303030303030303,,,0.35,,3.35,,35.0,0.35,,18.44486509873625,61.26819919330593,0.916288127550381,1.0,0.0,1.0,35.0,0.0
work,M0O100D1,4401,4.401,75.0,0,0,100,1,100,0.42,0.42,0.42,0.0,42.0,139,0.028080808080808,0.028080808080808,,,0.37,,3.15,,37.0,0.37,,17.873698862553596,58.20136868046552,0.9211111333787352,1.0,0.0,1.0,37.0,0.0
work,M0O100D1,4501,4.501,75.0,0,0,100,1,100,0.53,0.53,0.53,0.0,53.0,153,0.0309090909090909,0.0309090909090909,,,0.39,,3.45,,39.0,0.39,,18.56574027259761,63.21779473754524,0.9619928021653216,1.0,0.0,1.0,39.0,0.0
work,M0O100D1,4601,4.601,75.0,0,0,100,1,100,0.52,0.52,0.52,0.0,52.0,189,0.0381818181818181,0.0381818181818181,,,0.38,,4.16,,38.0,0.38,,18.070486359645304,57.69722753573504,0.9055831488278392,1.0,0.0,1.0,38.0,0.0
work,M0O100D1,4701,4.7010000000000005,75.0,0,0,100,1,100,0.46,0.46,0.46,0.0,46.0,132,0.0266666666666666,0.0266666666666666,,,0.38,,3.02,,38.0,0.38,,17.48673194069107,56.22967947300076,0.8721226189976211,1.0,0.0,1.0,38.0,0.0
work,M0O100D1,4801,4.801,75.0,0,0,100,1,100,0.43,0.43,0.43,0.0,43.0,146,0.0294949494949494,0.0294949494949494,,,0.37,,3.29,,37.0,0.37,,19.14811801222768,64.80406755501036,0.986282990832911,0.9975,0.0,0.9975,37.0,0.0
work,M0O100D1,4901,4.901,75.0,0,0,100,1,100,0.45,0.45,0.45,0.0,45.0,159,0.0321212121212121,0.0321212121212121,,,0.36,,3.54,,36.0,0.36,,16.168283617164455,49.47401801000059,0.6369758546674721,0.9975,0.0,0.9975,36.0,0.0
work-1,M0O100D1,1001,1.001,75.0,0,0,100,1,100,0.45,0.45,0.45,0.0,45.0,131,0.0264646464646464,0.0264646464646464,,,0.36,,2.98,,36.0,0.36,,16.803629378070216,49.02906366337641,0.6649345354465457,1.0,0.0,1.0,36.0,0.0
work-1,M0O100D1,1101,1.101,75.0,0,0,100,1,100,0.54,0.54,0.54,0.0,54.0,159,0.0321212121212121,0.0321212121212121,,,0.37,,3.55,,37.0,0.37,,17.305830571239117,51.71114147273175,0.7555899873751473,1.0,0.0,1.0,37.0,0.0
work-1,M0O100D1,1201,1.201,75.0,0,0,100,1,100,0.52,0.52,0.52,0.0,52.0,160,0.0323232323232323,0.0323232323232323,,,0.39,,3.59,,39.0,0.39,,17.796794165362677,58.852297964880925,0.8716839661156215,1.0,0.0,1.0,39.0,0.0
work-1,M0O100D1,1301,1.301,75.0,0,0,100,1,100,0.43,0.43,0.43,0.0,43.0,140,0.0282828282828282,0.0282828282828282,,,0.38,,3.18,,38.0,0.38,,18.795291292862824,62.89298231027042,0.9790831358436318,1.0,0.0,1.0,38.0,0.0
work-1,M0O100D1,1401,1.401,75.0,0,0,100,1,100,0.49,0.49,0.49,0.0,49.0,164,0.0331313131313131,0.0331313131313131,,,0.4,,3.68,,40.0,0.4,,18.81903667507028,61.31105419954709,0.9224415462171588,0.9975,0.0,0.9975,40.0,0.0
work-1,M0O100D1,1501,1.501,75.0,0,0,100,1,100,0.47,0.47,0.47,0.0,47.0,134,0.027070707070707,0.027070707070707,,,0.37,,3.05,,37.0,0.37,,16.944273169121562,50.66894337246408,0.7171977800635803,0.9975,0.0,0.9975,37.0,0.0
work-1,M0O100D1,1601,1.601,75.0,0,0,100,1,100,0.45,0.45,0.45,0.0,45.0,142,0.0286868686868686,0.0286868686868686,,,0.36,,3.2,,36.0,0.36,,17.119610396424818,52.578110473781976,0.7501525228312492,1.0,0.0,1.0,36.0,0.0
work-1,M0O100D1,1701,1.701,75.0,0,0,100,1,100,0.44,0.44,0.44,0.0,44.0,157,0.0317171717171717,0.0317171717171717,,,0.36,,3.5,,36.0,0.36,,18.232556948499248,59.66994341861644,0.9297077680175252,1.0,0.0,1.0,36.0,0.0
work-1,M0O100D1,1801,1.801,75.0,0,0,100,1,100,0.51,0.51,0.51,0.0,51.0,137,0.0276767676767676,0.0276767676767676,,,0.36,,3.1,,36.0,0.36,,18.57676219773194,60.05499507741953,0.8864817974276802,0.9975,0.0,0.9975,36.0,0.0
work-1,M0O100D1,1901,1.901,75.0,0,0,100,1,100,0.47,0.47,0.47,0.0,47.0,145,0.0292929292929292,0.0292929292929292,,,0.38,,3.28,,38.0,0.38,,18.063834680105067,58.32023847952782,0.9654290344369107,0.9925,0.0,0.9925,38.0,0.0
work-1,M0O100D1,2001,2.001,75.0,0,0,100,1,100,0.48,0.48,0.48,0.0,48.0,148,0.0298989898989899,0.0298989898989899,,,0.39,,3.35,,39.0,0.39,,18.280247011034287,57.91581890142277,0.8581433877356185,1.0,0.0,1.0,39.0,0.0
work-1,M0O100D1,2101,2.101,75.0,0,0,100,1,100,0.55,0.55,0.55,0.0,55.0,157,0.0317171717171717,0.0317171717171717,,,0.39,,3.53,,39.0,0.39,,18.983998977167573,63.87941966094946,0.975297284916886,1.0,0.0,1.0,39.0,0.0
work-1,M0O100D1,2201,2.201,75.0,0,0,100,1,100,0.47,0.47,0.47,0.0,47.0,153,0.0309090909090909,0.0309090909090909,,,0.38,,3.44,,38.0,0.38,,18.418688683875832,62.51782735372603,0.982361762948993,1.0,0.0,1.0,38.0,0.0
work-1,M0O100D1,2301,2.301,75.0,0,0,100,1,100,0.57,0.57,0.57,0.0,57.0,174,0.0351515151515151,0.0351515151515151,,,0.37,,3.85,,37.0,0.37,,18.51439894021205,61.51013950814458,0.9465206330340216,0.9975,0.0,0.9975,37.0,0.0
work-1,M0O100D1,2401,2.401,75.0,0,0,100,1,100,0.48,0.48,0.48,0.0,48.0,177,0.0357575757575757,0.0357575757575757,,,0.39,,3.93,,39.0,0.39,,17.420518985998196,54.51083511990548,0.8451249956085843,1.0,0.0,1.0,39.0,0.0
work-1,M0O100D1,2501,2.501,75.0,0,0,100,1,100,0.45,0.45,0.45,0.0,45.0,163,0.0329292929292929,0.0329292929292929,,,0.39,,3.65,,39.0,0.39,,18.615958114482176,61.31889402638845,0.930316097988192,1.0,0.0,1.0,39.0,0.0
work-1,M0O100D1,2601,2.601,75.0,0,0,100,1,100,0.49,0.49,0.49,0.0,49.0,143,0.0288888888888888,0.0288888888888888,,,0.37,,3.23,,37.0,0.37,,18.460797816362582,61.24165390674258,0.9559911240949508,1.0,0.0,1.0,37.0,0.0
work-1,M0O100D1,2701,2.701,75.0,0,0,100,1,100,0.56,0.56,0.56,0.0,56.0,171,0.0345454545454545,0.0345454545454545,,,0.41,,3.83,,41.0,0.41,,17.429266067106738,57.41231264655856,0.8411213852955408,0.9975,0.0,0.9975,41.0,0.0
work-1,M0O100D1,2801,2.801,75.0,0,0,100,1,100,0.6,0.6,0.6,0.0,60.0,195,0.0393939393939393,0.0393939393939393,,,0.4,,4.3,,40.0,0.4,,17.292034612209218,55.18738414072232,0.7890813563448,1.0,0.0,1.0,40.0,0.0
work-1,M0O100D1,2901,2.901,75.0,0,0,100,1,100,0.5,0.5,0.5,0.0,50.0,160,0.0323232323232323,0.0323232323232323,,,0.39,,3.59,,39.0,0.39,,18.840541409567106,62.615304428340025,0.9772534989217608,1.0,0.0,1.0,39.0,0.0
work-1,M0O100D1,3001,3.001,75.0,0,0,100,1,100,0.43,0.43,0.43,0.0,43.0,152,0.0307070707070707,0.0307070707070707,,,0.38,,3.42,,38.0,0.38,,18.49873762652801,60.37824082443856,0.9202897531735568,0.9975,0.0,0.9975,38.0,0.0
work-1,M0O100D1,3101,3.101,75.0,0,0,100,1,100,0.47,0.47,0.47,0.0,47.0,154,0.0311111111111111,0.0311111111111111,,,0.36,,3.44,,36.0,0.36,,17.67126467520037,55.30251373336084,0.8660757659981662,1.0,0.0,1.0,36.0,0.0
work-1,M0O100D1,3201,3.201,75.0,0,0,100,1,100,0.48,0.48,0.48,0.0,48.0,130,0.0262626262626262,0.0262626262626262,,,0.35,,2.95,,35.0,0.35,,18.5400269064533,61.18103383150751,0.9390561658698094,0.9925,0.0,0.9925,35.0,0.0
work-1,M0O100D1,3301,3.301,75.0,0,0,100,1,100,0.49,0.49,0.49,0.0,49.0,155,0.0313131313131313,0.0313131313131313,,,0.38,,3.48,,38.0,0.38,,18.481633771819663,60.606807896874486,0.9408856998777236,1.0,0.0,1.0,38.0,0.0
work-1,M0O100D1,3401,3.401,75.0,0,0,100,1,100,0.45,0.45,0.45,0.0,45.0,147,0.0296969696969696,0.0296969696969696,,,0.39,,3.33,,39.0,0.39,,16.689327354773845,50.15256018106775,0.6972654183905707,0.995,0.0,0.995,39.0,0.0
work-1,M0O100D1,3501,3.501,75.0,0,0,100,1,100,0.45,0.45,0.45,0.0,45.0,166,0.0335353535353535,0.0335353535353535,,,0.39,,3.71,,39.0,0.39,,18.535438973746068,59.67438536419304,0.8871717245224547,1.0,0.0,1.0,39.0,0.0
work-1,M0O100D1,3601,3.601,75.0,0,0,100,1,100,0.52,0.52,0.52,0.0,52.0,179,0.0361616161616161,0.0361616161616161,,,0.41,,3.99,,41.0,0.41,,16.450515495248546,50.441389512988025,0.7624492683429188,1.0,0.0,1.0,41.0,0.0
work-1,M0O100D1,3701,3.701,75.0,0,0,100,1,100,0.53,0.53,0.53,0.0,53.0,166,0.0335353535353535,0.0335353535353535,,,0.38,,3.7,,38.0,0.38,,18.292815866893083,60.62471482534583,0.952995248709063,1.0,0.0,1.0,38.0,0.0
work-1,M0O100D1,3801,3.801,75.0,0,0,100,1,100,0.51,0.51,0.51,0.0,51.0,153,0.0309090909090909,0.0309090909090909,,,0.39,,3.45,,39.0,0.39,,18.731304185750083,62.26477871903212,0.9767204956235138,1.0,0.0,1.0,39.0,0.0
work-1,M0O100D1,3901,3.901,75.0,0,0,100,1,100,0.5,0.5,0.5,0.0,50.0,172,0.0347474747474747,0.0347474747474747,,,0.38,,3.82,,38.0,0.38,,17.221423930339903,49.92905183249536,0.7797160531352921,1.0,0.0,1.0,38.0,0.0
work-1,M0O100D1,4001,4.001,75.0,0,0,100,1,100,0.42,0.42,0.42,0.0,42.0,145,0.0292929292929292,0.0292929292929292,,,0.37,,3.27,,37.0,0.37,,16.575894250264778,49.22258290172204,0.7966812211837477,1.0,0.0,1.0,37.0,0.0
work-1,M0O100D1,4101,4.101,75.0,0,0,100,1,100,0.45,0.45,0.45,0.0,45.0,146,0.0294949494949494,0.0294949494949494,,,0.37,,3.29,,37.0,0.37,,17.936821881921087,59.18861771082866,0.9250408044591516,1.0,0.0,1.0,37.0,0.0
work-1,M0O100D1,4201,4.2010000000000005,75.0,0,0,100,1,100,0.45,0.45,0.45,0.0,45.0,152,0.0307070707070707,0.0307070707070707,,,0.37,,3.41,,37.0,0.37,,16.833232707513485,50.17804324553133,0.6891344333274271,1.0,0.0,1.0,37.0,0.0
work-1,M0O100D1,4301,4.301,75.0,0,0,100,1,100,0.45,0.45,0.45,0.0,45.0,157,0.0317171717171717,0.0317171717171717,,,0.38,,3.52,,38.0,0.38,,17.805921221781716,57.21916218010584,0.8791440194817491,1.0,0.0,1.0,38.0,0.0
work-1,M0O100D1,4401,4.401,75.0,0,0,100,1,100,0.51,0.51,0.51,0.0,51.0,166,0.0335353535353535,0.0335353535353535,,,0.37,,3.69,,37.0,0.37,,18.16834080346141,55.375630242866734,0.9037062422149948,1.0,0.0,1.0,37.0,0.0
work-1,M0O100D1,4501,4.501,75.0,0,0,100,1,100,0.48,0.48,0.48,0.0,48.0,161,0.0325252525252525,0.0325252525252525,,,0.36,,3.58,,36.0,0.36,,17.954519881116468,55.00076693907482,0.879615137821303,1.0,0.0,1.0,36.0,0.0
work-1,M0O100D1,4601,4.601,75.0,0,0,100,1,100,0.47,0.47,0.47,0.0,47.0,170,0.0343434343434343,0.0343434343434343,,,0.38,,3.78,,38.0,0.38,,17.16343799233839,54.16398166197634,0.7696183022151394,1.0,0.0,1.0,38.0,0.0
work-1,M0O100D1,4701,4.7010000000000005,75.0,0,0,100,1,100,0.46,0.46,0.46,0.0,46.0,160,0.0323232323232323,0.0323232323232323,,,0.37,,3.57,,37.0,0.37,,18.437861334263022,61.29521051211295,0.945294133763936,1.0,0.0,1.0,37.0,0.0
work-1,M0O100D1,4801,4.801,75.0,0,0,100,1,100,0.47,0.47,0.47,0.0,47.0,157,0.0317171717171717,0.0317171717171717,,,0.37,,3.51,,37.0,0.37,,17.716227536131072,59.09381914508435,0.9265704174399256,1.0,0.0,1.0,37.0,0.0
work-1,M0O100D1,4901,4.901,75.0,0,0,100,1,100,0.47,0.47,0.47,0.0,47.0,139,0.028080808080808,0.028080808080808,,,0.36,,3.14,,36.0,0.36,,18.07757858278618,57.71287715500342,0.8442152640100516,1.0,0.0,1.0,36.0,0.0
work-2,M0O100D1,1001,1.001,75.0,0,0,100,1,100,0.4,0.4,0.4,0.0,40.0,135,0.0272727272727272,0.0272727272727272,,,0.35,,3.05,,35.0,0.35,,17.553746814244956,56.73088895853245,0.8075075809395749,0.9975,0.0,0.9975,35.0,0.0
work-2,M0O100D1,1101,1.101,75.0,0,0,100,1,100,0.41,0.41,0.41,0.0,41.0,124,0.025050505050505,0.025050505050505,,,0.36,,2.84,,36.0,0.36,,18.109229096705644,58.83062800008192,0.8604377283555877,0.9975,0.0,0.9975,36.0,0.0
work-2,M0O100D1,1201,1.201,75.0,0,0,100,1,100,0.53,0.53,0.53,0.0,53.0,144,0.029090909090909,0.029090909090909,,,0.37,,3.25,,37.0,0.37,,17.696083236488228,57.36157601214949,0.926587838774758,0.9975,0.0,0.9975,37.0,0.0
work-2,M0O100D1,1301,1.301,75.0,0,0,100,1,100,0.48,0.48,0.48,0.0,48.0,156,0.0315151515151515,0.0315151515151515,,,0.36,,3.48,,36.0,0.36,,17.761965671002834,56.14269083641658,0.8804096169850009,1.0,0.0,1.0,36.0,0.0
work-2,M0O100D1,1401,1.401,75.0,0,0,100,1,100,0.47,0.47,0.47,0.0,47.0,139,0.028080808080808,0.028080808080808,,,0.35,,3.13,,35.0,0.35,,17.82136110915398,56.92079562862128,0.8374032184554595,1.0,0.0,1.0,35.0,0.0
work-2,M0O100D1,1501,1.501,75.0,0,0,100,1,100,0.47,0.47,0.47,0.0,47.0,137,0.0276767676767676,0.0276767676767676,,,0.35,,3.09,,35.0,0.35,,18.272755612049345,59.98704854996566,0.9039180391576984,1.0,0.0,1.0,35.0,0.0
work-2,M0O100D1,1601,1.601,75.0,0,0,100,1,100,0.41,0.41,0.41,0.0,41.0,132,0.0266666666666666,0.0266666666666666,,,0.35,,2.99,,35.0,0.35,,18.823820287398146,62.332622579673874,0.9757871088519118,0.9975,0.0,0.9975,35.0,0.0
work-2,M0O100D1,1701,1.701,75.0,0,0,100,1,100,0.42,0.42,0.42,0.0,42.0,137,0.0276767676767676,0.0276767676767676,,,0.35,,3.09,,35.0,0.35,,18.29055119124841,60.70098372289747,0.920249438668347,1.0,0.0,1.0,35.0,0.0
work-2,M0O100D1,1801,1.801,75.0,0,0,100,1,100,0.51,0.51,0.51,0.0,51.0,140,0.0282828282828282,0.0282828282828282,,,0.36,,3.16,,36.0,0.36,,17.207685733315415,53.65237371203583,0.8164725015710786,1.0,0.0,1.0,36.0,0.0
work-2,M0O100D1,1901,1.901,75.0,0,0,100,1,100,0.42,0.42,0.42,0.0,42.0,138,0.0278787878787878,0.0278787878787878,,,0.34,,3.1,,34.0,0.34,,17.60571410614098,57.22320177537502,0.8271615652084923,0.995,0.0,0.995,34.0,0.0
work-2,M0O100D1,2001,2.001,75.0,0,0,100,1,100,0.45,0.45,0.45,0.0,45.0,126,0.0254545454545454,0.0254545454545454,,,0.34,,2.86,,34.0,0.34,,17.53641956689986,55.97489571321662,0.8166296130258773,1.0,0.0,1.0,34.0,0.0
work-2,M0O100D1,2101,2.101,75.0,0,0,100,1,100,0.44,0.44,0.44,0.0,44.0,130,0.0262626262626262,0.0262626262626262,,,0.34,,2.94,,34.0,0.34,,16.528471149347254,46.87742253225515,0.6443202828774242,1.0,0.0,1.0,34.0,0.0
work-2,M0O100D1,2201,2.201,75.0,0,0,100,1,100,0.47,0.47,0.47,0.0,47.0,136,0.0274747474747474,0.0274747474747474,,,0.34,,3.06,,34.0,0.34,,16.766291697391956,49.76255755013168,0.7266901635454006,1.0,0.0,1.0,34.0,0.0
work-2,M0O100D1,2301,2.301,75.0,0,0,100,1,100,0.42,0.42,0.42,0.0,42.0,132,0.0266666666666666,0.0266666666666666,,,0.35,,2.99,,35.0,0.35,,17.81940441936304,57.15824689838815,0.8417448684192949,1.0,0.0,1.0,35.0,0.0
work-2,M0O100D1,2401,2.401,75.0,0,0,100,1,100,0.49,0.49,0.49,0.0,49.0,150,0.0303030303030303,0.0303030303030303,,,0.37,,3.37,,37.0,0.37,,17.371253422849556,54.86977726561516,0.819757574025695,1.0,0.0,1.0,37.0,0.0
work-2,M0O100D1,2501,2.501,75.0,0,0,100,1,100,0.5,0.5,0.5,0.0,50.0,158,0.0319191919191919,0.0319191919191919,,,0.37,,3.53,,37.0,0.37,,16.805208010564208,51.758855086546376,0.7660966244537849,1.0,0.0,1.0,37.0,0.0
work-2,M0O100D1,2601,2.601,75.0,0,0,100,1,100,0.42,0.42,0.42,0.0,42.0,146,0.0294949494949494,0.0294949494949494,,,0.35,,3.27,,35.0,0.35,,14.887192931804467,42.439941257832686,0.6277321810728387,1.0,0.0,1.0,35.0,0.0
work-2,M0O100D1,2701,2.701,75.0,0,0,100,1,100,0.47,0.47,0.47,0.0,47.0,144,0.029090909090909,0.029090909090909,,,0.35,,3.23,,35.0,0.35,,18.033329436760148,59.404881864791065,0.9336417868675406,1.0,0.0,1.0,35.0,0.0
work-2,M0O100D1,2801,2.801,75.0,0,0,100,1,100,0.45,0.45,0.45,0.0,45.0,141,0.0284848484848484,0.0284848484848484,,,0.39,,3.21,,39.0,0.39,,18.222147932468896,58.70315559151516,0.9029621431076302,0.9975,0.0,0.9975,39.0,0.0
work-2,M0O100D1,2901,2.901,75.0,0,0,100,1,100,0.5,0.5,0.5,0.0,50.0,164,0.0331313131313131,0.0331313131313131,,,0.37,,3.65,,37.0,0.37,,16.643281589719376,47.760396235279096,0.7149031840142024,1.0,0.0,1.0,37.0,0.0
work-2,M0O100D1,3001,3.001,75.0,0,0,100,1,100,0.47,0.47,0.47,0.0,47.0,141,0.0284848484848484,0.0284848484848484,,,0.37,,3.19,,37.0,0.37,,17.68077965645225,58.010506626195465,0.92535668228005,1.0,0.0,1.0,37.0,0.0
work-2,M0O100D1,3101,3.101,75.0,0,0,100,1,100,0.44,0.44,0.44,0.0,44.0,139,0.028080808080808,0.028080808080808,,,0.35,,3.13,,35.0,0.35,,18.648674195336383,61.14465562959755,0.9425696466997452,0.9975,0.0,0.9975,35.0,0.0
work-2,M0O100D1,3201,3.201,75.0,0,0,100,1,100,0.5,0.5,0.5,0.0,50.0,156,0.0315151515151515,0.0315151515151515,,,0.37,,3.49,,37.0,0.37,,18.62403103388782,62.59888803109625,0.9600491628579336,0.9975,0.0,0.9975,37.0,0.0
work-2,M0O100D1,3301,3.301,75.0,0,0,100,1,100,0.55,0.55,0.55,0.0,55.0,136,0.0274747474747474,0.0274747474747474,,,0.35,,3.07,,35.0,0.35,,18.58959349066556,61.783319930401774,0.9497698252833768,1.0,0.0,1.0,35.0,0.0
work-2,M0O100D1,3401,3.401,75.0,0,0,100,1,100,0.52,0.52,0.52,0.0,52.0,156,0.0315151515151515,0.0315151515151515,,,0.35,,3.47,,35.0,0.35,,18.415385876781844,59.81703602775276,0.9644390048043616,1.0,0.0,1.0,35.0,0.0
work-2,M0O100D1,3501,3.501,75.0,0,0,100,1,100,0.45,0.45,0.45,0.0,45.0,160,0.0323232323232323,0.0323232323232323,,,0.38,,3.58,,38.0,0.38,,17.651282319813724,52.956291350064255,0.8399227353338315,1.0,0.0,1.0,38.0,0.0
work-2,M0O100D1,3601,3.601,75.0,0,0,100,1,100,0.4,0.4,0.4,0.0,40.0,136,0.0274747474747474,0.0274747474747474,,,0.36,,3.08,,36.0,0.36,,18.467002188924702,61.52794330798391,0.9584322454527736,1.0,0.0,1.0,36.0,0.0
work-2,M0O100D1,3701,3.701,75.0,0,0,100,1,100,0.45,0.45,0.45,0.0,45.0,141,0.0284848484848484,0.0284848484848484,,,0.35,,3.17,,35.0,0.35,,17.640082480934133,58.20857938026707,0.9247534868990404,0.9975,0.0,0.9975,35.0,0.0
work-2,M0O100D1,3801,3.801,75.0,0,0,100,1,100,0.49,0.49,0.49,0.0,49.0,130,0.0262626262626262,0.0262626262626262,,,0.35,,2.95,,35.0,0.35,,18.476023132371587,59.28075916403766,0.933710398262848,1.0,0.0,1.0,35.0,0.0
work-2,M0O100D1,3901,3.901,75.0,0,0,100,1,100,0.47,0.47,0.47,0.0,47.0,152,0.0307070707070707,0.0307070707070707,,,0.37,,3.41,,37.0,0.37,,17.407345869066557,56.17058709070766,0.804518538621585,1.0,0.0,1.0,37.0,0.0
work-2,M0O100D1,4001,4.001,75.0,0,0,100,1,100,0.52,0.52,0.52,0.0,52.0,165,0.0333333333333333,0.0333333333333333,,,0.38,,3.68,,38.0,0.38,,17.859594655254426,55.50897158559996,0.8282582422821663,1.0,0.0,1.0,38.0,0.0
work-2,M0O100D1,4101,4.101,75.0,0,0,100,1,100,0.54,0.54,0.54,0.0,54.0,165,0.0333333333333333,0.0333333333333333,,,0.38,,3.68,,38.0,0.38,,18.382752824646307,60.88585493533267,0.9361701136903052,1.0,0.0,1.0,38.0,0.0
work-2,M0O100D1,4201,4.2010000000000005,75.0,0,0,100,1,100,0.5,0.5,0.5,0.0,50.0,173,0.0349494949494949,0.0349494949494949,,,0.38,,3.84,,38.0,0.38,,17.8292320881093,58.74903425506266,0.91157415061445,1.0,0.0,1.0,38.0,0.0
work-2,M0O100D1,4301,4.301,75.0,0,0,100,1,100,0.56,0.56,0.56,0.0,56.0,183,0.0369696969696969,0.0369696969696969,,,0.41,,4.07,,41.0,0.41,,18.089809986841978,59.7995490081061,0.9299287442294129,1.0,0.0,1.0,41.0,0.0
work-2,M0O100D1,4401,4.401,75.0,0,0,100,1,100,0.52,0.52,0.52,0.0,52.0,164,0.0331313131313131,0.0331313131313131,,,0.41,,3.69,,41.0,0.41,,17.60064136753927,54.13271071639058,0.8395949034894818,1.0,0.0,1.0,41.0,0.0
work-2,M0O100D1,4501,4.501,75.0,0,0,100,1,100,0.56,0.56,0.56,0.0,56.0,182,0.0367676767676767,0.0367676767676767,,,0.41,,4.05,,41.0,0.41,,16.883059925978493,51.77558982418121,0.7707353251160178,1.0,0.0,1.0,41.0,0.0
work-2,M0O100D1,4601,4.601,75.0,0,0,100,1,100,0.54,0.54,0.54,0.0,54.0,160,0.0323232323232323,0.0323232323232323,,,0.4,,3.6,,40.0,0.4,,17.572037045117657,53.05639554956152,0.7540075720047574,1.0,0.0,1.0,40.0,0.0
work-2,M0O100D1,4701,4.7010000000000005,75.0,0,0,100,1,100,0.58,0.58,0.58,0.0,58.0,181,0.0365656565656565,0.0365656565656565,,,0.4,,4.02,,40.0,0.4,,16.219256224474417,46.644314597099886,0.6377653421663069,1.0,0.0,1.0,40.0,0.0
work-2,M0O100D1,4801,4.801,75.0,0,0,100,1,100,0.49,0.49,0.49,0.0,49.0,167,0.0337373737373737,0.0337373737373737,,,0.39,,3.73,,39.0,0.39,,18.032644427512164,59.463488714344585,0.8864942613162089,1.0,0.0,1.0,39.0,0.0
work-2,M0O100D1,4901,4.901,75.0,0,0,100,1,100,0.44,0.44,0.44,0.0,44.0,141,0.0284848484848484,0.0284848484848484,,,0.38,,3.2,,38.0,0.38,,16.7253156171367,50.96327406885245,0.677317633108458,0.995,0.0,0.995,38.0,0.0
work,M10O90D1,1001,1.001,82.668389,10,10,90,1,100,0.51,0.51,0.51,7.0,44.0,151,0.0305050505050505,0.0249687890137328,0.0888888888888888,0.0522222222222222,0.3444444444444444,0.4,3.088888888888889,5.9,35.0,0.3444444444444444,0.4,16.259968499813272,50.09531689228047,0.817261134996034,0.94,0.255,0.9975,31.0,4.0
work,M10O90D1,1101,1.101,82.668389,10,10,90,1,100,0.59,0.59,0.59,8.0,51.0,157,0.0317171717171717,0.0277153558052434,0.1333333333333333,0.0444444444444444,0.3555555555555555,0.4,3.2666666666666666,5.6,36.0,0.3555555555555555,0.4,18.28876907948517,55.76696217982684,0.9005510834030647,0.9525,0.32,1.0,32.0,4.0
work,M10O90D1,1201,1.201,82.668389,10,10,90,1,100,0.58,0.58,0.58,8.0,50.0,150,0.0303030303030303,0.0252184769038701,0.1111111111111111,0.0488888888888888,0.3444444444444444,0.4,3.077777777777778,5.8,35.0,0.3444444444444444,0.4,17.766809154970083,56.57321399325907,0.862619435087578,0.945,0.3375,1.0,31.0,4.0
work,M10O90D1,1301,1.301,82.668389,10,10,90,1,100,0.54,0.54,0.54,7.0,47.0,148,0.0298989898989899,0.0252184769038701,0.0222222222222222,0.0511111111111111,0.3444444444444444,0.4,3.1,5.2,35.0,0.3444444444444444,0.4,17.57479639306156,55.18980524442794,0.8259433641852266,0.945,0.2875,0.9975,31.0,4.0
work,M10O90D1,1401,1.401,82.668389,10,10,90,1,100,0.46,0.46,0.46,5.0,41.0,139,0.028080808080808,0.0259675405742821,0.0222222222222222,0.0377777777777777,0.3555555555555555,0.4,3.0444444444444443,4.0,36.0,0.3555555555555555,0.4,17.187095109492397,53.91281443020405,0.768356769280008,0.9325,0.335,1.0,32.0,4.0
work,M10O90D1,1501,1.501,82.668389,10,10,90,1,100,0.44,0.44,0.44,5.0,39.0,143,0.0288888888888888,0.0249687890137328,0.0444444444444444,0.0455555555555555,0.3333333333333333,0.4,3.011111111111111,4.9,34.0,0.3333333333333333,0.4,17.298387821807644,56.88967092603789,0.8996588244626511,0.9475,0.3025,1.0,30.0,4.0
work,M10O90D1,1601,1.601,82.668389,10,10,90,1,100,0.51,0.51,0.51,8.0,43.0,138,0.0278787878787878,0.0234706616729088,0.0444444444444444,0.0466666666666666,0.3333333333333333,0.5,2.888888888888889,5.1,35.0,0.3333333333333333,0.5,15.680648536904023,48.398747731488,0.5827308041846826,0.965,0.3475,0.9925,30.0,5.0
work,M10O90D1,1701,1.701,82.668389,10,10,90,1,100,0.51,0.51,0.51,7.0,44.0,120,0.0242424242424242,0.0177278401997503,0.0666666666666666,0.0511111111111111,0.3222222222222222,0.5,2.411111111111111,5.7,34.0,0.3222222222222222,0.5,18.87359752459348,63.02289847900559,0.9763441542699348,0.9325,0.365,0.995,29.0,5.0
work,M10O90D1,1801,1.801,82.668389,10,10,90,1,100,0.57,0.57,0.57,6.0,51.0,160,0.0323232323232323,0.0272159800249687,0.0444444444444444,0.0544444444444444,0.3555555555555555,0.5,3.3222222222222224,5.8,37.0,0.3555555555555555,0.5,16.807232116705514,53.053108457106575,0.7989585602901641,0.9375,0.3775,1.0,32.0,5.0
work,M10O90D1,1901,1.901,82.668389,10,10,90,1,100,0.54,0.54,0.54,6.0,48.0,180,0.0363636363636363,0.0314606741573033,0.0444444444444444,0.0577777777777777,0.3444444444444444,0.6,3.7222222222222223,6.2,37.0,0.3444444444444444,0.6,17.566091976877022,59.35824347510555,0.9162290952941268,0.9175,0.3675,0.9975,31.0,6.0
work,M10O90D1,2001,2.001,82.668389,10,10,90,1,100,0.44,0.44,0.44,4.0,40.0,142,0.0286868686868686,0.0239700374531835,0.0444444444444444,0.0488888888888888,0.3222222222222222,0.4,2.9444444444444446,5.2,33.0,0.3222222222222222,0.4,16.19004382340297,43.037489329277655,0.6021561587405456,0.94,0.285,1.0,29.0,4.0
work,M10O90D1,2101,2.101,82.668389,10,10,90,1,100,0.33,0.42,0.42,4.0,38.0,134,0.027070707070707,0.0227215980024968,0.0666666666666666,0.0444444444444444,0.3222222222222222,0.4,2.7888888888888888,5.0,33.0,0.3222222222222222,0.4,17.367563500276866,56.53157205250718,0.8540571046937669,0.9375,0.345,1.0,29.0,4.0
work,M10O90D1,2201,2.201,82.668389,10,10,90,1,100,0.48,0.48,0.48,9.0,39.0,132,0.0266666666666666,0.0227215980024968,0.0888888888888888,0.0411111111111111,0.3111111111111111,0.5,2.7444444444444445,5.0,33.0,0.3111111111111111,0.5,16.30902243518289,47.30454512174646,0.6613596418799647,0.93,0.35,0.9975,28.0,5.0
work,M10O90D1,2301,2.301,82.668389,10,10,90,1,100,0.49,0.49,0.49,8.0,41.0,112,0.0226262626262626,0.0174781523096129,0.0888888888888888,0.0422222222222222,0.3111111111111111,0.4,2.2888888888888888,5.0,32.0,0.3111111111111111,0.4,18.46415620424689,60.855832657683145,0.9718657181203616,0.9375,0.35,1.0,28.0,4.0
work,M10O90D1,2401,2.401,82.668389,10,10,90,1,100,0.42,0.42,0.42,5.0,37.0,124,0.025050505050505,0.0207240948813982,0.0222222222222222,0.0444444444444444,0.3111111111111111,0.4,2.6,4.6,32.0,0.3111111111111111,0.4,18.546601349088125,61.19131325200196,0.947028388864866,0.9225,0.345,1.0,28.0,4.0
work,M10O90D1,2501,2.501,82.668389,10,10,90,1,100,0.5,0.5,0.5,5.0,45.0,139,0.028080808080808,0.0259675405742821,0.0222222222222222,0.0377777777777777,0.3222222222222222,0.4,3.011111111111111,4.0,33.0,0.3222222222222222,0.4,18.093341123671458,61.05777494002782,0.9512671946063782,0.9425,0.285,1.0,29.0,4.0
work,M10O90D1,2601,2.601,82.668389,10,10,90,1,100,0.56,0.56,0.56,7.0,49.0,144,0.029090909090909,0.0237203495630461,0.0666666666666666,0.0511111111111111,0.3444444444444444,0.4,2.966666666666667,5.6,35.0,0.3444444444444444,0.4,17.557340653169557,58.18837492324648,0.9205654760163232,0.955,0.2825,1.0,31.0,4.0
work,M10O90D1,2701,2.701,82.668389,10,10,90,1,100,0.42,0.42,0.42,5.0,37.0,138,0.0278787878787878,0.0237203495630461,0.0222222222222222,0.0466666666666666,0.3333333333333333,0.5,2.911111111111111,4.9,35.0,0.3333333333333333,0.5,17.249655594449028,55.21729875149932,0.8428558711560402,0.9475,0.31,1.0,30.0,5.0
work,M10O90D1,2801,2.801,82.668389,10,10,90,1,100,0.56,0.56,0.56,9.0,47.0,158,0.0319191919191919,0.0237203495630461,0.1333333333333333,0.0633333333333333,0.3444444444444444,0.5,3.088888888888889,7.4,36.0,0.3444444444444444,0.5,15.862788453364464,46.08848314750845,0.655877544358417,0.92,0.315,1.0,31.0,5.0
work,M10O90D1,2901,2.901,82.668389,10,10,90,1,100,0.44,0.44,0.44,7.0,37.0,137,0.0276767676767676,0.0232209737827715,0.0666666666666666,0.0455555555555555,0.3555555555555555,0.6,2.8777777777777778,5.3,38.0,0.3555555555555555,0.6,16.838762268911907,50.97851532246537,0.794656014121093,0.9375,0.3675,1.0,32.0,6.0
work,M10O90D1,3001,3.001,82.668389,10,10,90,1,100,0.53,0.53,0.53,6.0,47.0,161,0.0325252525252525,0.0277153558052434,0.0444444444444444,0.0533333333333333,0.3555555555555555,0.4,3.355555555555556,5.6,36.0,0.3555555555555555,0.4,16.032761492157526,49.76102860822826,0.6339416985701619,0.95,0.3425,0.9975,32.0,4.0
work,M10O90D1,3101,3.101,82.668389,10,10,90,1,100,0.49,0.49,0.49,7.0,42.0,151,0.0305050505050505,0.0242197253433208,0.1111111111111111,0.0544444444444444,0.3444444444444444,0.4,3.0444444444444443,6.3,35.0,0.3444444444444444,0.4,18.364970444875915,61.95096818931905,0.9764548018470872,0.9325,0.2925,1.0,31.0,4.0
work,M10O90D1,3201,3.201,82.668389,10,10,90,1,100,0.55,0.55,0.55,6.0,49.0,160,0.0323232323232323,0.0279650436953807,0.0444444444444444,0.0511111111111111,0.3777777777777777,0.4,3.3777777777777778,5.4,38.0,0.3777777777777777,0.4,15.30018348288938,45.44856860669476,0.6599099250404403,0.9775,0.3,0.9925,34.0,4.0
work,M10O90D1,3301,3.301,82.668389,10,10,90,1,100,0.56,0.56,0.56,8.0,48.0,155,0.0313131313131313,0.0282147315855181,0.0666666666666666,0.0433333333333333,0.3777777777777777,0.4,3.3222222222222224,4.9,38.0,0.3777777777777777,0.4,17.409555078349843,55.79014836071805,0.8314890609311119,0.96,0.295,0.9975,34.0,4.0
work,M10O90D1,3401,3.401,82.668389,10,10,90,1,100,0.56,0.56,0.56,5.0,51.0,171,0.0345454545454545,0.02896379525593,0.0222222222222222,0.06,0.3888888888888889,0.4,3.566666666666667,6.0,39.0,0.3888888888888889,0.4,18.538242339893483,59.30597835247757,0.9159873416792772,0.935,0.2725,0.9975,35.0,4.0
work,M10O90D1,3501,3.501,82.668389,10,10,90,1,100,0.55,0.55,0.55,9.0,46.0,169,0.0341414141414141,0.031960049937578,0.0888888888888888,0.0411111111111111,0.4,0.4,3.655555555555555,4.9,40.0,0.4,0.4,18.39299502404201,61.82207489737914,0.9554862638400556,0.9375,0.2725,1.0,36.0,4.0
work,M10O90D1,3601,3.601,82.668389,10,10,90,1,100,0.54,0.54,0.54,6.0,48.0,203,0.041010101010101,0.0354556803995006,0.0222222222222222,0.0666666666666666,0.4,0.4,4.222222222222222,6.6,40.0,0.4,0.4,18.07617261254165,57.55434325497239,0.9028230424669776,0.955,0.33,1.0,36.0,4.0
work,M10O90D1,3701,3.701,82.668389,10,10,90,1,100,0.65,0.65,0.65,10.0,55.0,179,0.0361616161616161,0.0307116104868913,0.1111111111111111,0.0566666666666666,0.3888888888888889,0.5,3.688888888888889,6.6,40.0,0.3888888888888889,0.5,17.624195829666114,58.70258672428425,0.9319223771294278,0.915,0.3475,1.0,35.0,5.0
work,M10O90D1,3801,3.801,82.668389,10,10,90,1,100,0.49,0.49,0.49,5.0,44.0,177,0.0357575757575757,0.0344569288389513,0.0222222222222222,0.0422222222222222,0.3888888888888889,0.5,3.8777777777777778,4.5,40.0,0.3888888888888889,0.5,18.346575753739693,60.40296833101685,0.9250275616667022,0.945,0.3575,1.0,35.0,5.0
work,M10O90D1,3901,3.901,82.668389,10,10,90,1,100,0.5,0.5,0.5,5.0,45.0,160,0.0323232323232323,0.0287141073657927,0.0,0.05,0.3777777777777777,0.5,3.433333333333333,5.0,39.0,0.3777777777777777,0.5,17.438200326647543,52.4933749091428,0.7626127200594484,0.9625,0.275,1.0,34.0,5.0
work,M10O90D1,4001,4.001,82.668389,10,10,90,1,100,0.57,0.57,0.57,9.0,48.0,159,0.0321212121212121,0.0279650436953807,0.0888888888888888,0.0477777777777777,0.3555555555555555,0.5,3.3222222222222224,5.6,37.0,0.3555555555555555,0.5,17.372232734982855,52.9794467421281,0.8775615692893197,0.9125,0.3425,1.0,32.0,5.0
work,M10O90D1,4101,4.101,82.668389,10,10,90,1,100,0.5,0.5,0.5,6.0,44.0,140,0.0282828282828282,0.0227215980024968,0.0444444444444444,0.0522222222222222,0.3444444444444444,0.5,2.888888888888889,5.6,36.0,0.3444444444444444,0.5,17.567597755051217,54.203327659272695,0.8811792084458209,0.9,0.33,0.9975,31.0,5.0
work,M10O90D1,4201,4.2010000000000005,82.668389,10,10,90,1,100,0.48,0.48,0.48,5.0,43.0,154,0.0311111111111111,0.0272159800249687,0.0444444444444444,0.0477777777777777,0.3444444444444444,0.5,3.2444444444444445,5.2,36.0,0.3444444444444444,0.5,18.14823036410285,58.6479675046121,0.8831046116847834,0.8875,0.33,1.0,31.0,5.0
work,M10O90D1,4301,4.301,82.668389,10,10,90,1,100,0.54,0.54,0.54,8.0,46.0,170,0.0343434343434343,0.0287141073657927,0.0444444444444444,0.0588888888888888,0.3333333333333333,0.6,3.477777777777778,6.3,36.0,0.3333333333333333,0.6,18.603118953650924,60.21632542247025,0.9327238641476558,0.91,0.3375,1.0,30.0,6.0
work,M10O90D1,4401,4.401,82.668389,10,10,90,1,100,0.57,0.57,0.57,8.0,49.0,162,0.0327272727272727,0.0239700374531835,0.1333333333333333,0.0666666666666666,0.3333333333333333,0.6,3.1333333333333333,7.8,36.0,0.3333333333333333,0.6,16.99104319440753,53.92141814895079,0.9208136612462944,0.895,0.33,1.0,30.0,6.0
work,M10O90D1,4501,4.501,82.668389,10,10,90,1,100,0.58,0.58,0.58,9.0,49.0,161,0.0325252525252525,0.0264669163545568,0.1111111111111111,0.0555555555555555,0.3555555555555555,0.5,3.2666666666666666,6.5,37.0,0.3555555555555555,0.5,18.370425713039182,59.8789629751499,0.9373990426331492,0.9325,0.2475,0.9975,32.0,5.0
work,M10O90D1,4601,4.601,82.668389,10,10,90,1,100,0.54,0.54,0.54,9.0,45.0,150,0.0303030303030303,0.0237203495630461,0.1111111111111111,0.0555555555555555,0.3555555555555555,0.6,3.022222222222222,6.6,38.0,0.3555555555555555,0.6,17.94379786073212,58.77248899904991,0.938705967959132,0.9475,0.2725,0.995,32.0,6.0
work,M10O90D1,4701,4.7010000000000005,82.668389,10,10,90,1,100,0.58,0.58,0.58,6.0,52.0,179,0.0361616161616161,0.030461922596754,0.1111111111111111,0.0577777777777777,0.3666666666666666,0.6,3.655555555555555,6.8,39.0,0.3666666666666666,0.6,16.66884507612706,53.036584395445495,0.7329891358932304,0.9475,0.265,1.0,33.0,6.0
work,M10O90D1,4801,4.801,82.668389,10,10,90,1,100,0.62,0.62,0.62,9.0,53.0,178,0.0359595959595959,0.0314606741573033,0.1333333333333333,0.0511111111111111,0.3777777777777777,0.5,3.688888888888889,6.3,39.0,0.3777777777777777,0.5,16.358849335773936,49.04358821717755,0.7786818876487958,0.93,0.29,1.0,34.0,5.0
work,M10O90D1,4901,4.901,82.668389,10,10,90,1,100,0.43,0.43,0.43,5.0,38.0,161,0.0325252525252525,0.0272159800249687,0.0888888888888888,0.0533333333333333,0.3555555555555555,0.5,3.311111111111111,6.1,37.0,0.3555555555555555,0.5,18.909118653799908,63.03354306732595,0.9423921824114128,0.9625,0.2725,1.0,32.0,5.0
work-1,M10O90D1,1001,1.001,82.668389,10,10,90,1,100,0.51,0.51,0.51,7.0,44.0,160,0.0323232323232323,0.0244694132334581,0.0444444444444444,0.0666666666666666,0.3111111111111111,0.5,3.1555555555555554,6.9,33.0,0.3111111111111111,0.5,17.66922282436259,59.36745925922225,0.9141109256874556,0.875,0.38,0.9925,28.0,5.0
work-1,M10O90D1,1101,1.101,82.668389,10,10,90,1,100,0.46,0.46,0.46,5.0,41.0,139,0.028080808080808,0.0234706616729088,0.0444444444444444,0.0477777777777777,0.3111111111111111,0.5,2.8777777777777778,5.2,33.0,0.3111111111111111,0.5,17.560103998055595,58.82846153439908,0.888724971677341,0.935,0.3475,1.0,28.0,5.0
work-1,M10O90D1,1201,1.201,82.668389,10,10,90,1,100,0.51,0.51,0.51,7.0,44.0,135,0.0272727272727272,0.0222222222222222,0.0444444444444444,0.0488888888888888,0.2888888888888888,0.4,2.7555555555555555,5.2,30.0,0.2888888888888888,0.4,16.79072199491184,53.16785342932788,0.866774784250195,0.895,0.295,0.9975,26.0,4.0
work-1,M10O90D1,1301,1.301,82.668389,10,10,90,1,100,0.47,0.47,0.47,8.0,39.0,127,0.0256565656565656,0.0207240948813982,0.0444444444444444,0.0466666666666666,0.2888888888888888,0.5,2.6,5.1,31.0,0.2888888888888888,0.5,17.599635124981205,57.14046026406066,0.923358972420888,0.89,0.3525,1.0,26.0,5.0
work-1,M10O90D1,1401,1.401,82.668389,10,10,90,1,100,0.41,0.41,0.41,7.0,34.0,133,0.0268686868686868,0.0214731585518102,0.0666666666666666,0.0488888888888888,0.3111111111111111,0.4,2.7111111111111112,5.4,32.0,0.3111111111111111,0.4,18.01520315222052,59.42917257901362,0.9250889481397082,0.915,0.3425,0.995,28.0,4.0
work-1,M10O90D1,1501,1.501,82.668389,10,10,90,1,100,0.53,0.53,0.53,8.0,45.0,148,0.0298989898989899,0.0214731585518102,0.1333333333333333,0.0622222222222222,0.3,0.4,2.833333333333333,7.2,31.0,0.3,0.4,17.624122644301586,57.3357528372651,0.8490237187118189,0.945,0.3775,0.995,27.0,4.0
work-1,M10O90D1,1601,1.601,82.668389,10,10,90,1,100,0.58,0.58,0.58,8.0,50.0,151,0.0305050505050505,0.0207240948813982,0.0666666666666666,0.0722222222222222,0.3111111111111111,0.6,2.8777777777777778,7.7,34.0,0.3111111111111111,0.6,17.677454464629182,57.15912438413473,0.8777186114083488,0.9175,0.39,1.0,28.0,6.0
work-1,M10O90D1,1701,1.701,82.668389,10,10,90,1,100,0.47,0.47,0.47,6.0,41.0,150,0.0303030303030303,0.0239700374531835,0.0444444444444444,0.0577777777777777,0.3222222222222222,0.5,3.033333333333333,6.1,34.0,0.3222222222222222,0.5,17.850285701627243,57.02653260668409,0.8896730328439114,0.965,0.335,1.0,29.0,5.0
work-1,M10O90D1,1801,1.801,82.668389,10,10,90,1,100,0.46,0.46,0.46,5.0,41.0,146,0.0294949494949494,0.0244694132334581,0.0444444444444444,0.0511111111111111,0.3444444444444444,0.4,3.033333333333333,5.4,35.0,0.3444444444444444,0.4,17.549724887756362,58.43807307606697,0.8695267112393537,0.9775,0.37,1.0,31.0,4.0
work-1,M10O90D1,1901,1.901,82.668389,10,10,90,1,100,0.53,0.53,0.53,7.0,46.0,149,0.0301010101010101,0.0244694132334581,0.0666666666666666,0.0533333333333333,0.3444444444444444,0.4,3.055555555555556,5.8,35.0,0.3444444444444444,0.4,17.74616555551576,57.57468045986659,0.8461388872371668,0.955,0.3375,0.9975,31.0,4.0
work-1,M10O90D1,2001,2.001,82.668389,10,10,90,1,100,0.46,0.46,0.46,7.0,39.0,143,0.0288888888888888,0.0222222222222222,0.0666666666666666,0.0566666666666666,0.3333333333333333,0.4,2.8777777777777778,6.1,34.0,0.3333333333333333,0.4,17.856191937272772,60.23987239649657,0.9143133665075136,0.935,0.3375,0.9975,30.0,4.0
work-1,M10O90D1,2101,2.101,82.668389,10,10,90,1,100,0.49,0.49,0.49,7.0,42.0,160,0.0323232323232323,0.0277153558052434,0.0666666666666666,0.0511111111111111,0.3444444444444444,0.4,3.3222222222222224,5.6,35.0,0.3444444444444444,0.4,18.56792443668517,61.03845142754907,0.9417033768434232,0.9375,0.355,1.0,31.0,4.0
work-1,M10O90D1,2201,2.201,82.668389,10,10,90,1,100,0.48,0.48,0.48,7.0,41.0,151,0.0305050505050505,0.0237203495630461,0.1111111111111111,0.0566666666666666,0.3333333333333333,0.4,3.011111111111111,6.5,34.0,0.3333333333333333,0.4,18.108340097061607,59.22998900992055,0.9186804086589482,0.9525,0.375,1.0,30.0,4.0
work-1,M10O90D1,2301,2.301,82.668389,10,10,90,1,100,0.46,0.46,0.46,5.0,41.0,132,0.0266666666666666,0.0202247191011235,0.0222222222222222,0.0555555555555555,0.3222222222222222,0.4,2.6777777777777776,5.6,33.0,0.3222222222222222,0.4,17.96015158682867,58.38952055847794,0.9227473665405154,0.95,0.3775,1.0,29.0,4.0
work-1,M10O90D1,2401,2.401,82.668389,10,10,90,1,100,0.54,0.54,0.54,7.0,47.0,122,0.0246464646464646,0.0182272159800249,0.0666666666666666,0.0511111111111111,0.3111111111111111,0.4,2.4444444444444446,5.6,32.0,0.3111111111111111,0.4,17.00488743220085,55.543486607980455,0.8423129261253455,0.925,0.2925,0.99,28.0,4.0
work-1,M10O90D1,2501,2.501,82.668389,10,10,90,1,100,0.55,0.55,0.55,7.0,48.0,141,0.0284848484848484,0.0244694132334581,0.0888888888888888,0.0433333333333333,0.3222222222222222,0.4,2.933333333333333,5.1,33.0,0.3222222222222222,0.4,18.49118383701393,62.89722479079308,0.9775543881692536,0.975,0.25,1.0,29.0,4.0
work-1,M10O90D1,2601,2.601,82.668389,10,10,90,1,100,0.41,0.41,0.41,4.0,37.0,144,0.029090909090909,0.0257178526841448,0.0444444444444444,0.0433333333333333,0.3555555555555555,0.4,3.077777777777778,4.7,36.0,0.3555555555555555,0.4,17.865103772661154,59.484598624153726,0.9048133466777356,0.935,0.235,0.9975,32.0,4.0
work-1,M10O90D1,2701,2.701,82.668389,10,10,90,1,100,0.52,0.52,0.52,5.0,47.0,141,0.0284848484848484,0.0282147315855181,0.0444444444444444,0.0288888888888888,0.3555555555555555,0.3,3.1555555555555554,3.3,35.0,0.3555555555555555,0.3,17.67231714707509,54.29940888999182,0.816557536625052,0.9525,0.2675,1.0,32.0,3.0
work-1,M10O90D1,2801,2.801,82.668389,10,10,90,1,100,0.4,0.4,0.4,4.0,36.0,130,0.0262626262626262,0.0247191011235955,0.0222222222222222,0.0333333333333333,0.3555555555555555,0.3,2.888888888888889,3.5,35.0,0.3555555555555555,0.3,16.564834205189033,50.74982025819544,0.701521214957999,0.9625,0.205,1.0,32.0,3.0
work-1,M10O90D1,2901,2.901,82.668389,10,10,90,1,100,0.55,0.55,0.55,7.0,48.0,145,0.0292929292929292,0.0269662921348314,0.0666666666666666,0.0377777777777777,0.3777777777777777,0.3,3.1555555555555554,4.3,37.0,0.3777777777777777,0.3,18.10433161105296,60.36205717977296,0.9240739789106838,0.9525,0.2225,1.0,34.0,3.0
work-1,M10O90D1,3001,3.001,82.668389,10,10,90,1,100,0.46,0.46,0.46,4.0,42.0,124,0.025050505050505,0.0234706616729088,0.0444444444444444,0.0311111111111111,0.3555555555555555,0.4,2.7555555555555555,3.6,36.0,0.3555555555555555,0.4,18.499605717345577,60.945799651379645,0.9454900456462164,0.955,0.2725,1.0,32.0,4.0
work-1,M10O90D1,3101,3.101,82.668389,10,10,90,1,100,0.49,0.49,0.49,5.0,44.0,163,0.0329292929292929,0.0309612983770287,0.0666666666666666,0.04,0.3666666666666666,0.5,3.522222222222222,4.7,38.0,0.3666666666666666,0.5,18.39909949229755,59.37324694375648,0.9466458879209628,0.97,0.2775,1.0,33.0,5.0
work-1,M10O90D1,3201,3.201,82.668389,10,10,90,1,100,0.63,0.63,0.63,9.0,54.0,171,0.0345454545454545,0.0322097378277153,0.0888888888888888,0.0422222222222222,0.3777777777777777,0.4,3.6666666666666665,5.0,38.0,0.3777777777777777,0.4,17.552164411910574,56.35104879485809,0.8332460559734105,0.9525,0.295,0.9975,34.0,4.0
work-1,M10O90D1,3301,3.301,82.668389,10,10,90,1,100,0.51,0.51,0.51,5.0,46.0,156,0.0315151515151515,0.0279650436953807,0.0222222222222222,0.0477777777777777,0.3777777777777777,0.4,3.344444444444445,4.9,38.0,0.3777777777777777,0.4,17.753063992117482,54.94117974321006,0.9025147603651212,0.98,0.285,1.0,34.0,4.0
work-1,M10O90D1,3401,3.401,82.668389,10,10,90,1,100,0.49,0.49,0.49,6.0,43.0,142,0.0286868686868686,0.0252184769038701,0.0222222222222222,0.0444444444444444,0.3555555555555555,0.4,3.0444444444444443,4.6,36.0,0.3555555555555555,0.4,18.034256996435296,55.40713848247341,0.8829418100815365,0.9325,0.3075,1.0,32.0,4.0
work-1,M10O90D1,3501,3.501,82.668389,10,10,90,1,100,0.59,0.59,0.59,6.0,53.0,158,0.0319191919191919,0.0272159800249687,0.0222222222222222,0.0533333333333333,0.3666666666666666,0.5,3.3222222222222224,5.5,38.0,0.3666666666666666,0.5,18.26786219712317,59.50346991787458,0.9300137717048332,0.95,0.28,1.0,33.0,5.0
work-1,M10O90D1,3601,3.601,82.668389,10,10,90,1,100,0.47,0.47,0.47,6.0,41.0,142,0.0286868686868686,0.0237203495630461,0.0666666666666666,0.0488888888888888,0.3222222222222222,0.5,2.922222222222222,5.5,34.0,0.3222222222222222,0.5,17.92212162327604,55.81135435003952,0.8737091918343654,0.93,0.34,1.0,29.0,5.0
work-1,M10O90D1,3701,3.701,82.668389,10,10,90,1,100,0.6,0.6,0.6,6.0,54.0,180,0.0363636363636363,0.031210986267166,0.0888888888888888,0.0566666666666666,0.3444444444444444,0.4,3.688888888888889,6.3,35.0,0.3444444444444444,0.4,18.32343217973578,58.51397336948691,0.9430805617393604,0.88,0.37,1.0,31.0,4.0
work-1,M10O90D1,3801,3.801,82.668389,10,10,90,1,100,0.61,0.61,0.61,8.0,53.0,168,0.0339393939393939,0.0282147315855181,0.0666666666666666,0.0577777777777777,0.3555555555555555,0.4,3.4444444444444446,6.2,36.0,0.3555555555555555,0.4,17.659737349398657,56.85267348754092,0.8532142649392945,0.945,0.3025,1.0,32.0,4.0
work-1,M10O90D1,3901,3.901,82.668389,10,10,90,1,100,0.54,0.54,0.54,8.0,46.0,157,0.0317171717171717,0.0257178526841448,0.0888888888888888,0.0555555555555555,0.3222222222222222,0.3,3.1666666666666665,6.1,32.0,0.3222222222222222,0.3,17.711909475833373,58.037503696531886,0.914717490378994,0.9425,0.28,1.0,29.0,3.0
work-1,M10O90D1,4001,4.001,82.668389,10,10,90,1,100,0.47,0.47,0.47,6.0,41.0,151,0.0305050505050505,0.0257178526841448,0.1111111111111111,0.0477777777777777,0.3555555555555555,0.3,3.1222222222222222,5.6,35.0,0.3555555555555555,0.3,17.10686899152819,57.617771029530765,0.8690329335962366,0.965,0.2525,1.0,32.0,3.0
work-1,M10O90D1,4101,4.101,82.668389,10,10,90,1,100,0.54,0.54,0.54,6.0,48.0,159,0.0321212121212121,0.0302122347066167,0.0666666666666666,0.0388888888888888,0.3777777777777777,0.2,3.455555555555556,4.3,36.0,0.3777777777777777,0.2,17.383006233869224,56.19360736957065,0.9117153417612842,0.94,0.2075,0.9975,34.0,2.0
work-1,M10O90D1,4201,4.2010000000000005,82.668389,10,10,90,1,100,0.42,0.42,0.42,3.0,39.0,139,0.028080808080808,0.0269662921348314,0.0444444444444444,0.0322222222222222,0.3777777777777777,0.2,3.1,3.5,36.0,0.3777777777777777,0.2,16.165612255470545,50.26615001775031,0.6989722215003293,0.9825,0.18,1.0,34.0,2.0
work-1,M10O90D1,4301,4.301,82.668389,10,10,90,1,100,0.46,0.46,0.46,3.0,43.0,152,0.0307070707070707,0.02896379525593,0.0222222222222222,0.0388888888888888,0.3777777777777777,0.3,3.344444444444445,4.0,37.0,0.3777777777777777,0.3,18.596105862452447,62.6334310793055,0.977177021346332,0.99,0.1775,1.0,34.0,3.0
work-1,M10O90D1,4401,4.401,82.668389,10,10,90,1,100,0.47,0.47,0.47,4.0,43.0,146,0.0294949494949494,0.0287141073657927,0.0666666666666666,0.0311111111111111,0.3777777777777777,0.2,3.2444444444444445,3.6,36.0,0.3777777777777777,0.2,18.25528715776632,59.334088162010914,0.9053779318904004,0.9875,0.145,1.0,34.0,2.0
work-1,M10O90D1,4501,4.501,82.668389,10,10,90,1,100,0.56,0.56,0.56,5.0,51.0,159,0.0321212121212121,0.029712858926342,0.0666666666666666,0.0411111111111111,0.3777777777777777,0.2,3.433333333333333,4.5,36.0,0.3777777777777777,0.2,17.566864719971697,57.82407224550575,0.9223353338821664,0.9725,0.1775,0.9975,34.0,2.0
work-1,M10O90D1,4601,4.601,82.668389,10,10,90,1,100,0.5,0.5,0.5,5.0,45.0,158,0.0319191919191919,0.0307116104868913,0.0444444444444444,0.0366666666666666,0.3777777777777777,0.2,3.477777777777778,3.9,36.0,0.3777777777777777,0.2,17.89902508683789,59.5062244228014,0.9337994332021304,0.9725,0.16,1.0,34.0,2.0
work-1,M10O90D1,4701,4.7010000000000005,82.668389,10,10,90,1,100,0.32,0.44,0.44,5.0,39.0,125,0.0252525252525252,0.0224719101123595,0.0222222222222222,0.0377777777777777,0.3666666666666666,0.3,2.7444444444444445,3.9,36.0,0.3666666666666666,0.3,18.14498848651139,59.39510864260578,0.924190326237794,0.965,0.245,1.0,33.0,3.0
work-1,M10O90D1,4801,4.801,82.668389,10,10,90,1,100,0.44,0.44,0.44,3.0,41.0,168,0.0339393939393939,0.0292134831460674,0.0666666666666666,0.0533333333333333,0.3666666666666666,0.3,3.5,5.7,36.0,0.3666666666666666,0.3,18.505563825107867,62.0450604292606,0.954922637186588,0.9575,0.2525,1.0,33.0,3.0
work-1,M10O90D1,4901,4.901,82.668389,10,10,90,1,100,0.41,0.41,0.41,4.0,37.0,128,0.0258585858585858,0.0207240948813982,0.0444444444444444,0.0477777777777777,0.3333333333333333,0.2,2.6555555555555554,4.9,32.0,0.3333333333333333,0.2,17.96043626483091,58.32581957026753,0.8595820062845262,0.96,0.2175,1.0,30.0,2.0
work-2,M10O90D1,1001,1.001,82.668389,10,10,90,1,100,0.52,0.52,0.52,6.0,46.0,125,0.0252525252525252,0.0222222222222222,0.0444444444444444,0.0377777777777777,0.3555555555555555,0.3,2.7111111111111112,4.1,35.0,0.3555555555555555,0.3,17.242946164409183,53.44771723668058,0.7742838098195293,0.9325,0.235,1.0,32.0,3.0
work-2,M10O90D1,1101,1.101,82.668389,10,10,90,1,100,0.5,0.5,0.5,5.0,45.0,159,0.0321212121212121,0.0279650436953807,0.0666666666666666,0.0488888888888888,0.3777777777777777,0.3,3.355555555555556,5.3,37.0,0.3777777777777777,0.3,16.774810706800917,47.124310161764605,0.637679427517396,0.955,0.27,1.0,34.0,3.0
work-2,M10O90D1,1201,1.201,82.668389,10,10,90,1,100,0.49,0.49,0.49,4.0,45.0,146,0.0294949494949494,0.0267166042446941,0.0,0.0433333333333333,0.3888888888888889,0.3,3.2,4.2,38.0,0.3888888888888889,0.3,15.361313190446548,44.04370941305726,0.530662069094377,0.9625,0.23,0.9975,35.0,3.0
work-2,M10O90D1,1301,1.301,82.668389,10,10,90,1,100,0.47,0.47,0.47,4.0,43.0,165,0.0333333333333333,0.0299625468164794,0.0444444444444444,0.0477777777777777,0.4,0.3,3.5444444444444443,5.0,39.0,0.4,0.3,16.947007773696775,52.302794726563086,0.7571125309313341,0.98,0.2075,1.0,36.0,3.0
work-2,M10O90D1,1401,1.401,82.668389,10,10,90,1,100,0.46,0.46,0.46,3.0,43.0,170,0.0343434343434343,0.0314606741573033,0.0444444444444444,0.0466666666666666,0.4,0.3,3.6666666666666665,4.9,39.0,0.4,0.3,18.586239456794875,61.26451311848755,0.90630828183732,0.9675,0.215,0.99,36.0,3.0
work-2,M10O90D1,1501,1.501,82.668389,10,10,90,1,100,0.47,0.47,0.47,5.0,42.0,157,0.0317171717171717,0.0292134831460674,0.0222222222222222,0.0433333333333333,0.3777777777777777,0.3,3.411111111111111,4.4,37.0,0.3777777777777777,0.3,18.35432262756156,60.689917350072825,0.9755667163601108,0.9625,0.215,0.9975,34.0,3.0
work-2,M10O90D1,1601,1.601,82.668389,10,10,90,1,100,0.59,0.59,0.59,6.0,53.0,150,0.0303030303030303,0.0269662921348314,0.0222222222222222,0.0455555555555555,0.3555555555555555,0.3,3.2111111111111112,4.6,35.0,0.3555555555555555,0.3,18.82103586869744,62.517235768995306,0.981026882989086,0.9725,0.1975,0.9975,32.0,3.0
work-2,M10O90D1,1701,1.701,82.668389,10,10,90,1,100,0.42,0.42,0.42,4.0,38.0,139,0.028080808080808,0.0249687890137328,0.0666666666666666,0.04,0.3555555555555555,0.3,2.977777777777778,4.5,35.0,0.3555555555555555,0.3,17.539422100293997,55.29833363614147,0.7872537073254193,0.9375,0.2325,1.0,32.0,3.0
work-2,M10O90D1,1801,1.801,82.668389,10,10,90,1,100,0.59,0.59,0.59,6.0,53.0,140,0.0282828282828282,0.0239700374531835,0.0666666666666666,0.0455555555555555,0.3444444444444444,0.3,2.933333333333333,5.0,34.0,0.3444444444444444,0.3,18.367834025973277,59.10023273712797,0.8902704403461951,0.955,0.245,1.0,31.0,3.0
work-2,M10O90D1,1901,1.901,82.668389,10,10,90,1,100,0.41,0.41,0.41,5.0,36.0,135,0.0272727272727272,0.0242197253433208,0.0888888888888888,0.0377777777777777,0.3333333333333333,0.3,2.8666666666666667,4.5,33.0,0.3333333333333333,0.3,18.591399197058266,62.102282462479415,0.9541776329189268,0.96,0.245,0.9975,30.0,3.0
work-2,M10O90D1,2001,2.001,82.668389,10,10,90,1,100,0.55,0.55,0.55,6.0,49.0,149,0.0301010101010101,0.0252184769038701,0.0222222222222222,0.0522222222222222,0.3444444444444444,0.2,3.111111111111111,5.1,33.0,0.3444444444444444,0.2,18.169222966776825,57.72616244420027,0.9426771468836456,0.9825,0.185,0.9975,31.0,2.0
work-2,M10O90D1,2101,2.101,82.668389,10,10,90,1,100,0.44,0.44,0.44,5.0,39.0,141,0.0284848484848484,0.0257178526841448,0.0444444444444444,0.04,0.3555555555555555,0.2,3.0444444444444443,4.2,34.0,0.3555555555555555,0.2,14.490860499834774,35.674107751889856,0.467313774523186,0.9725,0.1775,0.9975,32.0,2.0
work-2,M10O90D1,2201,2.201,82.668389,10,10,90,1,100,0.42,0.42,0.42,2.0,40.0,135,0.0272727272727272,0.0272159800249687,0.0666666666666666,0.0255555555555555,0.3444444444444444,0.2,3.022222222222222,3.1,33.0,0.3444444444444444,0.2,15.604630333117653,42.77461607200664,0.6000718491578774,0.96,0.1675,1.0,31.0,2.0
work-2,M10O90D1,2301,2.301,82.668389,10,10,90,1,100,0.44,0.44,0.44,5.0,39.0,145,0.0292929292929292,0.0277153558052434,0.0222222222222222,0.0366666666666666,0.3444444444444444,0.3,3.1777777777777776,3.8,34.0,0.3444444444444444,0.3,17.571087449282462,56.98717580348473,0.8836736043602288,0.9625,0.19,0.9925,31.0,3.0
work-2,M10O90D1,2401,2.401,82.668389,10,10,90,1,100,0.41,0.41,0.41,3.0,38.0,132,0.0266666666666666,0.0239700374531835,0.0444444444444444,0.0377777777777777,0.3444444444444444,0.2,2.855555555555556,4.0,33.0,0.3444444444444444,0.2,18.53427050702908,61.74261520897305,0.9508983487051772,0.9575,0.2175,1.0,31.0,2.0
work-2,M10O90D1,2501,2.501,82.668389,10,10,90,1,100,0.37,0.37,0.37,3.0,34.0,122,0.0246464646464646,0.0237203495630461,0.0888888888888888,0.0255555555555555,0.3333333333333333,0.2,2.7,3.3,32.0,0.3333333333333333,0.2,18.196756509779643,59.88503863126705,0.9494814479014724,0.9375,0.16,1.0,30.0,2.0
work-2,M10O90D1,2601,2.601,82.668389,10,10,90,1,100,0.47,0.47,0.47,6.0,41.0,127,0.0256565656565656,0.0242197253433208,0.0444444444444444,0.0311111111111111,0.3333333333333333,0.3,2.8,3.5,33.0,0.3333333333333333,0.3,16.447419110651836,53.75123702546762,0.764313573447215,0.9075,0.1925,1.0,30.0,3.0
work-2,M10O90D1,2701,2.701,82.668389,10,10,90,1,100,0.53,0.53,0.53,8.0,45.0,149,0.0301010101010101,0.0264669163545568,0.1111111111111111,0.0422222222222222,0.3444444444444444,0.3,3.1222222222222222,5.1,34.0,0.3444444444444444,0.3,18.136908349812185,59.61695562571676,0.9460142049354556,0.9625,0.2325,1.0,31.0,3.0
work-2,M10O90D1,2801,2.801,82.668389,10,10,90,1,100,0.51,0.51,0.51,7.0,44.0,140,0.0282828282828282,0.0264669163545568,0.1333333333333333,0.0311111111111111,0.3333333333333333,0.2,3.0,4.2,32.0,0.3333333333333333,0.2,18.80021903199732,63.21341349145068,0.96922229911571,0.945,0.2025,1.0,30.0,2.0
work-2,M10O90D1,2901,2.901,82.668389,10,10,90,1,100,0.52,0.52,0.52,5.0,47.0,131,0.0264646464646464,0.0232209737827715,0.0222222222222222,0.0411111111111111,0.3222222222222222,0.2,2.8,4.1,31.0,0.3222222222222222,0.2,17.70431612953141,54.32321296504435,0.8768506445121701,0.9425,0.1925,1.0,29.0,2.0
work-2,M10O90D1,3001,3.001,82.668389,10,10,90,1,100,0.47,0.47,0.47,5.0,42.0,133,0.0268686868686868,0.0249687890137328,0.0222222222222222,0.0355555555555555,0.3222222222222222,0.2,2.9,3.6,31.0,0.3222222222222222,0.2,18.382127441041725,59.94181998650394,0.9440724579984356,0.9525,0.175,1.0,29.0,2.0
work-2,M10O90D1,3101,3.101,82.668389,10,10,90,1,100,0.47,0.47,0.47,5.0,42.0,147,0.0296969696969696,0.0249687890137328,0.0666666666666666,0.0488888888888888,0.3333333333333333,0.3,3.0444444444444443,5.3,33.0,0.3333333333333333,0.3,17.440149282270188,54.27305306276877,0.8076861176770633,0.92,0.2875,0.995,30.0,3.0
work-2,M10O90D1,3201,3.201,82.668389,10,10,90,1,100,0.68,0.68,0.68,8.0,60.0,159,0.0321212121212121,0.0274656679151061,0.1333333333333333,0.0477777777777777,0.3555555555555555,0.3,3.2777777777777777,5.8,35.0,0.3555555555555555,0.3,17.1834995332753,52.10636049431715,0.7049225436007723,0.9375,0.2675,1.0,32.0,3.0
work-2,M10O90D1,3301,3.301,82.668389,10,10,90,1,100,0.47,0.47,0.47,3.0,44.0,156,0.0315151515151515,0.0279650436953807,0.0666666666666666,0.0455555555555555,0.3555555555555555,0.3,3.3,5.0,35.0,0.3555555555555555,0.3,17.92126865105531,59.42643630785422,0.9465322544944038,0.985,0.2625,1.0,32.0,3.0
work-2,M10O90D1,3401,3.401,82.668389,10,10,90,1,100,0.48,0.48,0.48,4.0,44.0,145,0.0292929292929292,0.0262172284644194,0.0666666666666666,0.0411111111111111,0.3666666666666666,0.3,3.111111111111111,4.6,36.0,0.3666666666666666,0.3,18.66700787578272,61.48963188423303,0.9103572176697076,0.95,0.3025,0.995,33.0,3.0
work-2,M10O90D1,3501,3.501,82.668389,10,10,90,1,100,0.43,0.43,0.43,5.0,38.0,156,0.0315151515151515,0.0249687890137328,0.0888888888888888,0.0577777777777777,0.3555555555555555,0.4,3.1555555555555554,6.4,36.0,0.3555555555555555,0.4,18.19754969233356,60.47198060374645,0.9559518542268975,0.9725,0.3125,1.0,32.0,4.0
work-2,M10O90D1,3601,3.601,82.668389,10,10,90,1,100,0.4,0.4,0.4,4.0,36.0,139,0.028080808080808,0.0239700374531835,0.0444444444444444,0.0455555555555555,0.3333333333333333,0.4,2.922222222222222,4.9,34.0,0.3333333333333333,0.4,17.099838620379646,53.45896320235907,0.8602239567375816,0.9475,0.245,1.0,30.0,4.0
work-2,M10O90D1,3701,3.701,82.668389,10,10,90,1,100,0.48,0.48,0.48,5.0,43.0,136,0.0274747474747474,0.0234706616729088,0.1333333333333333,0.04,0.3444444444444444,0.4,2.833333333333333,5.2,35.0,0.3444444444444444,0.4,18.26446642483633,58.46700215446624,0.893319496631437,0.9125,0.27,0.9975,31.0,4.0
work-2,M10O90D1,3801,3.801,82.668389,10,10,90,1,100,0.5,0.5,0.5,7.0,43.0,152,0.0307070707070707,0.0249687890137328,0.0888888888888888,0.0533333333333333,0.3333333333333333,0.3,3.088888888888889,5.9,33.0,0.3333333333333333,0.3,18.245230764100096,59.24427267369581,0.8884249292095073,0.98,0.1825,1.0,30.0,3.0
work-2,M10O90D1,3901,3.901,82.668389,10,10,90,1,100,0.52,0.52,0.52,5.0,47.0,135,0.0272727272727272,0.0232209737827715,0.0444444444444444,0.0444444444444444,0.3222222222222222,0.3,2.833333333333333,4.7,32.0,0.3222222222222222,0.3,18.01639335357748,60.10924133009404,0.9227156830145158,0.9475,0.1675,0.995,29.0,3.0
work-2,M10O90D1,4001,4.001,82.668389,10,10,90,1,100,0.43,0.43,0.43,4.0,39.0,132,0.0266666666666666,0.0259675405742821,0.0444444444444444,0.0288888888888888,0.3444444444444444,0.3,2.9444444444444446,3.3,34.0,0.3444444444444444,0.3,17.947941813009024,57.69441518896944,0.8969323569903568,0.9225,0.1925,1.0,31.0,3.0
work-2,M10O90D1,4101,4.101,82.668389,10,10,90,1,100,0.48,0.48,0.48,6.0,42.0,145,0.0292929292929292,0.0267166042446941,0.0888888888888888,0.0377777777777777,0.3666666666666666,0.3,3.1222222222222222,4.5,36.0,0.3666666666666666,0.3,17.6774284074926,55.47258451597845,0.8630991544198556,0.99,0.17,1.0,33.0,3.0
work-2,M10O90D1,4201,4.2010000000000005,82.668389,10,10,90,1,100,0.45,0.45,0.45,5.0,40.0,161,0.0325252525252525,0.0292134831460674,0.0222222222222222,0.0477777777777777,0.3666666666666666,0.4,3.4444444444444446,4.9,37.0,0.3666666666666666,0.4,18.24126119713835,57.924527588358174,0.9266085441050947,0.965,0.265,1.0,33.0,4.0
work-2,M10O90D1,4301,4.301,82.668389,10,10,90,1,100,0.51,0.51,0.51,4.0,47.0,171,0.0345454545454545,0.0292134831460674,0.0444444444444444,0.0577777777777777,0.3777777777777777,0.4,3.555555555555556,6.0,38.0,0.3777777777777777,0.4,18.102851881547345,60.30817845754126,0.9284486389274128,0.9475,0.295,1.0,34.0,4.0
work-2,M10O90D1,4401,4.401,82.668389,10,10,90,1,100,0.55,0.55,0.55,8.0,47.0,170,0.0343434343434343,0.0287141073657927,0.1111111111111111,0.0555555555555555,0.3444444444444444,0.4,3.455555555555556,6.4,35.0,0.3444444444444444,0.4,17.594686617782067,54.64641242582272,0.8674393034707405,0.925,0.3575,1.0,31.0,4.0
work-2,M10O90D1,4501,4.501,82.668389,10,10,90,1,100,0.49,0.49,0.49,7.0,42.0,148,0.0298989898989899,0.0259675405742821,0.0666666666666666,0.0455555555555555,0.3444444444444444,0.4,3.111111111111111,5.1,35.0,0.3444444444444444,0.4,17.461078145341908,52.95195232857858,0.7815431516801943,0.96,0.2375,0.9975,31.0,4.0
work-2,M10O90D1,4601,4.601,82.668389,10,10,90,1,100,0.5,0.5,0.5,7.0,43.0,143,0.0288888888888888,0.0229712858926342,0.0666666666666666,0.0533333333333333,0.3444444444444444,0.4,2.922222222222222,5.8,35.0,0.3444444444444444,0.4,17.626390696508302,59.14958466343388,0.9459265116403748,0.9675,0.27,1.0,31.0,4.0
work-2,M10O90D1,4701,4.7010000000000005,82.668389,10,10,90,1,100,0.5,0.5,0.5,5.0,45.0,165,0.0333333333333333,0.0292134831460674,0.0444444444444444,0.0511111111111111,0.3777777777777777,0.3,3.488888888888889,5.3,37.0,0.3777777777777777,0.3,18.384222225835803,60.67505950256438,0.9719460012719696,0.97,0.2175,1.0,34.0,3.0
work-2,M10O90D1,4801,4.801,82.668389,10,10,90,1,100,0.52,0.52,0.52,6.0,46.0,141,0.0284848484848484,0.0247191011235955,0.0444444444444444,0.0444444444444444,0.3555555555555555,0.3,3.0,4.7,35.0,0.3555555555555555,0.3,18.12595736487584,61.13879620862462,0.97015164957638,0.9825,0.205,1.0,32.0,3.0
work-2,M10O90D1,4901,4.901,82.668389,10,10,90,1,100,0.54,0.54,0.54,7.0,47.0,161,0.0325252525252525,0.030461922596754,0.0666666666666666,0.04,0.3666666666666666,0.3,3.477777777777778,4.5,36.0,0.3666666666666666,0.3,18.430806662114307,61.35556399836696,0.9751357344098917,0.9775,0.19,1.0,33.0,3.0
work,M20O80D1,1001,1.001,89.129336,20,20,80,1,100,0.55,0.55,0.55,11.0,44.0,143,0.0288888888888888,0.0237341772151898,0.0421052631578947,0.0375,0.35,0.35,2.975,4.15,35.0,0.35,0.35,16.279491560977526,52.67014393793557,0.7602040186186996,0.9225,0.3875,1.0,28.0,7.0
work,M20O80D1,1101,1.101,89.129336,20,20,80,1,100,0.55,0.55,0.55,10.0,45.0,157,0.0317171717171717,0.0287974683544303,0.031578947368421,0.0375,0.3625,0.3,3.3875,3.9,35.0,0.3625,0.3,16.43243089209184,47.744897785383856,0.6403401874821,0.945,0.3725,1.0,29.0,6.0
work,M20O80D1,1201,1.201,89.129336,20,20,80,1,100,0.54,0.54,0.54,10.0,44.0,164,0.0331313131313131,0.0306962025316455,0.0368421052631578,0.0375,0.3625,0.25,3.5375,3.95,34.0,0.3625,0.25,18.767164565837867,61.767884853811225,0.977375472824182,0.9425,0.34,1.0,29.0,5.0
work,M20O80D1,1301,1.301,89.129336,20,20,80,1,100,0.62,0.62,0.62,13.0,49.0,166,0.0335353535353535,0.0294303797468354,0.0473684210526315,0.04,0.375,0.25,3.5,4.35,35.0,0.375,0.25,17.408612446286202,56.62528644288262,0.917298644357864,0.9375,0.335,1.0,30.0,5.0
work,M20O80D1,1401,1.401,89.129336,20,20,80,1,100,0.47,0.47,0.47,9.0,38.0,138,0.0278787878787878,0.0268987341772151,0.0368421052631578,0.02875,0.3875,0.25,3.0875,3.25,36.0,0.3875,0.25,18.087147853067872,59.7950041305016,0.939895214639456,0.9125,0.36,0.9975,31.0,5.0
work,M20O80D1,1501,1.501,89.129336,20,20,80,1,100,0.59,0.59,0.59,13.0,46.0,150,0.0303030303030303,0.0300632911392405,0.0421052631578947,0.029375,0.3875,0.2,3.35,3.35,35.0,0.3875,0.2,17.66378210247944,55.97429880100058,0.892119467579524,0.945,0.285,1.0,31.0,4.0
work,M20O80D1,1601,1.601,89.129336,20,20,80,1,100,0.45,0.45,0.45,6.0,39.0,136,0.0274747474747474,0.0259493670886075,0.031578947368421,0.03,0.3875,0.2,3.0375,3.2,35.0,0.3875,0.2,17.130809873028646,54.01416137470382,0.7397943312768535,0.95,0.3075,0.9975,31.0,4.0
work,M20O80D1,1701,1.701,89.129336,20,20,80,1,100,0.39,0.39,0.39,4.0,35.0,147,0.0296969696969696,0.0294303797468354,0.0368421052631578,0.029375,0.4,0.2,3.3125,3.25,36.0,0.4,0.2,17.738093041361626,59.72987985218745,0.9387436326861874,0.975,0.3725,1.0,32.0,4.0
work,M20O80D1,1801,1.801,89.129336,20,20,80,1,100,0.44,0.44,0.44,6.0,38.0,169,0.0341414141414141,0.0338607594936708,0.0473684210526315,0.033125,0.4125,0.2,3.75,3.75,37.0,0.4125,0.2,16.588898753785344,48.56768472040189,0.7417377362671472,0.9775,0.2725,1.0,33.0,4.0
work,M20O80D1,1901,1.901,89.129336,20,20,80,1,100,0.44,0.44,0.44,6.0,38.0,140,0.0282828282828282,0.0294303797468354,0.0263157894736842,0.02625,0.4,0.2,3.25,2.8,36.0,0.4,0.2,17.523602955855623,54.69812300226663,0.8407754586376195,0.9675,0.3,1.0,32.0,4.0
work,M20O80D1,2001,2.001,89.129336,20,20,80,1,100,0.44,0.44,0.44,6.0,38.0,146,0.0294949494949494,0.0281645569620253,0.0368421052631578,0.03125,0.3875,0.2,3.2375,3.4,35.0,0.3875,0.2,16.03628506030905,47.32908114600757,0.6139894318333888,0.9425,0.24,0.9975,31.0,4.0
work,M20O80D1,2101,2.101,89.129336,20,20,80,1,100,0.5,0.5,0.5,9.0,41.0,160,0.0323232323232323,0.0325949367088607,0.0421052631578947,0.030625,0.4,0.2,3.5875,3.45,36.0,0.4,0.2,17.81471061402861,57.60445736161442,0.8302317272206771,0.96,0.26,1.0,32.0,4.0
work,M20O80D1,2201,2.201,89.129336,20,20,80,1,100,0.52,0.52,0.52,10.0,42.0,150,0.0303030303030303,0.0275316455696202,0.0526315789473684,0.033125,0.375,0.25,3.2125,3.9,35.0,0.375,0.25,17.873898121950866,55.77681925696087,0.8098346976114821,0.9475,0.285,1.0,30.0,5.0
work,M20O80D1,2301,2.301,89.129336,20,20,80,1,100,0.5,0.5,0.5,7.0,43.0,156,0.0315151515151515,0.0319620253164556,0.031578947368421,0.030625,0.3625,0.2,3.5,3.25,33.0,0.3625,0.2,18.59375732855142,60.21008693158183,0.9700657986791864,0.95,0.32,1.0,29.0,4.0
work,M20O80D1,2401,2.401,89.129336,20,20,80,1,100,0.44,0.44,0.44,6.0,38.0,129,0.026060606060606,0.0237341772151898,0.0157894736842105,0.031875,0.3625,0.25,2.875,3.1,34.0,0.3625,0.25,16.694592879124535,50.06360884416053,0.7126267390811265,0.9425,0.27,1.0,29.0,5.0
work,M20O80D1,2501,2.501,89.129336,20,20,80,1,100,0.45,0.45,0.45,7.0,38.0,147,0.0296969696969696,0.0275316455696202,0.031578947368421,0.03375,0.375,0.2,3.225,3.5,34.0,0.375,0.2,17.29253361307282,56.04936793936832,0.8520669679009559,0.95,0.36,1.0,30.0,4.0
work,M20O80D1,2601,2.601,89.129336,20,20,80,1,100,0.48,0.48,0.48,8.0,40.0,163,0.0329292929292929,0.0329113924050632,0.0526315789473684,0.030625,0.375,0.2,3.5875,3.65,34.0,0.375,0.2,17.530638421851148,58.03738940708576,0.866733056437676,0.95,0.2925,1.0,30.0,4.0
work,M20O80D1,2701,2.701,89.129336,20,20,80,1,100,0.65,0.65,0.65,12.0,53.0,140,0.0282828282828282,0.0265822784810126,0.0526315789473684,0.02875,0.3625,0.15,3.0375,3.45,32.0,0.3625,0.15,17.636746357724544,58.48976380635358,0.9151648278621398,0.96,0.285,0.995,29.0,3.0
work,M20O80D1,2801,2.801,89.129336,20,20,80,1,100,0.37,0.37,0.37,4.0,33.0,151,0.0305050505050505,0.0291139240506329,0.0368421052631578,0.0325,0.375,0.15,3.325,3.45,33.0,0.375,0.15,16.910296469024207,51.47335094785147,0.7266245708107432,0.9125,0.3225,1.0,30.0,3.0
work,M20O80D1,2901,2.901,89.129336,20,20,80,1,100,0.48,0.48,0.48,8.0,40.0,129,0.026060606060606,0.0246835443037974,0.031578947368421,0.028125,0.375,0.15,2.8875,3.0,33.0,0.375,0.15,17.399842013310256,57.224552867725855,0.868367737338698,0.9575,0.265,1.0,30.0,3.0
work,M20O80D1,3001,3.001,89.129336,20,20,80,1,100,0.55,0.55,0.55,11.0,44.0,146,0.0294949494949494,0.0253164556962025,0.0368421052631578,0.036875,0.3625,0.2,3.1,3.85,33.0,0.3625,0.2,16.848781893511397,50.40676671091058,0.6730864517504423,0.96,0.365,1.0,29.0,4.0
work,M20O80D1,3101,3.101,89.129336,20,20,80,1,100,0.62,0.62,0.62,15.0,47.0,146,0.0294949494949494,0.0240506329113924,0.0526315789473684,0.0375,0.3625,0.25,3.0125,4.25,34.0,0.3625,0.25,17.977871289679804,56.3039259414136,0.8542105419610105,0.9375,0.3175,0.9975,29.0,5.0
work,M20O80D1,3201,3.201,89.129336,20,20,80,1,100,0.55,0.55,0.55,11.0,44.0,163,0.0329292929292929,0.0281645569620253,0.0421052631578947,0.04125,0.375,0.35,3.425,4.45,37.0,0.375,0.35,18.31491802293766,61.45004644031808,0.9658355607181316,0.8825,0.415,0.995,30.0,7.0
work,M20O80D1,3301,3.301,89.129336,20,20,80,1,100,0.68,0.68,0.68,16.0,52.0,176,0.0355555555555555,0.0338607594936708,0.0421052631578947,0.038125,0.4125,0.25,3.85,4.1,38.0,0.4125,0.25,16.657500027495587,53.60292766095744,0.8252312979539311,0.935,0.435,1.0,33.0,5.0
work,M20O80D1,3401,3.401,89.129336,20,20,80,1,100,0.49,0.49,0.49,9.0,40.0,153,0.0309090909090909,0.0316455696202531,0.0368421052631578,0.02875,0.375,0.25,3.45,3.25,35.0,0.375,0.25,17.570470284307962,54.478369371974686,0.8016352342241947,0.895,0.3325,1.0,30.0,5.0
work,M20O80D1,3501,3.501,89.129336,20,20,80,1,100,0.59,0.59,0.59,9.0,50.0,157,0.0317171717171717,0.0313291139240506,0.0368421052631578,0.031875,0.4,0.25,3.5125,3.5,37.0,0.4,0.25,16.082510698231307,45.54015358116951,0.6354787894536558,0.94,0.31,1.0,32.0,5.0
work,M20O80D1,3601,3.601,89.129336,20,20,80,1,100,0.54,0.54,0.54,10.0,44.0,154,0.0311111111111111,0.030379746835443,0.0473684210526315,0.030625,0.3875,0.3,3.4,3.65,37.0,0.3875,0.3,18.65438553774944,62.30179830428999,0.95579639373345,0.89,0.385,1.0,31.0,6.0
work,M20O80D1,3701,3.701,89.129336,20,20,80,1,100,0.48,0.48,0.48,7.0,41.0,133,0.0268686868686868,0.0243670886075949,0.0421052631578947,0.03,0.375,0.2,2.9,3.4,34.0,0.375,0.2,17.888780918195025,56.96932507916655,0.8691102620879391,0.95,0.3275,0.9975,30.0,4.0
work,M20O80D1,3801,3.801,89.129336,20,20,80,1,100,0.49,0.49,0.49,10.0,39.0,151,0.0305050505050505,0.0272151898734177,0.031578947368421,0.036875,0.375,0.2,3.2625,3.75,34.0,0.375,0.2,17.656671047174573,59.08832544305032,0.9228412066042124,0.9325,0.3425,0.9975,30.0,4.0
work,M20O80D1,3901,3.901,89.129336,20,20,80,1,100,0.67,0.67,0.67,14.0,53.0,193,0.0389898989898989,0.0316455696202531,0.0789473684210526,0.04875,0.375,0.25,3.85,5.65,35.0,0.375,0.25,16.35053149814925,45.57942932783904,0.6703021009236503,0.9275,0.3475,1.0,30.0,5.0
work,M20O80D1,4001,4.001,89.129336,20,20,80,1,100,0.51,0.51,0.51,14.0,37.0,141,0.0284848484848484,0.0268987341772151,0.0368421052631578,0.030625,0.35,0.25,3.0875,3.4,33.0,0.35,0.25,17.090308367010053,56.815342854870224,0.886533003790385,0.925,0.3475,1.0,28.0,5.0
work,M20O80D1,4101,4.101,89.129336,20,20,80,1,100,0.53,0.53,0.53,12.0,41.0,135,0.0272727272727272,0.0253164556962025,0.0473684210526315,0.02875,0.35,0.25,2.925,3.45,33.0,0.35,0.25,18.40478778354684,61.16304483451362,0.9511067971263648,0.905,0.3425,1.0,28.0,5.0
work,M20O80D1,4201,4.2010000000000005,89.129336,20,20,80,1,100,0.56,0.56,0.56,15.0,41.0,152,0.0307070707070707,0.0268987341772151,0.0684210526315789,0.03375,0.3625,0.25,3.1625,4.25,34.0,0.3625,0.25,17.955622409425697,58.28364365696554,0.9639765181353334,0.895,0.34,0.995,29.0,5.0
work,M20O80D1,4301,4.301,89.129336,20,20,80,1,100,0.46,0.46,0.46,11.0,35.0,165,0.0333333333333333,0.0316455696202531,0.0473684210526315,0.035,0.3625,0.25,3.5625,3.95,34.0,0.3625,0.25,17.778189100990364,55.50741864644636,0.8370505890052296,0.875,0.3925,1.0,29.0,5.0
work,M20O80D1,4401,4.401,89.129336,20,20,80,1,100,0.55,0.55,0.55,11.0,44.0,170,0.0343434343434343,0.0316455696202531,0.031578947368421,0.04,0.3625,0.3,3.6625,4.1,35.0,0.3625,0.3,15.79473643381333,48.17441576520408,0.6712172100837969,0.865,0.4025,1.0,29.0,6.0
work,M20O80D1,4501,4.501,89.129336,20,20,80,1,100,0.5,0.5,0.5,13.0,37.0,156,0.0315151515151515,0.0300632911392405,0.0684210526315789,0.03,0.375,0.3,3.35,4.0,36.0,0.375,0.3,16.63234110260068,48.44468843329656,0.7374907033243598,0.905,0.33,0.9975,30.0,6.0
work,M20O80D1,4601,4.601,89.129336,20,20,80,1,100,0.65,0.65,0.65,17.0,48.0,165,0.0333333333333333,0.0297468354430379,0.0526315789473684,0.038125,0.3625,0.3,3.475,4.35,35.0,0.3625,0.3,17.63651574596028,58.99289357922567,0.8899130172853195,0.925,0.385,1.0,29.0,6.0
work,M20O80D1,4701,4.7010000000000005,89.129336,20,20,80,1,100,0.64,0.64,0.64,16.0,48.0,147,0.0296969696969696,0.0227848101265822,0.0578947368421052,0.04,0.3375,0.35,2.9375,4.65,34.0,0.3375,0.35,17.736573272443124,54.93280834556469,0.8551919719477947,0.8925,0.4225,1.0,27.0,7.0
work,M20O80D1,4801,4.801,89.129336,20,20,80,1,100,0.54,0.54,0.54,14.0,40.0,143,0.0288888888888888,0.0243670886075949,0.0578947368421052,0.034375,0.325,0.4,2.9375,4.25,34.0,0.325,0.4,17.443494247221018,54.96167045123897,0.8006084413756747,0.8525,0.48,1.0,26.0,8.0
work,M20O80D1,4901,4.901,89.129336,20,20,80,1,100,0.52,0.52,0.52,14.0,38.0,178,0.0359595959595959,0.0275316455696202,0.1052631578947368,0.044375,0.3375,0.35,3.4,5.9,34.0,0.3375,0.35,17.304237150405665,55.13789668387508,0.9485993511865328,0.83,0.4925,0.9975,27.0,7.0
work-1,M20O80D1,1001,1.001,89.129336,20,20,80,1,100,0.48,0.48,0.48,12.0,36.0,152,0.0307070707070707,0.025,0.0473684210526315,0.04,0.3,0.3,3.075,4.4,30.0,0.3,0.3,17.062440341843686,54.77905435381378,0.7778723474761517,0.8225,0.5175,1.0,24.0,6.0
work-1,M20O80D1,1101,1.101,89.129336,20,20,80,1,100,0.41,0.41,0.41,10.0,31.0,136,0.0274747474747474,0.0205696202531645,0.0473684210526315,0.03875,0.2875,0.35,2.6875,4.35,30.0,0.2875,0.35,17.76130764281961,59.21956822496125,0.9043514876845554,0.765,0.6175,0.9975,23.0,7.0
work-1,M20O80D1,1201,1.201,89.129336,20,20,80,1,100,0.46,0.46,0.46,10.0,36.0,147,0.0296969696969696,0.0199367088607594,0.0578947368421052,0.045625,0.3125,0.35,2.8,5.1,32.0,0.3125,0.35,17.62291833721041,56.15758836348625,0.8845311955084848,0.8125,0.56,1.0,25.0,7.0
work-1,M20O80D1,1301,1.301,89.129336,20,20,80,1,100,0.56,0.56,0.56,11.0,45.0,143,0.0288888888888888,0.0189873417721519,0.0736842105263157,0.043125,0.325,0.4,2.6875,5.25,34.0,0.325,0.4,17.340401655192153,57.08226767682292,0.8997537514926784,0.805,0.5775,0.9975,26.0,8.0
work-1,M20O80D1,1401,1.401,89.129336,20,20,80,1,100,0.43,0.43,0.43,10.0,33.0,155,0.0313131313131313,0.0199367088607594,0.0631578947368421,0.05,0.3,0.4,2.875,5.6,32.0,0.3,0.4,17.564199420849242,56.59552352672936,0.856039513055244,0.8175,0.5175,1.0,24.0,8.0
work-1,M20O80D1,1501,1.501,89.129336,20,20,80,1,100,0.53,0.53,0.53,12.0,41.0,154,0.0311111111111111,0.0196202531645569,0.0736842105263157,0.04875,0.325,0.4,2.85,5.7,34.0,0.325,0.4,18.30741133992476,60.000428644634106,0.9511484129569624,0.845,0.55,0.9975,26.0,8.0
work-1,M20O80D1,1601,1.601,89.129336,20,20,80,1,100,0.58,0.58,0.58,15.0,43.0,144,0.029090909090909,0.0196202531645569,0.0631578947368421,0.04375,0.325,0.4,2.75,5.1,34.0,0.325,0.4,18.560038125814213,61.06099768594133,0.9735982979674211,0.85,0.5475,0.9975,26.0,8.0
work-1,M20O80D1,1701,1.701,89.129336,20,20,80,1,100,0.57,0.57,0.57,12.0,45.0,173,0.0349494949494949,0.0272151898734177,0.0842105263157894,0.044375,0.35,0.4,3.3875,5.55,36.0,0.35,0.4,17.401479799338258,53.16970807747384,0.8694335789595896,0.85,0.5175,0.995,28.0,8.0
work-1,M20O80D1,1801,1.801,89.129336,20,20,80,1,100,0.59,0.59,0.59,17.0,42.0,161,0.0325252525252525,0.0253164556962025,0.0947368421052631,0.039375,0.325,0.45,3.1125,5.4,35.0,0.325,0.45,17.763040285901617,58.37186312915863,0.857796505065767,0.8175,0.56,0.9975,26.0,9.0
work-1,M20O80D1,1901,1.901,89.129336,20,20,80,1,100,0.48,0.48,0.48,12.0,36.0,149,0.0301010101010101,0.0240506329113924,0.0578947368421052,0.03875,0.325,0.35,3.0,4.55,33.0,0.325,0.35,17.615763927502048,57.26340186825865,0.8954354723823823,0.835,0.5275,1.0,26.0,7.0
work-1,M20O80D1,2001,2.001,89.129336,20,20,80,1,100,0.54,0.54,0.54,15.0,39.0,128,0.0258585858585858,0.0189873417721519,0.0578947368421052,0.035625,0.2875,0.35,2.5,4.3,30.0,0.2875,0.35,17.583897677929315,58.64302370405826,0.8630254458240636,0.8175,0.5225,1.0,23.0,7.0
work-1,M20O80D1,2101,2.101,89.129336,20,20,80,1,100,0.4,0.4,0.4,13.0,27.0,120,0.0242424242424242,0.0170886075949367,0.0842105263157894,0.03125,0.2875,0.35,2.2625,4.45,30.0,0.2875,0.35,17.802916786147172,57.46351473657699,0.8445824799279248,0.8475,0.5025,0.9975,23.0,7.0
work-1,M20O80D1,2201,2.201,89.129336,20,20,80,1,100,0.51,0.51,0.51,10.0,41.0,139,0.028080808080808,0.0205696202531645,0.0526315789473684,0.04,0.2875,0.35,2.7125,4.55,30.0,0.2875,0.35,15.536955923204468,44.27712270979567,0.7997228824791163,0.79,0.4725,0.9925,23.0,7.0
work-1,M20O80D1,2301,2.301,89.129336,20,20,80,1,100,0.49,0.49,0.49,12.0,37.0,132,0.0266666666666666,0.0205696202531645,0.0368421052631578,0.0375,0.275,0.35,2.65,4.05,29.0,0.275,0.35,17.329171180990212,58.4381382179358,0.8957442274483756,0.81,0.4075,0.9925,22.0,7.0
work-1,M20O80D1,2401,2.401,89.129336,20,20,80,1,100,0.46,0.46,0.46,10.0,36.0,120,0.0242424242424242,0.0196202531645569,0.031578947368421,0.0325,0.325,0.3,2.525,3.5,32.0,0.325,0.3,18.02523025481977,61.12546302606522,0.964872321313577,0.805,0.4675,1.0,26.0,6.0
work-1,M20O80D1,2501,2.501,89.129336,20,20,80,1,100,0.5,0.5,0.5,12.0,38.0,129,0.026060606060606,0.015506329113924,0.1,0.038125,0.2875,0.35,2.275,5.3,30.0,0.2875,0.35,14.161551759989308,35.83810421597073,0.5374548603324506,0.785,0.4825,1.0,23.0,7.0
work-1,M20O80D1,2601,2.601,89.129336,20,20,80,1,100,0.45,0.45,0.45,10.0,35.0,119,0.024040404040404,0.0174050632911392,0.0473684210526315,0.034375,0.3,0.4,2.3625,4.05,32.0,0.3,0.4,17.389233793725932,55.08022405665351,0.7603154369740811,0.8275,0.485,1.0,24.0,8.0
work-1,M20O80D1,2701,2.701,89.129336,20,20,80,1,100,0.49,0.49,0.49,11.0,38.0,136,0.0274747474747474,0.0221518987341772,0.0473684210526315,0.035625,0.3,0.35,2.7625,4.1,31.0,0.3,0.35,15.75077956188882,52.20729622653138,0.8525032006769038,0.755,0.5125,0.995,24.0,7.0
work-1,M20O80D1,2801,2.801,89.129336,20,20,80,1,100,0.44,0.44,0.44,12.0,32.0,126,0.0254545454545454,0.0218354430379746,0.0578947368421052,0.02875,0.3,0.45,2.6,3.85,33.0,0.3,0.45,16.656262663641073,52.55859676192323,0.8539531293667569,0.8025,0.4625,1.0,24.0,9.0
work-1,M20O80D1,2901,2.901,89.129336,20,20,80,1,100,0.51,0.51,0.51,12.0,39.0,147,0.0296969696969696,0.0205696202531645,0.1,0.039375,0.2875,0.45,2.7,5.5,32.0,0.2875,0.45,17.907310073026753,58.78806011122337,0.952788204189284,0.7825,0.57,0.9975,23.0,9.0
work-1,M20O80D1,3001,3.001,89.129336,20,20,80,1,100,0.54,0.54,0.54,15.0,39.0,157,0.0317171717171717,0.0212025316455696,0.0947368421052631,0.045,0.275,0.5,2.85,5.9,32.0,0.275,0.5,17.257625888743913,56.18232969330952,0.827555259942792,0.8175,0.6525,1.0,22.0,10.0
work-1,M20O80D1,3101,3.101,89.129336,20,20,80,1,100,0.6,0.6,0.6,12.0,48.0,149,0.0301010101010101,0.0224683544303797,0.0473684210526315,0.043125,0.3125,0.5,2.95,4.85,35.0,0.3125,0.5,18.166482201327288,59.79404055493905,0.9375927236450626,0.7925,0.5775,1.0,25.0,10.0
work-1,M20O80D1,3201,3.201,89.129336,20,20,80,1,100,0.58,0.58,0.58,11.0,47.0,170,0.0343434343434343,0.0287974683544303,0.0631578947368421,0.041875,0.3375,0.35,3.45,4.9,34.0,0.3375,0.35,17.85149071921845,59.34817480349394,0.9254140884208384,0.8,0.425,1.0,27.0,7.0
work-1,M20O80D1,3301,3.301,89.129336,20,20,80,1,100,0.31,0.54,0.54,12.0,42.0,150,0.0303030303030303,0.0281645569620253,0.0368421052631578,0.03375,0.3375,0.3,3.2375,3.7,33.0,0.3375,0.3,17.470027006733915,49.922092075930266,0.837195988018433,0.86,0.37,0.9975,27.0,6.0
work-1,M20O80D1,3401,3.401,89.129336,20,20,80,1,100,0.59,0.59,0.59,16.0,43.0,136,0.0274747474747474,0.0231012658227848,0.0578947368421052,0.0325,0.325,0.3,2.8,4.0,32.0,0.325,0.3,17.676773604455843,59.88399169784459,0.9565908306734384,0.875,0.4,0.9975,26.0,6.0
work-1,M20O80D1,3501,3.501,89.129336,20,20,80,1,100,0.67,0.67,0.67,15.0,52.0,158,0.0319191919191919,0.0281645569620253,0.0842105263157894,0.033125,0.35,0.35,3.2375,4.6,35.0,0.35,0.35,17.926713818736864,53.776301751758574,0.8530406889214334,0.895,0.3475,1.0,28.0,7.0
work-1,M20O80D1,3601,3.601,89.129336,20,20,80,1,100,0.55,0.55,0.55,11.0,44.0,157,0.0317171717171717,0.0300632911392405,0.0578947368421052,0.031875,0.35,0.3,3.3625,3.95,34.0,0.35,0.3,16.692112071974908,54.396167338521686,0.8700650641933672,0.81,0.4075,0.9975,28.0,6.0
work-1,M20O80D1,3701,3.701,89.129336,20,20,80,1,100,0.61,0.61,0.61,14.0,47.0,159,0.0321212121212121,0.0272151898734177,0.0736842105263157,0.036875,0.3625,0.3,3.25,4.65,35.0,0.3625,0.3,18.909454026457563,63.13524595421662,0.9870263044941472,0.93,0.355,1.0,29.0,6.0
work-1,M20O80D1,3801,3.801,89.129336,20,20,80,1,100,0.56,0.56,0.56,11.0,45.0,163,0.0329292929292929,0.0281645569620253,0.0473684210526315,0.040625,0.3625,0.4,3.4,4.55,37.0,0.3625,0.4,18.225057047918824,57.43355380756197,0.8919595710049771,0.795,0.3825,1.0,29.0,8.0
work-1,M20O80D1,3901,3.901,89.129336,20,20,80,1,100,0.63,0.63,0.63,13.0,50.0,192,0.0387878787878787,0.0360759493670886,0.0473684210526315,0.043125,0.3375,0.4,4.05,4.75,35.0,0.3375,0.4,18.289586858952223,60.826780343159946,0.9332754506501372,0.8225,0.4125,1.0,27.0,8.0
work-1,M20O80D1,4001,4.001,89.129336,20,20,80,1,100,0.48,0.48,0.48,13.0,35.0,142,0.0286868686868686,0.0234177215189873,0.0631578947368421,0.035,0.3125,0.4,2.8625,4.4,33.0,0.3125,0.4,17.791876853267965,57.33285159380569,0.8752156341831921,0.8575,0.53,1.0,25.0,8.0
work-1,M20O80D1,4101,4.101,89.129336,20,20,80,1,100,0.58,0.58,0.58,12.0,46.0,166,0.0335353535353535,0.0237341772151898,0.0578947368421052,0.05,0.3375,0.4,3.2125,5.5,35.0,0.3375,0.4,17.657380591498413,55.23520845535694,0.8375708738902329,0.845,0.51,1.0,27.0,8.0
work-1,M20O80D1,4201,4.2010000000000005,89.129336,20,20,80,1,100,0.54,0.54,0.54,13.0,41.0,161,0.0325252525252525,0.0262658227848101,0.0421052631578947,0.04375,0.3375,0.35,3.2875,4.65,34.0,0.3375,0.35,18.308439317416063,58.73132732924264,0.9272427046796506,0.82,0.52,1.0,27.0,7.0
work-1,M20O80D1,4301,4.301,89.129336,20,20,80,1,100,0.48,0.48,0.48,12.0,36.0,129,0.026060606060606,0.0215189873417721,0.0421052631578947,0.033125,0.3375,0.3,2.7,3.75,33.0,0.3375,0.3,18.33323244520133,60.26094013104219,0.9580632718666444,0.855,0.475,1.0,27.0,6.0
work-1,M20O80D1,4401,4.401,89.129336,20,20,80,1,100,0.45,0.45,0.45,9.0,36.0,151,0.0305050505050505,0.0237341772151898,0.0736842105263157,0.03875,0.325,0.35,2.975,4.85,33.0,0.325,0.35,18.088760193236265,59.56815516590711,0.94254851925463,0.835,0.4775,1.0,26.0,7.0
work-1,M20O80D1,4501,4.501,89.129336,20,20,80,1,100,0.46,0.46,0.46,10.0,36.0,139,0.028080808080808,0.0212025316455696,0.0526315789473684,0.03875,0.325,0.35,2.775,4.45,33.0,0.325,0.35,17.23528184167619,56.9620813214131,0.857015011659996,0.8825,0.4475,1.0,26.0,7.0
work-1,M20O80D1,4601,4.601,89.129336,20,20,80,1,100,0.56,0.56,0.56,13.0,43.0,125,0.0252525252525252,0.0180379746835443,0.0473684210526315,0.036875,0.3125,0.3,2.475,4.15,31.0,0.3125,0.3,15.968289414288003,43.10524498026219,0.6209804573773903,0.85,0.4425,1.0,25.0,6.0
work-1,M20O80D1,4701,4.7010000000000005,89.129336,20,20,80,1,100,0.55,0.55,0.55,15.0,40.0,127,0.0256565656565656,0.020886075949367,0.0526315789473684,0.031875,0.3,0.3,2.5875,3.85,30.0,0.3,0.3,14.920281139280378,37.30105763743233,0.5011579597897915,0.85,0.5175,0.995,24.0,6.0
work-1,M20O80D1,4801,4.801,89.129336,20,20,80,1,100,0.49,0.49,0.49,10.0,39.0,139,0.028080808080808,0.0221518987341772,0.0473684210526315,0.0375,0.325,0.3,2.825,4.2,32.0,0.325,0.3,16.68040045859922,50.28344643600967,0.7661093827237312,0.8775,0.495,0.9925,26.0,6.0
work-1,M20O80D1,4901,4.901,89.129336,20,20,80,1,100,0.5,0.5,0.5,10.0,40.0,143,0.0288888888888888,0.0243670886075949,0.0473684210526315,0.035625,0.35,0.3,2.9875,4.05,34.0,0.35,0.3,16.184298998523918,43.74437012703447,0.5945843968583692,0.885,0.425,1.0,28.0,6.0
work-2,M20O80D1,1001,1.001,89.129336,20,20,80,1,100,0.44,0.44,0.44,11.0,33.0,124,0.025050505050505,0.0151898734177215,0.0526315789473684,0.04125,0.25,0.35,2.275,4.65,27.0,0.25,0.35,17.416588559205493,54.10074951104355,0.8332567105434842,0.8325,0.545,0.9975,20.0,7.0
work-2,M20O80D1,1101,1.101,89.129336,20,20,80,1,100,0.58,0.58,0.58,16.0,42.0,140,0.0282828282828282,0.0199367088607594,0.0526315789473684,0.041875,0.275,0.4,2.6875,4.75,30.0,0.275,0.4,16.787263309059707,51.33806482532415,0.7470155100916165,0.7775,0.5525,1.0,22.0,8.0
work-2,M20O80D1,1201,1.201,89.129336,20,20,80,1,100,0.38,0.38,0.38,9.0,29.0,133,0.0268686868686868,0.0212025316455696,0.031578947368421,0.0375,0.3,0.35,2.725,3.95,31.0,0.3,0.35,17.18951951569562,55.46568273526658,0.8262115376274544,0.8225,0.5125,1.0,24.0,7.0
work-2,M20O80D1,1301,1.301,89.129336,20,20,80,1,100,0.51,0.51,0.51,13.0,38.0,145,0.0292929292929292,0.0189873417721519,0.0842105263157894,0.043125,0.2875,0.35,2.65,5.4,30.0,0.2875,0.35,18.452802174534916,60.49950317632855,0.9669873851080972,0.805,0.465,1.0,23.0,7.0
work-2,M20O80D1,1401,1.401,89.129336,20,20,80,1,100,0.5,0.5,0.5,12.0,38.0,136,0.0274747474747474,0.0218354430379746,0.0578947368421052,0.035,0.2875,0.35,2.7125,4.25,30.0,0.2875,0.35,17.186318522464454,52.46392393760412,0.8125927496900921,0.76,0.54,0.9975,23.0,7.0
work-2,M20O80D1,1501,1.501,89.129336,20,20,80,1,100,0.48,0.48,0.48,12.0,36.0,111,0.0224242424242424,0.0136075949367088,0.0473684210526315,0.036875,0.2875,0.35,2.1,4.2,30.0,0.2875,0.35,18.18501407512878,60.21416707467816,0.9410183457837592,0.795,0.59,0.995,23.0,7.0
work-2,M20O80D1,1601,1.601,89.129336,20,20,80,1,100,0.39,0.39,0.39,9.0,30.0,140,0.0282828282828282,0.0215189873417721,0.0421052631578947,0.04,0.3,0.35,2.8,4.35,31.0,0.3,0.35,18.09603020334531,59.71403882740679,0.959844183261688,0.8075,0.53,0.9975,24.0,7.0
work-2,M20O80D1,1701,1.701,89.129336,20,20,80,1,100,0.56,0.56,0.56,12.0,44.0,155,0.0313131313131313,0.0218354430379746,0.0526315789473684,0.0475,0.3125,0.45,2.9875,5.25,34.0,0.3125,0.45,16.627279191342463,52.4852281087425,0.8167509710078487,0.7975,0.6325,0.995,25.0,9.0
work-2,M20O80D1,1801,1.801,89.129336,20,20,80,1,100,0.5,0.5,0.5,14.0,36.0,126,0.0254545454545454,0.0170886075949367,0.0631578947368421,0.0375,0.2875,0.35,2.3875,4.55,30.0,0.2875,0.35,18.027998560481624,58.61445467930479,0.894113687841672,0.825,0.455,1.0,23.0,7.0
work-2,M20O80D1,1901,1.901,89.129336,20,20,80,1,100,0.57,0.57,0.57,13.0,44.0,163,0.0329292929292929,0.020253164556962,0.0789473684210526,0.0525,0.3125,0.35,2.9625,6.05,32.0,0.3125,0.35,17.936283921887053,59.43555847597153,0.907415643968947,0.8025,0.495,0.9975,25.0,7.0
work-2,M20O80D1,2001,2.001,89.129336,20,20,80,1,100,0.48,0.48,0.48,10.0,38.0,149,0.0301010101010101,0.0186708860759493,0.0578947368421052,0.049375,0.3125,0.35,2.775,5.4,32.0,0.3125,0.35,17.472487480808528,58.71953669981637,0.8995928584549708,0.8175,0.5675,0.9925,25.0,7.0
work-2,M20O80D1,2101,2.101,89.129336,20,20,80,1,100,0.43,0.43,0.43,11.0,32.0,131,0.0264646464646464,0.0183544303797468,0.0578947368421052,0.03875,0.3125,0.4,2.5375,4.6,33.0,0.3125,0.4,17.865483926948237,58.65973000848563,0.954227244162974,0.865,0.555,1.0,25.0,8.0
work-2,M20O80D1,2201,2.201,89.129336,20,20,80,1,100,0.58,0.58,0.58,15.0,43.0,157,0.0317171717171717,0.0196202531645569,0.0789473684210526,0.05,0.275,0.4,2.825,5.9,30.0,0.275,0.4,17.21775370490994,52.17945325947503,0.8203848604184897,0.73,0.5725,1.0,22.0,8.0
work-2,M20O80D1,2301,2.301,89.129336,20,20,80,1,100,0.48,0.48,0.48,12.0,36.0,140,0.0282828282828282,0.0174050632911392,0.0736842105263157,0.044375,0.2625,0.4,2.525,5.35,29.0,0.2625,0.4,15.994947492199689,48.574232366703775,0.6932722645922699,0.6925,0.5925,1.0,21.0,8.0
work-2,M20O80D1,2401,2.401,89.129336,20,20,80,1,100,0.45,0.45,0.45,11.0,34.0,135,0.0272727272727272,0.0177215189873417,0.0631578947368421,0.041875,0.25,0.4,2.4875,4.95,28.0,0.25,0.4,16.21817567072077,47.1033507282733,0.6531701069172893,0.7625,0.5625,1.0,20.0,8.0
work-2,M20O80D1,2501,2.501,89.129336,20,20,80,1,100,0.54,0.54,0.54,14.0,40.0,135,0.0272727272727272,0.0170886075949367,0.0631578947368421,0.043125,0.275,0.4,2.4875,5.05,30.0,0.275,0.4,18.456996121574075,61.57413836038892,0.964081087898591,0.77,0.575,1.0,22.0,8.0
work-2,M20O80D1,2601,2.601,89.129336,20,20,80,1,100,0.52,0.52,0.52,13.0,39.0,133,0.0268686868686868,0.0196202531645569,0.0631578947368421,0.036875,0.2875,0.35,2.575,4.5,30.0,0.2875,0.35,18.465537324584265,61.222418115008544,0.9523642617838676,0.8525,0.475,1.0,23.0,7.0
work-2,M20O80D1,2701,2.701,89.129336,20,20,80,1,100,0.47,0.47,0.47,7.0,40.0,154,0.0311111111111111,0.025,0.0684210526315789,0.03875,0.3125,0.3,3.0625,4.7,31.0,0.3125,0.3,17.386709317229048,53.07074678273396,0.7559166189170149,0.85,0.49,1.0,25.0,6.0
work-2,M20O80D1,2801,2.801,89.129336,20,20,80,1,100,0.4,0.4,0.4,9.0,31.0,130,0.0262626262626262,0.020253164556962,0.0526315789473684,0.035,0.3125,0.3,2.6125,4.1,31.0,0.3125,0.3,17.952399898753274,59.42588899958452,0.9029380385543214,0.85,0.52,1.0,25.0,6.0
work-2,M20O80D1,2901,2.901,89.129336,20,20,80,1,100,0.38,0.38,0.38,8.0,30.0,141,0.0284848484848484,0.0196202531645569,0.0526315789473684,0.043125,0.3,0.3,2.7125,4.75,30.0,0.3,0.3,18.47959248369885,61.2192985636611,0.9584829365940604,0.875,0.54,1.0,24.0,6.0
work-2,M20O80D1,3001,3.001,89.129336,20,20,80,1,100,0.42,0.42,0.42,8.0,34.0,129,0.026060606060606,0.0193037974683544,0.0368421052631578,0.038125,0.3,0.3,2.5875,4.05,30.0,0.3,0.3,17.61041300500932,57.84703965609992,0.9357651295393404,0.815,0.42,1.0,24.0,6.0
work-2,M20O80D1,3101,3.101,89.129336,20,20,80,1,100,0.38,0.38,0.38,8.0,30.0,122,0.0246464646464646,0.0205696202531645,0.0473684210526315,0.03,0.3125,0.3,2.5375,3.6,31.0,0.3125,0.3,18.105417409284485,60.865726185589295,0.9431630017540812,0.805,0.475,1.0,25.0,6.0
work-2,M20O80D1,3201,3.201,89.129336,20,20,80,1,100,0.49,0.49,0.49,10.0,39.0,126,0.0254545454545454,0.0174050632911392,0.0578947368421052,0.0375,0.2875,0.3,2.4125,4.4,29.0,0.2875,0.3,17.550343671519677,54.94912758691415,0.8187688613155633,0.8125,0.4275,1.0,23.0,6.0
work-2,M20O80D1,3301,3.301,89.129336,20,20,80,1,100,0.51,0.51,0.51,13.0,38.0,126,0.0254545454545454,0.0183544303797468,0.0526315789473684,0.03625,0.3125,0.3,2.4875,4.2,31.0,0.3125,0.3,18.4580439575314,62.332636367714336,0.9662783863995592,0.85,0.5325,1.0,25.0,6.0
work-2,M20O80D1,3401,3.401,89.129336,20,20,80,1,100,0.56,0.56,0.56,12.0,44.0,146,0.0294949494949494,0.0218354430379746,0.0684210526315789,0.04,0.325,0.3,2.85,4.8,32.0,0.325,0.3,18.13937855078184,59.75645291537193,0.9626845035829016,0.81,0.5125,1.0,26.0,6.0
work-2,M20O80D1,3501,3.501,89.129336,20,20,80,1,100,0.42,0.42,0.42,7.0,35.0,132,0.0266666666666666,0.0186708860759493,0.0578947368421052,0.03875,0.3,0.3,2.55,4.5,30.0,0.3,0.3,17.83845613119092,58.955663237710205,0.8741934438491495,0.765,0.445,1.0,24.0,6.0
work-2,M20O80D1,3601,3.601,89.129336,20,20,80,1,100,0.42,0.42,0.42,8.0,34.0,160,0.0323232323232323,0.0224683544303797,0.0789473684210526,0.04625,0.325,0.35,3.025,5.55,33.0,0.325,0.35,18.334934016054447,60.5839351674132,0.9504886153179434,0.8725,0.5425,1.0,26.0,7.0
work-2,M20O80D1,3701,3.701,89.129336,20,20,80,1,100,0.47,0.47,0.47,10.0,37.0,132,0.0266666666666666,0.020886075949367,0.0578947368421052,0.034375,0.325,0.3,2.6625,4.15,32.0,0.325,0.3,17.513247613210776,53.01596534443016,0.7641983149304032,0.8575,0.52,1.0,26.0,6.0
work-2,M20O80D1,3801,3.801,89.129336,20,20,80,1,100,0.4,0.4,0.4,8.0,32.0,129,0.026060606060606,0.0183544303797468,0.0473684210526315,0.03875,0.2875,0.3,2.5125,4.3,29.0,0.2875,0.3,17.17367731071159,53.748052439962336,0.8192281673922706,0.8725,0.5,0.9925,23.0,6.0
work-2,M20O80D1,3901,3.901,89.129336,20,20,80,1,100,0.61,0.61,0.61,17.0,44.0,154,0.0311111111111111,0.0205696202531645,0.0684210526315789,0.0475,0.3,0.35,2.875,5.45,31.0,0.3,0.35,17.679229726466396,57.6511512316742,0.886986220535821,0.8275,0.535,0.9975,24.0,7.0
work-2,M20O80D1,4001,4.001,89.129336,20,20,80,1,100,0.41,0.41,0.41,9.0,32.0,153,0.0309090909090909,0.0196202531645569,0.0526315789473684,0.050625,0.3125,0.3,2.875,5.35,31.0,0.3125,0.3,16.542412525982797,54.02971542029127,0.8007186136472925,0.86,0.5525,1.0,25.0,6.0
work-2,M20O80D1,4101,4.101,89.129336,20,20,80,1,100,0.47,0.47,0.47,10.0,37.0,135,0.0272727272727272,0.020886075949367,0.0578947368421052,0.03625,0.325,0.3,2.7,4.3,32.0,0.325,0.3,16.26677894567371,51.32240065915395,0.7883688870504824,0.86,0.515,1.0,26.0,6.0
work-2,M20O80D1,4201,4.2010000000000005,89.129336,20,20,80,1,100,0.49,0.49,0.49,11.0,38.0,145,0.0292929292929292,0.0234177215189873,0.0421052631578947,0.039375,0.35,0.3,2.9875,4.25,34.0,0.35,0.3,17.088094761259143,53.27153471114977,0.7523041653621514,0.8375,0.46,1.0,28.0,6.0
work-2,M20O80D1,4301,4.301,89.129336,20,20,80,1,100,0.43,0.43,0.43,9.0,34.0,133,0.0268686868686868,0.0218354430379746,0.0421052631578947,0.035,0.3375,0.35,2.7625,3.95,34.0,0.3375,0.35,18.19567023940594,59.170925382252975,0.8581833052476248,0.8425,0.485,1.0,27.0,7.0
work-2,M20O80D1,4401,4.401,89.129336,20,20,80,1,100,0.49,0.49,0.49,12.0,37.0,142,0.0286868686868686,0.0234177215189873,0.0578947368421052,0.035625,0.3375,0.3,2.9,4.25,33.0,0.3375,0.3,17.027282953681258,53.77210413774664,0.8054785933877898,0.88,0.455,1.0,27.0,6.0
work-2,M20O80D1,4501,4.501,89.129336,20,20,80,1,100,0.63,0.63,0.63,15.0,48.0,169,0.0341414141414141,0.0281645569620253,0.0736842105263157,0.04125,0.3625,0.35,3.4125,5.05,36.0,0.3625,0.35,16.86507838792381,51.59648775640144,0.7591224357670407,0.8725,0.4325,0.995,29.0,7.0
work-2,M20O80D1,4601,4.601,89.129336,20,20,80,1,100,0.45,0.45,0.45,9.0,36.0,154,0.0311111111111111,0.0294303797468354,0.0578947368421052,0.03125,0.3625,0.3,3.3125,3.9,35.0,0.3625,0.3,16.833895274170043,52.39055149161153,0.759888578299175,0.87,0.3525,0.9925,29.0,6.0
work-2,M20O80D1,4701,4.7010000000000005,89.129336,20,20,80,1,100,0.62,0.62,0.62,15.0,47.0,147,0.0296969696969696,0.0246835443037974,0.0578947368421052,0.03625,0.375,0.3,3.05,4.3,36.0,0.375,0.3,16.57565400272783,48.479151445692544,0.6821888661362558,0.875,0.4225,0.9975,30.0,6.0
work-2,M20O80D1,4801,4.801,89.129336,20,20,80,1,100,0.62,0.62,0.62,15.0,47.0,152,0.0307070707070707,0.0259493670886075,0.0526315789473684,0.0375,0.35,0.35,3.15,4.35,35.0,0.35,0.35,16.44187058349845,47.83578877810801,0.8401432890992767,0.8325,0.4475,1.0,28.0,7.0
work-2,M20O80D1,4901,4.901,89.129336,20,20,80,1,100,0.55,0.55,0.55,12.0,43.0,155,0.0313131313131313,0.030379746835443,0.0578947368421052,0.03,0.375,0.25,3.375,3.75,35.0,0.375,0.25,17.07191357691685,56.09907096100793,0.889644149566244,0.9,0.39,1.0,30.0,5.0
work,M50O0D1,1001,1.001,75.0,50,50,0,1,50,1.0,1.0,1.0,50.0,0.0,116,0.0946938775510204,,0.0946938775510204,,,0.44,,5.08,22.0,,0.44,16.106715649614134,50.24472894976155,0.7080654866410497,0.0,0.9975,0.9975,0.0,22.0
work,M50O0D1,1101,1.101,75.0,50,50,0,1,50,0.98,0.98,0.98,49.0,0.0,125,0.1020408163265306,,0.1020408163265306,,,0.42,,5.42,21.0,,0.42,16.56818314749814,47.09967427753136,0.7375310516454966,0.0,0.9975,0.9975,0.0,21.0
work,M50O0D1,1201,1.201,75.0,50,50,0,1,50,0.98,0.98,0.98,49.0,0.0,130,0.1061224489795918,,0.1061224489795918,,,0.42,,5.62,21.0,,0.42,17.772951906972214,55.95868217507875,0.8622991633856322,0.0,0.9925,0.9925,0.0,21.0
work,M50O0D1,1301,1.301,75.0,50,50,0,1,50,0.96,0.96,0.96,48.0,0.0,133,0.1085714285714285,,0.1085714285714285,,,0.46,,5.78,23.0,,0.46,17.25247487115826,48.9206201934808,0.8513393287332688,0.0,0.995,0.995,0.0,23.0
work,M50O0D1,1401,1.401,75.0,50,50,0,1,50,0.98,0.98,0.98,49.0,0.0,150,0.1224489795918367,,0.1224489795918367,,,0.44,,6.44,22.0,,0.44,16.28796917886283,49.79389153106207,0.7598869681677848,0.0,1.0,1.0,0.0,22.0
work,M50O0D1,1501,1.501,75.0,50,50,0,1,50,1.0,1.0,1.0,50.0,0.0,139,0.113469387755102,,0.113469387755102,,,0.44,,6.0,22.0,,0.44,17.045230988886924,51.21872183896165,0.8114838886712052,0.0,1.0,1.0,0.0,22.0
work,M50O0D1,1601,1.601,75.0,50,50,0,1,50,0.94,0.94,0.94,47.0,0.0,112,0.0914285714285714,,0.0914285714285714,,,0.4,,4.88,20.0,,0.4,17.0558564155324,55.01453507790664,0.927481741093146,0.0,0.9975,0.9975,0.0,20.0
work,M50O0D1,1701,1.701,75.0,50,50,0,1,50,0.96,0.96,0.96,48.0,0.0,122,0.0995918367346938,,0.0995918367346938,,,0.44,,5.32,22.0,,0.44,17.41011345625802,56.00676344853601,0.8206458887492161,0.0,1.0,1.0,0.0,22.0
work,M50O0D1,1801,1.801,75.0,50,50,0,1,50,1.0,1.0,1.0,50.0,0.0,138,0.1126530612244898,,0.1126530612244898,,,0.44,,5.96,22.0,,0.44,17.630248783885737,57.11925482657619,0.8860149629372656,0.0,1.0,1.0,0.0,22.0
work,M50O0D1,1901,1.901,75.0,50,50,0,1,50,1.0,1.0,1.0,50.0,0.0,140,0.1142857142857142,,0.1142857142857142,,,0.46,,6.06,23.0,,0.46,17.162985799401,54.81837665099568,0.885476590727241,0.0,1.0,1.0,0.0,23.0
work,M50O0D1,2001,2.001,75.0,50,50,0,1,50,0.96,0.96,0.96,48.0,0.0,119,0.0971428571428571,,0.0971428571428571,,,0.44,,5.2,22.0,,0.44,17.219997145054883,53.00318570686382,0.8635588071247469,0.0,1.0,1.0,0.0,22.0
work,M50O0D1,2101,2.101,75.0,50,50,0,1,50,0.98,0.98,0.98,49.0,0.0,124,0.1012244897959183,,0.1012244897959183,,,0.44,,5.4,22.0,,0.44,17.82695991295227,56.75321206195903,0.8639354899202598,0.0,1.0,1.0,0.0,22.0
work,M50O0D1,2201,2.201,75.0,50,50,0,1,50,1.0,1.0,1.0,50.0,0.0,116,0.0946938775510204,,0.0946938775510204,,,0.42,,5.06,21.0,,0.42,18.12899880734528,60.60046551405853,0.9697371574536972,0.0,1.0,1.0,0.0,21.0
work,M50O0D1,2301,2.301,75.0,50,50,0,1,50,0.94,0.94,0.94,47.0,0.0,135,0.110204081632653,,0.110204081632653,,,0.48,,5.88,24.0,,0.48,18.41887035467286,61.57429719323697,0.9830474001313028,0.0,0.995,0.995,0.0,24.0
work,M50O0D1,2401,2.401,75.0,50,50,0,1,50,0.98,0.98,0.98,49.0,0.0,140,0.1142857142857142,,0.1142857142857142,,,0.46,,6.06,23.0,,0.46,17.228664435929474,55.19065767896223,0.9145863444063416,0.0,0.9925,0.9925,0.0,23.0
work,M50O0D1,2501,2.501,75.0,50,50,0,1,50,1.0,1.0,1.0,50.0,0.0,135,0.110204081632653,,0.110204081632653,,,0.44,,5.84,22.0,,0.44,17.564646274966275,58.53380471010412,0.90454954995899,0.0,1.0,1.0,0.0,22.0
work,M50O0D1,2601,2.601,75.0,50,50,0,1,50,1.0,1.0,1.0,50.0,0.0,132,0.1077551020408163,,0.1077551020408163,,,0.46,,5.74,23.0,,0.46,18.81196523920117,62.8941455969329,0.9764731625119452,0.0,1.0,1.0,0.0,23.0
work,M50O0D1,2701,2.701,75.0,50,50,0,1,50,0.98,0.98,0.98,49.0,0.0,123,0.1004081632653061,,0.1004081632653061,,,0.44,,5.36,22.0,,0.44,17.93686198033462,60.31585757269628,0.9407047847775096,0.0,1.0,1.0,0.0,22.0
work,M50O0D1,2801,2.801,75.0,50,50,0,1,50,1.0,1.0,1.0,50.0,0.0,129,0.1053061224489795,,0.1053061224489795,,,0.42,,5.58,21.0,,0.42,17.871876874569455,58.379157816926856,0.954850590540305,0.0,0.9975,0.9975,0.0,21.0
work,M50O0D1,2901,2.901,75.0,50,50,0,1,50,1.0,1.0,1.0,50.0,0.0,129,0.1053061224489795,,0.1053061224489795,,,0.38,,5.54,19.0,,0.38,18.52882278787634,60.961132679978654,0.9741663398844224,0.0,1.0,1.0,0.0,19.0
work,M50O0D1,3001,3.001,75.0,50,50,0,1,50,0.98,0.98,0.98,49.0,0.0,117,0.0955102040816326,,0.0955102040816326,,,0.36,,5.04,18.0,,0.36,16.78282284250466,53.95812428317453,0.789804807982466,0.0,1.0,1.0,0.0,18.0
work,M50O0D1,3101,3.101,75.0,50,50,0,1,50,0.98,0.98,0.98,49.0,0.0,109,0.0889795918367346,,0.0889795918367346,,,0.38,,4.74,19.0,,0.38,16.141804130626078,51.70213654222519,0.8154660171314697,0.0,0.9975,0.9975,0.0,19.0
work,M50O0D1,3201,3.201,75.0,50,50,0,1,50,1.0,1.0,1.0,50.0,0.0,123,0.1004081632653061,,0.1004081632653061,,,0.38,,5.3,19.0,,0.38,17.620585567218622,58.37312398184045,0.8924949198391752,0.0,0.985,0.985,0.0,19.0
work,M50O0D1,3301,3.301,75.0,50,50,0,1,50,1.0,1.0,1.0,50.0,0.0,141,0.1151020408163265,,0.1151020408163265,,,0.4,,6.04,20.0,,0.4,16.789859663532436,53.432337586296,0.8932361997132794,0.0,0.995,0.995,0.0,20.0
work,M50O0D1,3401,3.401,75.0,50,50,0,1,50,1.0,1.0,1.0,50.0,0.0,115,0.0938775510204081,,0.0938775510204081,,,0.4,,5.0,20.0,,0.4,17.753207074770994,58.60941534778602,0.9159213870192152,0.0,1.0,1.0,0.0,20.0
work,M50O0D1,3501,3.501,75.0,50,50,0,1,50,0.98,0.98,0.98,49.0,0.0,134,0.1093877551020408,,0.1093877551020408,,,0.44,,5.8,22.0,,0.44,16.381662605834688,54.82966549644047,0.762091857406825,0.0,1.0,1.0,0.0,22.0
work,M50O0D1,3601,3.601,75.0,50,50,0,1,50,1.0,1.0,1.0,50.0,0.0,121,0.0987755102040816,,0.0987755102040816,,,0.4,,5.24,20.0,,0.4,18.62262242233546,61.585316586989386,0.9498509761660384,0.0,1.0,1.0,0.0,20.0
work,M50O0D1,3701,3.701,75.0,50,50,0,1,50,1.0,1.0,1.0,50.0,0.0,130,0.1061224489795918,,0.1061224489795918,,,0.42,,5.62,21.0,,0.42,17.673695524709856,53.46537181873675,0.8713220398339114,0.0,0.9975,0.9975,0.0,21.0
work,M50O0D1,3801,3.801,75.0,50,50,0,1,50,1.0,1.0,1.0,50.0,0.0,123,0.1004081632653061,,0.1004081632653061,,,0.44,,5.36,22.0,,0.44,17.949329484156426,58.86078177489029,0.8984299445601244,0.0,1.0,1.0,0.0,22.0
work,M50O0D1,3901,3.901,75.0,50,50,0,1,50,1.0,1.0,1.0,50.0,0.0,149,0.1216326530612244,,0.1216326530612244,,,0.44,,6.4,22.0,,0.44,16.659216348073972,49.08966806652168,0.7908509841860161,0.0,0.9775,0.9775,0.0,22.0
work,M50O0D1,4001,4.001,75.0,50,50,0,1,50,0.98,0.98,0.98,49.0,0.0,135,0.110204081632653,,0.110204081632653,,,0.5,,5.9,25.0,,0.5,15.50327527158415,47.02939484694647,0.7144506250856438,0.0,1.0,1.0,0.0,25.0
work,M50O0D1,4101,4.101,75.0,50,50,0,1,50,1.0,1.0,1.0,50.0,0.0,137,0.1118367346938775,,0.1118367346938775,,,0.5,,5.98,25.0,,0.5,17.562349660931474,54.90820815358155,0.8557378593469648,0.0,1.0,1.0,0.0,25.0
work,M50O0D1,4201,4.2010000000000005,75.0,50,50,0,1,50,1.0,1.0,1.0,50.0,0.0,125,0.1020408163265306,,0.1020408163265306,,,0.42,,5.42,21.0,,0.42,15.857160614578811,46.27178757862234,0.6620014667829216,0.0,1.0,1.0,0.0,21.0
work,M50O0D1,4301,4.301,75.0,50,50,0,1,50,1.0,1.0,1.0,50.0,0.0,144,0.1175510204081632,,0.1175510204081632,,,0.42,,6.18,21.0,,0.42,16.23313416177521,51.36859427018128,0.7127256280034139,0.0,0.9975,0.9975,0.0,21.0
work,M50O0D1,4401,4.401,75.0,50,50,0,1,50,1.0,1.0,1.0,50.0,0.0,121,0.0987755102040816,,0.0987755102040816,,,0.44,,5.28,22.0,,0.44,16.964597698836496,52.10568688849615,0.8595924243264279,0.0,1.0,1.0,0.0,22.0
work,M50O0D1,4501,4.501,75.0,50,50,0,1,50,0.98,0.98,0.98,49.0,0.0,134,0.1093877551020408,,0.1093877551020408,,,0.44,,5.8,22.0,,0.44,15.151106094315772,35.27660675204711,0.5700632060949815,0.0,1.0,1.0,0.0,22.0
work,M50O0D1,4601,4.601,75.0,50,50,0,1,50,0.96,0.96,0.96,48.0,0.0,142,0.1159183673469387,,0.1159183673469387,,,0.44,,6.12,22.0,,0.44,16.61360409924479,50.517629945462566,0.8462051773585504,0.0,0.9925,0.9925,0.0,22.0
work,M50O0D1,4701,4.7010000000000005,75.0,50,50,0,1,50,1.0,1.0,1.0,50.0,0.0,128,0.1044897959183673,,0.1044897959183673,,,0.44,,5.56,22.0,,0.44,16.55372632072614,45.9388837264168,0.6357472748887835,0.0,1.0,1.0,0.0,22.0
work,M50O0D1,4801,4.801,75.0,50,50,0,1,50,1.0,1.0,1.0,50.0,0.0,150,0.1224489795918367,,0.1224489795918367,,,0.42,,6.42,21.0,,0.42,16.903038244548913,54.97360955535343,0.8333624494790736,0.0,1.0,1.0,0.0,21.0
work,M50O0D1,4901,4.901,75.0,50,50,0,1,50,0.98,0.98,0.98,49.0,0.0,108,0.0881632653061224,,0.0881632653061224,,,0.42,,4.74,21.0,,0.42,16.719767761671434,49.82851936000097,0.7798354002142058,0.0,1.0,1.0,0.0,21.0
work-1,M50O0D1,1001,1.001,75.0,50,50,0,1,50,0.94,0.94,0.94,47.0,0.0,126,0.1028571428571428,,0.1028571428571428,,,0.46,,5.5,23.0,,0.46,16.64076024939556,53.442602719080135,0.7659074053200268,0.0,1.0,1.0,0.0,23.0
work-1,M50O0D1,1101,1.101,75.0,50,50,0,1,50,0.98,0.98,0.98,49.0,0.0,142,0.1159183673469387,,0.1159183673469387,,,0.48,,6.16,24.0,,0.48,16.376622140483178,48.44813194495891,0.7174983321274447,0.0,1.0,1.0,0.0,24.0
work-1,M50O0D1,1201,1.201,75.0,50,50,0,1,50,1.0,1.0,1.0,50.0,0.0,157,0.1281632653061224,,0.1281632653061224,,,0.46,,6.74,23.0,,0.46,15.61425976479604,48.74637350196062,0.6707477876237987,0.0,0.995,0.995,0.0,23.0
work-1,M50O0D1,1301,1.301,75.0,50,50,0,1,50,0.94,0.94,0.94,47.0,0.0,117,0.0955102040816326,,0.0955102040816326,,,0.44,,5.12,22.0,,0.44,17.60320296252859,53.376483234324105,0.8531542125200698,0.0,0.995,0.995,0.0,22.0
work-1,M50O0D1,1401,1.401,75.0,50,50,0,1,50,1.0,1.0,1.0,50.0,0.0,138,0.1126530612244898,,0.1126530612244898,,,0.44,,5.96,22.0,,0.44,18.290604568101823,58.770412015972575,0.946336444874959,0.0,1.0,1.0,0.0,22.0
work-1,M50O0D1,1501,1.501,75.0,50,50,0,1,50,1.0,1.0,1.0,50.0,0.0,125,0.1020408163265306,,0.1020408163265306,,,0.48,,5.48,24.0,,0.48,17.361303813070943,54.61333751838401,0.8974313091846137,0.0,1.0,1.0,0.0,24.0
work-1,M50O0D1,1601,1.601,75.0,50,50,0,1,50,0.98,0.98,0.98,49.0,0.0,130,0.1061224489795918,,0.1061224489795918,,,0.5,,5.7,25.0,,0.5,17.76219526566605,57.43395256216328,0.9363634399566916,0.0,1.0,1.0,0.0,25.0
work-1,M50O0D1,1701,1.701,75.0,50,50,0,1,50,0.98,0.98,0.98,49.0,0.0,127,0.1036734693877551,,0.1036734693877551,,,0.44,,5.52,22.0,,0.44,16.362413010416553,52.01053950890383,0.7755502523891399,0.0,0.995,0.995,0.0,22.0
work-1,M50O0D1,1801,1.801,75.0,50,50,0,1,50,1.0,1.0,1.0,50.0,0.0,128,0.1044897959183673,,0.1044897959183673,,,0.46,,5.58,23.0,,0.46,15.893266690217391,48.54163255755852,0.6631131496034495,0.0,0.9975,0.9975,0.0,23.0
work-1,M50O0D1,1901,1.901,75.0,50,50,0,1,50,0.98,0.98,0.98,49.0,0.0,128,0.1044897959183673,,0.1044897959183673,,,0.44,,5.56,22.0,,0.44,15.391748696128529,48.06120804164265,0.7131715623409829,0.0,1.0,1.0,0.0,22.0
work-1,M50O0D1,2001,2.001,75.0,50,50,0,1,50,1.0,1.0,1.0,50.0,0.0,134,0.1093877551020408,,0.1093877551020408,,,0.5,,5.86,25.0,,0.5,17.973568078781927,57.79277629486328,0.8587566928308467,0.0,0.9975,0.9975,0.0,25.0
work-1,M50O0D1,2101,2.101,75.0,50,50,0,1,50,0.98,0.98,0.98,49.0,0.0,129,0.1053061224489795,,0.1053061224489795,,,0.5,,5.66,25.0,,0.5,18.38220093182362,61.84433597151919,0.9819405553424896,0.0,1.0,1.0,0.0,25.0
work-1,M50O0D1,2201,2.201,75.0,50,50,0,1,50,1.0,1.0,1.0,50.0,0.0,135,0.110204081632653,,0.110204081632653,,,0.48,,5.88,24.0,,0.48,17.264403926777725,55.359786583919735,0.9112158177049998,0.0,0.995,0.995,0.0,24.0
work-1,M50O0D1,2301,2.301,75.0,50,50,0,1,50,0.98,0.98,0.98,49.0,0.0,133,0.1085714285714285,,0.1085714285714285,,,0.52,,5.84,26.0,,0.52,17.874389362312268,58.10267276798651,0.8980093211560545,0.0,1.0,1.0,0.0,26.0
work-1,M50O0D1,2401,2.401,75.0,50,50,0,1,50,1.0,1.0,1.0,50.0,0.0,143,0.116734693877551,,0.116734693877551,,,0.52,,6.24,26.0,,0.52,18.45967593992641,61.32331800678092,0.9331013690400112,0.0,0.9975,0.9975,0.0,26.0
work-1,M50O0D1,2501,2.501,75.0,50,50,0,1,50,0.96,0.96,0.96,48.0,0.0,135,0.110204081632653,,0.110204081632653,,,0.56,,5.96,28.0,,0.56,17.36319666394247,55.398954298802266,0.8969694327833071,0.0,0.9975,0.9975,0.0,28.0
work-1,M50O0D1,2601,2.601,75.0,50,50,0,1,50,0.98,0.98,0.98,49.0,0.0,144,0.1175510204081632,,0.1175510204081632,,,0.58,,6.34,29.0,,0.58,17.950196130303173,59.67800351873724,0.9347154588931318,0.0,0.985,0.985,0.0,29.0
work-1,M50O0D1,2701,2.701,75.0,50,50,0,1,50,1.0,1.0,1.0,50.0,0.0,140,0.1142857142857142,,0.1142857142857142,,,0.5,,6.1,25.0,,0.5,17.742573676530913,57.88149454215159,0.8864567409034934,0.0,0.9975,0.9975,0.0,25.0
work-1,M50O0D1,2801,2.801,75.0,50,50,0,1,50,0.98,0.98,0.98,49.0,0.0,154,0.1257142857142857,,0.1257142857142857,,,0.56,,6.72,28.0,,0.56,18.68755058032321,62.16645646796624,0.9603115158506388,0.0,0.9975,0.9975,0.0,28.0
work-1,M50O0D1,2901,2.901,75.0,50,50,0,1,50,1.0,1.0,1.0,50.0,0.0,148,0.1208163265306122,,0.1208163265306122,,,0.48,,6.4,24.0,,0.48,17.70749801432664,53.31836071791734,0.8790624333184562,0.0,1.0,1.0,0.0,24.0
work-1,M50O0D1,3001,3.001,75.0,50,50,0,1,50,0.96,0.96,0.96,48.0,0.0,132,0.1077551020408163,,0.1077551020408163,,,0.48,,5.76,24.0,,0.48,17.263335632655807,54.599311408333456,0.882884640747769,0.0,1.0,1.0,0.0,24.0
work-1,M50O0D1,3101,3.101,75.0,50,50,0,1,50,0.98,0.98,0.98,49.0,0.0,113,0.0922448979591836,,0.0922448979591836,,,0.46,,4.98,23.0,,0.46,18.452838455024235,60.71055664686836,0.957670470175182,0.0,0.995,0.995,0.0,23.0
work-1,M50O0D1,3201,3.201,75.0,50,50,0,1,50,0.98,0.98,0.98,49.0,0.0,138,0.1126530612244898,,0.1126530612244898,,,0.5,,6.02,25.0,,0.5,16.830511489005854,51.28516673568871,0.9190347328871884,0.0,1.0,1.0,0.0,25.0
work-1,M50O0D1,3301,3.301,75.0,50,50,0,1,50,1.0,1.0,1.0,50.0,0.0,134,0.1093877551020408,,0.1093877551020408,,,0.46,,5.82,23.0,,0.46,18.873253524952123,61.60676024625121,0.9741467962705224,0.0,1.0,1.0,0.0,23.0
work-1,M50O0D1,3401,3.401,75.0,50,50,0,1,50,0.98,0.98,0.98,49.0,0.0,131,0.106938775510204,,0.106938775510204,,,0.48,,5.72,24.0,,0.48,17.499300176075874,55.17253194014313,0.893831784638609,0.0,0.9925,0.9925,0.0,24.0
work-1,M50O0D1,3501,3.501,75.0,50,50,0,1,50,0.98,0.98,0.98,49.0,0.0,126,0.1028571428571428,,0.1028571428571428,,,0.48,,5.52,24.0,,0.48,16.846662709700144,55.51673897947038,0.9170694079736664,0.0,0.9975,0.9975,0.0,24.0
work-1,M50O0D1,3601,3.601,75.0,50,50,0,1,50,1.0,1.0,1.0,50.0,0.0,136,0.1110204081632653,,0.1110204081632653,,,0.46,,5.9,23.0,,0.46,17.35893203708896,55.46312684939506,0.8894088948393051,0.0,1.0,1.0,0.0,23.0
work-1,M50O0D1,3701,3.701,75.0,50,50,0,1,50,0.98,0.98,0.98,49.0,0.0,131,0.106938775510204,,0.106938775510204,,,0.44,,5.68,22.0,,0.44,16.595781518222264,50.38127699897945,0.743824600165228,0.0,1.0,1.0,0.0,22.0
work-1,M50O0D1,3801,3.801,75.0,50,50,0,1,50,0.94,0.94,0.94,47.0,0.0,118,0.0963265306122449,,0.0963265306122449,,,0.46,,5.18,23.0,,0.46,17.50519484620652,58.03783798655781,0.9346347079990798,0.0,1.0,1.0,0.0,23.0
work-1,M50O0D1,3901,3.901,75.0,50,50,0,1,50,1.0,1.0,1.0,50.0,0.0,139,0.113469387755102,,0.113469387755102,,,0.48,,6.04,24.0,,0.48,17.062630992994073,50.18135801164754,0.8379659420481873,0.0,0.9975,0.9975,0.0,24.0
work-1,M50O0D1,4001,4.001,75.0,50,50,0,1,50,0.94,0.94,0.94,47.0,0.0,130,0.1061224489795918,,0.1061224489795918,,,0.5,,5.7,25.0,,0.5,16.3986971903812,48.3423067248119,0.6991579527891143,0.0,1.0,1.0,0.0,25.0
work-1,M50O0D1,4101,4.101,75.0,50,50,0,1,50,1.0,1.0,1.0,50.0,0.0,130,0.1061224489795918,,0.1061224489795918,,,0.5,,5.7,25.0,,0.5,15.593691520981508,46.20708820649793,0.5910245045884498,0.0,1.0,1.0,0.0,25.0
work-1,M50O0D1,4201,4.2010000000000005,75.0,50,50,0,1,50,0.98,0.98,0.98,49.0,0.0,134,0.1093877551020408,,0.1093877551020408,,,0.46,,5.82,23.0,,0.46,16.911192147180298,53.10968755839634,0.81049627437501,0.0,1.0,1.0,0.0,23.0
work-1,M50O0D1,4301,4.301,75.0,50,50,0,1,50,0.96,0.96,0.96,48.0,0.0,119,0.0971428571428571,,0.0971428571428571,,,0.44,,5.2,22.0,,0.44,16.677394348608505,49.98406401653408,0.8552157804242725,0.0,1.0,1.0,0.0,22.0
work-1,M50O0D1,4401,4.401,75.0,50,50,0,1,50,1.0,1.0,1.0,50.0,0.0,125,0.1020408163265306,,0.1020408163265306,,,0.44,,5.44,22.0,,0.44,16.670179916756734,50.32871839756392,0.7126201913935808,0.0,0.9975,0.9975,0.0,22.0
work-1,M50O0D1,4501,4.501,75.0,50,50,0,1,50,0.98,0.98,0.98,49.0,0.0,132,0.1077551020408163,,0.1077551020408163,,,0.44,,5.72,22.0,,0.44,17.574195531513897,56.68631950735667,0.9153233788434152,0.0,0.9975,0.9975,0.0,22.0
work-1,M50O0D1,4601,4.601,75.0,50,50,0,1,50,1.0,1.0,1.0,50.0,0.0,137,0.1118367346938775,,0.1118367346938775,,,0.44,,5.92,22.0,,0.44,17.29437647813303,55.56330330276044,0.8853724165380757,0.0,1.0,1.0,0.0,22.0
work-1,M50O0D1,4701,4.7010000000000005,75.0,50,50,0,1,50,0.96,0.96,0.96,48.0,0.0,116,0.0946938775510204,,0.0946938775510204,,,0.48,,5.12,24.0,,0.48,17.697947064012478,57.71333469584116,0.8947358029411407,0.0,1.0,1.0,0.0,24.0
work-1,M50O0D1,4801,4.801,75.0,50,50,0,1,50,0.96,0.96,0.96,48.0,0.0,125,0.1020408163265306,,0.1020408163265306,,,0.52,,5.52,26.0,,0.52,18.099663122995903,56.562573659545336,0.9075771078314064,0.0,0.9925,0.9925,0.0,26.0
work-1,M50O0D1,4901,4.901,75.0,50,50,0,1,50,0.98,0.98,0.98,49.0,0.0,131,0.106938775510204,,0.106938775510204,,,0.52,,5.76,26.0,,0.52,17.897392671372586,59.75783095037684,0.925253749025616,0.0,1.0,1.0,0.0,26.0
work-2,M50O0D1,1001,1.001,75.0,50,50,0,1,50,1.0,1.0,1.0,50.0,0.0,124,0.1012244897959183,,0.1012244897959183,,,0.36,,5.32,18.0,,0.36,18.075848431955304,60.09978629899942,0.9359448152305258,0.0,1.0,1.0,0.0,18.0
work-2,M50O0D1,1101,1.101,75.0,50,50,0,1,50,1.0,1.0,1.0,50.0,0.0,127,0.1036734693877551,,0.1036734693877551,,,0.38,,5.46,19.0,,0.38,17.859815500424777,56.9815374144292,0.9214427789518732,0.0,1.0,1.0,0.0,19.0
work-2,M50O0D1,1201,1.201,75.0,50,50,0,1,50,1.0,1.0,1.0,50.0,0.0,111,0.0906122448979591,,0.0906122448979591,,,0.42,,4.86,21.0,,0.42,18.668577603053784,60.35775004396614,0.9582603581299836,0.0,0.9975,0.9975,0.0,21.0
work-2,M50O0D1,1301,1.301,75.0,50,50,0,1,50,0.94,0.94,0.94,47.0,0.0,116,0.0946938775510204,,0.0946938775510204,,,0.46,,5.1,23.0,,0.46,17.941526184734226,58.26379209966753,0.8768336288919775,0.0,1.0,1.0,0.0,23.0
work-2,M50O0D1,1401,1.401,75.0,50,50,0,1,50,0.92,0.92,0.92,46.0,0.0,131,0.106938775510204,,0.106938775510204,,,0.4,,5.64,20.0,,0.4,17.666051743086616,55.19489881132097,0.8795853853805427,0.0,1.0,1.0,0.0,20.0
work-2,M50O0D1,1501,1.501,75.0,50,50,0,1,50,0.98,0.98,0.98,49.0,0.0,131,0.106938775510204,,0.106938775510204,,,0.42,,5.66,21.0,,0.42,17.75891922569992,58.067736776614574,0.9444864866970968,0.0,0.9975,0.9975,0.0,21.0
work-2,M50O0D1,1601,1.601,75.0,50,50,0,1,50,0.96,0.96,0.96,48.0,0.0,124,0.1012244897959183,,0.1012244897959183,,,0.46,,5.42,23.0,,0.46,17.886709897653077,59.11899175054509,0.8988356862441165,0.0,1.0,1.0,0.0,23.0
work-2,M50O0D1,1701,1.701,75.0,50,50,0,1,50,0.98,0.98,0.98,49.0,0.0,127,0.1036734693877551,,0.1036734693877551,,,0.46,,5.54,23.0,,0.46,17.880094490149947,57.11960528626605,0.9374766525851642,0.0,1.0,1.0,0.0,23.0
work-2,M50O0D1,1801,1.801,75.0,50,50,0,1,50,1.0,1.0,1.0,50.0,0.0,127,0.1036734693877551,,0.1036734693877551,,,0.4,,5.48,20.0,,0.4,16.639922163497598,49.77452918624066,0.7576709477492235,0.0,1.0,1.0,0.0,20.0
work-2,M50O0D1,1901,1.901,75.0,50,50,0,1,50,0.98,0.98,0.98,49.0,0.0,139,0.113469387755102,,0.113469387755102,,,0.4,,5.96,20.0,,0.4,17.349815269227413,52.172518344684825,0.8700277202919152,0.0,0.995,0.995,0.0,20.0
work-2,M50O0D1,2001,2.001,75.0,50,50,0,1,50,1.0,1.0,1.0,50.0,0.0,116,0.0946938775510204,,0.0946938775510204,,,0.36,,5.0,18.0,,0.36,18.034651906341058,60.60684337135169,0.958379175073494,0.0,1.0,1.0,0.0,18.0
work-2,M50O0D1,2101,2.101,75.0,50,50,0,1,50,0.98,0.98,0.98,49.0,0.0,126,0.1028571428571428,,0.1028571428571428,,,0.4,,5.44,20.0,,0.4,17.316756490419397,54.74929543672439,0.8477218894102561,0.0,0.995,0.995,0.0,20.0
work-2,M50O0D1,2201,2.201,75.0,50,50,0,1,50,0.98,0.98,0.98,49.0,0.0,119,0.0971428571428571,,0.0971428571428571,,,0.42,,5.18,21.0,,0.42,17.664057843823443,58.61941667460938,0.9514432232449364,0.0,0.9975,0.9975,0.0,21.0
work-2,M50O0D1,2301,2.301,75.0,50,50,0,1,50,1.0,1.0,1.0,50.0,0.0,135,0.110204081632653,,0.110204081632653,,,0.38,,5.78,19.0,,0.38,17.30445431375778,52.4455542141226,0.8134710610794138,0.0,1.0,1.0,0.0,19.0
work-2,M50O0D1,2401,2.401,75.0,50,50,0,1,50,0.98,0.98,0.98,49.0,0.0,113,0.0922448979591836,,0.0922448979591836,,,0.4,,4.92,20.0,,0.4,18.61603415586977,62.35148454402774,0.9819842643836036,0.0,1.0,1.0,0.0,20.0
work-2,M50O0D1,2501,2.501,75.0,50,50,0,1,50,0.98,0.98,0.98,49.0,0.0,139,0.113469387755102,,0.113469387755102,,,0.44,,6.0,22.0,,0.44,18.151435813566543,58.95355961081496,0.9385065683591232,0.0,1.0,1.0,0.0,22.0
work-2,M50O0D1,2601,2.601,75.0,50,50,0,1,50,0.98,0.98,0.98,49.0,0.0,121,0.0987755102040816,,0.0987755102040816,,,0.4,,5.24,20.0,,0.4,17.057875619787428,54.690871018685215,0.8572719828666838,0.0,1.0,1.0,0.0,20.0
work-2,M50O0D1,2701,2.701,75.0,50,50,0,1,50,0.92,0.92,0.92,46.0,0.0,128,0.1044897959183673,,0.1044897959183673,,,0.42,,5.54,21.0,,0.42,17.316341820041806,55.92346981980223,0.9305582491663216,0.0,1.0,1.0,0.0,21.0
work-2,M50O0D1,2801,2.801,75.0,50,50,0,1,50,0.98,0.98,0.98,49.0,0.0,129,0.1053061224489795,,0.1053061224489795,,,0.46,,5.62,23.0,,0.46,17.05418390101375,52.24098739514371,0.8532131579193878,0.0,1.0,1.0,0.0,23.0
work-2,M50O0D1,2901,2.901,75.0,50,50,0,1,50,0.96,0.96,0.96,48.0,0.0,127,0.1036734693877551,,0.1036734693877551,,,0.42,,5.5,21.0,,0.42,16.755688755267187,51.22479601323354,0.8840534984723663,0.0,1.0,1.0,0.0,21.0
work-2,M50O0D1,3001,3.001,75.0,50,50,0,1,50,1.0,1.0,1.0,50.0,0.0,124,0.1012244897959183,,0.1012244897959183,,,0.42,,5.38,21.0,,0.42,16.890556376592368,49.834242888033785,0.8239783274193893,0.0,0.9975,0.9975,0.0,21.0
work-2,M50O0D1,3101,3.101,75.0,50,50,0,1,50,1.0,1.0,1.0,50.0,0.0,137,0.1118367346938775,,0.1118367346938775,,,0.46,,5.94,23.0,,0.46,17.07836127928887,55.38362394873599,0.9215048996008324,0.0,1.0,1.0,0.0,23.0
work-2,M50O0D1,3201,3.201,75.0,50,50,0,1,50,1.0,1.0,1.0,50.0,0.0,152,0.1240816326530612,,0.1240816326530612,,,0.46,,6.54,23.0,,0.46,17.726368152089456,57.7457074707179,0.8916984470647998,0.0,1.0,1.0,0.0,23.0
work-2,M50O0D1,3301,3.301,75.0,50,50,0,1,50,1.0,1.0,1.0,50.0,0.0,134,0.1093877551020408,,0.1093877551020408,,,0.48,,5.84,24.0,,0.48,17.074934962244477,51.53413454013384,0.8841301709648208,0.0,0.9975,0.9975,0.0,24.0
work-2,M50O0D1,3401,3.401,75.0,50,50,0,1,50,1.0,1.0,1.0,50.0,0.0,151,0.1232653061224489,,0.1232653061224489,,,0.48,,6.52,24.0,,0.48,16.752539713870608,48.97275513513126,0.7908366571477863,0.0,1.0,1.0,0.0,24.0
work-2,M50O0D1,3501,3.501,75.0,50,50,0,1,50,0.98,0.98,0.98,49.0,0.0,130,0.1061224489795918,,0.1061224489795918,,,0.46,,5.66,23.0,,0.46,17.761691835248953,55.40329525769447,0.8725004344148534,0.0,0.995,0.995,0.0,23.0
work-2,M50O0D1,3601,3.601,75.0,50,50,0,1,50,0.94,0.94,0.94,47.0,0.0,153,0.1248979591836734,,0.1248979591836734,,,0.42,,6.54,21.0,,0.42,16.383934058746313,45.08511228093871,0.6996643824581579,0.0,1.0,1.0,0.0,21.0
work-2,M50O0D1,3701,3.701,75.0,50,50,0,1,50,1.0,1.0,1.0,50.0,0.0,132,0.1077551020408163,,0.1077551020408163,,,0.42,,5.7,21.0,,0.42,17.86864223030553,57.10340925574749,0.9364742483617357,0.0,1.0,1.0,0.0,21.0
work-2,M50O0D1,3801,3.801,75.0,50,50,0,1,50,1.0,1.0,1.0,50.0,0.0,123,0.1004081632653061,,0.1004081632653061,,,0.4,,5.32,20.0,,0.4,16.813091636882405,50.845521292900926,0.8703219876763263,0.0,0.995,0.995,0.0,20.0
work-2,M50O0D1,3901,3.901,75.0,50,50,0,1,50,0.98,0.98,0.98,49.0,0.0,123,0.1004081632653061,,0.1004081632653061,,,0.38,,5.3,19.0,,0.38,17.89305439906892,58.76232575380324,0.9398809457658054,0.0,0.9975,0.9975,0.0,19.0
work-2,M50O0D1,4001,4.001,75.0,50,50,0,1,50,1.0,1.0,1.0,50.0,0.0,123,0.1004081632653061,,0.1004081632653061,,,0.38,,5.3,19.0,,0.38,16.040128964343406,48.22706656169999,0.6767503109940373,0.0,1.0,1.0,0.0,19.0
work-2,M50O0D1,4101,4.101,75.0,50,50,0,1,50,0.96,0.96,0.96,48.0,0.0,131,0.106938775510204,,0.106938775510204,,,0.4,,5.64,20.0,,0.4,18.800307094590497,63.0309774642293,0.975133274675938,0.0,1.0,1.0,0.0,20.0
work-2,M50O0D1,4201,4.2010000000000005,75.0,50,50,0,1,50,1.0,1.0,1.0,50.0,0.0,105,0.0857142857142857,,0.0857142857142857,,,0.34,,4.54,17.0,,0.34,16.91462979274266,56.60678011290932,0.8921213611146545,0.0,1.0,1.0,0.0,17.0
work-2,M50O0D1,4301,4.301,75.0,50,50,0,1,50,1.0,1.0,1.0,50.0,0.0,131,0.106938775510204,,0.106938775510204,,,0.34,,5.58,17.0,,0.34,18.600426716302696,61.710380324871934,0.953805208622143,0.0,0.9925,0.9925,0.0,17.0
work-2,M50O0D1,4401,4.401,75.0,50,50,0,1,50,0.96,0.96,0.96,48.0,0.0,107,0.0873469387755102,,0.0873469387755102,,,0.34,,4.62,17.0,,0.34,17.76134119161655,58.59474631278432,0.9525739514598088,0.0,0.9975,0.9975,0.0,17.0
work-2,M50O0D1,4501,4.501,75.0,50,50,0,1,50,0.96,0.96,0.96,48.0,0.0,119,0.0971428571428571,,0.0971428571428571,,,0.36,,5.12,18.0,,0.36,16.920325610931265,53.674313589485045,0.8880403990982393,0.0,0.995,0.995,0.0,18.0
work-2,M50O0D1,4601,4.601,75.0,50,50,0,1,50,0.94,0.94,0.94,47.0,0.0,109,0.0889795918367346,,0.0889795918367346,,,0.38,,4.74,19.0,,0.38,17.351804699351874,53.3088095624195,0.8717053898304519,0.0,1.0,1.0,0.0,19.0
work-2,M50O0D1,4701,4.7010000000000005,75.0,50,50,0,1,50,0.98,0.98,0.98,49.0,0.0,116,0.0946938775510204,,0.0946938775510204,,,0.4,,5.04,20.0,,0.4,16.673910956531163,52.92098545482919,0.7502735880736957,0.0,1.0,1.0,0.0,20.0
work-2,M50O0D1,4801,4.801,75.0,50,50,0,1,50,1.0,1.0,1.0,50.0,0.0,132,0.1077551020408163,,0.1077551020408163,,,0.46,,5.74,23.0,,0.46,17.5386885034954,56.43275638419699,0.925441851060151,0.0,1.0,1.0,0.0,23.0
work-2,M50O0D1,4901,4.901,75.0,50,50,0,1,50,0.98,0.98,0.98,49.0,0.0,137,0.1118367346938775,,0.1118367346938775,,,0.42,,5.9,21.0,,0.42,17.60422137165686,59.618599629906846,0.9510661196176452,0.0,1.0,1.0,0.0,21.0
work,M10O90-S2,1001,1.001,82.668389,10,20,90,0,110,0.109090909090909,0.109090909090909,,,,64,0.0106755629691409,0.0084893882646691,0.031578947368421,0.0133333333333333,,,1.022222222222222,1.8,,0.0,0.0,,,,,,,,
work,M10O90-S2,1101,1.101,82.668389,10,20,90,0,110,0.0909090909090909,0.0909090909090909,,,,71,0.0118432026688907,0.0099875156054931,0.0052631578947368,0.0166666666666666,,,1.2222222222222223,1.6,,0.0,0.0,,,,,,,,
work,M10O90-S2,1201,1.201,82.668389,10,20,90,0,110,0.0727272727272727,0.0727272727272727,,,,55,0.0091743119266055,0.0074906367041198,0.0052631578947368,0.0133333333333333,,,0.9333333333333332,1.3,,0.0,0.0,,,,,,,,
work,M10O90-S2,1301,1.301,82.668389,10,20,90,0,110,0.109090909090909,0.109090909090909,,,,63,0.0105087572977481,0.0084893882646691,0.0210526315789473,0.0138888888888888,,,1.0333333333333334,1.65,,0.0,0.0,,,,,,,,
work,M10O90-S2,1401,1.401,82.668389,10,20,90,0,110,0.0727272727272727,0.0727272727272727,,,,73,0.0121768140116763,0.0109862671660424,0.0263157894736842,0.0133333333333333,,,1.2444444444444445,1.7,,0.0,0.0,,,,,,,,
work,M10O90-S2,1501,1.501,82.668389,10,20,90,0,110,0.0727272727272727,0.0727272727272727,,,,73,0.0121768140116763,0.0119850187265917,0.0052631578947368,0.0133333333333333,,,1.3333333333333333,1.3,,0.0,0.0,,,,,,,,
work,M10O90-S2,1601,1.601,82.668389,10,20,90,0,110,0.2818181818181818,0.2818181818181818,,,,86,0.0143452877397831,0.0107365792759051,0.031578947368421,0.0205555555555555,,,1.3666666666666667,2.45,,0.0,0.0,,,,,,,,
work,M10O90-S2,1701,1.701,82.668389,10,20,90,0,110,0.0909090909090909,0.0909090909090909,,,,58,0.0096747289407839,0.0067415730337078,0.031578947368421,0.0138888888888888,,,0.8777777777777778,1.85,,0.0,0.0,,,,,,,,
work,M10O90-S2,1801,1.801,82.668389,10,20,90,0,110,0.0545454545454545,0.0545454545454545,,,,64,0.0106755629691409,0.0077403245942571,0.0210526315789473,0.0161111111111111,,,1.011111111111111,1.85,,0.0,0.0,,,,,,,,
work,M10O90-S2,1901,1.901,82.668389,10,20,90,0,110,0.1636363636363636,0.1636363636363636,,,,74,0.0123436196830692,0.0099875156054931,0.0157894736842105,0.0172222222222222,,,1.2333333333333334,1.85,,0.0,0.0,,,,,,,,
work,M10O90-S2,2001,2.001,82.668389,10,20,90,0,110,0.0909090909090909,0.0909090909090909,,,,61,0.0101751459549624,0.0097378277153558,0.0210526315789473,0.01,,,1.0666666666666669,1.3,,0.0,0.0,,,,,,,,
work,M10O90-S2,2101,2.101,82.668389,10,20,90,0,110,0.1181818181818181,0.1181818181818181,,,,65,0.0108423686405337,0.0097378277153558,0.0263157894736842,0.0116666666666666,,,1.1,1.55,,0.0,0.0,,,,,,,,
work,M10O90-S2,2201,2.201,82.668389,10,20,90,0,110,0.1181818181818181,0.1181818181818181,,,,54,0.0090075062552126,0.0067415730337078,0.0263157894736842,0.0122222222222222,,,0.8444444444444444,1.6,,0.0,0.0,,,,,,,,
work,M10O90-S2,2301,2.301,82.668389,10,20,90,0,110,0.1181818181818181,0.1181818181818181,,,,65,0.0108423686405337,0.0084893882646691,0.0263157894736842,0.0144444444444444,,,1.0444444444444445,1.8,,0.0,0.0,,,,,,,,
work,M10O90-S2,2401,2.401,82.668389,10,20,90,0,110,0.0727272727272727,0.0727272727272727,,,,70,0.0116763969974979,0.0089887640449438,0.0210526315789473,0.0166666666666666,,,1.1333333333333333,1.9,,0.0,0.0,,,,,,,,
work,M10O90-S2,2501,2.501,82.668389,10,20,90,0,110,0.0909090909090909,0.0909090909090909,,,,69,0.011509591326105,0.0097378277153558,0.0157894736842105,0.015,,,1.1666666666666667,1.65,,0.0,0.0,,,,,,,,
work,M10O90-S2,2601,2.601,82.668389,10,20,90,0,110,0.0818181818181818,0.0818181818181818,,,,73,0.0121768140116763,0.0092384519350811,0.0157894736842105,0.0183333333333333,,,1.1888888888888889,1.95,,0.0,0.0,,,,,,,,
work,M10O90-S2,2701,2.701,82.668389,10,20,90,0,110,0.1636363636363636,0.1636363636363636,,,,77,0.0128440366972477,0.0117353308364544,0.0105263157894736,0.0155555555555555,,,1.3555555555555556,1.6,,0.0,0.0,,,,,,,,
work,M10O90-S2,2801,2.801,82.668389,10,20,90,0,110,0.0909090909090909,0.0909090909090909,,,,76,0.0126772310258548,0.0112359550561797,0.0263157894736842,0.0144444444444444,,,1.288888888888889,1.8,,0.0,0.0,,,,,,,,
work,M10O90-S2,2901,2.901,82.668389,10,20,90,0,110,0.1363636363636363,0.1363636363636363,,,,67,0.0111759799833194,0.0097378277153558,0.0157894736842105,0.0138888888888888,,,1.1444444444444444,1.55,,0.0,0.0,,,,,,,,
work,M10O90-S2,3001,3.001,82.668389,10,20,90,0,110,0.0636363636363636,0.0636363636363636,,,,70,0.0116763969974979,0.0099875156054931,0.0210526315789473,0.0144444444444444,,,1.1777777777777778,1.7,,0.0,0.0,,,,,,,,
work,M10O90-S2,3101,3.101,82.668389,10,20,90,0,110,0.0818181818181818,0.0818181818181818,,,,62,0.0103419516263552,0.0099875156054931,0.0210526315789473,0.01,,,1.0888888888888888,1.3,,0.0,0.0,,,,,,,,
work,M10O90-S2,3201,3.201,82.668389,10,20,90,0,110,0.0818181818181818,0.0818181818181818,,,,63,0.0105087572977481,0.0084893882646691,0.0052631578947368,0.0155555555555555,,,1.0666666666666669,1.5,,0.0,0.0,,,,,,,,
work,M10O90-S2,3301,3.301,82.668389,10,20,90,0,110,0.0909090909090909,0.0909090909090909,,,,66,0.0110091743119266,0.0092384519350811,0.0157894736842105,0.0144444444444444,,,1.1111111111111112,1.6,,0.0,0.0,,,,,,,,
work,M10O90-S2,3401,3.401,82.668389,10,20,90,0,110,0.0818181818181818,0.0818181818181818,,,,71,0.0118432026688907,0.0087390761548064,0.0157894736842105,0.0183333333333333,,,1.1444444444444444,1.95,,0.0,0.0,,,,,,,,
work,M10O90-S2,3501,3.501,82.668389,10,20,90,0,110,0.1363636363636363,0.1363636363636363,,,,71,0.0118432026688907,0.0109862671660424,0.031578947368421,0.0116666666666666,,,1.211111111111111,1.65,,0.0,0.0,,,,,,,,
work,M10O90-S2,3601,3.601,82.668389,10,20,90,0,110,0.1454545454545454,0.1454545454545454,,,,73,0.0121768140116763,0.0124843945068664,0.0105263157894736,0.0116666666666666,,,1.3444444444444446,1.25,,0.0,0.0,,,,,,,,
work,M10O90-S2,3701,3.701,82.668389,10,20,90,0,110,0.0636363636363636,0.0636363636363636,,,,55,0.0091743119266055,0.0069912609238451,0.0421052631578947,0.0105555555555555,,,0.8333333333333334,1.75,,0.0,0.0,,,,,,,,
work,M10O90-S2,3801,3.801,82.668389,10,20,90,0,110,0.1,0.1,,,,69,0.011509591326105,0.0094881398252184,0.0263157894736842,0.0144444444444444,,,1.1333333333333333,1.8,,0.0,0.0,,,,,,,,
work,M10O90-S2,3901,3.901,82.668389,10,20,90,0,110,0.1272727272727272,0.1272727272727272,,,,77,0.0128440366972477,0.0114856429463171,0.031578947368421,0.0138888888888888,,,1.3,1.85,,0.0,0.0,,,,,,,,
work,M10O90-S2,4001,4.001,82.668389,10,20,90,0,110,0.0818181818181818,0.0818181818181818,,,,60,0.0100083402835696,0.0084893882646691,0.0263157894736842,0.0116666666666666,,,0.9888888888888888,1.55,,0.0,0.0,,,,,,,,
work,M10O90-S2,4101,4.101,82.668389,10,20,90,0,110,0.1454545454545454,0.1454545454545454,,,,71,0.0118432026688907,0.0107365792759051,0.031578947368421,0.0122222222222222,,,1.2,1.7,,0.0,0.0,,,,,,,,
work,M10O90-S2,4201,4.2010000000000005,82.668389,10,20,90,0,110,0.0818181818181818,0.0818181818181818,,,,65,0.0108423686405337,0.0109862671660424,0.0,0.0116666666666666,,,1.211111111111111,1.05,,0.0,0.0,,,,,,,,
work,M10O90-S2,4301,4.301,82.668389,10,20,90,0,110,0.1,0.1,,,,68,0.0113427856547122,0.0099875156054931,0.0105263157894736,0.0144444444444444,,,1.1777777777777778,1.5,,0.0,0.0,,,,,,,,
work,M10O90-S2,4401,4.401,82.668389,10,20,90,0,110,0.3181818181818182,0.3181818181818182,,,,84,0.0140116763969974,0.0117353308364544,0.031578947368421,0.0172222222222222,,,1.3888888888888888,2.15,,0.0,0.0,,,,,,,,
work,M10O90-S2,4501,4.501,82.668389,10,20,90,0,110,0.2181818181818181,0.2181818181818181,,,,69,0.011509591326105,0.0077403245942571,0.031578947368421,0.0177777777777777,,,1.0444444444444445,2.2,,0.0,0.0,,,,,,,,
work,M10O90-S2,4601,4.601,82.668389,10,20,90,0,110,0.0909090909090909,0.0909090909090909,,,,70,0.0116763969974979,0.0092384519350811,0.0263157894736842,0.0155555555555555,,,1.1333333333333333,1.9,,0.0,0.0,,,,,,,,
work,M10O90-S2,4701,4.7010000000000005,82.668389,10,20,90,0,110,0.1181818181818181,0.1181818181818181,,,,74,0.0123436196830692,0.0102372034956304,0.031578947368421,0.015,,,1.211111111111111,1.95,,0.0,0.0,,,,,,,,
work,M10O90-S2,4801,4.801,82.668389,10,20,90,0,110,0.1545454545454545,0.1545454545454545,,,,68,0.0113427856547122,0.0092384519350811,0.0210526315789473,0.015,,,1.1222222222222222,1.75,,0.0,0.0,,,,,,,,
work,M10O90-S2,4901,4.901,82.668389,10,20,90,0,110,0.0909090909090909,0.0909090909090909,,,,68,0.0113427856547122,0.0107365792759051,0.0210526315789473,0.0116666666666666,,,1.1888888888888889,1.45,,0.0,0.0,,,,,,,,
work-1,M10O90-S2,1001,1.001,82.668389,10,20,90,0,110,0.1363636363636363,0.1363636363636363,,,,64,0.0106755629691409,0.0092384519350811,0.031578947368421,0.0116666666666666,,,1.0555555555555556,1.65,,0.0,0.0,,,,,,,,
work-1,M10O90-S2,1101,1.101,82.668389,10,20,90,0,110,0.1181818181818181,0.1181818181818181,,,,62,0.0103419516263552,0.0092384519350811,0.0052631578947368,0.0133333333333333,,,1.0888888888888888,1.3,,0.0,0.0,,,,,,,,
work-1,M10O90-S2,1201,1.201,82.668389,10,20,90,0,110,0.1545454545454545,0.1545454545454545,,,,69,0.011509591326105,0.0094881398252184,0.0210526315789473,0.015,,,1.1444444444444444,1.75,,0.0,0.0,,,,,,,,
work-1,M10O90-S2,1301,1.301,82.668389,10,20,90,0,110,0.109090909090909,0.109090909090909,,,,91,0.0151793160967472,0.013732833957553,0.0210526315789473,0.0177777777777777,,,1.5777777777777775,2.0,,0.0,0.0,,,,,,,,
work-1,M10O90-S2,1401,1.401,82.668389,10,20,90,0,110,0.109090909090909,0.109090909090909,,,,74,0.0123436196830692,0.0084893882646691,0.0263157894736842,0.0194444444444444,,,1.1444444444444444,2.25,,0.0,0.0,,,,,,,,
work-1,M10O90-S2,1501,1.501,82.668389,10,20,90,0,110,0.0636363636363636,0.0636363636363636,,,,55,0.0091743119266055,0.0074906367041198,0.0052631578947368,0.0133333333333333,,,0.9333333333333332,1.3,,0.0,0.0,,,,,,,,
work-1,M10O90-S2,1601,1.601,82.668389,10,20,90,0,110,0.1181818181818181,0.1181818181818181,,,,75,0.012510425354462,0.0102372034956304,0.0052631578947368,0.0183333333333333,,,1.2777777777777777,1.75,,0.0,0.0,,,,,,,,
work-1,M10O90-S2,1701,1.701,82.668389,10,20,90,0,110,0.1272727272727272,0.1272727272727272,,,,75,0.012510425354462,0.0119850187265917,0.0210526315789473,0.0127777777777777,,,1.3222222222222222,1.55,,0.0,0.0,,,,,,,,
work-1,M10O90-S2,1801,1.801,82.668389,10,20,90,0,110,0.0818181818181818,0.0818181818181818,,,,67,0.0111759799833194,0.0109862671660424,0.0,0.0127777777777777,,,1.2333333333333334,1.15,,0.0,0.0,,,,,,,,
work-1,M10O90-S2,1901,1.901,82.668389,10,20,90,0,110,0.1181818181818181,0.1181818181818181,,,,74,0.0123436196830692,0.0114856429463171,0.0105263157894736,0.0144444444444444,,,1.3111111111111111,1.5,,0.0,0.0,,,,,,,,
work-1,M10O90-S2,2001,2.001,82.668389,10,20,90,0,110,0.0636363636363636,0.0636363636363636,,,,66,0.0110091743119266,0.0094881398252184,0.0157894736842105,0.0138888888888888,,,1.1222222222222222,1.55,,0.0,0.0,,,,,,,,
work-1,M10O90-S2,2101,2.101,82.668389,10,20,90,0,110,0.1727272727272727,0.1727272727272727,,,,83,0.0138448707256046,0.0109862671660424,0.031578947368421,0.0183333333333333,,,1.3444444444444446,2.25,,0.0,0.0,,,,,,,,
work-1,M10O90-S2,2201,2.201,82.668389,10,20,90,0,110,0.0909090909090909,0.0909090909090909,,,,54,0.0090075062552126,0.0072409488139825,0.0157894736842105,0.0122222222222222,,,0.8888888888888888,1.4,,0.0,0.0,,,,,,,,
work-1,M10O90-S2,2301,2.301,82.668389,10,20,90,0,110,0.0727272727272727,0.0727272727272727,,,,68,0.0113427856547122,0.0094881398252184,0.0210526315789473,0.0144444444444444,,,1.1333333333333333,1.7,,0.0,0.0,,,,,,,,
work-1,M10O90-S2,2401,2.401,82.668389,10,20,90,0,110,0.0727272727272727,0.0727272727272727,,,,61,0.0101751459549624,0.0079900124843945,0.0368421052631578,0.0122222222222222,,,0.9555555555555556,1.8,,0.0,0.0,,,,,,,,
work-1,M10O90-S2,2501,2.501,82.668389,10,20,90,0,110,0.1,0.1,,,,62,0.0103419516263552,0.0092384519350811,0.0157894736842105,0.0122222222222222,,,1.0666666666666669,1.4,,0.0,0.0,,,,,,,,
work-1,M10O90-S2,2601,2.601,82.668389,10,20,90,0,110,0.1,0.1,,,,71,0.0118432026688907,0.0092384519350811,0.0157894736842105,0.0172222222222222,,,1.1666666666666667,1.85,,0.0,0.0,,,,,,,,
work-1,M10O90-S2,2701,2.701,82.668389,10,20,90,0,110,0.1181818181818181,0.1181818181818181,,,,78,0.0130108423686405,0.0092384519350811,0.0210526315789473,0.0205555555555555,,,1.2333333333333334,2.25,,0.0,0.0,,,,,,,,
work-1,M10O90-S2,2801,2.801,82.668389,10,20,90,0,110,0.109090909090909,0.109090909090909,,,,68,0.0113427856547122,0.0087390761548064,0.0368421052631578,0.0144444444444444,,,1.0666666666666669,2.0,,0.0,0.0,,,,,,,,
work-1,M10O90-S2,2901,2.901,82.668389,10,20,90,0,110,0.0818181818181818,0.0818181818181818,,,,79,0.0131776480400333,0.0114856429463171,0.0157894736842105,0.0166666666666666,,,1.3555555555555556,1.8,,0.0,0.0,,,,,,,,
work-1,M10O90-S2,3001,3.001,82.668389,10,20,90,0,110,0.0545454545454545,0.0545454545454545,,,,56,0.0093411175979983,0.0084893882646691,0.0105263157894736,0.0111111111111111,,,0.9777777777777776,1.2,,0.0,0.0,,,,,,,,
work-1,M10O90-S2,3101,3.101,82.668389,10,20,90,0,110,0.109090909090909,0.109090909090909,,,,75,0.012510425354462,0.0094881398252184,0.0210526315789473,0.0183333333333333,,,1.211111111111111,2.05,,0.0,0.0,,,,,,,,
work-1,M10O90-S2,3201,3.201,82.668389,10,20,90,0,110,0.1454545454545454,0.1454545454545454,,,,62,0.0103419516263552,0.0092384519350811,0.0210526315789473,0.0116666666666666,,,1.0555555555555556,1.45,,0.0,0.0,,,,,,,,
work-1,M10O90-S2,3301,3.301,82.668389,10,20,90,0,110,0.1545454545454545,0.1545454545454545,,,,68,0.0113427856547122,0.0082397003745318,0.0052631578947368,0.0188888888888888,,,1.1111111111111112,1.8,,0.0,0.0,,,,,,,,
work-1,M10O90-S2,3401,3.401,82.668389,10,20,90,0,110,0.1272727272727272,0.1272727272727272,,,,70,0.0116763969974979,0.0097378277153558,0.031578947368421,0.0138888888888888,,,1.1444444444444444,1.85,,0.0,0.0,,,,,,,,
work-1,M10O90-S2,3501,3.501,82.668389,10,20,90,0,110,0.1,0.1,,,,77,0.0128440366972477,0.0107365792759051,0.031578947368421,0.0155555555555555,,,1.2666666666666666,2.0,,0.0,0.0,,,,,,,,
work-1,M10O90-S2,3601,3.601,82.668389,10,20,90,0,110,0.1181818181818181,0.1181818181818181,,,,69,0.011509591326105,0.0094881398252184,0.0263157894736842,0.0144444444444444,,,1.1333333333333333,1.8,,0.0,0.0,,,,,,,,
work-1,M10O90-S2,3701,3.701,82.668389,10,20,90,0,110,0.1636363636363636,0.1636363636363636,,,,61,0.0101751459549624,0.0069912609238451,0.0210526315789473,0.0161111111111111,,,0.9444444444444444,1.85,,0.0,0.0,,,,,,,,
work-1,M10O90-S2,3801,3.801,82.668389,10,20,90,0,110,0.109090909090909,0.109090909090909,,,,62,0.0103419516263552,0.0092384519350811,0.0052631578947368,0.0133333333333333,,,1.0888888888888888,1.3,,0.0,0.0,,,,,,,,
work-1,M10O90-S2,3901,3.901,82.668389,10,20,90,0,110,0.1272727272727272,0.1272727272727272,,,,91,0.0151793160967472,0.0117353308364544,0.0210526315789473,0.0222222222222222,,,1.488888888888889,2.4,,0.0,0.0,,,,,,,,
work-1,M10O90-S2,4001,4.001,82.668389,10,20,90,0,110,0.1272727272727272,0.1272727272727272,,,,79,0.0131776480400333,0.0117353308364544,0.0210526315789473,0.0155555555555555,,,1.3555555555555556,1.8,,0.0,0.0,,,,,,,,
work-1,M10O90-S2,4101,4.101,82.668389,10,20,90,0,110,0.1272727272727272,0.1272727272727272,,,,80,0.0133444537114261,0.0114856429463171,0.0263157894736842,0.0161111111111111,,,1.3444444444444446,1.95,,0.0,0.0,,,,,,,,
work-1,M10O90-S2,4201,4.2010000000000005,82.668389,10,20,90,0,110,0.0363636363636363,0.0363636363636363,,,,55,0.0091743119266055,0.0082397003745318,0.0105263157894736,0.0111111111111111,,,0.9555555555555556,1.2,,0.0,0.0,,,,,,,,
work-1,M10O90-S2,4301,4.301,82.668389,10,20,90,0,110,0.0909090909090909,0.0909090909090909,,,,56,0.0093411175979983,0.0057428214731585,0.0210526315789473,0.0161111111111111,,,0.8333333333333334,1.85,,0.0,0.0,,,,,,,,
work-1,M10O90-S2,4401,4.401,82.668389,10,20,90,0,110,0.1727272727272727,0.1727272727272727,,,,71,0.0118432026688907,0.0104868913857677,0.0157894736842105,0.0144444444444444,,,1.2222222222222223,1.6,,0.0,0.0,,,,,,,,
work-1,M10O90-S2,4501,4.501,82.668389,10,20,90,0,110,0.0636363636363636,0.0636363636363636,,,,55,0.0091743119266055,0.0082397003745318,0.0105263157894736,0.0111111111111111,,,0.9555555555555556,1.2,,0.0,0.0,,,,,,,,
work-1,M10O90-S2,4601,4.601,82.668389,10,20,90,0,110,0.1454545454545454,0.1454545454545454,,,,74,0.0123436196830692,0.0094881398252184,0.0263157894736842,0.0172222222222222,,,1.1888888888888889,2.05,,0.0,0.0,,,,,,,,
work-1,M10O90-S2,4701,4.7010000000000005,82.668389,10,20,90,0,110,0.1818181818181818,0.1818181818181818,,,,69,0.011509591326105,0.0079900124843945,0.0157894736842105,0.0188888888888888,,,1.0888888888888888,2.0,,0.0,0.0,,,,,,,,
work-1,M10O90-S2,4801,4.801,82.668389,10,20,90,0,110,0.0909090909090909,0.0909090909090909,,,,67,0.0111759799833194,0.0089887640449438,0.0105263157894736,0.0161111111111111,,,1.1222222222222222,1.65,,0.0,0.0,,,,,,,,
work-1,M10O90-S2,4901,4.901,82.668389,10,20,90,0,110,0.0727272727272727,0.0727272727272727,,,,73,0.0121768140116763,0.0119850187265917,0.0157894736842105,0.0122222222222222,,,1.3111111111111111,1.4,,0.0,0.0,,,,,,,,
work-2,M10O90-S2,1001,1.001,82.668389,10,20,90,0,110,0.109090909090909,0.109090909090909,,,,77,0.0128440366972477,0.0107365792759051,0.0157894736842105,0.0172222222222222,,,1.3,1.85,,0.0,0.0,,,,,,,,
work-2,M10O90-S2,1101,1.101,82.668389,10,20,90,0,110,0.1181818181818181,0.1181818181818181,,,,70,0.0116763969974979,0.0089887640449438,0.0263157894736842,0.0161111111111111,,,1.1222222222222222,1.95,,0.0,0.0,,,,,,,,
work-2,M10O90-S2,1201,1.201,82.668389,10,20,90,0,110,0.0909090909090909,0.0909090909090909,,,,59,0.0098415346121768,0.0082397003745318,0.0105263157894736,0.0133333333333333,,,1.0,1.4,,0.0,0.0,,,,,,,,
work-2,M10O90-S2,1301,1.301,82.668389,10,20,90,0,110,0.0727272727272727,0.0727272727272727,,,,61,0.0101751459549624,0.0069912609238451,0.0157894736842105,0.0166666666666666,,,0.9555555555555556,1.8,,0.0,0.0,,,,,,,,
work-2,M10O90-S2,1401,1.401,82.668389,10,20,90,0,110,0.0727272727272727,0.0727272727272727,,,,62,0.0103419516263552,0.0094881398252184,0.0210526315789473,0.0111111111111111,,,1.0666666666666669,1.4,,0.0,0.0,,,,,,,,
work-2,M10O90-S2,1501,1.501,82.668389,10,20,90,0,110,0.0727272727272727,0.0727272727272727,,,,70,0.0116763969974979,0.0092384519350811,0.0105263157894736,0.0172222222222222,,,1.1666666666666667,1.75,,0.0,0.0,,,,,,,,
work-2,M10O90-S2,1601,1.601,82.668389,10,20,90,0,110,0.0727272727272727,0.0727272727272727,,,,62,0.0103419516263552,0.0089887640449438,0.0157894736842105,0.0127777777777777,,,1.0555555555555556,1.45,,0.0,0.0,,,,,,,,
work-2,M10O90-S2,1701,1.701,82.668389,10,20,90,0,110,0.0545454545454545,0.0545454545454545,,,,45,0.0075062552126772,0.0057428214731585,0.0263157894736842,0.0094444444444444,,,0.7,1.35,,0.0,0.0,,,,,,,,
work-2,M10O90-S2,1801,1.801,82.668389,10,20,90,0,110,0.0818181818181818,0.0818181818181818,,,,63,0.0105087572977481,0.0082397003745318,0.0105263157894736,0.0155555555555555,,,1.0444444444444445,1.6,,0.0,0.0,,,,,,,,
work-2,M10O90-S2,1901,1.901,82.668389,10,20,90,0,110,0.1636363636363636,0.1636363636363636,,,,72,0.0120100083402835,0.0082397003745318,0.031578947368421,0.0183333333333333,,,1.1,2.25,,0.0,0.0,,,,,,,,
work-2,M10O90-S2,2001,2.001,82.668389,10,20,90,0,110,0.0727272727272727,0.0727272727272727,,,,63,0.0105087572977481,0.0084893882646691,0.0263157894736842,0.0133333333333333,,,1.022222222222222,1.7,,0.0,0.0,,,,,,,,
work-2,M10O90-S2,2101,2.101,82.668389,10,20,90,0,110,0.1,0.1,,,,76,0.0126772310258548,0.0104868913857677,0.0157894736842105,0.0172222222222222,,,1.2777777777777777,1.85,,0.0,0.0,,,,,,,,
work-2,M10O90-S2,2201,2.201,82.668389,10,20,90,0,110,0.1454545454545454,0.1454545454545454,,,,59,0.0098415346121768,0.0079900124843945,0.0157894736842105,0.0133333333333333,,,0.9777777777777776,1.5,,0.0,0.0,,,,,,,,
work-2,M10O90-S2,2301,2.301,82.668389,10,20,90,0,110,0.1181818181818181,0.1181818181818181,,,,68,0.0113427856547122,0.0092384519350811,0.0105263157894736,0.0161111111111111,,,1.1444444444444444,1.65,,0.0,0.0,,,,,,,,
work-2,M10O90-S2,2401,2.401,82.668389,10,20,90,0,110,0.0909090909090909,0.0909090909090909,,,,68,0.0113427856547122,0.0089887640449438,0.0157894736842105,0.0161111111111111,,,1.1222222222222222,1.75,,0.0,0.0,,,,,,,,
work-2,M10O90-S2,2501,2.501,82.668389,10,20,90,0,110,0.0727272727272727,0.0727272727272727,,,,58,0.0096747289407839,0.0079900124843945,0.0157894736842105,0.0127777777777777,,,0.9666666666666668,1.45,,0.0,0.0,,,,,,,,
work-2,M10O90-S2,2601,2.601,82.668389,10,20,90,0,110,0.1,0.1,,,,78,0.0130108423686405,0.0092384519350811,0.0473684210526315,0.0177777777777777,,,1.1777777777777778,2.5,,0.0,0.0,,,,,,,,
work-2,M10O90-S2,2701,2.701,82.668389,10,20,90,0,110,0.0727272727272727,0.0727272727272727,,,,65,0.0108423686405337,0.0087390761548064,0.0263157894736842,0.0138888888888888,,,1.0555555555555556,1.75,,0.0,0.0,,,,,,,,
work-2,M10O90-S2,2801,2.801,82.668389,10,20,90,0,110,0.0636363636363636,0.0636363636363636,,,,65,0.0108423686405337,0.0082397003745318,0.0263157894736842,0.015,,,1.0333333333333334,1.85,,0.0,0.0,,,,,,,,
work-2,M10O90-S2,2901,2.901,82.668389,10,20,90,0,110,0.0818181818181818,0.0818181818181818,,,,62,0.0103419516263552,0.0082397003745318,0.0210526315789473,0.0138888888888888,,,1.011111111111111,1.65,,0.0,0.0,,,,,,,,
work-2,M10O90-S2,3001,3.001,82.668389,10,20,90,0,110,0.109090909090909,0.109090909090909,,,,74,0.0123436196830692,0.0074906367041198,0.0210526315789473,0.0222222222222222,,,1.1111111111111112,2.4,,0.0,0.0,,,,,,,,
work-2,M10O90-S2,3101,3.101,82.668389,10,20,90,0,110,0.0545454545454545,0.0545454545454545,,,,52,0.008673894912427,0.0079900124843945,0.0157894736842105,0.0094444444444444,,,0.9,1.15,,0.0,0.0,,,,,,,,
work-2,M10O90-S2,3201,3.201,82.668389,10,20,90,0,110,0.0636363636363636,0.0636363636363636,,,,65,0.0108423686405337,0.0099875156054931,0.0105263157894736,0.0127777777777777,,,1.1444444444444444,1.35,,0.0,0.0,,,,,,,,
work-2,M10O90-S2,3301,3.301,82.668389,10,20,90,0,110,0.0636363636363636,0.0636363636363636,,,,63,0.0105087572977481,0.0089887640449438,0.0052631578947368,0.0144444444444444,,,1.0888888888888888,1.4,,0.0,0.0,,,,,,,,
work-2,M10O90-S2,3401,3.401,82.668389,10,20,90,0,110,0.0909090909090909,0.0909090909090909,,,,58,0.0096747289407839,0.0079900124843945,0.0263157894736842,0.0116666666666666,,,0.9444444444444444,1.55,,0.0,0.0,,,,,,,,
work-2,M10O90-S2,3501,3.501,82.668389,10,20,90,0,110,0.0818181818181818,0.0818181818181818,,,,80,0.0133444537114261,0.0119850187265917,0.0210526315789473,0.0155555555555555,,,1.3777777777777778,1.8,,0.0,0.0,,,,,,,,
work-2,M10O90-S2,3601,3.601,82.668389,10,20,90,0,110,0.1,0.1,,,,73,0.0121768140116763,0.0094881398252184,0.0263157894736842,0.0166666666666666,,,1.1777777777777778,2.0,,0.0,0.0,,,,,,,,
work-2,M10O90-S2,3701,3.701,82.668389,10,20,90,0,110,0.0909090909090909,0.0909090909090909,,,,75,0.012510425354462,0.0089887640449438,0.0157894736842105,0.02,,,1.2,2.1,,0.0,0.0,,,,,,,,
work-2,M10O90-S2,3801,3.801,82.668389,10,20,90,0,110,0.0636363636363636,0.0636363636363636,,,,68,0.0113427856547122,0.0112359550561797,0.0052631578947368,0.0122222222222222,,,1.2444444444444445,1.2,,0.0,0.0,,,,,,,,
work-2,M10O90-S2,3901,3.901,82.668389,10,20,90,0,110,0.1727272727272727,0.1727272727272727,,,,70,0.0116763969974979,0.0079900124843945,0.0263157894736842,0.0183333333333333,,,1.0777777777777775,2.15,,0.0,0.0,,,,,,,,
work-2,M10O90-S2,4001,4.001,82.668389,10,20,90,0,110,0.0818181818181818,0.0818181818181818,,,,57,0.0095079232693911,0.0087390761548064,0.0157894736842105,0.0105555555555555,,,0.9888888888888888,1.25,,0.0,0.0,,,,,,,,
work-2,M10O90-S2,4101,4.101,82.668389,10,20,90,0,110,0.2727272727272727,0.2727272727272727,,,,76,0.0126772310258548,0.0097378277153558,0.0157894736842105,0.0188888888888888,,,1.2444444444444445,2.0,,0.0,0.0,,,,,,,,
work-2,M10O90-S2,4201,4.2010000000000005,82.668389,10,20,90,0,110,0.1545454545454545,0.1545454545454545,,,,77,0.0128440366972477,0.0107365792759051,0.0263157894736842,0.0161111111111111,,,1.2777777777777777,1.95,,0.0,0.0,,,,,,,,
work-2,M10O90-S2,4301,4.301,82.668389,10,20,90,0,110,0.0818181818181818,0.0818181818181818,,,,67,0.0111759799833194,0.0067415730337078,0.0157894736842105,0.0205555555555555,,,1.011111111111111,2.15,,0.0,0.0,,,,,,,,
work-2,M10O90-S2,4401,4.401,82.668389,10,20,90,0,110,0.1818181818181818,0.1818181818181818,,,,77,0.0128440366972477,0.0089887640449438,0.0263157894736842,0.02,,,1.2,2.3,,0.0,0.0,,,,,,,,
work-2,M10O90-S2,4501,4.501,82.668389,10,20,90,0,110,0.1818181818181818,0.1818181818181818,,,,56,0.0093411175979983,0.0069912609238451,0.0210526315789473,0.0133333333333333,,,0.8888888888888888,1.6,,0.0,0.0,,,,,,,,
work-2,M10O90-S2,4601,4.601,82.668389,10,20,90,0,110,0.0818181818181818,0.0818181818181818,,,,66,0.0110091743119266,0.0097378277153558,0.0210526315789473,0.0127777777777777,,,1.1222222222222222,1.55,,0.0,0.0,,,,,,,,
work-2,M10O90-S2,4701,4.7010000000000005,82.668389,10,20,90,0,110,0.1454545454545454,0.1454545454545454,,,,71,0.0118432026688907,0.0112359550561797,0.0210526315789473,0.0122222222222222,,,1.2444444444444445,1.5,,0.0,0.0,,,,,,,,
work-2,M10O90-S2,4801,4.801,82.668389,10,20,90,0,110,0.1909090909090909,0.1909090909090909,,,,87,0.0145120934111759,0.0119850187265917,0.0578947368421052,0.0155555555555555,,,1.3777777777777778,2.5,,0.0,0.0,,,,,,,,
work-2,M10O90-S2,4901,4.901,82.668389,10,20,90,0,110,0.1272727272727272,0.1272727272727272,,,,73,0.0121768140116763,0.0079900124843945,0.0105263157894736,0.0216666666666666,,,1.1444444444444444,2.15,,0.0,0.0,,,,,,,,
work,M10O90-S4,1001,1.001,82.668389,10,40,90,0,130,0.1,0.1,,,,114,0.0135957066189624,0.0114856429463171,0.0243589743589743,0.0136111111111111,,,1.5666666666666669,2.175,,0.0,0.0,,,,,,,,
work,M10O90-S4,1101,1.101,82.668389,10,40,90,0,130,0.0923076923076923,0.0923076923076923,,,,92,0.0109719737626714,0.0089887640449438,0.0166666666666666,0.0119444444444444,,,1.2777777777777777,1.725,,0.0,0.0,,,,,,,,
work,M10O90-S4,1201,1.201,82.668389,10,40,90,0,130,0.1076923076923077,0.1076923076923077,,,,84,0.0100178890876565,0.0089887640449438,0.0153846153846153,0.01,,,1.2,1.5,,0.0,0.0,,,,,,,,
work,M10O90-S4,1301,1.301,82.668389,10,40,90,0,130,0.0538461538461538,0.0538461538461538,,,,94,0.0112104949314251,0.0089887640449438,0.0205128205128205,0.0116666666666666,,,1.2666666666666666,1.85,,0.0,0.0,,,,,,,,
work,M10O90-S4,1401,1.401,82.668389,10,40,90,0,130,0.1076923076923077,0.1076923076923077,,,,91,0.0108527131782945,0.0084893882646691,0.0205128205128205,0.0113888888888888,,,1.211111111111111,1.825,,0.0,0.0,,,,,,,,
work,M10O90-S4,1501,1.501,82.668389,10,40,90,0,130,0.1307692307692307,0.1307692307692307,,,,105,0.0125223613595706,0.0087390761548064,0.023076923076923,0.0144444444444444,,,1.3555555555555556,2.2,,0.0,0.0,,,,,,,,
work,M10O90-S4,1601,1.601,82.668389,10,40,90,0,130,0.0846153846153846,0.0846153846153846,,,,111,0.0132379248658318,0.0117353308364544,0.023076923076923,0.0127777777777777,,,1.5555555555555556,2.05,,0.0,0.0,,,,,,,,
work,M10O90-S4,1701,1.701,82.668389,10,40,90,0,130,0.0692307692307692,0.0692307692307692,,,,96,0.0114490161001788,0.0099875156054931,0.0166666666666666,0.0119444444444444,,,1.3666666666666667,1.725,,0.0,0.0,,,,,,,,
work,M10O90-S4,1801,1.801,82.668389,10,40,90,0,130,0.0692307692307692,0.0692307692307692,,,,87,0.0103756708407871,0.0062421972534332,0.0179487179487179,0.0133333333333333,,,1.0888888888888888,1.9,,0.0,0.0,,,,,,,,
work,M10O90-S4,1901,1.901,82.668389,10,40,90,0,130,0.1,0.1,,,,102,0.01216457960644,0.0094881398252184,0.023076923076923,0.0127777777777777,,,1.3555555555555556,2.05,,0.0,0.0,,,,,,,,
work,M10O90-S4,2001,2.001,82.668389,10,40,90,0,130,0.0692307692307692,0.0692307692307692,,,,89,0.0106141920095408,0.0079900124843945,0.0179487179487179,0.0119444444444444,,,1.1888888888888889,1.775,,0.0,0.0,,,,,,,,
work,M10O90-S4,2101,2.101,82.668389,10,40,90,0,130,0.1076923076923077,0.1076923076923077,,,,94,0.0112104949314251,0.0099875156054931,0.0205128205128205,0.0105555555555555,,,1.3111111111111111,1.75,,0.0,0.0,,,,,,,,
work,M10O90-S4,2201,2.201,82.668389,10,40,90,0,130,0.0923076923076923,0.0923076923076923,,,,113,0.0134764460345855,0.0107365792759051,0.0217948717948717,0.0147222222222222,,,1.5444444444444445,2.175,,0.0,0.0,,,,,,,,
work,M10O90-S4,2301,2.301,82.668389,10,40,90,0,130,0.0846153846153846,0.0846153846153846,,,,95,0.011329755515802,0.0069912609238451,0.0269230769230769,0.0127777777777777,,,1.1333333333333333,2.2,,0.0,0.0,,,,,,,,
work,M10O90-S4,2401,2.401,82.668389,10,40,90,0,130,0.0769230769230769,0.0769230769230769,,,,88,0.0104949314251639,0.0099875156054931,0.0153846153846153,0.01,,,1.288888888888889,1.5,,0.0,0.0,,,,,,,,
work,M10O90-S4,2501,2.501,82.668389,10,40,90,0,130,0.1076923076923077,0.1076923076923077,,,,100,0.0119260584376863,0.0067415730337078,0.0243589743589743,0.015,,,1.2,2.3,,0.0,0.0,,,,,,,,
work,M10O90-S4,2601,2.601,82.668389,10,40,90,0,130,0.123076923076923,0.123076923076923,,,,104,0.0124031007751937,0.0099875156054931,0.0179487179487179,0.0138888888888888,,,1.4444444444444444,1.95,,0.0,0.0,,,,,,,,
work,M10O90-S4,2701,2.701,82.668389,10,40,90,0,130,0.2,0.2,,,,97,0.0115682766845557,0.0072409488139825,0.0179487179487179,0.015,,,1.2444444444444445,2.05,,0.0,0.0,,,,,,,,
work,M10O90-S4,2801,2.801,82.668389,10,40,90,0,130,0.0692307692307692,0.0692307692307692,,,,99,0.0118067978533094,0.0089887640449438,0.0128205128205128,0.0147222222222222,,,1.3888888888888888,1.825,,0.0,0.0,,,,,,,,
work,M10O90-S4,2901,2.901,82.668389,10,40,90,0,130,0.0769230769230769,0.0769230769230769,,,,101,0.0120453190220632,0.0082397003745318,0.0217948717948717,0.0141666666666666,,,1.3,2.125,,0.0,0.0,,,,,,,,
work,M10O90-S4,3001,3.001,82.668389,10,40,90,0,130,0.0846153846153846,0.0846153846153846,,,,92,0.0109719737626714,0.0097378277153558,0.0192307692307692,0.0105555555555555,,,1.288888888888889,1.7,,0.0,0.0,,,,,,,,
work,M10O90-S4,3101,3.101,82.668389,10,40,90,0,130,0.0615384615384615,0.0615384615384615,,,,98,0.0116875372689326,0.0117353308364544,0.0153846153846153,0.0108333333333333,,,1.477777777777778,1.575,,0.0,0.0,,,,,,,,
work,M10O90-S4,3201,3.201,82.668389,10,40,90,0,130,0.0846153846153846,0.0846153846153846,,,,94,0.0112104949314251,0.0084893882646691,0.0179487179487179,0.0127777777777777,,,1.2666666666666666,1.85,,0.0,0.0,,,,,,,,
work,M10O90-S4,3301,3.301,82.668389,10,40,90,0,130,0.1153846153846153,0.1153846153846153,,,,98,0.0116875372689326,0.0104868913857677,0.0153846153846153,0.0122222222222222,,,1.4222222222222225,1.7,,0.0,0.0,,,,,,,,
work,M10O90-S4,3401,3.401,82.668389,10,40,90,0,130,0.1846153846153846,0.1846153846153846,,,,92,0.0109719737626714,0.0094881398252184,0.0153846153846153,0.0116666666666666,,,1.3111111111111111,1.65,,0.0,0.0,,,,,,,,
work,M10O90-S4,3501,3.501,82.668389,10,40,90,0,130,0.0769230769230769,0.0769230769230769,,,,95,0.011329755515802,0.0109862671660424,0.0166666666666666,0.0105555555555555,,,1.4,1.6,,0.0,0.0,,,,,,,,
work,M10O90-S4,3601,3.601,82.668389,10,40,90,0,130,0.0923076923076923,0.0923076923076923,,,,96,0.0114490161001788,0.0107365792759051,0.0192307692307692,0.0105555555555555,,,1.3777777777777778,1.7,,0.0,0.0,,,,,,,,
work,M10O90-S4,3701,3.701,82.668389,10,40,90,0,130,0.1,0.1,,,,102,0.01216457960644,0.0097378277153558,0.0243589743589743,0.0122222222222222,,,1.3555555555555556,2.05,,0.0,0.0,,,,,,,,
work,M10O90-S4,3801,3.801,82.668389,10,40,90,0,130,0.0846153846153846,0.0846153846153846,,,,97,0.0115682766845557,0.0114856429463171,0.0269230769230769,0.0083333333333333,,,1.3555555555555556,1.8,,0.0,0.0,,,,,,,,
work,M10O90-S4,3901,3.901,82.668389,10,40,90,0,130,0.0615384615384615,0.0615384615384615,,,,85,0.0101371496720333,0.0084893882646691,0.0115384615384615,0.0116666666666666,,,1.2222222222222223,1.5,,0.0,0.0,,,,,,,,
work,M10O90-S4,4001,4.001,82.668389,10,40,90,0,130,0.123076923076923,0.123076923076923,,,,97,0.0115682766845557,0.0099875156054931,0.0166666666666666,0.0122222222222222,,,1.3777777777777778,1.75,,0.0,0.0,,,,,,,,
work,M10O90-S4,4101,4.101,82.668389,10,40,90,0,130,0.1,0.1,,,,110,0.0131186642814549,0.0109862671660424,0.0205128205128205,0.0138888888888888,,,1.5333333333333334,2.05,,0.0,0.0,,,,,,,,
work,M10O90-S4,4201,4.2010000000000005,82.668389,10,40,90,0,130,0.0615384615384615,0.0615384615384615,,,,92,0.0109719737626714,0.0089887640449438,0.0179487179487179,0.0116666666666666,,,1.2666666666666666,1.75,,0.0,0.0,,,,,,,,
work,M10O90-S4,4301,4.301,82.668389,10,40,90,0,130,0.0923076923076923,0.0923076923076923,,,,88,0.0104949314251639,0.0087390761548064,0.0153846153846153,0.0113888888888888,,,1.2333333333333334,1.625,,0.0,0.0,,,,,,,,
work,M10O90-S4,4401,4.401,82.668389,10,40,90,0,130,0.0923076923076923,0.0923076923076923,,,,98,0.0116875372689326,0.0089887640449438,0.0166666666666666,0.0136111111111111,,,1.3444444444444446,1.875,,0.0,0.0,,,,,,,,
work,M10O90-S4,4501,4.501,82.668389,10,40,90,0,130,0.0769230769230769,0.0769230769230769,,,,102,0.01216457960644,0.0102372034956304,0.0141025641025641,0.0138888888888888,,,1.4666666666666666,1.8,,0.0,0.0,,,,,,,,
work,M10O90-S4,4601,4.601,82.668389,10,40,90,0,130,0.1923076923076923,0.1923076923076923,,,,110,0.0131186642814549,0.0104868913857677,0.0179487179487179,0.015,,,1.5333333333333334,2.05,,0.0,0.0,,,,,,,,
work,M10O90-S4,4701,4.7010000000000005,82.668389,10,40,90,0,130,0.2,0.2,,,,105,0.0125223613595706,0.0077403245942571,0.0205128205128205,0.0161111111111111,,,1.3333333333333333,2.25,,0.0,0.0,,,,,,,,
work,M10O90-S4,4801,4.801,82.668389,10,40,90,0,130,0.0846153846153846,0.0846153846153846,,,,100,0.0119260584376863,0.0109862671660424,0.0166666666666666,0.0119444444444444,,,1.4555555555555555,1.725,,0.0,0.0,,,,,,,,
work,M10O90-S4,4901,4.901,82.668389,10,40,90,0,130,0.0769230769230769,0.0769230769230769,,,,95,0.011329755515802,0.0079900124843945,0.0192307692307692,0.0133333333333333,,,1.2444444444444445,1.95,,0.0,0.0,,,,,,,,
work-1,M10O90-S4,1001,1.001,82.668389,10,40,90,0,130,0.0692307692307692,0.0692307692307692,,,,91,0.0108527131782945,0.0064918851435705,0.0192307692307692,0.0138888888888888,,,1.1333333333333333,2.0,,0.0,0.0,,,,,,,,
work-1,M10O90-S4,1101,1.101,82.668389,10,40,90,0,130,0.0769230769230769,0.0769230769230769,,,,95,0.011329755515802,0.0084893882646691,0.0166666666666666,0.0133333333333333,,,1.288888888888889,1.85,,0.0,0.0,,,,,,,,
work-1,M10O90-S4,1201,1.201,82.668389,10,40,90,0,130,0.0769230769230769,0.0769230769230769,,,,98,0.0116875372689326,0.0077403245942571,0.023076923076923,0.0136111111111111,,,1.2333333333333334,2.125,,0.0,0.0,,,,,,,,
work-1,M10O90-S4,1301,1.301,82.668389,10,40,90,0,130,0.1,0.1,,,,93,0.0110912343470483,0.0077403245942571,0.0179487179487179,0.0133333333333333,,,1.2222222222222223,1.9,,0.0,0.0,,,,,,,,
work-1,M10O90-S4,1401,1.401,82.668389,10,40,90,0,130,0.1307692307692307,0.1307692307692307,,,,109,0.0129994036970781,0.0102372034956304,0.0243589743589743,0.0136111111111111,,,1.4555555555555555,2.175,,0.0,0.0,,,,,,,,
work-1,M10O90-S4,1501,1.501,82.668389,10,40,90,0,130,0.0538461538461538,0.0538461538461538,,,,93,0.0110912343470483,0.0074906367041198,0.0166666666666666,0.0138888888888888,,,1.2222222222222223,1.9,,0.0,0.0,,,,,,,,
work-1,M10O90-S4,1601,1.601,82.668389,10,40,90,0,130,0.0615384615384615,0.0615384615384615,,,,104,0.0124031007751937,0.0104868913857677,0.0179487179487179,0.0133333333333333,,,1.4666666666666666,1.9,,0.0,0.0,,,,,,,,
work-1,M10O90-S4,1701,1.701,82.668389,10,40,90,0,130,0.0846153846153846,0.0846153846153846,,,,102,0.01216457960644,0.0104868913857677,0.0179487179487179,0.0127777777777777,,,1.4444444444444444,1.85,,0.0,0.0,,,,,,,,
work-1,M10O90-S4,1801,1.801,82.668389,10,40,90,0,130,0.123076923076923,0.123076923076923,,,,101,0.0120453190220632,0.0077403245942571,0.0243589743589743,0.0141666666666666,,,1.2555555555555555,2.225,,0.0,0.0,,,,,,,,
work-1,M10O90-S4,1901,1.901,82.668389,10,40,90,0,130,0.0769230769230769,0.0769230769230769,,,,109,0.0129994036970781,0.0112359550561797,0.0217948717948717,0.0130555555555555,,,1.522222222222222,2.025,,0.0,0.0,,,,,,,,
work-1,M10O90-S4,2001,2.001,82.668389,10,40,90,0,130,0.0923076923076923,0.0923076923076923,,,,110,0.0131186642814549,0.0104868913857677,0.0217948717948717,0.0141666666666666,,,1.5,2.125,,0.0,0.0,,,,,,,,
work-1,M10O90-S4,2101,2.101,82.668389,10,40,90,0,130,0.0692307692307692,0.0692307692307692,,,,94,0.0112104949314251,0.0082397003745318,0.0192307692307692,0.0127777777777777,,,1.2444444444444445,1.9,,0.0,0.0,,,,,,,,
work-1,M10O90-S4,2201,2.201,82.668389,10,40,90,0,130,0.1846153846153846,0.1846153846153846,,,,107,0.0127608825283243,0.0104868913857677,0.0217948717948717,0.0133333333333333,,,1.4666666666666666,2.05,,0.0,0.0,,,,,,,,
work-1,M10O90-S4,2301,2.301,82.668389,10,40,90,0,130,0.1846153846153846,0.1846153846153846,,,,111,0.0132379248658318,0.0102372034956304,0.023076923076923,0.0144444444444444,,,1.488888888888889,2.2,,0.0,0.0,,,,,,,,
work-1,M10O90-S4,2401,2.401,82.668389,10,40,90,0,130,0.0538461538461538,0.0538461538461538,,,,82,0.0097793679189028,0.0074906367041198,0.0179487179487179,0.0105555555555555,,,1.0888888888888888,1.65,,0.0,0.0,,,,,,,,
work-1,M10O90-S4,2501,2.501,82.668389,10,40,90,0,130,0.1153846153846153,0.1153846153846153,,,,101,0.0120453190220632,0.0112359550561797,0.0179487179487179,0.0116666666666666,,,1.4666666666666666,1.75,,0.0,0.0,,,,,,,,
work-1,M10O90-S4,2601,2.601,82.668389,10,40,90,0,130,0.0846153846153846,0.0846153846153846,,,,95,0.011329755515802,0.0089887640449438,0.0217948717948717,0.0116666666666666,,,1.2666666666666666,1.9,,0.0,0.0,,,,,,,,
work-1,M10O90-S4,2701,2.701,82.668389,10,40,90,0,130,0.1692307692307692,0.1692307692307692,,,,96,0.0114490161001788,0.0082397003745318,0.0153846153846153,0.0141666666666666,,,1.3,1.875,,0.0,0.0,,,,,,,,
work-1,M10O90-S4,2801,2.801,82.668389,10,40,90,0,130,0.1076923076923077,0.1076923076923077,,,,107,0.0127608825283243,0.0089887640449438,0.0192307692307692,0.0155555555555555,,,1.4222222222222225,2.15,,0.0,0.0,,,,,,,,
work-1,M10O90-S4,2901,2.901,82.668389,10,40,90,0,130,0.1615384615384615,0.1615384615384615,,,,101,0.0120453190220632,0.0084893882646691,0.0192307692307692,0.0144444444444444,,,1.3333333333333333,2.05,,0.0,0.0,,,,,,,,
work-1,M10O90-S4,3001,3.001,82.668389,10,40,90,0,130,0.1307692307692307,0.1307692307692307,,,,107,0.0127608825283243,0.0097378277153558,0.0179487179487179,0.015,,,1.4666666666666666,2.05,,0.0,0.0,,,,,,,,
work-1,M10O90-S4,3101,3.101,82.668389,10,40,90,0,130,0.0769230769230769,0.0769230769230769,,,,94,0.0112104949314251,0.0084893882646691,0.0166666666666666,0.0130555555555555,,,1.2777777777777777,1.825,,0.0,0.0,,,,,,,,
work-1,M10O90-S4,3201,3.201,82.668389,10,40,90,0,130,0.1153846153846153,0.1153846153846153,,,,103,0.0122838401908169,0.0079900124843945,0.0269230769230769,0.0138888888888888,,,1.2666666666666666,2.3,,0.0,0.0,,,,,,,,
work-1,M10O90-S4,3301,3.301,82.668389,10,40,90,0,130,0.1,0.1,,,,116,0.0138342277877161,0.0109862671660424,0.0192307692307692,0.0158333333333333,,,1.6111111111111112,2.175,,0.0,0.0,,,,,,,,
work-1,M10O90-S4,3401,3.401,82.668389,10,40,90,0,130,0.2230769230769231,0.2230769230769231,,,,104,0.0124031007751937,0.0077403245942571,0.0243589743589743,0.015,,,1.288888888888889,2.3,,0.0,0.0,,,,,,,,
work-1,M10O90-S4,3501,3.501,82.668389,10,40,90,0,130,0.0692307692307692,0.0692307692307692,,,,92,0.0109719737626714,0.0074906367041198,0.0192307692307692,0.0130555555555555,,,1.1888888888888889,1.925,,0.0,0.0,,,,,,,,
work-1,M10O90-S4,3601,3.601,82.668389,10,40,90,0,130,0.1538461538461538,0.1538461538461538,,,,97,0.0115682766845557,0.0092384519350811,0.0141025641025641,0.0136111111111111,,,1.3666666666666667,1.775,,0.0,0.0,,,,,,,,
work-1,M10O90-S4,3701,3.701,82.668389,10,40,90,0,130,0.0692307692307692,0.0692307692307692,,,,100,0.0119260584376863,0.0097378277153558,0.0217948717948717,0.0122222222222222,,,1.3555555555555556,1.95,,0.0,0.0,,,,,,,,
work-1,M10O90-S4,3801,3.801,82.668389,10,40,90,0,130,0.123076923076923,0.123076923076923,,,,98,0.0116875372689326,0.0079900124843945,0.023076923076923,0.0133333333333333,,,1.2444444444444445,2.1,,0.0,0.0,,,,,,,,
work-1,M10O90-S4,3901,3.901,82.668389,10,40,90,0,130,0.0692307692307692,0.0692307692307692,,,,105,0.0125223613595706,0.0087390761548064,0.0217948717948717,0.0147222222222222,,,1.3666666666666667,2.175,,0.0,0.0,,,,,,,,
work-1,M10O90-S4,4001,4.001,82.668389,10,40,90,0,130,0.1153846153846153,0.1153846153846153,,,,94,0.0112104949314251,0.0084893882646691,0.0179487179487179,0.0127777777777777,,,1.2666666666666666,1.85,,0.0,0.0,,,,,,,,
work-1,M10O90-S4,4101,4.101,82.668389,10,40,90,0,130,0.0846153846153846,0.0846153846153846,,,,107,0.0127608825283243,0.0107365792759051,0.0217948717948717,0.0130555555555555,,,1.477777777777778,2.025,,0.0,0.0,,,,,,,,
work-1,M10O90-S4,4201,4.2010000000000005,82.668389,10,40,90,0,130,0.0769230769230769,0.0769230769230769,,,,91,0.0108527131782945,0.0069912609238451,0.0205128205128205,0.0130555555555555,,,1.1444444444444444,1.975,,0.0,0.0,,,,,,,,
work-1,M10O90-S4,4301,4.301,82.668389,10,40,90,0,130,0.1307692307692307,0.1307692307692307,,,,109,0.0129994036970781,0.0087390761548064,0.0243589743589743,0.0152777777777777,,,1.3888888888888888,2.325,,0.0,0.0,,,,,,,,
work-1,M10O90-S4,4401,4.401,82.668389,10,40,90,0,130,0.0846153846153846,0.0846153846153846,,,,87,0.0103756708407871,0.0082397003745318,0.0217948717948717,0.0102777777777777,,,1.1444444444444444,1.775,,0.0,0.0,,,,,,,,
work-1,M10O90-S4,4501,4.501,82.668389,10,40,90,0,130,0.0692307692307692,0.0692307692307692,,,,94,0.0112104949314251,0.0092384519350811,0.0179487179487179,0.0119444444444444,,,1.3,1.775,,0.0,0.0,,,,,,,,
work-1,M10O90-S4,4601,4.601,82.668389,10,40,90,0,130,0.1538461538461538,0.1538461538461538,,,,117,0.013953488372093,0.0142322097378277,0.0205128205128205,0.0122222222222222,,,1.7555555555555555,1.9,,0.0,0.0,,,,,,,,
work-1,M10O90-S4,4701,4.7010000000000005,82.668389,10,40,90,0,130,0.1769230769230769,0.1769230769230769,,,,97,0.0115682766845557,0.0087390761548064,0.0256410256410256,0.0116666666666666,,,1.2444444444444445,2.05,,0.0,0.0,,,,,,,,
work-1,M10O90-S4,4801,4.801,82.668389,10,40,90,0,130,0.1384615384615384,0.1384615384615384,,,,95,0.011329755515802,0.0094881398252184,0.0217948717948717,0.0111111111111111,,,1.288888888888889,1.85,,0.0,0.0,,,,,,,,
work-1,M10O90-S4,4901,4.901,82.668389,10,40,90,0,130,0.1,0.1,,,,98,0.0116875372689326,0.0077403245942571,0.0205128205128205,0.0141666666666666,,,1.2555555555555555,2.075,,0.0,0.0,,,,,,,,
work-2,M10O90-S4,1001,1.001,82.668389,10,40,90,0,130,0.1076923076923077,0.1076923076923077,,,,91,0.0108527131782945,0.0079900124843945,0.0179487179487179,0.0125,,,1.211111111111111,1.825,,0.0,0.0,,,,,,,,
work-2,M10O90-S4,1101,1.101,82.668389,10,40,90,0,130,0.0692307692307692,0.0692307692307692,,,,96,0.0114490161001788,0.0072409488139825,0.0256410256410256,0.0130555555555555,,,1.1666666666666667,2.175,,0.0,0.0,,,,,,,,
work-2,M10O90-S4,1201,1.201,82.668389,10,40,90,0,130,0.1461538461538461,0.1461538461538461,,,,103,0.0122838401908169,0.0099875156054931,0.0217948717948717,0.0127777777777777,,,1.4,2.0,,0.0,0.0,,,,,,,,
work-2,M10O90-S4,1301,1.301,82.668389,10,40,90,0,130,0.0923076923076923,0.0923076923076923,,,,97,0.0115682766845557,0.0082397003745318,0.0256410256410256,0.0122222222222222,,,1.2222222222222223,2.1,,0.0,0.0,,,,,,,,
work-2,M10O90-S4,1401,1.401,82.668389,10,40,90,0,130,0.1076923076923077,0.1076923076923077,,,,90,0.0107334525939177,0.0069912609238451,0.023076923076923,0.0122222222222222,,,1.1111111111111112,2.0,,0.0,0.0,,,,,,,,
work-2,M10O90-S4,1501,1.501,82.668389,10,40,90,0,130,0.0769230769230769,0.0769230769230769,,,,85,0.0101371496720333,0.0089887640449438,0.0217948717948717,0.0088888888888888,,,1.1555555555555554,1.65,,0.0,0.0,,,,,,,,
work-2,M10O90-S4,1601,1.601,82.668389,10,40,90,0,130,0.0923076923076923,0.0923076923076923,,,,89,0.0106141920095408,0.0082397003745318,0.023076923076923,0.0105555555555555,,,1.1555555555555554,1.85,,0.0,0.0,,,,,,,,
work-2,M10O90-S4,1701,1.701,82.668389,10,40,90,0,130,0.0769230769230769,0.0769230769230769,,,,82,0.0097793679189028,0.0067415730337078,0.023076923076923,0.0102777777777777,,,1.011111111111111,1.825,,0.0,0.0,,,,,,,,
work-2,M10O90-S4,1801,1.801,82.668389,10,40,90,0,130,0.1307692307692307,0.1307692307692307,,,,111,0.0132379248658318,0.0094881398252184,0.0217948717948717,0.0155555555555555,,,1.4666666666666666,2.25,,0.0,0.0,,,,,,,,
work-2,M10O90-S4,1901,1.901,82.668389,10,40,90,0,130,0.0846153846153846,0.0846153846153846,,,,87,0.0103756708407871,0.0082397003745318,0.0153846153846153,0.0116666666666666,,,1.2,1.65,,0.0,0.0,,,,,,,,
work-2,M10O90-S4,2001,2.001,82.668389,10,40,90,0,130,0.0923076923076923,0.0923076923076923,,,,88,0.0104949314251639,0.0077403245942571,0.0166666666666666,0.0122222222222222,,,1.1777777777777778,1.75,,0.0,0.0,,,,,,,,
work-2,M10O90-S4,2101,2.101,82.668389,10,40,90,0,130,0.0692307692307692,0.0692307692307692,,,,87,0.0103756708407871,0.0082397003745318,0.0141025641025641,0.0119444444444444,,,1.211111111111111,1.625,,0.0,0.0,,,,,,,,
work-2,M10O90-S4,2201,2.201,82.668389,10,40,90,0,130,0.1076923076923077,0.1076923076923077,,,,87,0.0103756708407871,0.0077403245942571,0.0217948717948717,0.0108333333333333,,,1.1222222222222222,1.825,,0.0,0.0,,,,,,,,
work-2,M10O90-S4,2301,2.301,82.668389,10,40,90,0,130,0.0846153846153846,0.0846153846153846,,,,89,0.0106141920095408,0.0082397003745318,0.0192307692307692,0.0113888888888888,,,1.1888888888888889,1.775,,0.0,0.0,,,,,,,,
work-2,M10O90-S4,2401,2.401,82.668389,10,40,90,0,130,0.1076923076923077,0.1076923076923077,,,,79,0.0094215861657722,0.0057428214731585,0.0141025641025641,0.0125,,,1.011111111111111,1.675,,0.0,0.0,,,,,,,,
work-2,M10O90-S4,2501,2.501,82.668389,10,40,90,0,130,0.0615384615384615,0.0615384615384615,,,,101,0.0120453190220632,0.0082397003745318,0.0243589743589743,0.0136111111111111,,,1.2777777777777777,2.175,,0.0,0.0,,,,,,,,
work-2,M10O90-S4,2601,2.601,82.668389,10,40,90,0,130,0.0769230769230769,0.0769230769230769,,,,87,0.0103756708407871,0.0079900124843945,0.0205128205128205,0.0108333333333333,,,1.1444444444444444,1.775,,0.0,0.0,,,,,,,,
work-2,M10O90-S4,2701,2.701,82.668389,10,40,90,0,130,0.1769230769230769,0.1769230769230769,,,,96,0.0114490161001788,0.0087390761548064,0.0128205128205128,0.0141666666666666,,,1.3444444444444446,1.775,,0.0,0.0,,,,,,,,
work-2,M10O90-S4,2801,2.801,82.668389,10,40,90,0,130,0.1307692307692307,0.1307692307692307,,,,108,0.0128801431127012,0.0079900124843945,0.0256410256410256,0.0155555555555555,,,1.3333333333333333,2.4,,0.0,0.0,,,,,,,,
work-2,M10O90-S4,2901,2.901,82.668389,10,40,90,0,130,0.0846153846153846,0.0846153846153846,,,,103,0.0122838401908169,0.0102372034956304,0.0217948717948717,0.0125,,,1.4111111111111112,1.975,,0.0,0.0,,,,,,,,
work-2,M10O90-S4,3001,3.001,82.668389,10,40,90,0,130,0.123076923076923,0.123076923076923,,,,91,0.0108527131782945,0.0082397003745318,0.0166666666666666,0.0125,,,1.2333333333333334,1.775,,0.0,0.0,,,,,,,,
work-2,M10O90-S4,3101,3.101,82.668389,10,40,90,0,130,0.0769230769230769,0.0769230769230769,,,,95,0.011329755515802,0.0084893882646691,0.0192307692307692,0.0127777777777777,,,1.2666666666666666,1.9,,0.0,0.0,,,,,,,,
work-2,M10O90-S4,3201,3.201,82.668389,10,40,90,0,130,0.123076923076923,0.123076923076923,,,,94,0.0112104949314251,0.0064918851435705,0.0256410256410256,0.0133333333333333,,,1.1111111111111112,2.2,,0.0,0.0,,,,,,,,
work-2,M10O90-S4,3301,3.301,82.668389,10,40,90,0,130,0.1461538461538461,0.1461538461538461,,,,102,0.01216457960644,0.0087390761548064,0.0205128205128205,0.0141666666666666,,,1.3444444444444446,2.075,,0.0,0.0,,,,,,,,
work-2,M10O90-S4,3401,3.401,82.668389,10,40,90,0,130,0.123076923076923,0.123076923076923,,,,110,0.0131186642814549,0.0092384519350811,0.0217948717948717,0.0155555555555555,,,1.4444444444444444,2.25,,0.0,0.0,,,,,,,,
work-2,M10O90-S4,3501,3.501,82.668389,10,40,90,0,130,0.0846153846153846,0.0846153846153846,,,,92,0.0109719737626714,0.0099875156054931,0.0179487179487179,0.0105555555555555,,,1.3111111111111111,1.65,,0.0,0.0,,,,,,,,
work-2,M10O90-S4,3601,3.601,82.668389,10,40,90,0,130,0.0923076923076923,0.0923076923076923,,,,111,0.0132379248658318,0.0102372034956304,0.0192307692307692,0.0152777777777777,,,1.522222222222222,2.125,,0.0,0.0,,,,,,,,
work-2,M10O90-S4,3701,3.701,82.668389,10,40,90,0,130,0.0769230769230769,0.0769230769230769,,,,84,0.0100178890876565,0.0069912609238451,0.0217948717948717,0.0108333333333333,,,1.0555555555555556,1.825,,0.0,0.0,,,,,,,,
work-2,M10O90-S4,3801,3.801,82.668389,10,40,90,0,130,0.1153846153846153,0.1153846153846153,,,,82,0.0097793679189028,0.0084893882646691,0.0205128205128205,0.0088888888888888,,,1.1111111111111112,1.6,,0.0,0.0,,,,,,,,
work-2,M10O90-S4,3901,3.901,82.668389,10,40,90,0,130,0.0923076923076923,0.0923076923076923,,,,96,0.0114490161001788,0.0079900124843945,0.0192307692307692,0.0136111111111111,,,1.2555555555555555,1.975,,0.0,0.0,,,,,,,,
work-2,M10O90-S4,4001,4.001,82.668389,10,40,90,0,130,0.1076923076923077,0.1076923076923077,,,,103,0.0122838401908169,0.012234706616729,0.0205128205128205,0.0105555555555555,,,1.511111111111111,1.75,,0.0,0.0,,,,,,,,
work-2,M10O90-S4,4101,4.101,82.668389,10,40,90,0,130,0.0846153846153846,0.0846153846153846,,,,80,0.009540846750149,0.0064918851435705,0.023076923076923,0.01,,,0.9777777777777776,1.8,,0.0,0.0,,,,,,,,
work-2,M10O90-S4,4201,4.2010000000000005,82.668389,10,40,90,0,130,0.0846153846153846,0.0846153846153846,,,,85,0.0101371496720333,0.0077403245942571,0.0205128205128205,0.0105555555555555,,,1.1111111111111112,1.75,,0.0,0.0,,,,,,,,
work-2,M10O90-S4,4301,4.301,82.668389,10,40,90,0,130,0.0769230769230769,0.0769230769230769,,,,98,0.0116875372689326,0.0119850187265917,0.0166666666666666,0.0102777777777777,,,1.477777777777778,1.575,,0.0,0.0,,,,,,,,
work-2,M10O90-S4,4401,4.401,82.668389,10,40,90,0,130,0.1,0.1,,,,108,0.0128801431127012,0.0112359550561797,0.0205128205128205,0.0130555555555555,,,1.522222222222222,1.975,,0.0,0.0,,,,,,,,
work-2,M10O90-S4,4501,4.501,82.668389,10,40,90,0,130,0.1615384615384615,0.1615384615384615,,,,95,0.011329755515802,0.0082397003745318,0.0217948717948717,0.0125,,,1.2333333333333334,1.975,,0.0,0.0,,,,,,,,
work-2,M10O90-S4,4601,4.601,82.668389,10,40,90,0,130,0.123076923076923,0.123076923076923,,,,117,0.013953488372093,0.0097378277153558,0.032051282051282,0.0147222222222222,,,1.4555555555555555,2.575,,0.0,0.0,,,,,,,,
work-2,M10O90-S4,4701,4.7010000000000005,82.668389,10,40,90,0,130,0.0846153846153846,0.0846153846153846,,,,94,0.0112104949314251,0.0094881398252184,0.0217948717948717,0.0108333333333333,,,1.2777777777777777,1.825,,0.0,0.0,,,,,,,,
work-2,M10O90-S4,4801,4.801,82.668389,10,40,90,0,130,0.0923076923076923,0.0923076923076923,,,,85,0.0101371496720333,0.0049937578027465,0.0179487179487179,0.0141666666666666,,,1.011111111111111,1.975,,0.0,0.0,,,,,,,,
work-2,M10O90-S4,4901,4.901,82.668389,10,40,90,0,130,0.1769230769230769,0.1769230769230769,,,,115,0.0137149672033392,0.0107365792759051,0.0282051282051282,0.0138888888888888,,,1.511111111111111,2.35,,0.0,0.0,,,,,,,,
work,M10O90D1-S2,1001,1.001,82.668389,10,20,90,1,110,0.3454545454545454,0.3454545454545454,0.3454545454545454,10.0,28.0,139,0.023185988323603,0.0174781523096129,0.0684210526315789,0.0311111111111111,0.2222222222222222,0.45,2.4,4.55,29.0,0.2222222222222222,0.45,17.914411382503864,58.69478320467509,0.9260782732948152,0.7525,0.5375,1.0,20.0,9.0
work,M10O90D1-S2,1101,1.101,82.668389,10,20,90,1,110,0.3636363636363636,0.3636363636363636,0.3636363636363636,10.0,30.0,119,0.0198498748957464,0.013732833957553,0.0526315789473684,0.03,0.2444444444444444,0.4,2.066666666666667,4.1,30.0,0.2444444444444444,0.4,18.67537629108937,63.0475507319148,0.9714109756667282,0.845,0.48,0.995,22.0,8.0
work,M10O90D1-S2,1201,1.201,82.668389,10,20,90,1,110,0.3818181818181818,0.3818181818181818,0.3818181818181818,9.0,33.0,123,0.0205170975813177,0.0169787765293383,0.031578947368421,0.0272222222222222,0.2333333333333333,0.45,2.2888888888888888,3.5,30.0,0.2333333333333333,0.45,17.872323183956723,58.88715491527008,0.8605263762146697,0.77,0.4625,1.0,21.0,9.0
work,M10O90D1-S2,1301,1.301,82.668389,10,20,90,1,110,0.3909090909090909,0.3909090909090909,0.3909090909090909,11.0,32.0,148,0.0246872393661384,0.0192259675405742,0.0473684210526315,0.0344444444444444,0.2444444444444444,0.35,2.6444444444444444,4.35,29.0,0.2444444444444444,0.35,14.6868483914896,40.79516405181236,0.5245979064390408,0.88,0.46,1.0,22.0,7.0
work,M10O90D1-S2,1401,1.401,82.668389,10,20,90,1,110,0.4363636363636363,0.4363636363636363,0.4363636363636363,11.0,37.0,132,0.0220183486238532,0.0199750312109862,0.0210526315789473,0.0266666666666666,0.3,0.25,2.611111111111111,3.05,32.0,0.3,0.25,14.438764139849631,38.22292946473577,0.4275013609622824,0.9175,0.4025,1.0,27.0,5.0
work,M10O90D1-S2,1501,1.501,82.668389,10,20,90,1,110,0.3363636363636363,0.3363636363636363,0.3363636363636363,9.0,28.0,128,0.0213511259382819,0.0179775280898876,0.031578947368421,0.0277777777777777,0.3111111111111111,0.3,2.466666666666667,3.4,34.0,0.3111111111111111,0.3,17.979457715176217,60.35950311140738,0.932459325291513,0.9225,0.415,0.9975,28.0,6.0
work,M10O90D1-S2,1601,1.601,82.668389,10,20,90,1,110,0.4,0.4,0.4,6.0,38.0,142,0.0236864053377814,0.0222222222222222,0.0210526315789473,0.0272222222222222,0.3222222222222222,0.25,2.844444444444445,3.1,34.0,0.3222222222222222,0.25,17.20553335548183,53.34403431265191,0.8266829106876935,0.9525,0.3125,0.9975,29.0,5.0
work,M10O90D1-S2,1701,1.701,82.668389,10,20,90,1,110,0.4090909090909091,0.4090909090909091,0.4090909090909091,6.0,39.0,149,0.0248540450375312,0.0262172284644194,0.0105263157894736,0.0233333333333333,0.3555555555555555,0.25,3.1555555555555554,2.55,37.0,0.3555555555555555,0.25,18.227184715479257,58.55090098350244,0.9460308449131908,0.955,0.2,1.0,32.0,5.0
work,M10O90D1-S2,1801,1.801,82.668389,10,20,90,1,110,0.4090909090909091,0.4090909090909091,0.4090909090909091,5.0,40.0,184,0.0306922435362802,0.0344569288389513,0.0368421052631578,0.0216666666666666,0.4,0.15,3.9,2.8,39.0,0.4,0.15,17.583910803096614,57.83962799276853,0.7950091575267066,0.965,0.1825,1.0,36.0,3.0
work,M10O90D1-S2,1901,1.901,82.668389,10,20,90,1,110,0.4636363636363636,0.4636363636363636,0.4636363636363636,6.0,45.0,177,0.0295246038365304,0.0359550561797752,0.031578947368421,0.015,0.4333333333333333,0.15,3.933333333333333,2.1,42.0,0.4333333333333333,0.15,18.54215768159237,61.26802938358833,0.9669975618019884,0.9775,0.16,1.0,39.0,3.0
work,M10O90D1-S2,2001,2.001,82.668389,10,20,90,1,110,0.5909090909090909,0.5909090909090909,0.5909090909090909,9.0,56.0,189,0.0315262718932443,0.0359550561797752,0.031578947368421,0.0216666666666666,0.4111111111111111,0.1,4.044444444444444,2.65,39.0,0.4111111111111111,0.1,17.981764771037877,60.73553947978182,0.9622416946818338,0.99,0.0975,1.0,37.0,2.0
work,M10O90D1-S2,2101,2.101,82.668389,10,20,90,1,110,0.4636363636363636,0.4636363636363636,0.4636363636363636,3.0,48.0,186,0.0310258548790658,0.0359550561797752,0.0368421052631578,0.0194444444444444,0.4,0.1,3.988888888888889,2.55,38.0,0.4,0.1,18.05262188270656,57.47183631758928,0.9232016814404568,0.995,0.1175,1.0,36.0,2.0
work,M10O90D1-S2,2201,2.201,82.668389,10,20,90,1,110,0.3909090909090909,0.3909090909090909,0.3909090909090909,4.0,39.0,144,0.0240200166805671,0.0279650436953807,0.0105263157894736,0.0166666666666666,0.3777777777777777,0.1,3.2,1.8,36.0,0.3777777777777777,0.1,18.340499075201944,59.85591424879935,0.9581411086255676,0.9725,0.1225,1.0,34.0,2.0
work,M10O90D1-S2,2301,2.301,82.668389,10,20,90,1,110,0.4,0.4,0.4,5.0,39.0,141,0.0235195996663886,0.0272159800249687,0.0157894736842105,0.0161111111111111,0.3666666666666666,0.15,3.111111111111111,1.9,36.0,0.3666666666666666,0.15,16.917952017064955,54.18448039363528,0.7556708641443602,0.9675,0.1925,0.9975,33.0,3.0
work,M10O90D1-S2,2401,2.401,82.668389,10,20,90,1,110,0.4454545454545454,0.4454545454545454,0.4454545454545454,5.0,44.0,175,0.0291909924937447,0.0347066167290886,0.0157894736842105,0.0183333333333333,0.3888888888888889,0.15,3.844444444444445,2.1,38.0,0.3888888888888889,0.15,17.404358762856425,53.12547393097941,0.8324831396172051,0.985,0.2225,1.0,35.0,3.0
work,M10O90D1-S2,2501,2.501,82.668389,10,20,90,1,110,0.4363636363636363,0.4363636363636363,0.4363636363636363,6.0,42.0,170,0.0283569641367806,0.031960049937578,0.0157894736842105,0.0216666666666666,0.4,0.15,3.6777777777777776,2.4,39.0,0.4,0.15,17.177726166635466,56.197077937223874,0.8588750597220478,0.9725,0.1525,0.9975,36.0,3.0
work,M10O90D1-S2,2601,2.601,82.668389,10,20,90,1,110,0.4363636363636363,0.4363636363636363,0.4363636363636363,4.0,44.0,175,0.0291909924937447,0.0347066167290886,0.0105263157894736,0.0188888888888888,0.3888888888888889,0.15,3.855555555555556,2.05,38.0,0.3888888888888889,0.15,18.11720517868648,59.65548303547509,0.8986669180054888,0.98,0.1625,1.0,35.0,3.0
work,M10O90D1-S2,2701,2.701,82.668389,10,20,90,1,110,0.4363636363636363,0.4363636363636363,0.4363636363636363,4.0,44.0,146,0.0243536280233527,0.0294631710362047,0.0210526315789473,0.0133333333333333,0.3888888888888889,0.1,3.2777777777777777,1.7,37.0,0.3888888888888889,0.1,17.380163310728513,54.70448590574507,0.8226791108425588,0.9675,0.1925,1.0,35.0,2.0
work,M10O90D1-S2,2801,2.801,82.668389,10,20,90,1,110,0.509090909090909,0.509090909090909,0.509090909090909,7.0,49.0,164,0.0273561301084236,0.031960049937578,0.0421052631578947,0.0155555555555555,0.3888888888888889,0.15,3.5444444444444443,2.35,38.0,0.3888888888888889,0.15,17.004730575146105,56.21239158548026,0.8276995888820385,0.9775,0.18,1.0,35.0,3.0
work,M10O90D1-S2,2901,2.901,82.668389,10,20,90,1,110,0.3272727272727272,0.3272727272727272,0.3272727272727272,2.0,34.0,144,0.0240200166805671,0.0272159800249687,0.0263157894736842,0.0166666666666666,0.3666666666666666,0.1,3.1222222222222222,2.1,35.0,0.3666666666666666,0.1,15.992317978960058,45.1298375843037,0.6645699746836845,0.9675,0.1575,1.0,33.0,2.0
work,M10O90D1-S2,3001,3.001,82.668389,10,20,90,1,110,0.4363636363636363,0.4363636363636363,0.4363636363636363,2.0,46.0,159,0.0265221017514595,0.0309612983770287,0.031578947368421,0.0161111111111111,0.3777777777777777,0.1,3.455555555555556,2.15,36.0,0.3777777777777777,0.1,17.086182844009304,51.80292471900204,0.802028384898382,0.945,0.1575,0.99,34.0,2.0
work,M10O90D1-S2,3101,3.101,82.668389,10,20,90,1,110,0.4090909090909091,0.4090909090909091,0.4090909090909091,8.0,37.0,153,0.0255212677231025,0.0309612983770287,0.0210526315789473,0.0138888888888888,0.3666666666666666,0.15,3.4,1.8,36.0,0.3666666666666666,0.15,17.531112747857655,57.37327268852442,0.8055053260931011,0.9725,0.1725,0.9875,33.0,3.0
work,M10O90D1-S2,3201,3.201,82.668389,10,20,90,1,110,0.4545454545454545,0.4545454545454545,0.4545454545454545,5.0,45.0,158,0.0263552960800667,0.0322097378277153,0.0,0.0161111111111111,0.3777777777777777,0.1,3.566666666666667,1.55,36.0,0.3777777777777777,0.1,15.125696655932735,51.04234899980937,0.7238527461886484,0.97,0.145,1.0,34.0,2.0
work,M10O90D1-S2,3301,3.301,82.668389,10,20,90,1,110,0.5,0.5,0.5,5.0,50.0,163,0.0271893244370308,0.030461922596754,0.0210526315789473,0.0205555555555555,0.3888888888888889,0.1,3.511111111111111,2.35,37.0,0.3888888888888889,0.1,16.186238112104906,54.794078591822775,0.8530848323047623,0.9525,0.155,1.0,35.0,2.0
work,M10O90D1-S2,3401,3.401,82.668389,10,20,90,1,110,0.4727272727272727,0.4727272727272727,0.4727272727272727,4.0,48.0,157,0.0261884904086738,0.0299625468164794,0.0105263157894736,0.0194444444444444,0.3777777777777777,0.2,3.433333333333333,2.15,38.0,0.3777777777777777,0.2,17.367099228446847,58.249120525441306,0.92915870411071,0.9425,0.255,0.995,34.0,4.0
work,M10O90D1-S2,3501,3.501,82.668389,10,20,90,1,110,0.4272727272727272,0.4272727272727272,0.4272727272727272,7.0,40.0,145,0.0241868223519599,0.0259675405742821,0.0,0.0227777777777777,0.3888888888888889,0.25,3.1555555555555554,2.3,40.0,0.3888888888888889,0.25,18.07832576153756,60.89454356737424,0.9414782371556738,0.9675,0.27,1.0,35.0,5.0
work,M10O90D1-S2,3601,3.601,82.668389,10,20,90,1,110,0.4636363636363636,0.4636363636363636,0.4636363636363636,5.0,46.0,145,0.0241868223519599,0.0277153558052434,0.031578947368421,0.0155555555555555,0.4,0.1,3.1777777777777776,2.1,38.0,0.4,0.1,16.523723647904372,52.26064133301175,0.7222589713654497,0.98,0.1575,1.0,36.0,2.0
work,M10O90D1-S2,3701,3.701,82.668389,10,20,90,1,110,0.4363636363636363,0.4363636363636363,0.4363636363636363,4.0,44.0,161,0.0268557130942452,0.0339575530586766,0.0157894736842105,0.0122222222222222,0.3888888888888889,0.1,3.655555555555555,1.5,37.0,0.3888888888888889,0.1,16.924635096190833,51.40702489267168,0.7270045245843443,0.98,0.135,1.0,35.0,2.0
work,M10O90D1-S2,3801,3.801,82.668389,10,20,90,1,110,0.509090909090909,0.509090909090909,0.509090909090909,7.0,49.0,175,0.0291909924937447,0.03270911360799,0.0157894736842105,0.0227777777777777,0.3888888888888889,0.15,3.755555555555556,2.5,38.0,0.3888888888888889,0.15,17.11002506542079,53.72048420633086,0.7942233365544791,0.9475,0.205,1.0,35.0,3.0
work,M10O90D1-S2,3901,3.901,82.668389,10,20,90,1,110,0.5727272727272728,0.5727272727272728,0.5727272727272728,9.0,54.0,188,0.0313594662218515,0.0352059925093632,0.0210526315789473,0.0238888888888888,0.3888888888888889,0.15,4.0,2.7,38.0,0.3888888888888889,0.15,17.581619810081595,57.53383044264918,0.93874753042296,0.93,0.2175,1.0,35.0,3.0
work,M10O90D1-S2,4001,4.001,82.668389,10,20,90,1,110,0.4454545454545454,0.4454545454545454,0.4454545454545454,4.0,45.0,165,0.0275229357798165,0.0342072409488139,0.0157894736842105,0.0138888888888888,0.3888888888888889,0.1,3.7111111111111112,1.65,37.0,0.3888888888888889,0.1,17.157296124810088,53.21743917435677,0.790943377512555,0.9575,0.1025,1.0,35.0,2.0
work,M10O90D1-S2,4101,4.101,82.668389,10,20,90,1,110,0.4818181818181818,0.4818181818181818,0.4818181818181818,4.0,49.0,193,0.0321934945788156,0.0409488139825218,0.0157894736842105,0.0144444444444444,0.4,0.1,4.333333333333333,1.7,38.0,0.4,0.1,17.400634526109073,57.09941022391038,0.9307808427417262,0.985,0.1,1.0,36.0,2.0
work,M10O90D1-S2,4201,4.2010000000000005,82.668389,10,20,90,1,110,0.4363636363636363,0.4363636363636363,0.4363636363636363,6.0,42.0,161,0.0268557130942452,0.0324594257178526,0.0210526315789473,0.015,0.3777777777777777,0.1,3.566666666666667,1.85,36.0,0.3777777777777777,0.1,18.43791372622628,59.65704849809639,0.947567001420962,0.95,0.1225,0.995,34.0,2.0
work,M10O90D1-S2,4301,4.301,82.668389,10,20,90,1,110,0.3727272727272727,0.3727272727272727,0.3727272727272727,3.0,38.0,147,0.0245204336947456,0.0282147315855181,0.0421052631578947,0.0144444444444444,0.3666666666666666,0.05,3.1666666666666665,2.15,34.0,0.3666666666666666,0.05,17.607993553748887,56.34715774026126,0.8383416476655459,0.98,0.065,1.0,33.0,1.0
work,M10O90D1-S2,4401,4.401,82.668389,10,20,90,1,110,0.5,0.5,0.5,9.0,46.0,155,0.0258548790658882,0.0292134831460674,0.0263157894736842,0.0183333333333333,0.3555555555555555,0.1,3.3222222222222224,2.25,34.0,0.3555555555555555,0.1,17.645680809210035,59.08520160952912,0.9009400228720872,0.995,0.085,1.0,32.0,2.0
work,M10O90D1-S2,4501,4.501,82.668389,10,20,90,1,110,0.3636363636363636,0.3636363636363636,0.3636363636363636,2.0,38.0,154,0.0256880733944954,0.029712858926342,0.031578947368421,0.0161111111111111,0.3666666666666666,0.05,3.333333333333333,2.1,34.0,0.3666666666666666,0.05,16.77884558118375,54.23618999119589,0.8579684499871828,0.9875,0.055,1.0,33.0,1.0
work,M10O90D1-S2,4601,4.601,82.668389,10,20,90,1,110,0.3727272727272727,0.3727272727272727,0.3727272727272727,5.0,36.0,160,0.0266889074228523,0.0267166042446941,0.0263157894736842,0.0266666666666666,0.3555555555555555,0.1,3.2666666666666666,3.0,34.0,0.3555555555555555,0.1,18.062213891626374,60.82924800933864,0.9538752999489234,0.975,0.1025,0.9975,32.0,2.0
work,M10O90D1-S2,4701,4.7010000000000005,82.668389,10,20,90,1,110,0.4090909090909091,0.4090909090909091,0.4090909090909091,6.0,39.0,164,0.0273561301084236,0.0299625468164794,0.0210526315789473,0.0222222222222222,0.3777777777777777,0.1,3.488888888888889,2.5,36.0,0.3777777777777777,0.1,17.919349185272907,57.06088212221682,0.8601521618658845,0.98,0.11,0.9975,34.0,2.0
work,M10O90D1-S2,4801,4.801,82.668389,10,20,90,1,110,0.4363636363636363,0.4363636363636363,0.4363636363636363,4.0,44.0,168,0.0280233527939949,0.0334581772784019,0.0105263157894736,0.0177777777777777,0.4,0.1,3.733333333333333,1.9,38.0,0.4,0.1,17.521842756204656,55.01597449048116,0.8875322967958194,0.98,0.125,0.9925,36.0,2.0
work,M10O90D1-S2,4901,4.901,82.668389,10,20,90,1,110,0.4090909090909091,0.4090909090909091,0.4090909090909091,2.0,43.0,160,0.0266889074228523,0.0309612983770287,0.0263157894736842,0.0172222222222222,0.3777777777777777,0.1,3.477777777777778,2.15,36.0,0.3777777777777777,0.1,16.923412703673257,52.02213947141739,0.7532417991246184,0.995,0.09,1.0,34.0,2.0
work-1,M10O90D1-S2,1001,1.001,82.668389,10,20,90,1,110,0.4181818181818181,0.4181818181818181,0.4181818181818181,7.0,39.0,156,0.026021684737281,0.0254681647940074,0.0263157894736842,0.0272222222222222,0.3222222222222222,0.25,3.1333333333333333,3.2,34.0,0.3222222222222222,0.25,17.817383045346514,59.5778412039934,0.9201411287335504,0.945,0.39,0.9975,29.0,5.0
work-1,M10O90D1-S2,1101,1.101,82.668389,10,20,90,1,110,0.3909090909090909,0.3909090909090909,0.3909090909090909,9.0,34.0,145,0.0241868223519599,0.0262172284644194,0.0157894736842105,0.0205555555555555,0.3111111111111111,0.25,3.055555555555556,2.4,33.0,0.3111111111111111,0.25,15.345014991833573,41.35754938345416,0.5276236384631191,0.94,0.345,1.0,28.0,5.0
work-1,M10O90D1-S2,1201,1.201,82.668389,10,20,90,1,110,0.4818181818181818,0.4818181818181818,0.4818181818181818,10.0,43.0,167,0.0278565471226021,0.0272159800249687,0.0210526315789473,0.03,0.3222222222222222,0.25,3.344444444444445,3.35,34.0,0.3222222222222222,0.25,14.068415140727092,37.6314869376693,0.4623546536459509,0.94,0.41,1.0,29.0,5.0
work-1,M10O90D1-S2,1301,1.301,82.668389,10,20,90,1,110,0.509090909090909,0.509090909090909,0.509090909090909,12.0,44.0,165,0.0275229357798165,0.0269662921348314,0.031578947368421,0.0283333333333333,0.3333333333333333,0.25,3.3,3.4,35.0,0.3333333333333333,0.25,14.747134924552622,37.78133263144937,0.4193407154840396,0.945,0.35,0.995,30.0,5.0
work-1,M10O90D1-S2,1401,1.401,82.668389,10,20,90,1,110,0.4818181818181818,0.4818181818181818,0.4818181818181818,9.0,44.0,163,0.0271893244370308,0.0292134831460674,0.0263157894736842,0.0227777777777777,0.3444444444444444,0.2,3.4,2.75,35.0,0.3444444444444444,0.2,17.906596333669338,57.44425325442664,0.848946284057871,0.96,0.315,1.0,31.0,4.0
work-1,M10O90D1-S2,1501,1.501,82.668389,10,20,90,1,110,0.5818181818181818,0.5818181818181818,0.5818181818181818,11.0,53.0,143,0.0238532110091743,0.0224719101123595,0.0210526315789473,0.0272222222222222,0.3333333333333333,0.2,2.8777777777777778,3.05,34.0,0.3333333333333333,0.2,18.22761367518852,60.80802013871336,0.944184240280265,0.9125,0.295,0.995,30.0,4.0
work-1,M10O90D1-S2,1601,1.601,82.668389,10,20,90,1,110,0.4363636363636363,0.4363636363636363,0.4363636363636363,9.0,39.0,150,0.0250208507089241,0.0247191011235955,0.0210526315789473,0.0261111111111111,0.3222222222222222,0.3,3.0444444444444443,3.05,35.0,0.3222222222222222,0.3,17.835074546231635,55.93383963055117,0.8627791904073351,0.96,0.3475,1.0,29.0,6.0
work-1,M10O90D1-S2,1701,1.701,82.668389,10,20,90,1,110,0.4727272727272727,0.4727272727272727,0.4727272727272727,10.0,42.0,163,0.0271893244370308,0.0259675405742821,0.0157894736842105,0.0311111111111111,0.3,0.3,3.2333333333333334,3.4,33.0,0.3,0.3,15.449016109437515,46.81034522693285,0.7165586162687969,0.89,0.33,1.0,27.0,6.0
work-1,M10O90D1-S2,1801,1.801,82.668389,10,20,90,1,110,0.4,0.4,0.4,8.0,36.0,125,0.0208507089241034,0.0224719101123595,0.0263157894736842,0.0166666666666666,0.3111111111111111,0.25,2.6444444444444444,2.25,33.0,0.3111111111111111,0.25,16.624558966328944,49.5834906842843,0.6715726407874284,0.94,0.34,1.0,28.0,5.0
work-1,M10O90D1-S2,1901,1.901,82.668389,10,20,90,1,110,0.4363636363636363,0.4363636363636363,0.4363636363636363,8.0,40.0,158,0.0263552960800667,0.0269662921348314,0.0105263157894736,0.0266666666666666,0.3333333333333333,0.25,3.2666666666666666,2.85,35.0,0.3333333333333333,0.25,16.339830983528334,45.421446023095534,0.6481970725520274,0.95,0.29,0.9925,30.0,5.0
work-1,M10O90D1-S2,2001,2.001,82.668389,10,20,90,1,110,0.3454545454545454,0.3454545454545454,0.3454545454545454,4.0,34.0,123,0.0205170975813177,0.0234706616729088,0.0210526315789473,0.0138888888888888,0.3111111111111111,0.2,2.6777777777777776,1.85,32.0,0.3111111111111111,0.2,15.66556526130526,42.84682540740103,0.6603039500662227,0.9,0.2875,1.0,28.0,4.0
work-1,M10O90D1-S2,2101,2.101,82.668389,10,20,90,1,110,0.4454545454545454,0.4454545454545454,0.4454545454545454,7.0,42.0,164,0.0273561301084236,0.0277153558052434,0.0368421052631578,0.0255555555555555,0.3444444444444444,0.25,3.3222222222222224,3.25,36.0,0.3444444444444444,0.25,14.06618172591056,37.92466129026218,0.5240888971441724,0.93,0.3125,1.0,31.0,5.0
work-1,M10O90D1-S2,2201,2.201,82.668389,10,20,90,1,110,0.4545454545454545,0.4545454545454545,0.4545454545454545,8.0,42.0,152,0.0253544620517097,0.0277153558052434,0.0157894736842105,0.0211111111111111,0.3333333333333333,0.25,3.2222222222222223,2.45,35.0,0.3333333333333333,0.25,13.637602430862431,31.412287669396253,0.4252631263414816,0.905,0.3175,1.0,30.0,5.0
work-1,M10O90D1-S2,2301,2.301,82.668389,10,20,90,1,110,0.4454545454545454,0.4454545454545454,0.4454545454545454,8.0,41.0,156,0.026021684737281,0.0242197253433208,0.0368421052631578,0.0288888888888888,0.3222222222222222,0.3,3.055555555555556,3.6,35.0,0.3222222222222222,0.3,16.92511840709075,50.53428082124529,0.800934329719885,0.905,0.3675,1.0,29.0,6.0
work-1,M10O90D1-S2,2401,2.401,82.668389,10,20,90,1,110,0.4545454545454545,0.4545454545454545,0.4545454545454545,8.0,42.0,152,0.0253544620517097,0.0259675405742821,0.0157894736842105,0.025,0.3444444444444444,0.25,3.1555555555555554,2.8,36.0,0.3444444444444444,0.25,17.116528430678084,54.82414723059481,0.8068506571685038,0.8825,0.315,1.0,31.0,5.0
work-1,M10O90D1-S2,2501,2.501,82.668389,10,20,90,1,110,0.4545454545454545,0.4545454545454545,0.4545454545454545,8.0,42.0,160,0.0266889074228523,0.0252184769038701,0.0210526315789473,0.0305555555555555,0.3444444444444444,0.3,3.2,3.45,37.0,0.3444444444444444,0.3,17.60951356870206,57.36459367707367,0.9024504207413034,0.9075,0.29,0.985,31.0,6.0
work-1,M10O90D1-S2,2601,2.601,82.668389,10,20,90,1,110,0.3818181818181818,0.3818181818181818,0.3818181818181818,7.0,35.0,146,0.0243536280233527,0.0224719101123595,0.0157894736842105,0.0294444444444444,0.3333333333333333,0.25,2.922222222222222,3.2,35.0,0.3333333333333333,0.25,17.41339794662614,55.37529600012737,0.8404005614292286,0.9675,0.31,0.9975,30.0,5.0
work-1,M10O90D1-S2,2701,2.701,82.668389,10,20,90,1,110,0.4636363636363636,0.4636363636363636,0.4636363636363636,8.0,43.0,157,0.0261884904086738,0.0259675405742821,0.0368421052631578,0.0255555555555555,0.3222222222222222,0.2,3.1444444444444444,3.2,33.0,0.3222222222222222,0.2,17.259298261216813,55.00410412438746,0.8353855515106328,0.9275,0.3525,1.0,29.0,4.0
work-1,M10O90D1-S2,2801,2.801,82.668389,10,20,90,1,110,0.4090909090909091,0.4090909090909091,0.4090909090909091,7.0,38.0,134,0.0223519599666388,0.0212234706616729,0.0157894736842105,0.0255555555555555,0.3222222222222222,0.3,2.7222222222222223,2.9,35.0,0.3222222222222222,0.3,18.48895790334552,61.44472217476551,0.9575993638479195,0.935,0.345,1.0,29.0,6.0
work-1,M10O90D1-S2,2901,2.901,82.668389,10,20,90,1,110,0.4363636363636363,0.4363636363636363,0.4363636363636363,9.0,39.0,144,0.0240200166805671,0.0212234706616729,0.0105263157894736,0.0316666666666666,0.3222222222222222,0.3,2.844444444444445,3.35,35.0,0.3222222222222222,0.3,18.605408360516552,61.91807875687608,0.9578319316703124,0.945,0.395,1.0,29.0,6.0
work-1,M10O90D1-S2,3001,3.001,82.668389,10,20,90,1,110,0.4272727272727272,0.4272727272727272,0.4272727272727272,8.0,39.0,165,0.0275229357798165,0.0237203495630461,0.031578947368421,0.0355555555555555,0.3,0.4,3.1222222222222222,4.2,35.0,0.3,0.4,17.61106463976776,54.10685807054034,0.8601147529294058,0.91,0.47,1.0,27.0,8.0
work-1,M10O90D1-S2,3101,3.101,82.668389,10,20,90,1,110,0.4363636363636363,0.4363636363636363,0.4363636363636363,9.0,39.0,146,0.0243536280233527,0.0204744069912609,0.0263157894736842,0.0327777777777777,0.2888888888888888,0.45,2.7666666666666666,3.9,35.0,0.2888888888888888,0.45,18.874301113824103,62.41746075782866,0.9741792984352992,0.9075,0.435,1.0,26.0,9.0
work-1,M10O90D1-S2,3201,3.201,82.668389,10,20,90,1,110,0.3545454545454545,0.3545454545454545,0.3545454545454545,9.0,30.0,154,0.0256880733944954,0.0229712858926342,0.0210526315789473,0.0322222222222222,0.2777777777777778,0.45,2.966666666666667,3.75,34.0,0.2777777777777778,0.45,17.275356513372877,55.80878364729372,0.8561671539831006,0.855,0.575,1.0,25.0,9.0
work-1,M10O90D1-S2,3301,3.301,82.668389,10,20,90,1,110,0.4909090909090909,0.4909090909090909,0.4909090909090909,15.0,39.0,148,0.0246872393661384,0.0187265917602996,0.0631578947368421,0.0338888888888888,0.2888888888888888,0.45,2.6333333333333333,4.7,35.0,0.2888888888888888,0.45,18.32864729905043,59.33999284802252,0.8974652712190446,0.8675,0.49,1.0,26.0,9.0
work-1,M10O90D1-S2,3401,3.401,82.668389,10,20,90,1,110,0.4818181818181818,0.4818181818181818,0.4818181818181818,15.0,38.0,153,0.0255212677231025,0.0194756554307116,0.0473684210526315,0.0366666666666666,0.3222222222222222,0.5,2.7888888888888888,4.7,39.0,0.3222222222222222,0.5,16.30015252587566,51.40017457433604,0.7849188599941853,0.945,0.5325,1.0,29.0,10.0
work-1,M10O90D1-S2,3501,3.501,82.668389,10,20,90,1,110,0.3545454545454545,0.3545454545454545,0.3545454545454545,10.0,29.0,134,0.0223519599666388,0.0172284644194756,0.0368421052631578,0.0322222222222222,0.3,0.4,2.477777777777778,4.0,35.0,0.3,0.4,17.497834113580527,53.88954232135645,0.7828221952602717,0.865,0.4,1.0,27.0,8.0
work-1,M10O90D1-S2,3601,3.601,82.668389,10,20,90,1,110,0.4272727272727272,0.4272727272727272,0.4272727272727272,10.0,37.0,160,0.0266889074228523,0.0229712858926342,0.0263157894736842,0.035,0.2888888888888888,0.4,3.033333333333333,4.05,34.0,0.2888888888888888,0.4,16.37694487266194,52.32071532280268,0.7678996370666191,0.9175,0.48,1.0,26.0,8.0
work-1,M10O90D1-S2,3701,3.701,82.668389,10,20,90,1,110,0.4,0.4,0.4,8.0,36.0,145,0.0241868223519599,0.0204744069912609,0.0368421052631578,0.0311111111111111,0.3222222222222222,0.35,2.7666666666666666,3.85,36.0,0.3222222222222222,0.35,17.98473594589214,59.59308980459311,0.9007729812841048,0.9325,0.395,0.9975,29.0,7.0
work-1,M10O90D1-S2,3801,3.801,82.668389,10,20,90,1,110,0.3545454545454545,0.3545454545454545,0.3545454545454545,6.0,33.0,129,0.0215179316096747,0.0194756554307116,0.0157894736842105,0.0266666666666666,0.3111111111111111,0.25,2.577777777777778,2.95,33.0,0.3111111111111111,0.25,16.506782771078374,54.1015228270296,0.8942772163766589,0.9075,0.37,1.0,28.0,5.0
work-1,M10O90D1-S2,3901,3.901,82.668389,10,20,90,1,110,0.4363636363636363,0.4363636363636363,0.4363636363636363,7.0,41.0,146,0.0243536280233527,0.0239700374531835,0.031578947368421,0.0244444444444444,0.3222222222222222,0.25,2.9444444444444446,3.05,34.0,0.3222222222222222,0.25,18.840458682492027,63.47419732593937,0.9633098491975942,0.9275,0.34,1.0,29.0,5.0
work-1,M10O90D1-S2,4001,4.001,82.668389,10,20,90,1,110,0.3636363636363636,0.3636363636363636,0.3636363636363636,7.0,33.0,150,0.0250208507089241,0.0222222222222222,0.0421052631578947,0.0294444444444444,0.3111111111111111,0.35,2.8777777777777778,3.8,35.0,0.3111111111111111,0.35,16.699705894999344,52.02461436613331,0.7356783983620367,0.905,0.36,0.9975,28.0,7.0
work-1,M10O90D1-S2,4101,4.101,82.668389,10,20,90,1,110,0.3727272727272727,0.3727272727272727,0.3727272727272727,7.0,34.0,135,0.0225187656380316,0.0217228464419475,0.0210526315789473,0.0244444444444444,0.3111111111111111,0.3,2.7333333333333334,2.9,34.0,0.3111111111111111,0.3,15.496196048986448,44.544367794707526,0.5681679603073526,0.97,0.335,1.0,28.0,6.0
work-1,M10O90D1-S2,4201,4.2010000000000005,82.668389,10,20,90,1,110,0.4363636363636363,0.4363636363636363,0.4363636363636363,11.0,37.0,135,0.0225187656380316,0.0187265917602996,0.0631578947368421,0.0266666666666666,0.3,0.4,2.5,4.0,35.0,0.3,0.4,17.591897455030708,54.786723381113255,0.7903791701145343,0.8875,0.355,1.0,27.0,8.0
work-1,M10O90D1-S2,4301,4.301,82.668389,10,20,90,1,110,0.4090909090909091,0.4090909090909091,0.4090909090909091,8.0,37.0,164,0.0273561301084236,0.0257178526841448,0.0473684210526315,0.0288888888888888,0.3444444444444444,0.35,3.2111111111111112,3.85,38.0,0.3444444444444444,0.35,17.80417428974304,58.343947378203296,0.8918662810166252,0.895,0.3725,1.0,31.0,7.0
work-1,M10O90D1-S2,4401,4.401,82.668389,10,20,90,1,110,0.4454545454545454,0.4454545454545454,0.4454545454545454,9.0,40.0,184,0.0306922435362802,0.02896379525593,0.0684210526315789,0.0305555555555555,0.3555555555555555,0.3,3.5444444444444443,4.35,38.0,0.3555555555555555,0.3,17.25189468322236,54.773621312013226,0.8752974346882921,0.93,0.355,1.0,32.0,6.0
work-1,M10O90D1-S2,4501,4.501,82.668389,10,20,90,1,110,0.4909090909090909,0.4909090909090909,0.4909090909090909,10.0,44.0,167,0.0278565471226021,0.0299625468164794,0.031578947368421,0.0227777777777777,0.3777777777777777,0.25,3.5,2.9,39.0,0.3777777777777777,0.25,15.048694348338577,39.07272911471357,0.4684551680482081,0.9425,0.26,1.0,34.0,5.0
work-1,M10O90D1-S2,4601,4.601,82.668389,10,20,90,1,110,0.4909090909090909,0.4909090909090909,0.4909090909090909,10.0,44.0,162,0.027022518765638,0.0284644194756554,0.0421052631578947,0.0222222222222222,0.3666666666666666,0.2,3.344444444444445,3.0,37.0,0.3666666666666666,0.2,16.859922802885144,49.87421569718494,0.7992104465870933,0.955,0.205,1.0,33.0,4.0
work-1,M10O90D1-S2,4701,4.7010000000000005,82.668389,10,20,90,1,110,0.4636363636363636,0.4636363636363636,0.4636363636363636,5.0,46.0,137,0.0228523769808173,0.0244694132334581,0.0052631578947368,0.0211111111111111,0.3555555555555555,0.15,2.955555555555556,2.15,35.0,0.3555555555555555,0.15,16.385448282017737,47.22015862142023,0.7213105910039324,0.9825,0.205,1.0,32.0,3.0
work-1,M10O90D1-S2,4801,4.801,82.668389,10,20,90,1,110,0.5545454545454546,0.5545454545454546,0.5545454545454546,9.0,52.0,164,0.0273561301084236,0.0294631710362047,0.0263157894736842,0.0227777777777777,0.3666666666666666,0.15,3.4444444444444446,2.7,36.0,0.3666666666666666,0.15,15.036082583872622,41.321604272099485,0.486213571636673,0.9475,0.2575,1.0,33.0,3.0
work-1,M10O90D1-S2,4901,4.901,82.668389,10,20,90,1,110,0.4545454545454545,0.4545454545454545,0.4545454545454545,9.0,41.0,165,0.0275229357798165,0.029712858926342,0.0368421052631578,0.0216666666666666,0.3666666666666666,0.15,3.4444444444444446,2.8,36.0,0.3666666666666666,0.15,17.9554012162657,59.45201650248044,0.9707760625306816,0.96,0.235,1.0,33.0,3.0
work-2,M10O90D1-S2,1001,1.001,82.668389,10,20,90,1,110,0.4727272727272727,0.4727272727272727,0.4727272727272727,10.0,42.0,148,0.0246872393661384,0.0224719101123595,0.0263157894736842,0.0294444444444444,0.3,0.3,2.888888888888889,3.45,33.0,0.3,0.3,16.777146108701093,49.896191966597534,0.7104414866217165,0.855,0.395,0.9975,27.0,6.0
work-2,M10O90D1-S2,1101,1.101,82.668389,10,20,90,1,110,0.3909090909090909,0.3909090909090909,0.3909090909090909,8.0,35.0,142,0.0236864053377814,0.0222222222222222,0.0210526315789473,0.0272222222222222,0.3111111111111111,0.35,2.833333333333333,3.2,35.0,0.3111111111111111,0.35,17.590237078505726,56.58388765062673,0.8305926030601751,0.94,0.37,1.0,28.0,7.0
work-2,M10O90D1-S2,1201,1.201,82.668389,10,20,90,1,110,0.3909090909090909,0.3909090909090909,0.3909090909090909,7.0,36.0,147,0.0245204336947456,0.0222222222222222,0.031578947368421,0.0288888888888888,0.3,0.3,2.855555555555556,3.5,33.0,0.3,0.3,17.440662727592816,55.011093758243135,0.8493572224286247,0.8675,0.38,1.0,27.0,6.0
work-2,M10O90D1-S2,1301,1.301,82.668389,10,20,90,1,110,0.4909090909090909,0.4909090909090909,0.4909090909090909,10.0,44.0,152,0.0253544620517097,0.0232209737827715,0.0368421052631578,0.0288888888888888,0.3111111111111111,0.3,2.955555555555556,3.6,34.0,0.3111111111111111,0.3,18.3871770788104,61.99405384571575,0.964783552276749,0.905,0.31,0.9975,28.0,6.0
work-2,M10O90D1-S2,1401,1.401,82.668389,10,20,90,1,110,0.4090909090909091,0.4090909090909091,0.4090909090909091,9.0,36.0,136,0.0226855713094245,0.0209737827715355,0.0473684210526315,0.0238888888888888,0.3111111111111111,0.3,2.6555555555555554,3.35,34.0,0.3111111111111111,0.3,17.41730661704606,55.19756427713094,0.8203382700493821,0.91,0.3,1.0,28.0,6.0
work-2,M10O90D1-S2,1501,1.501,82.668389,10,20,90,1,110,0.3454545454545454,0.3454545454545454,0.3454545454545454,6.0,32.0,130,0.0216847372810675,0.0207240948813982,0.0210526315789473,0.0238888888888888,0.3333333333333333,0.25,2.6555555555555554,2.8,35.0,0.3333333333333333,0.25,18.369733996186987,58.97023383389135,0.9474535781624196,0.95,0.255,0.9975,30.0,5.0
work-2,M10O90D1-S2,1601,1.601,82.668389,10,20,90,1,110,0.3636363636363636,0.3636363636363636,0.3636363636363636,6.0,34.0,123,0.0205170975813177,0.0189762796504369,0.031578947368421,0.0227777777777777,0.3333333333333333,0.2,2.477777777777778,2.85,34.0,0.3333333333333333,0.2,17.058927571725803,52.82789341128363,0.7457591671045096,0.93,0.2225,0.995,30.0,4.0
work-2,M10O90D1-S2,1701,1.701,82.668389,10,20,90,1,110,0.5363636363636364,0.5363636363636364,0.5363636363636364,11.0,48.0,164,0.0273561301084236,0.0244694132334581,0.0263157894736842,0.0338888888888888,0.3222222222222222,0.25,3.1777777777777776,3.8,34.0,0.3222222222222222,0.25,17.26376913345472,50.42829282312332,0.7768508919641939,0.9575,0.32,1.0,29.0,5.0
work-2,M10O90D1-S2,1801,1.801,82.668389,10,20,90,1,110,0.4363636363636363,0.4363636363636363,0.4363636363636363,8.0,40.0,138,0.0230191826522101,0.0217228464419475,0.0157894736842105,0.0266666666666666,0.3222222222222222,0.25,2.7888888888888888,2.95,34.0,0.3222222222222222,0.25,18.5876167073157,62.671531653167634,0.9632980302144564,0.9525,0.305,0.9975,29.0,5.0
work-2,M10O90D1-S2,1901,1.901,82.668389,10,20,90,1,110,0.4727272727272727,0.4727272727272727,0.4727272727272727,10.0,42.0,148,0.0246872393661384,0.0222222222222222,0.031578947368421,0.0294444444444444,0.3222222222222222,0.3,2.888888888888889,3.55,35.0,0.3222222222222222,0.3,18.15354485937946,60.09952593298487,0.944841257904509,0.9725,0.275,1.0,29.0,6.0
work-2,M10O90D1-S2,2001,2.001,82.668389,10,20,90,1,110,0.3545454545454545,0.3545454545454545,0.3545454545454545,7.0,32.0,139,0.023185988323603,0.0204744069912609,0.0263157894736842,0.0288888888888888,0.3111111111111111,0.3,2.7111111111111112,3.4,34.0,0.3111111111111111,0.3,16.29972610440046,51.67707197226031,0.8065133294824322,0.9525,0.405,0.995,28.0,6.0
work-2,M10O90D1-S2,2101,2.101,82.668389,10,20,90,1,110,0.4909090909090909,0.4909090909090909,0.4909090909090909,12.0,42.0,137,0.0228523769808173,0.0217228464419475,0.0210526315789473,0.0255555555555555,0.3111111111111111,0.3,2.7555555555555555,3.0,34.0,0.3111111111111111,0.3,18.595969429556085,61.37049845731904,0.9629092547662944,0.965,0.3425,0.9975,28.0,6.0
work-2,M10O90D1-S2,2201,2.201,82.668389,10,20,90,1,110,0.4181818181818181,0.4181818181818181,0.4181818181818181,9.0,37.0,161,0.0268557130942452,0.0234706616729088,0.031578947368421,0.0338888888888888,0.3111111111111111,0.3,3.077777777777778,3.95,34.0,0.3111111111111111,0.3,18.41598832043648,61.49813938176705,0.9555273372755416,0.985,0.35,1.0,28.0,6.0
work-2,M10O90D1-S2,2301,2.301,82.668389,10,20,90,1,110,0.4727272727272727,0.4727272727272727,0.4727272727272727,9.0,43.0,162,0.027022518765638,0.0249687890137328,0.0157894736842105,0.0327777777777777,0.3222222222222222,0.3,3.2,3.55,35.0,0.3222222222222222,0.3,15.986486667755097,47.20178965156768,0.6622428575985266,0.93,0.4,0.995,29.0,6.0
work-2,M10O90D1-S2,2401,2.401,82.668389,10,20,90,1,110,0.5,0.5,0.5,10.0,45.0,159,0.0265221017514595,0.0269662921348314,0.0052631578947368,0.0277777777777777,0.3111111111111111,0.3,3.2666666666666666,2.9,34.0,0.3111111111111111,0.3,18.3261528831089,59.01250574764101,0.9400049095479418,0.925,0.3675,1.0,28.0,6.0
work-2,M10O90D1-S2,2501,2.501,82.668389,10,20,90,1,110,0.5545454545454546,0.5545454545454546,0.5545454545454546,11.0,50.0,155,0.0258548790658882,0.0232209737827715,0.0263157894736842,0.0316666666666666,0.3333333333333333,0.3,3.033333333333333,3.65,36.0,0.3333333333333333,0.3,18.002150309864398,57.76256081976754,0.8951035360068704,0.9525,0.38,1.0,30.0,6.0
work-2,M10O90D1-S2,2601,2.601,82.668389,10,20,90,1,110,0.4727272727272727,0.4727272727272727,0.4727272727272727,9.0,43.0,151,0.0251876563803169,0.0222222222222222,0.0210526315789473,0.0322222222222222,0.3111111111111111,0.3,2.933333333333333,3.6,34.0,0.3111111111111111,0.3,17.854277586177425,56.10803455179406,0.8808511930874766,0.9175,0.36,0.9975,28.0,6.0
work-2,M10O90D1-S2,2701,2.701,82.668389,10,20,90,1,110,0.4545454545454545,0.4545454545454545,0.4545454545454545,11.0,39.0,158,0.0263552960800667,0.0259675405742821,0.0368421052631578,0.0261111111111111,0.3111111111111111,0.25,3.1444444444444444,3.3,33.0,0.3111111111111111,0.25,17.227846158895904,57.34142264018973,0.8565332753042948,0.91,0.3625,0.9925,28.0,5.0
work-2,M10O90D1-S2,2801,2.801,82.668389,10,20,90,1,110,0.3454545454545454,0.3454545454545454,0.3454545454545454,5.0,33.0,160,0.0266889074228523,0.0274656679151061,0.0157894736842105,0.0261111111111111,0.3222222222222222,0.25,3.2888888888888888,2.9,34.0,0.3222222222222222,0.25,15.762650299339196,48.33123189136259,0.6312821112460523,0.91,0.27,0.9975,29.0,5.0
work-2,M10O90D1-S2,2901,2.901,82.668389,10,20,90,1,110,0.4363636363636363,0.4363636363636363,0.4363636363636363,8.0,40.0,128,0.0213511259382819,0.0192259675405742,0.0368421052631578,0.0244444444444444,0.3111111111111111,0.3,2.511111111111111,3.2,34.0,0.3111111111111111,0.3,17.29308834602329,53.450565515416834,0.8619104556813957,0.915,0.3775,1.0,28.0,6.0
work-2,M10O90D1-S2,3001,3.001,82.668389,10,20,90,1,110,0.4818181818181818,0.4818181818181818,0.4818181818181818,10.0,43.0,163,0.0271893244370308,0.0249687890137328,0.031578947368421,0.0316666666666666,0.3444444444444444,0.3,3.2,3.75,37.0,0.3444444444444444,0.3,18.06326276794176,57.99515168341676,0.9110456096383016,0.91,0.325,1.0,31.0,6.0
work-2,M10O90D1-S2,3101,3.101,82.668389,10,20,90,1,110,0.4545454545454545,0.4545454545454545,0.4545454545454545,9.0,41.0,146,0.0243536280233527,0.0232209737827715,0.0473684210526315,0.0244444444444444,0.3555555555555555,0.25,2.911111111111111,3.35,37.0,0.3555555555555555,0.25,16.7967753616485,51.24162771675503,0.8060682069352894,0.965,0.3,1.0,32.0,5.0
work-2,M10O90D1-S2,3201,3.201,82.668389,10,20,90,1,110,0.4181818181818181,0.4181818181818181,0.4181818181818181,7.0,39.0,142,0.0236864053377814,0.0247191011235955,0.0210526315789473,0.0216666666666666,0.3666666666666666,0.2,3.0,2.55,37.0,0.3666666666666666,0.2,18.68219299337881,61.13160121800676,0.928462282458448,0.96,0.315,1.0,33.0,4.0
work-2,M10O90D1-S2,3301,3.301,82.668389,10,20,90,1,110,0.4636363636363636,0.4636363636363636,0.4636363636363636,8.0,43.0,149,0.0248540450375312,0.0262172284644194,0.0210526315789473,0.0222222222222222,0.3444444444444444,0.2,3.1222222222222222,2.6,35.0,0.3444444444444444,0.2,16.61626468101546,48.41444813816192,0.7421048308342756,0.96,0.2675,1.0,31.0,4.0
work-2,M10O90D1-S2,3401,3.401,82.668389,10,20,90,1,110,0.4181818181818181,0.4181818181818181,0.4181818181818181,8.0,38.0,136,0.0226855713094245,0.0204744069912609,0.0263157894736842,0.0272222222222222,0.3222222222222222,0.25,2.688888888888889,3.2,34.0,0.3222222222222222,0.25,18.285614316463587,57.94726244585387,0.9203991717617138,0.8875,0.275,0.9975,29.0,5.0
work-2,M10O90D1-S2,3501,3.501,82.668389,10,20,90,1,110,0.3909090909090909,0.3909090909090909,0.3909090909090909,8.0,35.0,136,0.0226855713094245,0.0217228464419475,0.0473684210526315,0.0222222222222222,0.3222222222222222,0.3,2.7,3.2,35.0,0.3222222222222222,0.3,15.865295849633002,47.34015986621088,0.628315513905196,0.945,0.29,1.0,29.0,6.0
work-2,M10O90D1-S2,3601,3.601,82.668389,10,20,90,1,110,0.3545454545454545,0.3545454545454545,0.3545454545454545,6.0,33.0,140,0.0233527939949958,0.0237203495630461,0.0157894736842105,0.0233333333333333,0.3,0.2,2.8777777777777778,2.6,31.0,0.3,0.2,16.902705895130712,49.73211729495357,0.7621396661158617,0.9175,0.27,0.99,27.0,4.0
work-2,M10O90D1-S2,3701,3.701,82.668389,10,20,90,1,110,0.3909090909090909,0.3909090909090909,0.3909090909090909,6.0,37.0,136,0.0226855713094245,0.0229712858926342,0.0210526315789473,0.0222222222222222,0.3111111111111111,0.2,2.8,2.6,32.0,0.3111111111111111,0.2,17.850526114553823,58.76313134483922,0.9535254740058856,0.9275,0.3,1.0,28.0,4.0
work-2,M10O90D1-S2,3801,3.801,82.668389,10,20,90,1,110,0.4,0.4,0.4,7.0,37.0,144,0.0240200166805671,0.0242197253433208,0.0263157894736842,0.0233333333333333,0.2888888888888888,0.2,2.911111111111111,2.8,30.0,0.2888888888888888,0.2,17.359247299607965,57.46587415850543,0.9206577106183385,0.9225,0.3125,1.0,26.0,4.0
work-2,M10O90D1-S2,3901,3.901,82.668389,10,20,90,1,110,0.3545454545454545,0.3545454545454545,0.3545454545454545,7.0,32.0,124,0.0206839032527105,0.0214731585518102,0.0210526315789473,0.0188888888888888,0.2888888888888888,0.2,2.577777777777778,2.3,30.0,0.2888888888888888,0.2,16.1962563715783,46.90031124194402,0.7578212276301493,0.88,0.31,0.9975,26.0,4.0
work-2,M10O90D1-S2,4001,4.001,82.668389,10,20,90,1,110,0.3909090909090909,0.4363636363636363,0.4363636363636363,7.0,41.0,128,0.0213511259382819,0.0202247191011235,0.0157894736842105,0.0244444444444444,0.3,0.25,2.588888888888889,2.75,32.0,0.3,0.25,16.395779557299136,51.50889104572083,0.8428748564425123,0.8825,0.3625,0.9925,27.0,5.0
work-2,M10O90D1-S2,4101,4.101,82.668389,10,20,90,1,110,0.3727272727272727,0.3727272727272727,0.3727272727272727,5.0,36.0,153,0.0255212677231025,0.0259675405742821,0.0210526315789473,0.025,0.3444444444444444,0.25,3.1555555555555554,2.9,36.0,0.3444444444444444,0.25,17.01318161613676,50.19761158504232,0.7688140841634754,0.9325,0.34,1.0,31.0,5.0
work-2,M10O90D1-S2,4201,4.2010000000000005,82.668389,10,20,90,1,110,0.4272727272727272,0.4272727272727272,0.4272727272727272,6.0,41.0,148,0.0246872393661384,0.0267166042446941,0.0157894736842105,0.0211111111111111,0.3666666666666666,0.25,3.1666666666666665,2.45,38.0,0.3666666666666666,0.25,14.946487330775824,39.9040726147841,0.4485799882397848,0.9125,0.3375,1.0,33.0,5.0
work-2,M10O90D1-S2,4301,4.301,82.668389,10,20,90,1,110,0.4,0.4,0.4,7.0,37.0,137,0.0228523769808173,0.0222222222222222,0.0157894736842105,0.025,0.3333333333333333,0.25,2.811111111111111,2.8,35.0,0.3333333333333333,0.25,17.379232999911494,56.47418084136172,0.8872897055970117,0.9175,0.345,0.995,30.0,5.0
work-2,M10O90D1-S2,4401,4.401,82.668389,10,20,90,1,110,0.4545454545454545,0.4545454545454545,0.4545454545454545,11.0,39.0,148,0.0246872393661384,0.0217228464419475,0.031578947368421,0.0305555555555555,0.3,0.3,2.844444444444445,3.65,33.0,0.3,0.3,15.7116641407095,45.27227116204649,0.6993913042618819,0.9,0.3475,1.0,27.0,6.0
work-2,M10O90D1-S2,4501,4.501,82.668389,10,20,90,1,110,0.3636363636363636,0.3636363636363636,0.3636363636363636,7.0,33.0,130,0.0216847372810675,0.0197253433208489,0.0157894736842105,0.0266666666666666,0.3,0.3,2.588888888888889,3.0,33.0,0.3,0.3,17.75077218840422,57.24575805508262,0.9039211871461998,0.9175,0.405,1.0,27.0,6.0
work-2,M10O90D1-S2,4601,4.601,82.668389,10,20,90,1,110,0.3545454545454545,0.3545454545454545,0.3545454545454545,6.0,33.0,139,0.023185988323603,0.0212234706616729,0.031578947368421,0.0266666666666666,0.2888888888888888,0.3,2.7111111111111112,3.3,32.0,0.2888888888888888,0.3,17.36597994067115,57.61115069639443,0.8809366511600326,0.8725,0.35,1.0,26.0,6.0
work-2,M10O90D1-S2,4701,4.7010000000000005,82.668389,10,20,90,1,110,0.3636363636363636,0.3636363636363636,0.3636363636363636,6.0,34.0,134,0.0223519599666388,0.0239700374531835,0.0157894736842105,0.0194444444444444,0.3,0.25,2.8222222222222224,2.3,32.0,0.3,0.25,17.586557764919874,57.53373470641306,0.8503601792962507,0.925,0.2825,1.0,27.0,5.0
work-2,M10O90D1-S2,4801,4.801,82.668389,10,20,90,1,110,0.3363636363636363,0.3363636363636363,0.3363636363636363,4.0,33.0,118,0.0196830692243536,0.0194756554307116,0.0263157894736842,0.0194444444444444,0.2888888888888888,0.2,2.411111111111111,2.45,30.0,0.2888888888888888,0.2,17.80731104444508,57.70426056717137,0.8614972016489446,0.9125,0.27,0.9975,26.0,4.0
work-2,M10O90D1-S2,4901,4.901,82.668389,10,20,90,1,110,0.4,0.4,0.4,9.0,35.0,129,0.0215179316096747,0.0209737827715355,0.0263157894736842,0.0222222222222222,0.3111111111111111,0.2,2.6222222222222222,2.7,32.0,0.3111111111111111,0.2,16.858279306507942,50.313903895255,0.7148810534480826,0.98,0.295,0.995,28.0,4.0
work,M10O90D1-S4,1001,1.001,82.668389,10,40,90,1,130,0.4384615384615384,0.4384615384615384,0.4384615384615384,13.0,44.0,181,0.0215861657722122,0.0279650436953807,0.0192307692307692,0.015,0.3555555555555555,0.125,3.4444444444444446,2.225,37.0,0.3555555555555555,0.125,17.832858647806418,54.92810603859153,0.8218025307968585,0.9725,0.2175,0.9975,32.0,5.0
work,M10O90D1-S4,1101,1.101,82.668389,10,40,90,1,130,0.5307692307692308,0.5307692307692308,0.5307692307692308,21.0,48.0,200,0.0238521168753726,0.0277153558052434,0.0217948717948717,0.02,0.3777777777777777,0.125,3.644444444444445,2.775,39.0,0.3777777777777777,0.125,17.63601098547568,57.47278662441915,0.9330524050240224,0.96,0.295,1.0,34.0,5.0
work,M10O90D1-S4,1201,1.201,82.668389,10,40,90,1,130,0.4307692307692308,0.4307692307692308,0.4307692307692308,15.0,41.0,206,0.0245676803816338,0.0279650436953807,0.0243589743589743,0.0208333333333333,0.3666666666666666,0.125,3.688888888888889,2.95,38.0,0.3666666666666666,0.125,17.93502704072172,58.37572415043351,0.8916243916818494,0.9725,0.2975,0.9975,33.0,5.0
work,M10O90D1-S4,1301,1.301,82.668389,10,40,90,1,130,0.3615384615384615,0.3615384615384615,0.3615384615384615,8.0,39.0,200,0.0238521168753726,0.0259675405742821,0.0269230769230769,0.0208333333333333,0.3555555555555555,0.125,3.5,3.05,37.0,0.3555555555555555,0.125,18.032749414416177,59.30838232667488,0.9310242958078208,0.9825,0.27,1.0,32.0,5.0
work,M10O90D1-S4,1401,1.401,82.668389,10,40,90,1,130,0.4076923076923077,0.4076923076923077,0.4076923076923077,12.0,41.0,180,0.0214669051878354,0.0272159800249687,0.0179487179487179,0.0158333333333333,0.3666666666666666,0.1,3.422222222222222,2.225,37.0,0.3666666666666666,0.1,16.76085739734539,49.31845545066502,0.6790935201969879,0.94,0.23,1.0,33.0,4.0
work,M10O90D1-S4,1501,1.501,82.668389,10,40,90,1,130,0.3692307692307692,0.3692307692307692,0.3692307692307692,8.0,40.0,188,0.0224209898628503,0.029712858926342,0.0166666666666666,0.0155555555555555,0.3555555555555555,0.125,3.6222222222222222,2.175,37.0,0.3555555555555555,0.125,18.621141536051763,61.68358047221293,0.9740743560817036,0.945,0.225,0.9975,32.0,5.0
work,M10O90D1-S4,1601,1.601,82.668389,10,40,90,1,130,0.3923076923076923,0.3923076923076923,0.3923076923076923,15.0,36.0,207,0.0246869409660107,0.0277153558052434,0.0217948717948717,0.0219444444444444,0.3555555555555555,0.125,3.7,2.95,37.0,0.3555555555555555,0.125,17.867815044802708,57.967406973763175,0.8990691150821069,0.965,0.265,1.0,32.0,5.0
work,M10O90D1-S4,1701,1.701,82.668389,10,40,90,1,130,0.3846153846153846,0.3846153846153846,0.3846153846153846,10.0,40.0,192,0.0228980322003577,0.0259675405742821,0.023076923076923,0.0194444444444444,0.3333333333333333,0.15,3.422222222222222,2.8,36.0,0.3333333333333333,0.15,18.285599998803846,61.64855874112717,0.9643231031426138,0.94,0.3325,0.9975,30.0,6.0
work,M10O90D1-S4,1801,1.801,82.668389,10,40,90,1,130,0.4,0.4,0.4,13.0,39.0,194,0.0231365533691115,0.0239700374531835,0.0192307692307692,0.0230555555555555,0.3333333333333333,0.125,3.388888888888889,2.95,35.0,0.3333333333333333,0.125,17.156986053040278,53.65631660905398,0.8272072649418009,0.935,0.2575,1.0,30.0,5.0
work,M10O90D1-S4,1901,1.901,82.668389,10,40,90,1,130,0.3692307692307692,0.3692307692307692,0.3692307692307692,9.0,39.0,182,0.0217054263565891,0.0269662921348314,0.0166666666666666,0.0169444444444444,0.3333333333333333,0.125,3.411111111111111,2.3,35.0,0.3333333333333333,0.125,18.19736435491682,59.68859927847174,0.9507945377802568,0.905,0.315,0.995,30.0,5.0
work,M10O90D1-S4,2001,2.001,82.668389,10,40,90,1,130,0.4769230769230769,0.4769230769230769,0.4769230769230769,15.0,47.0,203,0.0242098986285032,0.029712858926342,0.0153846153846153,0.02,0.3444444444444444,0.125,3.7888888888888888,2.525,36.0,0.3444444444444444,0.125,16.256113984548133,45.45047782195739,0.6552944863366944,0.975,0.2175,0.9975,31.0,5.0
work,M10O90D1-S4,2101,2.101,82.668389,10,40,90,1,130,0.3692307692307692,0.3692307692307692,0.3692307692307692,9.0,39.0,200,0.0238521168753726,0.02896379525593,0.0192307692307692,0.0191666666666666,0.3555555555555555,0.125,3.7,2.6,37.0,0.3555555555555555,0.125,18.528093718944348,60.60965341857212,0.9295743669048644,0.955,0.265,1.0,32.0,5.0
work,M10O90D1-S4,2201,2.201,82.668389,10,40,90,1,130,0.3384615384615385,0.3384615384615385,0.3384615384615385,9.0,35.0,197,0.0234943351222421,0.0287141073657927,0.0217948717948717,0.0180555555555555,0.3555555555555555,0.15,3.633333333333333,2.625,38.0,0.3555555555555555,0.15,17.691304806009228,59.569014276474434,0.955022778374178,0.9325,0.355,1.0,32.0,6.0
work,M10O90D1-S4,2301,2.301,82.668389,10,40,90,1,130,0.4,0.4,0.4,13.0,39.0,183,0.021824686940966,0.0264669163545568,0.023076923076923,0.0163888888888888,0.3333333333333333,0.15,3.344444444444445,2.525,36.0,0.3333333333333333,0.15,18.809174271322554,62.91522210175492,0.9532104839994592,0.92,0.3225,1.0,30.0,6.0
work,M10O90D1-S4,2401,2.401,82.668389,10,40,90,1,130,0.4692307692307692,0.4692307692307692,0.4692307692307692,17.0,44.0,209,0.0249254621347644,0.0257178526841448,0.0243589743589743,0.0241666666666666,0.3333333333333333,0.175,3.588888888888889,3.3,37.0,0.3333333333333333,0.175,18.76356611962189,62.659725793482906,0.974752583116084,0.9375,0.325,0.99,30.0,7.0
work,M10O90D1-S4,2501,2.501,82.668389,10,40,90,1,130,0.4307692307692308,0.4307692307692308,0.4307692307692308,20.0,36.0,188,0.0224209898628503,0.0224719101123595,0.0307692307692307,0.0205555555555555,0.3444444444444444,0.175,3.1666666666666665,3.225,38.0,0.3444444444444444,0.175,18.328023289147676,62.05229263217886,0.9731030283861388,0.945,0.3275,0.9975,31.0,7.0
work,M10O90D1-S4,2601,2.601,82.668389,10,40,90,1,130,0.3384615384615385,0.3384615384615385,0.3384615384615385,8.0,36.0,203,0.0242098986285032,0.0284644194756554,0.0243589743589743,0.0194444444444444,0.3555555555555555,0.125,3.6666666666666665,2.825,37.0,0.3555555555555555,0.125,16.880997905329426,52.66937893295835,0.7978686077711284,0.9025,0.26,0.995,32.0,5.0
work,M10O90D1-S4,2701,2.701,82.668389,10,40,90,1,130,0.3692307692307692,0.3692307692307692,0.3692307692307692,13.0,35.0,212,0.025283243887895,0.0294631710362047,0.023076923076923,0.0211111111111111,0.3555555555555555,0.175,3.8222222222222224,2.975,39.0,0.3555555555555555,0.175,17.273620658375258,57.004981934387,0.9203050227665692,0.95,0.2375,0.9975,32.0,7.0
work,M10O90D1-S4,2801,2.801,82.668389,10,40,90,1,130,0.4538461538461538,0.4538461538461538,0.4538461538461538,15.0,44.0,205,0.024448419797257,0.0252184769038701,0.0256410256410256,0.0233333333333333,0.3666666666666666,0.125,3.5444444444444443,3.225,38.0,0.3666666666666666,0.125,17.34674551185294,54.58727066558505,0.7343212894238799,0.975,0.2625,1.0,33.0,5.0
work,M10O90D1-S4,2901,2.901,82.668389,10,40,90,1,130,0.3769230769230769,0.3769230769230769,0.3769230769230769,10.0,39.0,202,0.0240906380441264,0.0267166042446941,0.0243589743589743,0.0211111111111111,0.3333333333333333,0.125,3.555555555555556,2.975,35.0,0.3333333333333333,0.125,16.195717886974528,46.39130653450708,0.6634590538232467,0.97,0.27,1.0,30.0,5.0
work,M10O90D1-S4,3001,3.001,82.668389,10,40,90,1,130,0.4461538461538462,0.4461538461538462,0.4461538461538462,17.0,41.0,189,0.0225402504472271,0.0224719101123595,0.0282051282051282,0.0213888888888888,0.3444444444444444,0.175,3.2,3.2,38.0,0.3444444444444444,0.175,18.641616958863768,60.96335301655515,0.9555475490827748,0.955,0.3775,1.0,31.0,7.0
work,M10O90D1-S4,3101,3.101,82.668389,10,40,90,1,130,0.3846153846153846,0.3846153846153846,0.3846153846153846,11.0,39.0,190,0.022659511031604,0.0237203495630461,0.0205128205128205,0.0219444444444444,0.3444444444444444,0.15,3.333333333333333,2.925,37.0,0.3444444444444444,0.15,17.16394209755687,50.68168238622329,0.8322938268270982,0.97,0.38,0.9975,31.0,6.0
work,M10O90D1-S4,3201,3.201,82.668389,10,40,90,1,130,0.3846153846153846,0.3846153846153846,0.3846153846153846,12.0,38.0,212,0.025283243887895,0.0274656679151061,0.0217948717948717,0.0236111111111111,0.3666666666666666,0.15,3.755555555555556,3.125,39.0,0.3666666666666666,0.15,18.06136859018791,56.83597072781535,0.8785616097982865,0.9725,0.2875,1.0,33.0,6.0
work,M10O90D1-S4,3301,3.301,82.668389,10,40,90,1,130,0.4153846153846154,0.4153846153846154,0.4153846153846154,16.0,38.0,184,0.0219439475253428,0.0229712858926342,0.0256410256410256,0.02,0.3222222222222222,0.175,3.1666666666666665,2.975,36.0,0.3222222222222222,0.175,18.695242623668392,62.59629756284601,0.9740128200851816,0.8875,0.385,1.0,29.0,7.0
work,M10O90D1-S4,3401,3.401,82.668389,10,40,90,1,130,0.3769230769230769,0.3769230769230769,0.3769230769230769,10.0,39.0,163,0.0194394752534287,0.0217228464419475,0.0166666666666666,0.0175,0.3111111111111111,0.15,2.9444444444444446,2.375,34.0,0.3111111111111111,0.15,18.441222220330918,60.95049615510761,0.9582523653211664,0.8975,0.35,1.0,28.0,6.0
work,M10O90D1-S4,3501,3.501,82.668389,10,40,90,1,130,0.3615384615384615,0.3615384615384615,0.3615384615384615,10.0,37.0,187,0.0223017292784734,0.0242197253433208,0.0269230769230769,0.0191666666666666,0.3333333333333333,0.15,3.2555555555555555,2.925,36.0,0.3333333333333333,0.15,17.032446530282186,56.22388661374601,0.8161140563355804,0.95,0.3225,1.0,30.0,6.0
work,M10O90D1-S4,3601,3.601,82.668389,10,40,90,1,130,0.4461538461538462,0.4461538461538462,0.4461538461538462,14.0,44.0,184,0.0219439475253428,0.0239700374531835,0.0179487179487179,0.0205555555555555,0.3333333333333333,0.15,3.2888888888888888,2.7,36.0,0.3333333333333333,0.15,17.609390099670108,58.550810947479455,0.8445895614378264,0.9175,0.27,0.9975,30.0,6.0
work,M10O90D1-S4,3701,3.701,82.668389,10,40,90,1,130,0.4846153846153846,0.4846153846153846,0.4846153846153846,18.0,45.0,210,0.0250447227191413,0.0274656679151061,0.0192307692307692,0.0236111111111111,0.3222222222222222,0.2,3.7111111111111112,3.075,37.0,0.3222222222222222,0.2,16.458565151604887,49.75507966899216,0.7523172794688369,0.9525,0.3325,1.0,29.0,8.0
work,M10O90D1-S4,3801,3.801,82.668389,10,40,90,1,130,0.4153846153846154,0.4153846153846154,0.4153846153846154,13.0,41.0,189,0.0225402504472271,0.0239700374531835,0.0205128205128205,0.0213888888888888,0.3333333333333333,0.175,3.3222222222222224,2.9,37.0,0.3333333333333333,0.175,17.182372826087292,57.256496899061126,0.8553533842319713,0.9025,0.335,0.9975,30.0,7.0
work,M10O90D1-S4,3901,3.901,82.668389,10,40,90,1,130,0.5615384615384615,0.5615384615384615,0.5615384615384615,21.0,52.0,203,0.0242098986285032,0.0229712858926342,0.0192307692307692,0.0266666666666666,0.3333333333333333,0.2,3.4444444444444446,3.35,38.0,0.3333333333333333,0.2,18.32534202091735,60.439226369159805,0.905106939053706,0.99,0.4425,1.0,30.0,8.0
work,M10O90D1-S4,4001,4.001,82.668389,10,40,90,1,130,0.4307692307692308,0.4307692307692308,0.4307692307692308,19.0,37.0,181,0.0215861657722122,0.0212234706616729,0.0282051282051282,0.0205555555555555,0.3111111111111111,0.175,3.022222222222222,3.125,35.0,0.3111111111111111,0.175,18.028797284457355,57.90420894168901,0.8877179082255673,0.9,0.3625,1.0,28.0,7.0
work,M10O90D1-S4,4101,4.101,82.668389,10,40,90,1,130,0.4846153846153846,0.4846153846153846,0.4846153846153846,19.0,44.0,206,0.0245676803816338,0.0234706616729088,0.0282051282051282,0.025,0.3,0.2,3.388888888888889,3.55,35.0,0.3,0.2,18.361482162346675,57.45756336968034,0.9360243902799706,0.93,0.375,1.0,27.0,8.0
work,M10O90D1-S4,4201,4.2010000000000005,82.668389,10,40,90,1,130,0.3923076923076923,0.3923076923076923,0.3923076923076923,17.0,34.0,169,0.0201550387596899,0.0197253433208489,0.0217948717948717,0.0202777777777777,0.2888888888888888,0.2,2.855555555555556,2.875,34.0,0.2888888888888888,0.2,17.696673825454848,55.32631458826274,0.8407039818559566,0.9425,0.4425,1.0,26.0,8.0
work,M10O90D1-S4,4301,4.301,82.668389,10,40,90,1,130,0.4846153846153846,0.4846153846153846,0.4846153846153846,20.0,43.0,198,0.0236135957066189,0.0237203495630461,0.0256410256410256,0.0230555555555555,0.3,0.2,3.333333333333333,3.275,35.0,0.3,0.2,17.0845738137871,54.25212204289855,0.7778576957716048,0.935,0.42,1.0,27.0,8.0
work,M10O90D1-S4,4401,4.401,82.668389,10,40,90,1,130,0.4076923076923077,0.4076923076923077,0.4076923076923077,16.0,37.0,210,0.0250447227191413,0.0262172284644194,0.0269230769230769,0.0233333333333333,0.3222222222222222,0.2,3.588888888888889,3.35,37.0,0.3222222222222222,0.2,17.961889318088925,58.06295119716917,0.9372068627346783,0.935,0.4675,0.995,29.0,8.0
work,M10O90D1-S4,4501,4.501,82.668389,10,40,90,1,130,0.3538461538461538,0.3538461538461538,0.3538461538461538,12.0,34.0,171,0.0203935599284436,0.0234706616729088,0.0192307692307692,0.0172222222222222,0.3111111111111111,0.225,3.088888888888889,2.525,37.0,0.3111111111111111,0.225,18.17242249829431,58.22584714188656,0.9531592200418214,0.935,0.3825,1.0,28.0,9.0
work,M10O90D1-S4,4601,4.601,82.668389,10,40,90,1,130,0.3692307692307692,0.3692307692307692,0.3692307692307692,11.0,37.0,180,0.0214669051878354,0.0227215980024968,0.0243589743589743,0.0194444444444444,0.3333333333333333,0.225,3.1333333333333333,2.925,39.0,0.3333333333333333,0.225,17.899321946833926,54.99827523239308,0.8629011085837308,0.915,0.445,0.995,30.0,9.0
work,M10O90D1-S4,4701,4.7010000000000005,82.668389,10,40,90,1,130,0.3769230769230769,0.3769230769230769,0.3769230769230769,12.0,37.0,190,0.022659511031604,0.0202247191011235,0.0243589743589743,0.025,0.3,0.2,3.1,3.4,35.0,0.3,0.2,17.0952121672131,51.85522663892529,0.8160282099896892,0.905,0.4725,0.995,27.0,8.0
work,M10O90D1-S4,4801,4.801,82.668389,10,40,90,1,130,0.4384615384615384,0.4384615384615384,0.4384615384615384,17.0,40.0,195,0.0232558139534883,0.0232209737827715,0.0269230769230769,0.0225,0.3222222222222222,0.175,3.2888888888888888,3.25,36.0,0.3222222222222222,0.175,18.567409174557056,60.18968547174745,0.947675434376474,0.895,0.4375,1.0,29.0,7.0
work,M10O90D1-S4,4901,4.901,82.668389,10,40,90,1,130,0.3846153846153846,0.3846153846153846,0.3846153846153846,15.0,35.0,183,0.021824686940966,0.0202247191011235,0.0243589743589743,0.0230555555555555,0.3,0.225,3.022222222222222,3.25,36.0,0.3,0.225,16.815656116037285,54.21277216931558,0.7698403387104807,0.91,0.4425,1.0,27.0,9.0
work-1,M10O90D1-S4,1001,1.001,82.668389,10,40,90,1,130,0.4230769230769231,0.4230769230769231,0.4230769230769231,15.0,40.0,180,0.0214669051878354,0.0222222222222222,0.0179487179487179,0.0213888888888888,0.3222222222222222,0.125,3.1555555555555554,2.75,34.0,0.3222222222222222,0.125,16.823581153634514,53.684626720254855,0.8499221232843689,0.91,0.305,1.0,29.0,5.0
work-1,M10O90D1-S4,1101,1.101,82.668389,10,40,90,1,130,0.4692307692307692,0.4692307692307692,0.4692307692307692,13.0,48.0,189,0.0225402504472271,0.0257178526841448,0.0205128205128205,0.0194444444444444,0.3555555555555555,0.125,3.422222222222222,2.675,37.0,0.3555555555555555,0.125,18.66934879105053,62.563367152505386,0.961605669588312,0.9475,0.335,1.0,32.0,5.0
work-1,M10O90D1-S4,1201,1.201,82.668389,10,40,90,1,130,0.4384615384615384,0.4384615384615384,0.4384615384615384,14.0,43.0,205,0.024448419797257,0.0279650436953807,0.0166666666666666,0.0222222222222222,0.3666666666666666,0.125,3.744444444444445,2.775,38.0,0.3666666666666666,0.125,18.363777155542035,60.77147147568433,0.9389563617504244,0.95,0.23,1.0,33.0,5.0
work-1,M10O90D1-S4,1301,1.301,82.668389,10,40,90,1,130,0.4076923076923077,0.4076923076923077,0.4076923076923077,12.0,41.0,179,0.0213476446034585,0.0249687890137328,0.0205128205128205,0.0175,0.3666666666666666,0.125,3.2888888888888888,2.5,38.0,0.3666666666666666,0.125,16.354310679056614,48.0420916310381,0.6880079364255695,0.95,0.3775,1.0,33.0,5.0
work-1,M10O90D1-S4,1401,1.401,82.668389,10,40,90,1,130,0.3384615384615385,0.3384615384615385,0.3384615384615385,8.0,36.0,190,0.022659511031604,0.02896379525593,0.0166666666666666,0.0169444444444444,0.3555555555555555,0.1,3.611111111111111,2.275,36.0,0.3555555555555555,0.1,18.02638604638232,57.99137308569205,0.9164389362887966,0.9125,0.285,0.995,32.0,4.0
work-1,M10O90D1-S4,1501,1.501,82.668389,10,40,90,1,130,0.3692307692307692,0.3692307692307692,0.3692307692307692,10.0,38.0,180,0.0214669051878354,0.0262172284644194,0.0217948717948717,0.0161111111111111,0.3444444444444444,0.125,3.3222222222222224,2.425,36.0,0.3444444444444444,0.125,18.127180416360805,59.58648584661235,0.877918584245642,0.9525,0.2525,1.0,31.0,5.0
work-1,M10O90D1-S4,1601,1.601,82.668389,10,40,90,1,130,0.3692307692307692,0.3692307692307692,0.3692307692307692,10.0,38.0,166,0.0197972570065593,0.0237203495630461,0.0256410256410256,0.0141666666666666,0.3333333333333333,0.125,3.011111111111111,2.4,35.0,0.3333333333333333,0.125,18.879511509038554,62.530748113524425,0.9855253739449834,0.9475,0.195,0.9975,30.0,5.0
work-1,M10O90D1-S4,1701,1.701,82.668389,10,40,90,1,130,0.3538461538461538,0.3538461538461538,0.3538461538461538,8.0,38.0,178,0.0212283840190816,0.0247191011235955,0.0243589743589743,0.0166666666666666,0.3333333333333333,0.1,3.2,2.55,34.0,0.3333333333333333,0.1,17.722372467440373,55.44747675340462,0.8277827409599927,0.9525,0.17,0.9975,30.0,4.0
work-1,M10O90D1-S4,1801,1.801,82.668389,10,40,90,1,130,0.4076923076923077,0.4076923076923077,0.4076923076923077,9.0,44.0,169,0.0201550387596899,0.0242197253433208,0.0205128205128205,0.0155555555555555,0.3222222222222222,0.125,3.1,2.325,34.0,0.3222222222222222,0.125,18.60387720262135,62.86380360781886,0.9727407439301312,0.8975,0.35,0.9975,29.0,5.0
work-1,M10O90D1-S4,1901,1.901,82.668389,10,40,90,1,130,0.4923076923076923,0.4923076923076923,0.4923076923076923,17.0,47.0,173,0.0206320810971973,0.0224719101123595,0.0192307692307692,0.0188888888888888,0.3333333333333333,0.125,3.088888888888889,2.575,35.0,0.3333333333333333,0.125,18.355732032456118,59.71422192400976,0.8697068035244563,0.9425,0.2725,1.0,30.0,5.0
work-1,M10O90D1-S4,2001,2.001,82.668389,10,40,90,1,130,0.3846153846153846,0.3846153846153846,0.3846153846153846,9.0,41.0,195,0.0232558139534883,0.0254681647940074,0.0205128205128205,0.0213888888888888,0.3444444444444444,0.15,3.466666666666667,2.875,37.0,0.3444444444444444,0.15,18.20602468449328,59.11315050412967,0.9482831499967616,0.91,0.38,0.9975,31.0,6.0
work-1,M10O90D1-S4,2101,2.101,82.668389,10,40,90,1,130,0.4153846153846154,0.4153846153846154,0.4153846153846154,11.0,43.0,210,0.0250447227191413,0.0292134831460674,0.0179487179487179,0.0219444444444444,0.3555555555555555,0.15,3.8333333333333335,2.825,38.0,0.3555555555555555,0.15,17.521600820344922,56.921406156561055,0.8751915043755364,0.95,0.375,1.0,32.0,6.0
work-1,M10O90D1-S4,2201,2.201,82.668389,10,40,90,1,130,0.4615384615384615,0.4615384615384615,0.4615384615384615,15.0,45.0,204,0.0243291592128801,0.0252184769038701,0.0256410256410256,0.0230555555555555,0.3333333333333333,0.15,3.5,3.225,36.0,0.3333333333333333,0.15,17.662949716854683,56.81689457036727,0.868716367356672,0.95,0.26,1.0,30.0,6.0
work-1,M10O90D1-S4,2301,2.301,82.668389,10,40,90,1,130,0.4153846153846154,0.4153846153846154,0.4153846153846154,14.0,40.0,213,0.0254025044722719,0.0247191011235955,0.023076923076923,0.0266666666666666,0.3444444444444444,0.2,3.611111111111111,3.5,39.0,0.3444444444444444,0.2,17.12866895483107,51.75535038024576,0.8688391379267884,0.9775,0.35,1.0,31.0,8.0
work-1,M10O90D1-S4,2401,2.401,82.668389,10,40,90,1,130,0.4,0.4,0.4,16.0,36.0,186,0.0221824686940966,0.0214731585518102,0.0179487179487179,0.0238888888888888,0.3333333333333333,0.15,3.2,3.0,36.0,0.3333333333333333,0.15,18.4321850189421,60.39357614437148,0.9685221778368176,0.9525,0.315,1.0,30.0,6.0
work-1,M10O90D1-S4,2501,2.501,82.668389,10,40,90,1,130,0.4230769230769231,0.4230769230769231,0.4230769230769231,17.0,38.0,157,0.0187239117471675,0.0182272159800249,0.0205128205128205,0.0188888888888888,0.3,0.125,2.6777777777777776,2.625,32.0,0.3,0.125,18.239267565111064,57.685262033424806,0.873678571852146,0.9325,0.33,0.9975,27.0,5.0
work-1,M10O90D1-S4,2601,2.601,82.668389,10,40,90,1,130,0.3923076923076923,0.3923076923076923,0.3923076923076923,15.0,36.0,179,0.0213476446034585,0.0197253433208489,0.0192307692307692,0.0236111111111111,0.2888888888888888,0.175,2.988888888888889,3.05,33.0,0.2888888888888888,0.175,17.33928145927075,57.831628746049766,0.9105254549559408,0.935,0.3475,0.9975,26.0,7.0
work-1,M10O90D1-S4,2701,2.701,82.668389,10,40,90,1,130,0.4,0.4,0.4,18.0,34.0,170,0.0202742993440667,0.0217228464419475,0.0243589743589743,0.0177777777777777,0.3111111111111111,0.175,2.955555555555556,2.725,35.0,0.3111111111111111,0.175,16.95294995593096,54.22609621333852,0.7742955610525288,0.9475,0.385,1.0,28.0,7.0
work-1,M10O90D1-S4,2801,2.801,82.668389,10,40,90,1,130,0.5153846153846153,0.5153846153846153,0.5153846153846153,18.0,49.0,235,0.0280262373285629,0.0309612983770287,0.0179487179487179,0.0269444444444444,0.3222222222222222,0.225,4.155555555555556,3.35,38.0,0.3222222222222222,0.225,14.26478425797755,36.78114643722143,0.4133119915306104,0.915,0.3975,1.0,29.0,9.0
work-1,M10O90D1-S4,2901,2.901,82.668389,10,40,90,1,130,0.3615384615384615,0.3615384615384615,0.3615384615384615,13.0,34.0,181,0.0215861657722122,0.0222222222222222,0.0192307692307692,0.0213888888888888,0.3222222222222222,0.175,3.1555555555555554,2.85,36.0,0.3222222222222222,0.175,17.167597413793622,53.71924405644479,0.806340383831731,0.9525,0.37,0.9975,29.0,7.0
work-1,M10O90D1-S4,3001,3.001,82.668389,10,40,90,1,130,0.3692307692307692,0.3692307692307692,0.3692307692307692,11.0,37.0,174,0.0207513416815742,0.0214731585518102,0.0192307692307692,0.0202777777777777,0.3111111111111111,0.15,3.033333333333333,2.725,34.0,0.3111111111111111,0.15,14.473895643342896,41.70359045553848,0.6433587027485196,0.9375,0.34,0.9975,28.0,6.0
work-1,M10O90D1-S4,3101,3.101,82.668389,10,40,90,1,130,0.3846153846153846,0.3846153846153846,0.3846153846153846,15.0,35.0,147,0.0175313059033989,0.0169787765293383,0.0243589743589743,0.0166666666666666,0.3,0.175,2.477777777777778,2.625,34.0,0.3,0.175,18.055755536757445,59.27909958885481,0.916397516363376,0.965,0.325,1.0,27.0,7.0
work-1,M10O90D1-S4,3201,3.201,82.668389,10,40,90,1,130,0.3461538461538461,0.3461538461538461,0.3461538461538461,11.0,34.0,188,0.0224209898628503,0.0232209737827715,0.0205128205128205,0.0219444444444444,0.3111111111111111,0.2,3.2555555555555555,2.975,36.0,0.3111111111111111,0.2,15.054635122842278,44.9750910304798,0.6244784318742896,0.99,0.3425,1.0,28.0,8.0
work-1,M10O90D1-S4,3301,3.301,82.668389,10,40,90,1,130,0.4,0.4,0.4,15.0,37.0,191,0.0227787716159809,0.0229712858926342,0.0243589743589743,0.0222222222222222,0.3,0.2,3.2333333333333334,3.15,35.0,0.3,0.2,16.782686240234813,51.36521526040892,0.730978412397043,0.9425,0.3075,1.0,27.0,8.0
work-1,M10O90D1-S4,3401,3.401,82.668389,10,40,90,1,130,0.3846153846153846,0.3846153846153846,0.3846153846153846,16.0,34.0,175,0.0208706022659511,0.0219725343320848,0.0166666666666666,0.0205555555555555,0.3222222222222222,0.125,3.1,2.625,34.0,0.3222222222222222,0.125,17.895188983489223,59.89435058941925,0.9065275322452396,0.9275,0.2475,0.9975,29.0,5.0
work-1,M10O90D1-S4,3501,3.501,82.668389,10,40,90,1,130,0.3923076923076923,0.3923076923076923,0.3923076923076923,13.0,38.0,188,0.0224209898628503,0.0224719101123595,0.0256410256410256,0.0216666666666666,0.3222222222222222,0.2,3.188888888888889,3.15,37.0,0.3222222222222222,0.2,17.003750259442043,54.70235898478272,0.7783625367692083,0.9325,0.2725,1.0,29.0,8.0
work-1,M10O90D1-S4,3601,3.601,82.668389,10,40,90,1,130,0.3923076923076923,0.3923076923076923,0.3923076923076923,15.0,36.0,173,0.0206320810971973,0.0227215980024968,0.0243589743589743,0.0175,0.3333333333333333,0.2,3.055555555555556,2.725,38.0,0.3333333333333333,0.2,17.356918124092694,55.21373610777001,0.8944237262145456,0.9275,0.405,1.0,30.0,8.0
work-1,M10O90D1-S4,3701,3.701,82.668389,10,40,90,1,130,0.3615384615384615,0.3615384615384615,0.3615384615384615,12.0,35.0,173,0.0206320810971973,0.0224719101123595,0.0269230769230769,0.0172222222222222,0.3111111111111111,0.2,3.0,2.8,36.0,0.3111111111111111,0.2,16.96658014749362,50.23518184864028,0.7091211678623468,0.9375,0.3375,1.0,28.0,8.0
work-1,M10O90D1-S4,3801,3.801,82.668389,10,40,90,1,130,0.3846153846153846,0.3846153846153846,0.3846153846153846,12.0,38.0,185,0.0220632081097197,0.0227215980024968,0.0269230769230769,0.0202777777777777,0.3333333333333333,0.15,3.1666666666666665,3.025,36.0,0.3333333333333333,0.15,17.33749423402222,53.84834890683607,0.8400054462698895,0.8825,0.275,1.0,30.0,6.0
work-1,M10O90D1-S4,3901,3.901,82.668389,10,40,90,1,130,0.4461538461538462,0.4461538461538462,0.4461538461538462,16.0,42.0,192,0.0228980322003577,0.0249687890137328,0.0243589743589743,0.0202777777777777,0.3555555555555555,0.125,3.388888888888889,2.9,37.0,0.3555555555555555,0.125,16.936030068221843,53.95755463932912,0.7463491424795903,0.965,0.19,1.0,32.0,5.0
work-1,M10O90D1-S4,4001,4.001,82.668389,10,40,90,1,130,0.4538461538461538,0.4538461538461538,0.4538461538461538,17.0,42.0,189,0.0225402504472271,0.0267166042446941,0.0205128205128205,0.0183333333333333,0.3444444444444444,0.15,3.455555555555556,2.6,37.0,0.3444444444444444,0.15,16.9858878675035,56.40766908332176,0.8247991150759073,0.9775,0.2475,1.0,31.0,6.0
work-1,M10O90D1-S4,4101,4.101,82.668389,10,40,90,1,130,0.4153846153846154,0.4153846153846154,0.4153846153846154,14.0,40.0,206,0.0245676803816338,0.0284644194756554,0.0256410256410256,0.02,0.3666666666666666,0.15,3.7,2.95,39.0,0.3666666666666666,0.15,17.81584959089171,57.39789639566125,0.8735058928195267,0.9025,0.325,0.9975,33.0,6.0
work-1,M10O90D1-S4,4201,4.2010000000000005,82.668389,10,40,90,1,130,0.3846153846153846,0.3846153846153846,0.3846153846153846,11.0,39.0,207,0.0246869409660107,0.0267166042446941,0.0243589743589743,0.0225,0.3555555555555555,0.15,3.633333333333333,3.125,38.0,0.3555555555555555,0.15,18.2654736820916,59.50690120052676,0.9455492152235276,0.935,0.285,1.0,32.0,6.0
work-1,M10O90D1-S4,4301,4.301,82.668389,10,40,90,1,130,0.4461538461538462,0.4461538461538462,0.4461538461538462,17.0,41.0,223,0.0265951103160405,0.02896379525593,0.0192307692307692,0.0255555555555555,0.3444444444444444,0.175,3.9444444444444446,3.225,38.0,0.3444444444444444,0.175,18.29479867270612,60.5928454907251,0.936450584683274,0.945,0.2925,1.0,31.0,7.0
work-1,M10O90D1-S4,4401,4.401,82.668389,10,40,90,1,130,0.3461538461538461,0.3461538461538461,0.3461538461538461,10.0,35.0,191,0.0227787716159809,0.0252184769038701,0.0205128205128205,0.0205555555555555,0.3333333333333333,0.175,3.4,2.825,37.0,0.3333333333333333,0.175,17.798749895037126,59.433273398261406,0.9290177164529428,0.9325,0.29,1.0,30.0,7.0
work-1,M10O90D1-S4,4501,4.501,82.668389,10,40,90,1,130,0.4230769230769231,0.4230769230769231,0.4230769230769231,16.0,39.0,213,0.0254025044722719,0.0262172284644194,0.0217948717948717,0.0252777777777777,0.3333333333333333,0.175,3.6777777777777776,3.3,37.0,0.3333333333333333,0.175,18.69650126673716,60.48808378479892,0.9446148582888416,0.95,0.3825,1.0,30.0,7.0
work-1,M10O90D1-S4,4601,4.601,82.668389,10,40,90,1,130,0.4307692307692308,0.4307692307692308,0.4307692307692308,18.0,38.0,188,0.0224209898628503,0.0229712858926342,0.0282051282051282,0.0205555555555555,0.3222222222222222,0.175,3.188888888888889,3.125,36.0,0.3222222222222222,0.175,18.2742160613053,60.51824184053274,0.9392058842375354,0.9525,0.35,0.9975,29.0,7.0
work-1,M10O90D1-S4,4701,4.7010000000000005,82.668389,10,40,90,1,130,0.3769230769230769,0.3769230769230769,0.3769230769230769,12.0,37.0,201,0.0239713774597495,0.0259675405742821,0.0307692307692307,0.0202777777777777,0.3444444444444444,0.15,3.466666666666667,3.175,37.0,0.3444444444444444,0.15,17.33250002137657,55.7430817658002,0.8478553947010089,0.9775,0.26,1.0,31.0,6.0
work-1,M10O90D1-S4,4801,4.801,82.668389,10,40,90,1,130,0.3769230769230769,0.3769230769230769,0.3769230769230769,11.0,38.0,161,0.019200954084675,0.0204744069912609,0.0192307692307692,0.0177777777777777,0.3444444444444444,0.1,2.8777777777777778,2.45,35.0,0.3444444444444444,0.1,16.493807509525812,50.703737406144114,0.8084094683418086,0.975,0.2,1.0,31.0,4.0
work-1,M10O90D1-S4,4901,4.901,82.668389,10,40,90,1,130,0.2076923076923077,0.3615384615384615,0.3615384615384615,9.0,38.0,187,0.0223017292784734,0.0269662921348314,0.0217948717948717,0.0172222222222222,0.3444444444444444,0.1,3.433333333333333,2.5,35.0,0.3444444444444444,0.1,17.159149446598192,53.67415532131824,0.8057269572509369,0.9625,0.21,1.0,31.0,4.0
work-2,M10O90D1-S4,1001,1.001,82.668389,10,40,90,1,130,0.3846153846153846,0.3846153846153846,0.3846153846153846,13.0,37.0,168,0.020035778175313,0.0217228464419475,0.0205128205128205,0.0180555555555555,0.3111111111111111,0.2,2.966666666666667,2.625,36.0,0.3111111111111111,0.2,18.03659911216929,56.98232474286645,0.9150977417499832,0.895,0.41,1.0,28.0,8.0
work-2,M10O90D1-S4,1101,1.101,82.668389,10,40,90,1,130,0.3692307692307692,0.3692307692307692,0.3692307692307692,11.0,37.0,183,0.021824686940966,0.0217228464419475,0.0217948717948717,0.0219444444444444,0.3111111111111111,0.2,3.1222222222222222,3.025,36.0,0.3111111111111111,0.2,17.19145840739227,54.74689351089292,0.8540222969394704,0.86,0.4275,1.0,28.0,8.0
work-2,M10O90D1-S4,1201,1.201,82.668389,10,40,90,1,130,0.4923076923076923,0.4923076923076923,0.4923076923076923,17.0,47.0,211,0.0251639833035181,0.0287141073657927,0.0205128205128205,0.0222222222222222,0.3111111111111111,0.175,3.755555555555556,2.975,35.0,0.3111111111111111,0.175,16.04327496753343,46.93916734788618,0.6190828100868848,0.93,0.2775,0.9975,28.0,7.0
work-2,M10O90D1-S4,1301,1.301,82.668389,10,40,90,1,130,0.3692307692307692,0.3692307692307692,0.3692307692307692,9.0,39.0,183,0.021824686940966,0.0277153558052434,0.0192307692307692,0.0158333333333333,0.3555555555555555,0.1,3.455555555555556,2.275,36.0,0.3555555555555555,0.1,16.5515670451002,50.1528995293252,0.7412914812879211,0.9775,0.24,1.0,32.0,4.0
work-2,M10O90D1-S4,1401,1.401,82.668389,10,40,90,1,130,0.3615384615384615,0.3615384615384615,0.3615384615384615,9.0,38.0,179,0.0213476446034585,0.0237203495630461,0.0192307692307692,0.0191666666666666,0.3222222222222222,0.125,3.2,2.6,34.0,0.3222222222222222,0.125,18.29796314603597,58.80607305352223,0.9204269995109208,0.9225,0.305,0.9975,29.0,5.0
work-2,M10O90D1-S4,1501,1.501,82.668389,10,40,90,1,130,0.3615384615384615,0.3615384615384615,0.3615384615384615,9.0,38.0,181,0.0215861657722122,0.0272159800249687,0.0192307692307692,0.0158333333333333,0.3444444444444444,0.125,3.4,2.3,36.0,0.3444444444444444,0.125,18.444447834190225,61.132717307157584,0.9129348440232644,0.9475,0.2675,1.0,31.0,5.0
work-2,M10O90D1-S4,1601,1.601,82.668389,10,40,90,1,130,0.4153846153846154,0.4153846153846154,0.4153846153846154,12.0,42.0,192,0.0228980322003577,0.0287141073657927,0.0205128205128205,0.0169444444444444,0.3777777777777777,0.125,3.611111111111111,2.45,39.0,0.3777777777777777,0.125,15.944037239954902,46.43560964275205,0.664708596545253,0.9825,0.1575,0.9975,34.0,5.0
work-2,M10O90D1-S4,1701,1.701,82.668389,10,40,90,1,130,0.4,0.4,0.4,9.0,43.0,192,0.0228980322003577,0.0292134831460674,0.0166666666666666,0.0172222222222222,0.3888888888888889,0.1,3.6777777777777776,2.3,39.0,0.3888888888888889,0.1,16.4388441106446,48.222533066792266,0.6262742398536161,0.97,0.2125,1.0,35.0,4.0
work-2,M10O90D1-S4,1801,1.801,82.668389,10,40,90,1,130,0.4461538461538462,0.4461538461538462,0.4461538461538462,12.0,46.0,186,0.0221824686940966,0.0287141073657927,0.0294871794871794,0.0133333333333333,0.3777777777777777,0.075,3.466666666666667,2.425,37.0,0.3777777777777777,0.075,17.96548986602586,56.08078270666352,0.8651395824811314,0.975,0.1725,1.0,34.0,3.0
work-2,M10O90D1-S4,1901,1.901,82.668389,10,40,90,1,130,0.3769230769230769,0.3769230769230769,0.3769230769230769,10.0,39.0,185,0.0220632081097197,0.0309612983770287,0.0166666666666666,0.0133333333333333,0.3777777777777777,0.075,3.6666666666666665,1.925,37.0,0.3777777777777777,0.075,18.40484842857074,61.11973388790673,0.9055045066056396,0.9875,0.1525,1.0,34.0,3.0
work-2,M10O90D1-S4,2001,2.001,82.668389,10,40,90,1,130,0.4769230769230769,0.4769230769230769,0.4769230769230769,14.0,48.0,203,0.0242098986285032,0.0307116104868913,0.023076923076923,0.0172222222222222,0.3777777777777777,0.075,3.8,2.525,37.0,0.3777777777777777,0.075,18.75420340505171,59.67471298146205,0.9423861724692308,0.9725,0.1225,0.9975,34.0,3.0
work-2,M10O90D1-S4,2101,2.101,82.668389,10,40,90,1,130,0.5230769230769231,0.5230769230769231,0.5230769230769231,17.0,51.0,213,0.0254025044722719,0.0282147315855181,0.023076923076923,0.0227777777777777,0.3666666666666666,0.1,3.7888888888888888,3.05,37.0,0.3666666666666666,0.1,16.334923257415138,48.98519334205057,0.6938470938938046,0.98,0.21,0.9975,33.0,4.0
work-2,M10O90D1-S4,2201,2.201,82.668389,10,40,90,1,130,0.5769230769230769,0.5769230769230769,0.5769230769230769,22.0,53.0,228,0.0271914132379248,0.03270911360799,0.0205128205128205,0.0225,0.3777777777777777,0.175,4.188888888888889,3.0,41.0,0.3777777777777777,0.175,17.62977523853932,52.31751521362954,0.8728651921053494,0.975,0.3,0.9975,34.0,7.0
work-2,M10O90D1-S4,2301,2.301,82.668389,10,40,90,1,130,0.4615384615384615,0.4615384615384615,0.4615384615384615,14.0,46.0,204,0.0243291592128801,0.0292134831460674,0.0294871794871794,0.0177777777777777,0.3888888888888889,0.1,3.7,2.85,39.0,0.3888888888888889,0.1,17.93307322447482,59.82174207891613,0.9034186328484896,0.995,0.2175,1.0,35.0,4.0
work-2,M10O90D1-S4,2401,2.401,82.668389,10,40,90,1,130,0.4615384615384615,0.4615384615384615,0.4615384615384615,14.0,46.0,193,0.0230172927847346,0.0302122347066167,0.0282051282051282,0.0138888888888888,0.3777777777777777,0.1,3.6222222222222222,2.45,38.0,0.3777777777777777,0.1,16.45152877572705,48.25061700719398,0.7696880424694554,0.985,0.2025,1.0,34.0,4.0
work-2,M10O90D1-S4,2501,2.501,82.668389,10,40,90,1,130,0.3846153846153846,0.3846153846153846,0.3846153846153846,9.0,41.0,192,0.0228980322003577,0.0314606741573033,0.023076923076923,0.0133333333333333,0.3666666666666666,0.05,3.7,2.15,35.0,0.3666666666666666,0.05,18.167751868181757,60.49799759734011,0.918564592536094,0.96,0.095,1.0,33.0,2.0
work-2,M10O90D1-S4,2601,2.601,82.668389,10,40,90,1,130,0.3769230769230769,0.3769230769230769,0.3769230769230769,11.0,38.0,179,0.0213476446034585,0.0267166042446941,0.0205128205128205,0.0155555555555555,0.3444444444444444,0.125,3.344444444444445,2.325,36.0,0.3444444444444444,0.125,17.934077168612607,54.35202234229472,0.8326581635413782,0.8725,0.255,1.0,31.0,5.0
work-2,M10O90D1-S4,2701,2.701,82.668389,10,40,90,1,130,0.4,0.4,0.4,12.0,40.0,173,0.0206320810971973,0.0249687890137328,0.023076923076923,0.0152777777777777,0.3333333333333333,0.075,3.1666666666666665,2.35,33.0,0.3333333333333333,0.075,16.7328386903901,53.57317231116343,0.8070071835386295,0.9225,0.2025,0.9975,30.0,3.0
work-2,M10O90D1-S4,2801,2.801,82.668389,10,40,90,1,130,0.3538461538461538,0.3538461538461538,0.3538461538461538,10.0,36.0,162,0.0193202146690518,0.0244694132334581,0.0141025641025641,0.0147222222222222,0.3333333333333333,0.075,3.1,1.95,33.0,0.3333333333333333,0.075,18.343762977232966,61.820065360199045,0.9714843162929268,0.97,0.17,0.9975,30.0,3.0
work-2,M10O90D1-S4,2901,2.901,82.668389,10,40,90,1,130,0.4,0.4,0.4,10.0,42.0,187,0.0223017292784734,0.0284644194756554,0.0217948717948717,0.0155555555555555,0.3666666666666666,0.075,3.522222222222222,2.325,36.0,0.3666666666666666,0.075,17.869359746638022,60.43401808413009,0.9548830894498505,0.98,0.19,1.0,33.0,3.0
work-2,M10O90D1-S4,3001,3.001,82.668389,10,40,90,1,130,0.3384615384615385,0.3384615384615385,0.3384615384615385,4.0,40.0,202,0.0240906380441264,0.0287141073657927,0.0282051282051282,0.0180555555555555,0.3666666666666666,0.075,3.644444444444445,2.8,36.0,0.3666666666666666,0.075,18.91419091567907,62.51838425545988,0.96431955048369,0.9575,0.18,0.9975,33.0,3.0
work-2,M10O90D1-S4,3101,3.101,82.668389,10,40,90,1,130,0.3769230769230769,0.3769230769230769,0.3769230769230769,5.0,44.0,177,0.0211091234347048,0.0282147315855181,0.0166666666666666,0.0141666666666666,0.3666666666666666,0.075,3.4444444444444446,2.0,36.0,0.3666666666666666,0.075,17.962645809993045,60.42755474133428,0.9070696371068316,0.945,0.2025,1.0,33.0,3.0
work-2,M10O90D1-S4,3201,3.201,82.668389,10,40,90,1,130,0.3923076923076923,0.3923076923076923,0.3923076923076923,7.0,44.0,183,0.021824686940966,0.0299625468164794,0.0179487179487179,0.0136111111111111,0.3888888888888889,0.075,3.6,2.0,38.0,0.3888888888888889,0.075,18.388485147722864,58.75657178807042,0.9317617559753046,0.9975,0.2025,1.0,35.0,3.0
work-2,M10O90D1-S4,3301,3.301,82.668389,10,40,90,1,130,0.3615384615384615,0.3615384615384615,0.3615384615384615,6.0,41.0,187,0.0223017292784734,0.0299625468164794,0.0179487179487179,0.0147222222222222,0.3777777777777777,0.1,3.633333333333333,2.125,38.0,0.3777777777777777,0.1,17.631848995448788,55.87063612811836,0.8504327744261196,0.96,0.19,1.0,34.0,4.0
work-2,M10O90D1-S4,3401,3.401,82.668389,10,40,90,1,130,0.3923076923076923,0.3923076923076923,0.3923076923076923,13.0,38.0,165,0.0196779964221824,0.0224719101123595,0.023076923076923,0.0158333333333333,0.3444444444444444,0.1,2.977777777777778,2.425,35.0,0.3444444444444444,0.1,15.941116895873524,50.37090683641595,0.6508627780667353,0.9375,0.235,0.9975,31.0,4.0
work-2,M10O90D1-S4,3501,3.501,82.668389,10,40,90,1,130,0.3846153846153846,0.3846153846153846,0.3846153846153846,10.0,40.0,153,0.0182468694096601,0.0212234706616729,0.023076923076923,0.0138888888888888,0.3222222222222222,0.1,2.7666666666666666,2.25,33.0,0.3222222222222222,0.1,18.06761625911931,58.19629697829342,0.9060625778131068,0.8975,0.26,1.0,29.0,4.0
work-2,M10O90D1-S4,3601,3.601,82.668389,10,40,90,1,130,0.3307692307692307,0.3307692307692307,0.3307692307692307,11.0,32.0,173,0.0206320810971973,0.0242197253433208,0.0217948717948717,0.0163888888888888,0.3333333333333333,0.1,3.1444444444444444,2.425,34.0,0.3333333333333333,0.1,17.54640186006225,52.92478135383654,0.858339229368261,0.94,0.205,1.0,30.0,4.0
work-2,M10O90D1-S4,3701,3.701,82.668389,10,40,90,1,130,0.3538461538461538,0.3538461538461538,0.3538461538461538,9.0,37.0,181,0.0215861657722122,0.0262172284644194,0.0217948717948717,0.0163888888888888,0.3444444444444444,0.1,3.333333333333333,2.425,35.0,0.3444444444444444,0.1,18.13955349031445,57.78488397947176,0.9530738991205784,0.955,0.1725,1.0,31.0,4.0
work-2,M10O90D1-S4,3801,3.801,82.668389,10,40,90,1,130,0.4923076923076923,0.4923076923076923,0.4923076923076923,19.0,45.0,204,0.0243291592128801,0.0274656679151061,0.0192307692307692,0.0219444444444444,0.3666666666666666,0.1,3.688888888888889,2.825,37.0,0.3666666666666666,0.1,18.211127054509017,61.40678126959035,0.9623491593221896,0.96,0.1875,1.0,33.0,4.0
work-2,M10O90D1-S4,3901,3.901,82.668389,10,40,90,1,130,0.2923076923076923,0.3538461538461538,0.3538461538461538,11.0,35.0,151,0.0180083482409063,0.0227215980024968,0.0205128205128205,0.0122222222222222,0.3555555555555555,0.075,2.8666666666666667,1.975,35.0,0.3555555555555555,0.075,17.210647477271667,51.90696809656633,0.8257596404485135,0.9725,0.165,1.0,32.0,3.0
work-2,M10O90D1-S4,4001,4.001,82.668389,10,40,90,1,130,0.3307692307692307,0.3307692307692307,0.3307692307692307,7.0,36.0,175,0.0208706022659511,0.0264669163545568,0.0217948717948717,0.0144444444444444,0.3444444444444444,0.075,3.2777777777777777,2.225,34.0,0.3444444444444444,0.075,18.364171011300403,59.17708515846879,0.9689228289166272,0.9575,0.195,1.0,31.0,3.0
work-2,M10O90D1-S4,4101,4.101,82.668389,10,40,90,1,130,0.3461538461538461,0.3461538461538461,0.3461538461538461,9.0,36.0,172,0.0205128205128205,0.0244694132334581,0.0282051282051282,0.0144444444444444,0.3444444444444444,0.1,3.1,2.5,35.0,0.3444444444444444,0.1,17.98397241545713,57.637824788868,0.8717286931237768,0.9825,0.1325,1.0,31.0,4.0
work-2,M10O90D1-S4,4201,4.2010000000000005,82.668389,10,40,90,1,130,0.3461538461538461,0.3461538461538461,0.3461538461538461,7.0,38.0,174,0.0207513416815742,0.0244694132334581,0.0192307692307692,0.0169444444444444,0.3444444444444444,0.1,3.2,2.375,35.0,0.3444444444444444,0.1,18.49836694697812,60.5933677657201,0.9587340083200722,0.975,0.1675,0.995,31.0,4.0
work-2,M10O90D1-S4,4301,4.301,82.668389,10,40,90,1,130,0.4230769230769231,0.4230769230769231,0.4230769230769231,10.0,45.0,187,0.0223017292784734,0.0277153558052434,0.023076923076923,0.0161111111111111,0.3555555555555555,0.075,3.466666666666667,2.425,35.0,0.3555555555555555,0.075,17.670601493561254,54.25619933827351,0.8062774227774009,0.965,0.195,0.9975,32.0,3.0
work-2,M10O90D1-S4,4401,4.401,82.668389,10,40,90,1,130,0.3769230769230769,0.3769230769230769,0.3769230769230769,10.0,39.0,182,0.0217054263565891,0.0292134831460674,0.0179487179487179,0.0141666666666666,0.3777777777777777,0.075,3.5444444444444443,2.05,37.0,0.3777777777777777,0.075,17.6238838565551,57.65613896690504,0.8825744094593321,0.9775,0.17,1.0,34.0,3.0
work-2,M10O90D1-S4,4501,4.501,82.668389,10,40,90,1,130,0.4307692307692308,0.4307692307692308,0.4307692307692308,14.0,42.0,180,0.0214669051878354,0.0287141073657927,0.0205128205128205,0.0136111111111111,0.3555555555555555,0.1,3.455555555555556,2.125,36.0,0.3555555555555555,0.1,17.26485095477721,53.99112457143512,0.7596232612760326,0.925,0.2025,1.0,32.0,4.0
work-2,M10O90D1-S4,4601,4.601,82.668389,10,40,90,1,130,0.3538461538461538,0.3538461538461538,0.3538461538461538,7.0,39.0,171,0.0203935599284436,0.0259675405742821,0.0243589743589743,0.0133333333333333,0.3666666666666666,0.075,3.2111111111111112,2.225,36.0,0.3666666666666666,0.075,17.117541163508836,54.14641405197964,0.7604257765087806,0.9675,0.1775,1.0,33.0,3.0
work-2,M10O90D1-S4,4701,4.7010000000000005,82.668389,10,40,90,1,130,0.5,0.5,0.5,17.0,48.0,223,0.0265951103160405,0.0332084893882646,0.0307692307692307,0.0183333333333333,0.3888888888888889,0.125,4.0777777777777775,2.975,40.0,0.3888888888888889,0.125,16.33659207018245,47.87886358709718,0.6311063803016685,0.9775,0.1425,1.0,35.0,5.0
work-2,M10O90D1-S4,4801,4.801,82.668389,10,40,90,1,130,0.3538461538461538,0.3538461538461538,0.3538461538461538,6.0,40.0,183,0.021824686940966,0.0292134831460674,0.0217948717948717,0.0136111111111111,0.3777777777777777,0.075,3.522222222222222,2.15,37.0,0.3777777777777777,0.075,18.277355912989464,60.0489732250046,0.8953114596994789,1.0,0.225,1.0,34.0,3.0
work-2,M10O90D1-S4,4901,4.901,82.668389,10,40,90,1,130,0.3384615384615385,0.3384615384615385,0.3384615384615385,6.0,38.0,175,0.0208706022659511,0.0277153558052434,0.0179487179487179,0.0138888888888888,0.4,0.075,3.422222222222222,2.025,39.0,0.4,0.075,15.731369723579675,49.217949056091214,0.636479845503999,0.9875,0.1875,1.0,36.0,3.0
