replicate,system,frame,time_us,cutoff_nm,largest_cluster_size,largest_cluster_fraction,largest_cluster_residue_fraction,second_cluster_size,second_cluster_fraction,finite_cluster_mean_size,N_clusters_size_ge_2,monomer_fraction
work,M0O100,1001,1.001,1.0,8,0.08,0.08,7,0.07,2.630434782608696,24,0.28
work,M0O100,1001,1.001,1.2,8,0.08,0.08,7,0.07,2.630434782608696,24,0.28
work,M0O100,1001,1.001,1.4,8,0.08,0.08,7,0.07,2.652173913043478,25,0.26
work,M0O100,1101,1.101,1.0,6,0.06,0.06,5,0.05,2.3404255319148937,30,0.22
work,M0O100,1101,1.101,1.2,9,0.09,0.09,6,0.06,2.4505494505494507,29,0.21
work,M0O100,1101,1.101,1.4,9,0.09,0.09,6,0.06,2.4945054945054945,29,0.2
work,M0O100,1201,1.201,1.0,5,0.05,0.05,5,0.05,2.389473684210526,21,0.37
work,M0O100,1201,1.201,1.2,7,0.07,0.07,6,0.06,2.505376344086021,20,0.36
work,M0O100,1201,1.201,1.4,9,0.09,0.09,7,0.07,3.0,20,0.3
work,M0O100,1301,1.301,1.0,8,0.08,0.08,7,0.07,2.391304347826087,25,0.3
work,M0O100,1301,1.301,1.2,8,0.08,0.08,7,0.07,2.4782608695652173,25,0.29
work,M0O100,1301,1.301,1.4,8,0.08,0.08,7,0.07,2.739130434782609,23,0.29
work,M0O100,1401,1.401,1.0,5,0.05,0.05,4,0.04,2.2,22,0.37
work,M0O100,1401,1.401,1.2,9,0.09,0.09,5,0.05,2.318681318681319,20,0.36
work,M0O100,1401,1.401,1.4,9,0.09,0.09,5,0.05,2.4725274725274726,20,0.34
work,M0O100,1501,1.501,1.0,5,0.05,0.05,5,0.05,2.284210526315789,22,0.37
work,M0O100,1501,1.501,1.2,5,0.05,0.05,5,0.05,2.3684210526315788,22,0.36
work,M0O100,1501,1.501,1.4,5,0.05,0.05,5,0.05,2.473684210526316,23,0.33
work,M0O100,1601,1.601,1.0,8,0.08,0.08,7,0.07,2.717391304347826,22,0.32
work,M0O100,1601,1.601,1.2,10,0.1,0.1,8,0.08,3.0,21,0.29
work,M0O100,1601,1.601,1.4,11,0.11,0.11,8,0.08,3.044943820224719,22,0.26
work,M0O100,1701,1.701,1.0,13,0.13,0.13,4,0.04,1.988505747126437,21,0.37
work,M0O100,1701,1.701,1.2,16,0.16,0.16,4,0.04,2.023809523809524,20,0.36
work,M0O100,1701,1.701,1.4,16,0.16,0.16,4,0.04,2.071428571428572,20,0.35
work,M0O100,1801,1.801,1.0,7,0.07,0.07,4,0.04,2.161290322580645,26,0.3
work,M0O100,1801,1.801,1.2,9,0.09,0.09,4,0.04,2.1868131868131866,26,0.28
work,M0O100,1801,1.801,1.4,9,0.09,0.09,4,0.04,2.208791208791209,27,0.26
work,M0O100,1901,1.901,1.0,8,0.08,0.08,8,0.08,3.0434782608695654,16,0.38
work,M0O100,1901,1.901,1.2,11,0.11,0.11,9,0.09,3.3146067415730336,15,0.36
work,M0O100,1901,1.901,1.4,13,0.13,0.13,9,0.09,3.574712643678161,14,0.34
work,M0O100,2001,2.001,1.0,8,0.08,0.08,5,0.05,2.1956521739130435,22,0.36
work,M0O100,2001,2.001,1.2,8,0.08,0.08,7,0.07,2.5,21,0.35
work,M0O100,2001,2.001,1.4,8,0.08,0.08,7,0.07,2.630434782608696,20,0.35
work,M0O100,2101,2.101,1.0,12,0.12,0.12,6,0.06,3.0,20,0.27
work,M0O100,2101,2.101,1.2,12,0.12,0.12,8,0.08,3.4318181818181817,20,0.24
work,M0O100,2101,2.101,1.4,12,0.12,0.12,8,0.08,3.590909090909091,20,0.22
work,M0O100,2201,2.201,1.0,12,0.12,0.12,6,0.06,2.477272727272727,22,0.3
work,M0O100,2201,2.201,1.2,13,0.13,0.13,9,0.09,3.0,21,0.28
work,M0O100,2201,2.201,1.4,13,0.13,0.13,9,0.09,3.2758620689655173,20,0.27
work,M0O100,2301,2.301,1.0,7,0.07,0.07,5,0.05,1.8172043010752688,19,0.49
work,M0O100,2301,2.301,1.2,7,0.07,0.07,6,0.06,2.247311827956989,19,0.42
work,M0O100,2301,2.301,1.4,8,0.08,0.08,7,0.07,2.717391304347826,18,0.36
work,M0O100,2401,2.401,1.0,6,0.06,0.06,5,0.05,2.382978723404255,21,0.36
work,M0O100,2401,2.401,1.2,10,0.1,0.1,6,0.06,2.6444444444444444,20,0.31
work,M0O100,2401,2.401,1.4,14,0.14,0.14,6,0.06,2.581395348837209,19,0.31
work,M0O100,2501,2.501,1.0,7,0.07,0.07,5,0.05,2.247311827956989,27,0.28
work,M0O100,2501,2.501,1.2,9,0.09,0.09,5,0.05,2.3626373626373627,27,0.24
work,M0O100,2501,2.501,1.4,10,0.1,0.1,5,0.05,2.511111111111111,26,0.23
work,M0O100,2601,2.601,1.0,6,0.06,0.06,6,0.06,2.3191489361702127,24,0.34
work,M0O100,2601,2.601,1.2,6,0.06,0.06,6,0.06,2.5319148936170213,23,0.33
work,M0O100,2601,2.601,1.4,6,0.06,0.06,6,0.06,2.6808510638297878,24,0.28
work,M0O100,2701,2.701,1.0,6,0.06,0.06,6,0.06,2.3617021276595747,21,0.39
work,M0O100,2701,2.701,1.2,6,0.06,0.06,6,0.06,2.3617021276595747,21,0.39
work,M0O100,2701,2.701,1.4,7,0.07,0.07,6,0.06,2.591397849462365,20,0.36
work,M0O100,2801,2.801,1.0,6,0.06,0.06,5,0.05,2.2127659574468086,21,0.39
work,M0O100,2801,2.801,1.2,6,0.06,0.06,5,0.05,2.404255319148936,20,0.38
work,M0O100,2801,2.801,1.4,7,0.07,0.07,7,0.07,2.935483870967742,18,0.34
work,M0O100,2901,2.901,1.0,10,0.1,0.1,4,0.04,2.0444444444444443,24,0.33
work,M0O100,2901,2.901,1.2,10,0.1,0.1,5,0.05,2.1555555555555554,25,0.3
work,M0O100,2901,2.901,1.4,12,0.12,0.12,5,0.05,2.386363636363636,26,0.22
work,M0O100,3001,3.001,1.0,6,0.06,0.06,6,0.06,1.7234042553191489,19,0.53
work,M0O100,3001,3.001,1.2,6,0.06,0.06,6,0.06,1.8297872340425527,19,0.51
work,M0O100,3001,3.001,1.4,6,0.06,0.06,6,0.06,2.0,18,0.51
work,M0O100,3101,3.101,1.0,8,0.08,0.08,6,0.06,2.260869565217391,23,0.35
work,M0O100,3101,3.101,1.2,8,0.08,0.08,8,0.08,2.6739130434782608,22,0.33
work,M0O100,3101,3.101,1.4,16,0.16,0.16,6,0.06,2.357142857142857,20,0.31
work,M0O100,3201,3.201,1.0,6,0.06,0.06,5,0.05,1.851063829787234,20,0.47
work,M0O100,3201,3.201,1.2,7,0.07,0.07,5,0.05,2.032258064516129,19,0.45
work,M0O100,3201,3.201,1.4,7,0.07,0.07,6,0.06,2.247311827956989,19,0.42
work,M0O100,3301,3.301,1.0,6,0.06,0.06,6,0.06,2.6808510638297878,23,0.29
work,M0O100,3301,3.301,1.2,7,0.07,0.07,6,0.06,2.827956989247312,22,0.28
work,M0O100,3301,3.301,1.4,7,0.07,0.07,6,0.06,2.913978494623656,23,0.25
work,M0O100,3401,3.401,1.0,8,0.08,0.08,5,0.05,2.391304347826087,21,0.34
work,M0O100,3401,3.401,1.2,9,0.09,0.09,7,0.07,2.7142857142857144,20,0.32
work,M0O100,3401,3.401,1.4,9,0.09,0.09,7,0.07,2.8461538461538463,20,0.3
work,M0O100,3501,3.501,1.0,10,0.1,0.1,9,0.09,3.2222222222222223,23,0.22
work,M0O100,3501,3.501,1.2,10,0.1,0.1,9,0.09,3.733333333333333,21,0.21
work,M0O100,3501,3.501,1.4,10,0.1,0.1,9,0.09,3.8666666666666663,20,0.21
work,M0O100,3601,3.601,1.0,5,0.05,0.05,4,0.04,1.9684210526315788,22,0.42
work,M0O100,3601,3.601,1.2,7,0.07,0.07,6,0.06,2.5698924731182795,22,0.33
work,M0O100,3601,3.601,1.4,10,0.1,0.1,8,0.08,3.2222222222222223,20,0.3
work,M0O100,3701,3.701,1.0,16,0.16,0.16,5,0.05,2.142857142857143,18,0.38
work,M0O100,3701,3.701,1.2,16,0.16,0.16,5,0.05,2.142857142857143,18,0.38
work,M0O100,3701,3.701,1.4,16,0.16,0.16,5,0.05,2.333333333333333,17,0.37
work,M0O100,3801,3.801,1.0,6,0.06,0.06,5,0.05,2.191489361702128,20,0.41
work,M0O100,3801,3.801,1.2,7,0.07,0.07,6,0.06,2.376344086021505,18,0.41
work,M0O100,3801,3.801,1.4,13,0.13,0.13,6,0.06,2.5632183908045976,15,0.4
work,M0O100,3901,3.901,1.0,5,0.05,0.05,4,0.04,1.9684210526315788,26,0.35
work,M0O100,3901,3.901,1.2,7,0.07,0.07,5,0.05,2.118279569892473,25,0.33
work,M0O100,3901,3.901,1.4,7,0.07,0.07,5,0.05,2.2688172043010755,26,0.29
work,M0O100,4001,4.001,1.0,6,0.06,0.06,4,0.04,1.872340425531915,25,0.39
work,M0O100,4001,4.001,1.2,6,0.06,0.06,4,0.04,2.0,24,0.38
work,M0O100,4001,4.001,1.4,6,0.06,0.06,5,0.05,2.0851063829787235,24,0.37
work,M0O100,4101,4.101,1.0,7,0.07,0.07,6,0.06,2.806451612903226,23,0.26
work,M0O100,4101,4.101,1.2,7,0.07,0.07,6,0.06,2.913978494623656,23,0.25
work,M0O100,4101,4.101,1.4,8,0.08,0.08,7,0.07,3.369565217391304,21,0.23
work,M0O100,4201,4.2010000000000005,1.0,7,0.07,0.07,5,0.05,2.290322580645161,24,0.32
work,M0O100,4201,4.2010000000000005,1.2,7,0.07,0.07,7,0.07,2.677419354838709,22,0.32
work,M0O100,4201,4.2010000000000005,1.4,7,0.07,0.07,7,0.07,2.763440860215054,22,0.31
work,M0O100,4301,4.301,1.0,9,0.09,0.09,5,0.05,2.67032967032967,20,0.31
work,M0O100,4301,4.301,1.2,9,0.09,0.09,8,0.08,3.043956043956044,21,0.27
work,M0O100,4301,4.301,1.4,10,0.1,0.1,8,0.08,3.6,19,0.26
work,M0O100,4401,4.401,1.0,9,0.09,0.09,6,0.06,2.340659340659341,22,0.35
work,M0O100,4401,4.401,1.2,9,0.09,0.09,6,0.06,2.6043956043956045,23,0.29
work,M0O100,4401,4.401,1.4,9,0.09,0.09,6,0.06,2.6263736263736264,24,0.27
work,M0O100,4501,4.501,1.0,8,0.08,0.08,7,0.07,2.9565217391304346,20,0.31
work,M0O100,4501,4.501,1.2,9,0.09,0.09,8,0.08,3.3076923076923075,20,0.27
work,M0O100,4501,4.501,1.4,13,0.13,0.13,9,0.09,3.413793103448276,19,0.26
work,M0O100,4601,4.601,1.0,19,0.19,0.19,6,0.06,2.3580246913580245,18,0.34
work,M0O100,4601,4.601,1.2,19,0.19,0.19,6,0.06,2.3580246913580245,18,0.34
work,M0O100,4601,4.601,1.4,19,0.19,0.19,6,0.06,2.3580246913580245,18,0.34
work,M0O100,4701,4.7010000000000005,1.0,6,0.06,0.06,4,0.04,2.3404255319148937,25,0.29
work,M0O100,4701,4.7010000000000005,1.2,11,0.11,0.11,4,0.04,2.415730337078652,24,0.26
work,M0O100,4701,4.7010000000000005,1.4,11,0.11,0.11,4,0.04,2.438202247191011,25,0.24
work,M0O100,4801,4.801,1.0,14,0.14,0.14,12,0.12,3.604651162790698,15,0.38
work,M0O100,4801,4.801,1.2,14,0.14,0.14,12,0.12,3.7906976744186047,15,0.36
work,M0O100,4801,4.801,1.4,14,0.14,0.14,13,0.13,4.069767441860465,15,0.35
work,M0O100,4901,4.901,1.0,9,0.09,0.09,7,0.07,2.56043956043956,23,0.31
work,M0O100,4901,4.901,1.2,10,0.1,0.1,9,0.09,2.888888888888889,22,0.3
work,M0O100,4901,4.901,1.4,10,0.1,0.1,9,0.09,2.911111111111111,23,0.28
work-1,M0O100,1001,1.001,1.0,8,0.08,0.08,5,0.05,2.391304347826087,20,0.35
work-1,M0O100,1001,1.001,1.2,8,0.08,0.08,5,0.05,2.4347826086956523,22,0.31
work-1,M0O100,1001,1.001,1.4,8,0.08,0.08,6,0.06,2.6956521739130435,21,0.3
work-1,M0O100,1101,1.101,1.0,10,0.1,0.1,6,0.06,2.3777777777777778,22,0.33
work-1,M0O100,1101,1.101,1.2,10,0.1,0.1,6,0.06,2.4444444444444446,23,0.3
work-1,M0O100,1101,1.101,1.4,10,0.1,0.1,8,0.08,3.1333333333333333,23,0.25
work-1,M0O100,1201,1.201,1.0,6,0.06,0.06,5,0.05,2.276595744680851,21,0.39
work-1,M0O100,1201,1.201,1.2,6,0.06,0.06,5,0.05,2.3617021276595747,22,0.36
work-1,M0O100,1201,1.201,1.4,6,0.06,0.06,6,0.06,2.5531914893617023,22,0.33
work-1,M0O100,1301,1.301,1.0,10,0.1,0.1,6,0.06,2.422222222222222,23,0.31
work-1,M0O100,1301,1.301,1.2,11,0.11,0.11,6,0.06,2.438202247191011,23,0.3
work-1,M0O100,1301,1.301,1.4,11,0.11,0.11,6,0.06,2.438202247191011,23,0.3
work-1,M0O100,1401,1.401,1.0,8,0.08,0.08,7,0.07,3.0,20,0.31
work-1,M0O100,1401,1.401,1.2,8,0.08,0.08,7,0.07,3.0217391304347827,21,0.29
work-1,M0O100,1401,1.401,1.4,8,0.08,0.08,8,0.08,3.3043478260869565,22,0.24
work-1,M0O100,1501,1.501,1.0,6,0.06,0.06,5,0.05,2.106382978723404,24,0.37
work-1,M0O100,1501,1.501,1.2,6,0.06,0.06,5,0.05,2.106382978723404,24,0.37
work-1,M0O100,1501,1.501,1.4,7,0.07,0.07,6,0.06,2.3118279569892475,23,0.36
work-1,M0O100,1601,1.601,1.0,8,0.08,0.08,7,0.07,2.565217391304348,22,0.33
work-1,M0O100,1601,1.601,1.2,9,0.09,0.09,8,0.08,2.8461538461538463,21,0.32
work-1,M0O100,1601,1.601,1.4,9,0.09,0.09,8,0.08,2.978021978021978,20,0.32
work-1,M0O100,1701,1.701,1.0,10,0.1,0.1,7,0.07,2.933333333333333,15,0.4
work-1,M0O100,1701,1.701,1.2,12,0.12,0.12,7,0.07,3.0454545454545454,15,0.37
work-1,M0O100,1701,1.701,1.4,12,0.12,0.12,8,0.08,3.3181818181818183,16,0.33
work-1,M0O100,1801,1.801,1.0,12,0.12,0.12,8,0.08,2.727272727272727,23,0.27
work-1,M0O100,1801,1.801,1.2,13,0.13,0.13,8,0.08,2.8160919540229883,23,0.25
work-1,M0O100,1801,1.801,1.4,13,0.13,0.13,8,0.08,2.885057471264368,24,0.22
work-1,M0O100,1901,1.901,1.0,8,0.08,0.08,5,0.05,2.108695652173913,21,0.4
work-1,M0O100,1901,1.901,1.2,9,0.09,0.09,5,0.05,2.2967032967032965,20,0.38
work-1,M0O100,1901,1.901,1.4,9,0.09,0.09,6,0.06,2.5384615384615383,19,0.36
work-1,M0O100,2001,2.001,1.0,6,0.06,0.06,4,0.04,1.6382978723404256,22,0.48
work-1,M0O100,2001,2.001,1.2,6,0.06,0.06,4,0.04,1.7234042553191489,21,0.48
work-1,M0O100,2001,2.001,1.4,6,0.06,0.06,4,0.04,1.7872340425531914,22,0.45
work-1,M0O100,2101,2.101,1.0,6,0.06,0.06,6,0.06,2.1702127659574466,21,0.41
work-1,M0O100,2101,2.101,1.2,6,0.06,0.06,6,0.06,2.25531914893617,23,0.36
work-1,M0O100,2101,2.101,1.4,6,0.06,0.06,6,0.06,2.25531914893617,23,0.36
work-1,M0O100,2201,2.201,1.0,13,0.13,0.13,9,0.09,2.7011494252873565,20,0.33
work-1,M0O100,2201,2.201,1.2,13,0.13,0.13,9,0.09,2.7701149425287355,20,0.32
work-1,M0O100,2201,2.201,1.4,13,0.13,0.13,9,0.09,2.7701149425287355,20,0.32
work-1,M0O100,2301,2.301,1.0,6,0.06,0.06,5,0.05,2.297872340425532,25,0.32
work-1,M0O100,2301,2.301,1.2,6,0.06,0.06,5,0.05,2.4680851063829787,26,0.27
work-1,M0O100,2301,2.301,1.4,6,0.06,0.06,5,0.05,2.4680851063829787,26,0.27
work-1,M0O100,2401,2.401,1.0,9,0.09,0.09,4,0.04,1.8131868131868127,16,0.51
work-1,M0O100,2401,2.401,1.2,9,0.09,0.09,4,0.04,1.8571428571428568,18,0.47
work-1,M0O100,2401,2.401,1.4,9,0.09,0.09,4,0.04,1.945054945054945,18,0.45
work-1,M0O100,2501,2.501,1.0,8,0.08,0.08,7,0.07,2.108695652173913,21,0.42
work-1,M0O100,2501,2.501,1.2,10,0.1,0.1,7,0.07,2.2,19,0.42
work-1,M0O100,2501,2.501,1.4,10,0.1,0.1,8,0.08,2.511111111111111,20,0.37
work-1,M0O100,2601,2.601,1.0,6,0.06,0.06,5,0.05,2.021276595744681,20,0.44
work-1,M0O100,2601,2.601,1.2,6,0.06,0.06,5,0.05,2.148936170212766,21,0.4
work-1,M0O100,2601,2.601,1.4,6,0.06,0.06,6,0.06,2.3404255319148937,21,0.38
work-1,M0O100,2701,2.701,1.0,6,0.06,0.06,6,0.06,2.191489361702128,21,0.4
work-1,M0O100,2701,2.701,1.2,8,0.08,0.08,7,0.07,2.5217391304347827,19,0.39
work-1,M0O100,2701,2.701,1.4,8,0.08,0.08,8,0.08,2.6739130434782608,19,0.38
work-1,M0O100,2801,2.801,1.0,9,0.09,0.09,6,0.06,2.2967032967032965,22,0.35
work-1,M0O100,2801,2.801,1.2,9,0.09,0.09,6,0.06,2.4285714285714284,22,0.33
work-1,M0O100,2801,2.801,1.4,9,0.09,0.09,6,0.06,2.4505494505494507,23,0.31
work-1,M0O100,2901,2.901,1.0,9,0.09,0.09,8,0.08,3.241758241758242,19,0.3
work-1,M0O100,2901,2.901,1.2,9,0.09,0.09,8,0.08,3.241758241758242,19,0.3
work-1,M0O100,2901,2.901,1.4,9,0.09,0.09,8,0.08,3.3076923076923075,19,0.29
work-1,M0O100,3001,3.001,1.0,10,0.1,0.1,7,0.07,2.6222222222222222,23,0.28
work-1,M0O100,3001,3.001,1.2,10,0.1,0.1,7,0.07,2.6222222222222222,23,0.28
work-1,M0O100,3001,3.001,1.4,10,0.1,0.1,7,0.07,2.888888888888889,23,0.25
work-1,M0O100,3101,3.101,1.0,10,0.1,0.1,9,0.09,2.888888888888889,19,0.35
work-1,M0O100,3101,3.101,1.2,11,0.11,0.11,9,0.09,2.9101123595505616,19,0.34
work-1,M0O100,3101,3.101,1.4,11,0.11,0.11,9,0.09,2.9101123595505616,19,0.34
work-1,M0O100,3201,3.201,1.0,9,0.09,0.09,5,0.05,1.879120879120879,21,0.43
work-1,M0O100,3201,3.201,1.2,9,0.09,0.09,5,0.05,2.010989010989011,20,0.42
work-1,M0O100,3201,3.201,1.4,9,0.09,0.09,5,0.05,2.032967032967033,21,0.4
work-1,M0O100,3301,3.301,1.0,6,0.06,0.06,5,0.05,2.0638297872340425,20,0.43
work-1,M0O100,3301,3.301,1.2,6,0.06,0.06,5,0.05,2.1702127659574466,21,0.4
work-1,M0O100,3301,3.301,1.4,6,0.06,0.06,5,0.05,2.191489361702128,22,0.38
work-1,M0O100,3401,3.401,1.0,7,0.07,0.07,5,0.05,2.182795698924731,22,0.37
work-1,M0O100,3401,3.401,1.2,9,0.09,0.09,5,0.05,2.208791208791209,22,0.35
work-1,M0O100,3401,3.401,1.4,9,0.09,0.09,5,0.05,2.208791208791209,22,0.35
work-1,M0O100,3501,3.501,1.0,8,0.08,0.08,6,0.06,2.5217391304347827,24,0.29
work-1,M0O100,3501,3.501,1.2,8,0.08,0.08,6,0.06,2.608695652173913,25,0.26
work-1,M0O100,3501,3.501,1.4,17,0.17,0.17,8,0.08,2.63855421686747,22,0.26
work-1,M0O100,3601,3.601,1.0,9,0.09,0.09,6,0.06,2.1648351648351647,22,0.38
work-1,M0O100,3601,3.601,1.2,9,0.09,0.09,6,0.06,2.1648351648351647,22,0.38
work-1,M0O100,3601,3.601,1.4,9,0.09,0.09,6,0.06,2.4285714285714284,23,0.32
work-1,M0O100,3701,3.701,1.0,5,0.05,0.05,4,0.04,2.1157894736842104,22,0.39
work-1,M0O100,3701,3.701,1.2,7,0.07,0.07,6,0.06,2.2688172043010755,21,0.38
work-1,M0O100,3701,3.701,1.4,7,0.07,0.07,6,0.06,2.290322580645161,22,0.36
work-1,M0O100,3801,3.801,1.0,6,0.06,0.06,5,0.05,2.5106382978723403,25,0.26
work-1,M0O100,3801,3.801,1.2,6,0.06,0.06,6,0.06,2.8085106382978724,23,0.26
work-1,M0O100,3801,3.801,1.4,6,0.06,0.06,6,0.06,2.8085106382978724,23,0.26
work-1,M0O100,3901,3.901,1.0,6,0.06,0.06,6,0.06,2.297872340425532,23,0.36
work-1,M0O100,3901,3.901,1.2,9,0.09,0.09,6,0.06,2.3626373626373627,22,0.35
work-1,M0O100,3901,3.901,1.4,10,0.1,0.1,6,0.06,2.555555555555556,22,0.32
work-1,M0O100,4001,4.001,1.0,9,0.09,0.09,5,0.05,1.989010989010989,22,0.39
work-1,M0O100,4001,4.001,1.2,9,0.09,0.09,5,0.05,2.0549450549450547,22,0.38
work-1,M0O100,4001,4.001,1.4,9,0.09,0.09,5,0.05,2.120879120879121,23,0.35
work-1,M0O100,4101,4.101,1.0,9,0.09,0.09,6,0.06,2.4285714285714284,20,0.36
work-1,M0O100,4101,4.101,1.2,9,0.09,0.09,6,0.06,2.5384615384615383,20,0.34
work-1,M0O100,4101,4.101,1.4,11,0.11,0.11,6,0.06,2.730337078651685,19,0.32
work-1,M0O100,4201,4.2010000000000005,1.0,5,0.05,0.05,5,0.05,2.3684210526315788,25,0.3
work-1,M0O100,4201,4.2010000000000005,1.2,6,0.06,0.06,5,0.05,2.5106382978723403,25,0.27
work-1,M0O100,4201,4.2010000000000005,1.4,6,0.06,0.06,5,0.05,2.5531914893617023,25,0.26
work-1,M0O100,4301,4.301,1.0,10,0.1,0.1,9,0.09,3.2,14,0.42
work-1,M0O100,4301,4.301,1.2,17,0.17,0.17,10,0.1,3.0963855421686746,12,0.41
work-1,M0O100,4301,4.301,1.4,18,0.18,0.18,10,0.1,3.1219512195121952,12,0.4
work-1,M0O100,4401,4.401,1.0,4,0.04,0.04,4,0.04,1.8125,27,0.38
work-1,M0O100,4401,4.401,1.2,4,0.04,0.04,4,0.04,1.9583333333333333,27,0.35
work-1,M0O100,4401,4.401,1.4,7,0.07,0.07,5,0.05,2.139784946236559,25,0.33
work-1,M0O100,4501,4.501,1.0,10,0.1,0.1,6,0.06,2.422222222222222,19,0.37
work-1,M0O100,4501,4.501,1.2,10,0.1,0.1,6,0.06,2.4444444444444446,20,0.35
work-1,M0O100,4501,4.501,1.4,11,0.11,0.11,8,0.08,2.730337078651685,19,0.34
work-1,M0O100,4601,4.601,1.0,9,0.09,0.09,8,0.08,2.956043956043956,22,0.3
work-1,M0O100,4601,4.601,1.2,11,0.11,0.11,11,0.11,3.8764044943820224,21,0.24
work-1,M0O100,4601,4.601,1.4,11,0.11,0.11,11,0.11,3.943820224719101,21,0.23
work-1,M0O100,4701,4.7010000000000005,1.0,6,0.06,0.06,6,0.06,2.595744680851064,21,0.34
work-1,M0O100,4701,4.7010000000000005,1.2,6,0.06,0.06,6,0.06,2.702127659574468,21,0.32
work-1,M0O100,4701,4.7010000000000005,1.4,6,0.06,0.06,6,0.06,2.702127659574468,21,0.32
work-1,M0O100,4801,4.801,1.0,14,0.14,0.14,7,0.07,2.9069767441860463,20,0.29
work-1,M0O100,4801,4.801,1.2,14,0.14,0.14,7,0.07,2.9069767441860463,20,0.29
work-1,M0O100,4801,4.801,1.4,14,0.14,0.14,8,0.08,3.255813953488372,19,0.28
work-1,M0O100,4901,4.901,1.0,7,0.07,0.07,7,0.07,2.462365591397849,23,0.33
work-1,M0O100,4901,4.901,1.2,7,0.07,0.07,7,0.07,2.4838709677419355,24,0.31
work-1,M0O100,4901,4.901,1.4,8,0.08,0.08,7,0.07,2.739130434782609,24,0.27
work-2,M0O100,1001,1.001,1.0,9,0.09,0.09,6,0.06,2.758241758241758,20,0.31
work-2,M0O100,1001,1.001,1.2,9,0.09,0.09,7,0.07,3.175824175824176,19,0.28
work-2,M0O100,1001,1.001,1.4,9,0.09,0.09,7,0.07,3.175824175824176,19,0.28
work-2,M0O100,1101,1.101,1.0,8,0.08,0.08,5,0.05,2.260869565217391,24,0.32
work-2,M0O100,1101,1.101,1.2,8,0.08,0.08,5,0.05,2.260869565217391,24,0.32
work-2,M0O100,1101,1.101,1.4,8,0.08,0.08,6,0.06,2.4782608695652173,23,0.31
work-2,M0O100,1201,1.201,1.0,9,0.09,0.09,8,0.08,3.263736263736264,18,0.3
work-2,M0O100,1201,1.201,1.2,17,0.17,0.17,7,0.07,2.927710843373494,17,0.29
work-2,M0O100,1201,1.201,1.4,17,0.17,0.17,7,0.07,3.0963855421686746,18,0.26
work-2,M0O100,1301,1.301,1.0,8,0.08,0.08,6,0.06,2.717391304347826,20,0.33
work-2,M0O100,1301,1.301,1.2,8,0.08,0.08,6,0.06,2.847826086956522,20,0.31
work-2,M0O100,1301,1.301,1.4,8,0.08,0.08,6,0.06,2.847826086956522,20,0.31
work-2,M0O100,1401,1.401,1.0,5,0.05,0.05,5,0.05,2.094736842105263,20,0.43
work-2,M0O100,1401,1.401,1.2,6,0.06,0.06,5,0.05,2.106382978723404,20,0.42
work-2,M0O100,1401,1.401,1.4,6,0.06,0.06,5,0.05,2.1702127659574466,20,0.41
work-2,M0O100,1501,1.501,1.0,11,0.11,0.11,9,0.09,3.0,23,0.26
work-2,M0O100,1501,1.501,1.2,11,0.11,0.11,9,0.09,3.02247191011236,24,0.24
work-2,M0O100,1501,1.501,1.4,11,0.11,0.11,9,0.09,3.067415730337079,24,0.23
work-2,M0O100,1601,1.601,1.0,8,0.08,0.08,7,0.07,3.717391304347826,24,0.16
work-2,M0O100,1601,1.601,1.2,8,0.08,0.08,8,0.08,3.869565217391304,24,0.15
work-2,M0O100,1601,1.601,1.4,9,0.09,0.09,8,0.08,3.901098901098901,24,0.14
work-2,M0O100,1701,1.701,1.0,5,0.05,0.05,4,0.04,2.094736842105263,24,0.36
work-2,M0O100,1701,1.701,1.2,5,0.05,0.05,4,0.04,2.2,26,0.31
work-2,M0O100,1701,1.701,1.4,5,0.05,0.05,4,0.04,2.2,26,0.31
work-2,M0O100,1801,1.801,1.0,13,0.13,0.13,7,0.07,2.9080459770114944,22,0.24
work-2,M0O100,1801,1.801,1.2,13,0.13,0.13,7,0.07,3.0919540229885056,22,0.22
work-2,M0O100,1801,1.801,1.4,13,0.13,0.13,10,0.1,3.64367816091954,21,0.22
work-2,M0O100,1901,1.901,1.0,7,0.07,0.07,6,0.06,2.6559139784946235,25,0.26
work-2,M0O100,1901,1.901,1.2,7,0.07,0.07,6,0.06,2.6989247311827955,25,0.25
work-2,M0O100,1901,1.901,1.4,7,0.07,0.07,6,0.06,2.6989247311827955,25,0.25
work-2,M0O100,2001,2.001,1.0,12,0.12,0.12,6,0.06,2.522727272727273,21,0.3
work-2,M0O100,2001,2.001,1.2,12,0.12,0.12,6,0.06,2.522727272727273,21,0.3
work-2,M0O100,2001,2.001,1.4,12,0.12,0.12,10,0.1,3.477272727272727,19,0.29
work-2,M0O100,2101,2.101,1.0,10,0.1,0.1,4,0.04,2.0,22,0.38
work-2,M0O100,2101,2.101,1.2,11,0.11,0.11,6,0.06,2.415730337078652,19,0.37
work-2,M0O100,2101,2.101,1.4,11,0.11,0.11,7,0.07,2.7752808988764044,20,0.32
work-2,M0O100,2201,2.201,1.0,19,0.19,0.19,8,0.08,2.753086419753086,18,0.32
work-2,M0O100,2201,2.201,1.2,22,0.22,0.22,9,0.09,2.948717948717949,17,0.31
work-2,M0O100,2201,2.201,1.4,22,0.22,0.22,9,0.09,3.1538461538461537,17,0.29
work-2,M0O100,2301,2.301,1.0,7,0.07,0.07,6,0.06,2.78494623655914,24,0.26
work-2,M0O100,2301,2.301,1.2,7,0.07,0.07,7,0.07,3.0,23,0.26
work-2,M0O100,2301,2.301,1.4,7,0.07,0.07,7,0.07,3.129032258064516,24,0.22
work-2,M0O100,2401,2.401,1.0,10,0.1,0.1,5,0.05,2.4,20,0.34
work-2,M0O100,2401,2.401,1.2,10,0.1,0.1,5,0.05,2.4444444444444446,22,0.3
work-2,M0O100,2401,2.401,1.4,10,0.1,0.1,5,0.05,2.511111111111111,22,0.29
work-2,M0O100,2501,2.501,1.0,8,0.08,0.08,7,0.07,2.4782608695652173,22,0.33
work-2,M0O100,2501,2.501,1.2,8,0.08,0.08,7,0.07,2.5869565217391304,22,0.31
work-2,M0O100,2501,2.501,1.4,8,0.08,0.08,8,0.08,2.760869565217391,23,0.28
work-2,M0O100,2601,2.601,1.0,7,0.07,0.07,6,0.06,2.3548387096774195,25,0.29
work-2,M0O100,2601,2.601,1.2,7,0.07,0.07,6,0.06,2.3548387096774195,25,0.29
work-2,M0O100,2601,2.601,1.4,7,0.07,0.07,6,0.06,2.548387096774193,25,0.26
work-2,M0O100,2701,2.701,1.0,6,0.06,0.06,5,0.05,2.25531914893617,21,0.38
work-2,M0O100,2701,2.701,1.2,6,0.06,0.06,5,0.05,2.425531914893617,21,0.35
work-2,M0O100,2701,2.701,1.4,6,0.06,0.06,5,0.05,2.8297872340425534,19,0.32
work-2,M0O100,2801,2.801,1.0,7,0.07,0.07,5,0.05,2.182795698924731,26,0.31
work-2,M0O100,2801,2.801,1.2,7,0.07,0.07,5,0.05,2.290322580645161,26,0.29
work-2,M0O100,2801,2.801,1.4,7,0.07,0.07,6,0.06,2.5698924731182795,25,0.27
work-2,M0O100,2901,2.901,1.0,8,0.08,0.08,6,0.06,2.369565217391304,27,0.26
work-2,M0O100,2901,2.901,1.2,8,0.08,0.08,7,0.07,2.739130434782609,26,0.24
work-2,M0O100,2901,2.901,1.4,9,0.09,0.09,7,0.07,2.868131868131868,26,0.21
work-2,M0O100,3001,3.001,1.0,6,0.06,0.06,5,0.05,2.234042553191489,22,0.37
work-2,M0O100,3001,3.001,1.2,6,0.06,0.06,5,0.05,2.3617021276595747,23,0.33
work-2,M0O100,3001,3.001,1.4,6,0.06,0.06,5,0.05,2.404255319148936,25,0.29
work-2,M0O100,3101,3.101,1.0,7,0.07,0.07,7,0.07,2.290322580645161,20,0.43
work-2,M0O100,3101,3.101,1.2,7,0.07,0.07,7,0.07,2.376344086021505,22,0.38
work-2,M0O100,3101,3.101,1.4,9,0.09,0.09,7,0.07,2.5384615384615383,22,0.34
work-2,M0O100,3201,3.201,1.0,9,0.09,0.09,8,0.08,2.956043956043956,21,0.3
work-2,M0O100,3201,3.201,1.2,9,0.09,0.09,8,0.08,3.021978021978022,21,0.29
work-2,M0O100,3201,3.201,1.4,9,0.09,0.09,8,0.08,3.10989010989011,23,0.24
work-2,M0O100,3301,3.301,1.0,9,0.09,0.09,8,0.08,3.065934065934066,19,0.32
work-2,M0O100,3301,3.301,1.2,9,0.09,0.09,8,0.08,3.1538461538461537,19,0.31
work-2,M0O100,3301,3.301,1.4,9,0.09,0.09,8,0.08,3.175824175824176,20,0.29
work-2,M0O100,3401,3.401,1.0,8,0.08,0.08,6,0.06,2.4782608695652173,21,0.34
work-2,M0O100,3401,3.401,1.2,8,0.08,0.08,6,0.06,2.5869565217391304,22,0.31
work-2,M0O100,3401,3.401,1.4,9,0.09,0.09,6,0.06,2.6923076923076925,22,0.29
work-2,M0O100,3501,3.501,1.0,5,0.05,0.05,4,0.04,2.094736842105263,23,0.37
work-2,M0O100,3501,3.501,1.2,6,0.06,0.06,5,0.05,2.25531914893617,23,0.34
work-2,M0O100,3501,3.501,1.4,6,0.06,0.06,6,0.06,2.4468085106382977,23,0.32
work-2,M0O100,3601,3.601,1.0,13,0.13,0.13,6,0.06,2.4482758620689653,23,0.27
work-2,M0O100,3601,3.601,1.2,13,0.13,0.13,6,0.06,2.471264367816092,24,0.25
work-2,M0O100,3601,3.601,1.4,13,0.13,0.13,6,0.06,2.6091954022988504,24,0.23
work-2,M0O100,3701,3.701,1.0,8,0.08,0.08,5,0.05,2.391304347826087,25,0.27
work-2,M0O100,3701,3.701,1.2,11,0.11,0.11,7,0.07,2.730337078651685,23,0.25
work-2,M0O100,3701,3.701,1.4,11,0.11,0.11,10,0.1,3.224719101123596,23,0.23
work-2,M0O100,3801,3.801,1.0,7,0.07,0.07,5,0.05,2.032258064516129,23,0.38
work-2,M0O100,3801,3.801,1.2,7,0.07,0.07,5,0.05,2.118279569892473,24,0.35
work-2,M0O100,3801,3.801,1.4,7,0.07,0.07,5,0.05,2.204301075268817,24,0.33
work-2,M0O100,3901,3.901,1.0,7,0.07,0.07,6,0.06,2.462365591397849,18,0.4
work-2,M0O100,3901,3.901,1.2,8,0.08,0.08,6,0.06,2.565217391304348,19,0.36
work-2,M0O100,3901,3.901,1.4,8,0.08,0.08,6,0.06,2.652173913043478,19,0.35
work-2,M0O100,4001,4.001,1.0,7,0.07,0.07,5,0.05,2.182795698924731,23,0.35
work-2,M0O100,4001,4.001,1.2,7,0.07,0.07,5,0.05,2.182795698924731,23,0.35
work-2,M0O100,4001,4.001,1.4,7,0.07,0.07,5,0.05,2.182795698924731,23,0.35
work-2,M0O100,4101,4.101,1.0,5,0.05,0.05,5,0.05,2.4105263157894736,27,0.27
work-2,M0O100,4101,4.101,1.2,5,0.05,0.05,5,0.05,2.494736842105264,27,0.25
work-2,M0O100,4101,4.101,1.4,7,0.07,0.07,5,0.05,2.634408602150537,26,0.24
work-2,M0O100,4201,4.2010000000000005,1.0,9,0.09,0.09,7,0.07,2.78021978021978,20,0.32
work-2,M0O100,4201,4.2010000000000005,1.2,9,0.09,0.09,7,0.07,2.868131868131868,20,0.31
work-2,M0O100,4201,4.2010000000000005,1.4,9,0.09,0.09,8,0.08,3.043956043956044,21,0.28
work-2,M0O100,4301,4.301,1.0,9,0.09,0.09,5,0.05,2.142857142857143,22,0.36
work-2,M0O100,4301,4.301,1.2,9,0.09,0.09,5,0.05,2.318681318681319,22,0.33
work-2,M0O100,4301,4.301,1.4,9,0.09,0.09,5,0.05,2.4285714285714284,23,0.3
work-2,M0O100,4401,4.401,1.0,8,0.08,0.08,7,0.07,2.6956521739130435,23,0.3
work-2,M0O100,4401,4.401,1.2,8,0.08,0.08,8,0.08,3.1956521739130435,22,0.28
work-2,M0O100,4401,4.401,1.4,8,0.08,0.08,8,0.08,3.260869565217391,22,0.27
work-2,M0O100,4501,4.501,1.0,8,0.08,0.08,5,0.05,2.282608695652174,26,0.29
work-2,M0O100,4501,4.501,1.2,8,0.08,0.08,6,0.06,2.739130434782609,24,0.27
work-2,M0O100,4501,4.501,1.4,10,0.1,0.1,6,0.06,2.977777777777778,24,0.22
work-2,M0O100,4601,4.601,1.0,8,0.08,0.08,6,0.06,2.717391304347826,19,0.34
work-2,M0O100,4601,4.601,1.2,15,0.15,0.15,5,0.05,2.670588235294117,18,0.31
work-2,M0O100,4601,4.601,1.4,15,0.15,0.15,5,0.05,2.670588235294117,18,0.31
work-2,M0O100,4701,4.7010000000000005,1.0,6,0.06,0.06,4,0.04,2.127659574468085,27,0.3
work-2,M0O100,4701,4.7010000000000005,1.2,9,0.09,0.09,4,0.04,2.142857142857143,26,0.29
work-2,M0O100,4701,4.7010000000000005,1.4,9,0.09,0.09,4,0.04,2.1868131868131866,26,0.28
work-2,M0O100,4801,4.801,1.0,5,0.05,0.05,5,0.05,1.8,22,0.46
work-2,M0O100,4801,4.801,1.2,5,0.05,0.05,5,0.05,1.8842105263157896,23,0.43
work-2,M0O100,4801,4.801,1.4,5,0.05,0.05,5,0.05,2.031578947368421,23,0.41
work-2,M0O100,4901,4.901,1.0,7,0.07,0.07,7,0.07,2.505376344086021,20,0.37
work-2,M0O100,4901,4.901,1.2,7,0.07,0.07,7,0.07,2.505376344086021,20,0.37
work-2,M0O100,4901,4.901,1.4,7,0.07,0.07,7,0.07,2.634408602150537,22,0.32
work,M5O95,1001,1.001,1.0,7,0.07,0.0888493053081581,6,0.06,2.5268817204301075,22,0.32
work,M5O95,1001,1.001,1.2,9,0.09,0.0769504809405058,7,0.07,2.802197802197802,21,0.3
work,M5O95,1001,1.001,1.4,11,0.11,0.1230495190594941,7,0.07,2.955056179775281,20,0.28
work,M5O95,1101,1.101,1.0,15,0.15,0.15724973281083,5,0.05,2.411764705882353,18,0.34
work,M5O95,1101,1.101,1.2,18,0.18,0.2118988243676523,5,0.05,2.3902439024390243,17,0.34
work,M5O95,1101,1.101,1.4,18,0.18,0.2118988243676523,6,0.06,2.6341463414634148,18,0.3
work,M5O95,1201,1.201,1.0,14,0.14,0.1776986106163163,8,0.08,2.883720930232558,18,0.33
work,M5O95,1201,1.201,1.2,16,0.16,0.1947987174919843,8,0.08,3.3095238095238093,17,0.3
work,M5O95,1201,1.201,1.4,16,0.16,0.1947987174919843,9,0.09,3.8333333333333335,16,0.29
work,M5O95,1301,1.301,1.0,9,0.09,0.1059494121838261,8,0.08,3.10989010989011,18,0.34
work,M5O95,1301,1.301,1.2,9,0.09,0.1059494121838261,8,0.08,3.241758241758242,17,0.33
work,M5O95,1301,1.301,1.4,10,0.1,0.1144994656216601,9,0.09,3.466666666666667,18,0.29
work,M5O95,1401,1.401,1.0,14,0.14,0.148699679372996,10,0.1,2.976744186046512,15,0.39
work,M5O95,1401,1.401,1.2,23,0.23,0.2546490915568222,10,0.1,2.9740259740259742,12,0.38
work,M5O95,1401,1.401,1.4,23,0.23,0.2546490915568222,10,0.1,3.0,13,0.36
work,M5O95,1501,1.501,1.0,8,0.08,0.0973993587459921,7,0.07,2.4130434782608696,16,0.46
work,M5O95,1501,1.501,1.2,8,0.08,0.0973993587459921,8,0.08,2.8260869565217392,15,0.44
work,M5O95,1501,1.501,1.4,9,0.09,0.1059494121838261,8,0.08,2.912087912087912,16,0.4
work,M5O95,1601,1.601,1.0,19,0.19,0.2204488778054862,10,0.1,3.197530864197531,19,0.26
work,M5O95,1601,1.601,1.2,19,0.19,0.2204488778054862,10,0.1,3.197530864197531,19,0.26
work,M5O95,1601,1.601,1.4,20,0.2,0.2289989312433202,10,0.1,3.275,19,0.24
work,M5O95,1701,1.701,1.0,16,0.16,0.2527965799786248,5,0.05,2.3095238095238093,19,0.34
work,M5O95,1701,1.701,1.2,16,0.16,0.2527965799786248,6,0.06,2.6904761904761907,18,0.32
work,M5O95,1701,1.701,1.4,22,0.22,0.3040969006056288,6,0.06,2.4871794871794872,19,0.28
work,M5O95,1801,1.801,1.0,14,0.14,0.1776986106163163,8,0.08,2.883720930232558,17,0.33
work,M5O95,1801,1.801,1.2,16,0.16,0.1947987174919843,8,0.08,3.357142857142857,16,0.29
work,M5O95,1801,1.801,1.4,17,0.17,0.2033487709298183,8,0.08,3.5060240963855422,17,0.25
work,M5O95,1901,1.901,1.0,9,0.09,0.1349483434271464,7,0.07,3.351648351648352,19,0.29
work,M5O95,1901,1.901,1.2,10,0.1,0.1434983968649804,8,0.08,3.755555555555556,18,0.27
work,M5O95,1901,1.901,1.4,10,0.1,0.1434983968649804,8,0.08,3.755555555555556,18,0.27
work,M5O95,2001,2.001,1.0,7,0.07,0.0598503740648379,6,0.06,2.462365591397849,26,0.26
work,M5O95,2001,2.001,1.2,7,0.07,0.0598503740648379,6,0.06,2.677419354838709,25,0.24
work,M5O95,2001,2.001,1.4,7,0.07,0.0598503740648379,6,0.06,2.849462365591398,25,0.22
work,M5O95,2101,2.101,1.0,14,0.14,0.1776986106163163,6,0.06,2.5348837209302326,20,0.32
work,M5O95,2101,2.101,1.2,14,0.14,0.1776986106163163,6,0.06,2.744186046511628,20,0.29
work,M5O95,2101,2.101,1.4,23,0.23,0.2546490915568222,6,0.06,2.5844155844155843,18,0.27
work,M5O95,2201,2.201,1.0,19,0.19,0.2204488778054862,9,0.09,3.049382716049383,16,0.32
work,M5O95,2201,2.201,1.2,19,0.19,0.2204488778054862,9,0.09,3.2222222222222223,17,0.28
work,M5O95,2201,2.201,1.4,20,0.2,0.2289989312433202,10,0.1,3.725,16,0.26
work,M5O95,2301,2.301,1.0,13,0.13,0.1691485571784823,7,0.07,2.632183908045977,18,0.36
work,M5O95,2301,2.301,1.2,14,0.14,0.1776986106163163,7,0.07,2.86046511627907,18,0.33
work,M5O95,2301,2.301,1.4,14,0.14,0.1776986106163163,10,0.1,3.5348837209302326,18,0.29
work,M5O95,2401,2.401,1.0,7,0.07,0.0888493053081581,7,0.07,2.2688172043010755,21,0.4
work,M5O95,2401,2.401,1.2,9,0.09,0.1349483434271464,7,0.07,2.318681318681319,20,0.39
work,M5O95,2401,2.401,1.4,10,0.1,0.1434983968649804,8,0.08,2.7333333333333334,20,0.34
work,M5O95,2501,2.501,1.0,11,0.11,0.1230495190594941,8,0.08,2.640449438202247,19,0.35
work,M5O95,2501,2.501,1.2,11,0.11,0.1230495190594941,8,0.08,2.730337078651685,19,0.33
work,M5O95,2501,2.501,1.4,11,0.11,0.1230495190594941,8,0.08,2.865168539325843,19,0.31
work,M5O95,2601,2.601,1.0,8,0.08,0.0684004275026718,5,0.05,2.282608695652174,22,0.36
work,M5O95,2601,2.601,1.2,13,0.13,0.1691485571784823,5,0.05,2.1724137931034484,21,0.35
work,M5O95,2601,2.601,1.4,13,0.13,0.1691485571784823,5,0.05,2.310344827586207,22,0.31
work,M5O95,2701,2.701,1.0,10,0.1,0.1434983968649804,7,0.07,2.7555555555555555,24,0.25
work,M5O95,2701,2.701,1.2,10,0.1,0.1434983968649804,7,0.07,2.844444444444445,24,0.24
work,M5O95,2701,2.701,1.4,11,0.11,0.0940505878161738,10,0.1,3.3146067415730336,23,0.23
work,M5O95,2801,2.801,1.0,10,0.1,0.1144994656216601,8,0.08,2.577777777777778,23,0.32
work,M5O95,2801,2.801,1.2,10,0.1,0.1144994656216601,8,0.08,2.577777777777778,23,0.32
work,M5O95,2801,2.801,1.4,10,0.1,0.1144994656216601,8,0.08,2.577777777777778,23,0.32
work,M5O95,2901,2.901,1.0,9,0.09,0.0769504809405058,6,0.06,2.340659340659341,20,0.38
work,M5O95,2901,2.901,1.2,13,0.13,0.1111506946918418,6,0.06,2.35632183908046,18,0.38
work,M5O95,2901,2.901,1.4,17,0.17,0.174349839686498,6,0.06,2.325301204819277,17,0.37
work,M5O95,3001,3.001,1.0,8,0.08,0.0973993587459921,8,0.08,2.9782608695652173,18,0.35
work,M5O95,3001,3.001,1.2,8,0.08,0.0973993587459921,8,0.08,3.108695652173913,18,0.34
work,M5O95,3001,3.001,1.4,10,0.1,0.1144994656216601,8,0.08,3.577777777777778,17,0.31
work,M5O95,3101,3.101,1.0,28,0.28,0.3263982899893124,4,0.04,2.111111111111111,17,0.29
work,M5O95,3101,3.101,1.2,30,0.3,0.3434983968649804,8,0.08,2.8857142857142857,13,0.29
work,M5O95,3101,3.101,1.4,30,0.3,0.3434983968649804,9,0.09,3.2,13,0.27
work,M5O95,3201,3.201,1.0,13,0.13,0.1691485571784823,4,0.04,2.1494252873563218,21,0.34
work,M5O95,3201,3.201,1.2,13,0.13,0.1691485571784823,4,0.04,2.1494252873563218,21,0.34
work,M5O95,3201,3.201,1.4,13,0.13,0.1691485571784823,4,0.04,2.1494252873563218,21,0.34
work,M5O95,3301,3.301,1.0,7,0.07,0.0888493053081581,6,0.06,2.5698924731182795,17,0.42
work,M5O95,3301,3.301,1.2,9,0.09,0.1059494121838261,8,0.08,3.043956043956044,16,0.38
work,M5O95,3301,3.301,1.4,9,0.09,0.1059494121838261,8,0.08,3.043956043956044,16,0.38
work,M5O95,3401,3.401,1.0,9,0.09,0.1349483434271464,9,0.09,3.1538461538461537,19,0.33
work,M5O95,3401,3.401,1.2,9,0.09,0.1349483434271464,9,0.09,3.3956043956043955,18,0.32
work,M5O95,3401,3.401,1.4,10,0.1,0.0855005343783398,9,0.09,3.888888888888889,18,0.28
work,M5O95,3501,3.501,1.0,10,0.1,0.0855005343783398,6,0.06,2.4444444444444446,23,0.32
work,M5O95,3501,3.501,1.2,10,0.1,0.0855005343783398,6,0.06,2.6666666666666665,23,0.29
work,M5O95,3501,3.501,1.4,12,0.12,0.1026006412540078,8,0.08,3.022727272727273,22,0.26
work,M5O95,3601,3.601,1.0,10,0.1,0.1144994656216601,9,0.09,3.311111111111111,23,0.24
work,M5O95,3601,3.601,1.2,10,0.1,0.1144994656216601,9,0.09,3.6666666666666665,21,0.23
work,M5O95,3601,3.601,1.4,11,0.11,0.1230495190594941,10,0.1,4.123595505617978,19,0.22
work,M5O95,3701,3.701,1.0,9,0.09,0.1059494121838261,6,0.06,2.7142857142857144,25,0.22
work,M5O95,3701,3.701,1.2,9,0.09,0.1059494121838261,6,0.06,2.8241758241758244,25,0.21
work,M5O95,3701,3.701,1.4,9,0.09,0.1059494121838261,6,0.06,2.89010989010989,25,0.2
work,M5O95,3801,3.801,1.0,18,0.18,0.2408977556109725,12,0.12,3.317073170731707,11,0.45
work,M5O95,3801,3.801,1.2,32,0.32,0.3895974349839686,5,0.05,1.8235294117647056,9,0.45
work,M5O95,3801,3.801,1.4,33,0.33,0.3981474884218026,5,0.05,1.835820895522388,9,0.44
work,M5O95,3901,3.901,1.0,8,0.08,0.0973993587459921,6,0.06,2.9782608695652173,20,0.29
work,M5O95,3901,3.901,1.2,8,0.08,0.0973993587459921,6,0.06,3.0434782608695654,20,0.28
work,M5O95,3901,3.901,1.4,10,0.1,0.1144994656216601,6,0.06,3.088888888888889,20,0.26
work,M5O95,4001,4.001,1.0,7,0.07,0.0888493053081581,7,0.07,2.333333333333333,22,0.36
work,M5O95,4001,4.001,1.2,7,0.07,0.0888493053081581,7,0.07,2.333333333333333,22,0.36
work,M5O95,4001,4.001,1.4,16,0.16,0.1947987174919843,4,0.04,1.9761904761904765,21,0.34
work,M5O95,4101,4.101,1.0,17,0.17,0.2323477021731385,6,0.06,2.0843373493975905,21,0.34
work,M5O95,4101,4.101,1.2,18,0.18,0.2408977556109725,6,0.06,2.097560975609756,21,0.33
work,M5O95,4101,4.101,1.4,18,0.18,0.2408977556109725,7,0.07,2.341463414634146,21,0.31
work,M5O95,4201,4.2010000000000005,1.0,20,0.2,0.2579978624866405,7,0.07,2.475,19,0.3
work,M5O95,4201,4.2010000000000005,1.2,20,0.2,0.2579978624866405,7,0.07,2.525,19,0.29
work,M5O95,4201,4.2010000000000005,1.4,21,0.21,0.2665479159244745,8,0.08,2.721518987341772,19,0.27
work,M5O95,4301,4.301,1.0,16,0.16,0.1947987174919843,10,0.1,3.761904761904762,16,0.29
work,M5O95,4301,4.301,1.2,17,0.17,0.2033487709298183,11,0.11,4.036144578313253,16,0.27
work,M5O95,4301,4.301,1.4,17,0.17,0.2033487709298183,11,0.11,4.0602409638554215,17,0.25
work,M5O95,4401,4.401,1.0,10,0.1,0.1144994656216601,9,0.09,2.7777777777777777,23,0.28
work,M5O95,4401,4.401,1.2,10,0.1,0.1144994656216601,9,0.09,3.0444444444444443,22,0.28
work,M5O95,4401,4.401,1.4,10,0.1,0.1144994656216601,9,0.09,3.111111111111111,23,0.25
work,M5O95,4501,4.501,1.0,16,0.16,0.1947987174919843,9,0.09,3.333333333333333,20,0.24
work,M5O95,4501,4.501,1.2,17,0.17,0.2033487709298183,9,0.09,3.409638554216868,20,0.22
work,M5O95,4501,4.501,1.4,17,0.17,0.2033487709298183,10,0.1,4.0120481927710845,20,0.2
work,M5O95,4601,4.601,1.0,16,0.16,0.1947987174919843,6,0.06,2.452380952380953,17,0.37
work,M5O95,4601,4.601,1.2,16,0.16,0.1947987174919843,6,0.06,2.5,17,0.36
work,M5O95,4601,4.601,1.4,16,0.16,0.1947987174919843,7,0.07,3.142857142857143,15,0.34
work,M5O95,4701,4.7010000000000005,1.0,7,0.07,0.1178482365514784,5,0.05,2.161290322580645,24,0.35
work,M5O95,4701,4.7010000000000005,1.2,9,0.09,0.1349483434271464,5,0.05,2.318681318681319,24,0.3
work,M5O95,4701,4.7010000000000005,1.4,16,0.16,0.1947987174919843,5,0.05,2.4047619047619047,20,0.3
work,M5O95,4801,4.801,1.0,5,0.05,0.1007481296758104,5,0.05,2.305263157894737,22,0.37
work,M5O95,4801,4.801,1.2,7,0.07,0.0598503740648379,5,0.05,2.333333333333333,22,0.35
work,M5O95,4801,4.801,1.4,10,0.1,0.1724973281083006,7,0.07,2.7777777777777777,21,0.31
work,M5O95,4901,4.901,1.0,12,0.12,0.1605985037406483,9,0.09,2.886363636363636,19,0.33
work,M5O95,4901,4.901,1.2,12,0.12,0.1605985037406483,9,0.09,2.909090909090909,20,0.31
work,M5O95,4901,4.901,1.4,13,0.13,0.1691485571784823,9,0.09,3.0,20,0.29
work-1,M5O95,1001,1.001,1.0,10,0.1,0.0855005343783398,9,0.09,3.6222222222222222,18,0.28
work-1,M5O95,1001,1.001,1.2,10,0.1,0.0855005343783398,9,0.09,3.955555555555556,17,0.27
work-1,M5O95,1001,1.001,1.4,10,0.1,0.0855005343783398,9,0.09,4.2444444444444445,17,0.25
work-1,M5O95,1101,1.101,1.0,6,0.06,0.0802992518703241,6,0.06,2.382978723404255,19,0.42
work-1,M5O95,1101,1.101,1.2,10,0.1,0.0855005343783398,6,0.06,2.533333333333333,18,0.39
work-1,M5O95,1101,1.101,1.4,10,0.1,0.0855005343783398,6,0.06,2.844444444444445,18,0.35
work-1,M5O95,1201,1.201,1.0,7,0.07,0.0888493053081581,6,0.06,2.462365591397849,18,0.43
work-1,M5O95,1201,1.201,1.2,8,0.08,0.0973993587459921,6,0.06,2.565217391304348,20,0.37
work-1,M5O95,1201,1.201,1.4,8,0.08,0.0973993587459921,7,0.07,2.869565217391304,19,0.36
work-1,M5O95,1301,1.301,1.0,8,0.08,0.0973993587459921,6,0.06,2.5,19,0.38
work-1,M5O95,1301,1.301,1.2,8,0.08,0.0973993587459921,7,0.07,2.652173913043478,20,0.35
work-1,M5O95,1301,1.301,1.4,8,0.08,0.0973993587459921,7,0.07,2.652173913043478,20,0.35
work-1,M5O95,1401,1.401,1.0,7,0.07,0.0888493053081581,6,0.06,3.0,23,0.24
work-1,M5O95,1401,1.401,1.2,7,0.07,0.0888493053081581,6,0.06,3.21505376344086,22,0.23
work-1,M5O95,1401,1.401,1.4,10,0.1,0.1434983968649804,7,0.07,3.355555555555556,21,0.22
work-1,M5O95,1501,1.501,1.0,8,0.08,0.1263982899893124,7,0.07,2.3043478260869565,20,0.4
work-1,M5O95,1501,1.501,1.2,8,0.08,0.1263982899893124,7,0.07,2.6956521739130435,20,0.36
work-1,M5O95,1501,1.501,1.4,11,0.11,0.1230495190594941,8,0.08,3.1797752808988764,17,0.35
work-1,M5O95,1601,1.601,1.0,11,0.11,0.1230495190594941,7,0.07,2.50561797752809,22,0.31
work-1,M5O95,1601,1.601,1.2,12,0.12,0.1315995724973281,9,0.09,2.886363636363636,21,0.29
work-1,M5O95,1601,1.601,1.4,13,0.13,0.1401496259351621,11,0.11,3.413793103448276,20,0.27
work-1,M5O95,1701,1.701,1.0,14,0.14,0.2356964731029568,6,0.06,2.372093023255814,17,0.39
work-1,M5O95,1701,1.701,1.2,15,0.15,0.2442465265407908,6,0.06,2.5294117647058822,18,0.34
work-1,M5O95,1701,1.701,1.4,16,0.16,0.2527965799786248,6,0.06,2.5476190476190474,18,0.33
work-1,M5O95,1801,1.801,1.0,12,0.12,0.1895974349839686,11,0.11,3.25,19,0.32
work-1,M5O95,1801,1.801,1.2,12,0.12,0.1895974349839686,11,0.11,3.272727272727273,20,0.3
work-1,M5O95,1801,1.801,1.4,12,0.12,0.1895974349839686,11,0.11,3.272727272727273,20,0.3
work-1,M5O95,1901,1.901,1.0,7,0.07,0.1178482365514784,6,0.06,2.677419354838709,22,0.32
work-1,M5O95,1901,1.901,1.2,7,0.07,0.1178482365514784,7,0.07,3.10752688172043,21,0.28
work-1,M5O95,1901,1.901,1.4,7,0.07,0.1178482365514784,7,0.07,3.21505376344086,21,0.26
work-1,M5O95,2001,2.001,1.0,10,0.1,0.1434983968649804,9,0.09,3.577777777777778,17,0.32
work-1,M5O95,2001,2.001,1.2,12,0.12,0.1605985037406483,10,0.1,4.136363636363637,16,0.28
work-1,M5O95,2001,2.001,1.4,14,0.14,0.2066975418596366,10,0.1,4.209302325581396,16,0.26
work-1,M5O95,2101,2.101,1.0,14,0.14,0.2066975418596366,11,0.11,4.209302325581396,13,0.33
work-1,M5O95,2101,2.101,1.2,14,0.14,0.2066975418596366,13,0.13,5.209302325581396,13,0.29
work-1,M5O95,2101,2.101,1.4,14,0.14,0.2066975418596366,13,0.13,5.209302325581396,13,0.29
work-1,M5O95,2201,2.201,1.0,10,0.1,0.1144994656216601,7,0.07,2.977777777777778,19,0.31
work-1,M5O95,2201,2.201,1.2,11,0.11,0.1230495190594941,8,0.08,3.292134831460674,19,0.28
work-1,M5O95,2201,2.201,1.4,11,0.11,0.1230495190594941,8,0.08,3.741573033707865,19,0.24
work-1,M5O95,2301,2.301,1.0,7,0.07,0.0888493053081581,6,0.06,2.139784946236559,20,0.43
work-1,M5O95,2301,2.301,1.2,9,0.09,0.1059494121838261,6,0.06,2.2527472527472527,20,0.4
work-1,M5O95,2301,2.301,1.4,9,0.09,0.1059494121838261,6,0.06,2.340659340659341,21,0.37
work-1,M5O95,2401,2.401,1.0,15,0.15,0.1862486640541503,13,0.13,4.08235294117647,21,0.22
work-1,M5O95,2401,2.401,1.2,15,0.15,0.1862486640541503,13,0.13,4.08235294117647,21,0.22
work-1,M5O95,2401,2.401,1.4,15,0.15,0.1862486640541503,13,0.13,4.08235294117647,21,0.22
work-1,M5O95,2501,2.501,1.0,26,0.26,0.3092981831136445,6,0.06,2.4864864864864864,16,0.3
work-1,M5O95,2501,2.501,1.2,30,0.3,0.3434983968649804,6,0.06,2.5428571428571427,15,0.28
work-1,M5O95,2501,2.501,1.4,30,0.3,0.3434983968649804,7,0.07,2.8,15,0.26
work-1,M5O95,2601,2.601,1.0,16,0.16,0.2527965799786248,6,0.06,2.452380952380953,23,0.27
work-1,M5O95,2601,2.601,1.2,16,0.16,0.2527965799786248,6,0.06,2.6904761904761907,22,0.26
work-1,M5O95,2601,2.601,1.4,16,0.16,0.2527965799786248,8,0.08,3.142857142857143,22,0.23
work-1,M5O95,2701,2.701,1.0,10,0.1,0.1724973281083006,8,0.08,2.8222222222222224,18,0.37
work-1,M5O95,2701,2.701,1.2,10,0.1,0.1724973281083006,10,0.1,3.422222222222222,18,0.33
work-1,M5O95,2701,2.701,1.4,10,0.1,0.1724973281083006,10,0.1,3.533333333333333,19,0.3
work-1,M5O95,2801,2.801,1.0,11,0.11,0.1520484503028144,6,0.06,2.617977528089888,18,0.37
work-1,M5O95,2801,2.801,1.2,11,0.11,0.1520484503028144,7,0.07,2.865168539325843,18,0.34
work-1,M5O95,2801,2.801,1.4,11,0.11,0.1520484503028144,7,0.07,2.865168539325843,18,0.34
work-1,M5O95,2901,2.901,1.0,11,0.11,0.1230495190594941,5,0.05,2.3258426966292136,22,0.32
work-1,M5O95,2901,2.901,1.2,12,0.12,0.1315995724973281,5,0.05,2.386363636363636,24,0.27
work-1,M5O95,2901,2.901,1.4,12,0.12,0.1315995724973281,5,0.05,2.613636363636364,22,0.27
work-1,M5O95,3001,3.001,1.0,8,0.08,0.0684004275026718,7,0.07,2.4347826086956523,21,0.36
work-1,M5O95,3001,3.001,1.2,8,0.08,0.0973993587459921,8,0.08,2.891304347826087,19,0.33
work-1,M5O95,3001,3.001,1.4,8,0.08,0.0973993587459921,8,0.08,2.891304347826087,19,0.33
work-1,M5O95,3101,3.101,1.0,8,0.08,0.0973993587459921,8,0.08,3.0869565217391304,20,0.32
work-1,M5O95,3101,3.101,1.2,8,0.08,0.0973993587459921,8,0.08,3.108695652173913,21,0.3
work-1,M5O95,3101,3.101,1.4,9,0.09,0.1059494121838261,8,0.08,3.32967032967033,20,0.29
work-1,M5O95,3201,3.201,1.0,5,0.05,0.0427502671891699,4,0.04,1.736842105263158,25,0.42
work-1,M5O95,3201,3.201,1.2,5,0.05,0.0427502671891699,5,0.05,1.9894736842105265,23,0.41
work-1,M5O95,3201,3.201,1.4,7,0.07,0.0888493053081581,6,0.06,2.2688172043010755,23,0.36
work-1,M5O95,3301,3.301,1.0,16,0.16,0.1947987174919843,8,0.08,2.761904761904762,16,0.37
work-1,M5O95,3301,3.301,1.2,16,0.16,0.1947987174919843,8,0.08,2.761904761904762,16,0.37
work-1,M5O95,3301,3.301,1.4,16,0.16,0.1947987174919843,12,0.12,4.023809523809524,15,0.34
work-1,M5O95,3401,3.401,1.0,9,0.09,0.1349483434271464,8,0.08,2.5164835164835164,23,0.33
work-1,M5O95,3401,3.401,1.2,11,0.11,0.1520484503028144,9,0.09,2.8876404494382024,21,0.32
work-1,M5O95,3401,3.401,1.4,14,0.14,0.1776986106163163,9,0.09,3.0232558139534884,19,0.31
work-1,M5O95,3501,3.501,1.0,11,0.11,0.1230495190594941,7,0.07,2.662921348314607,20,0.34
work-1,M5O95,3501,3.501,1.2,12,0.12,0.1315995724973281,9,0.09,3.272727272727273,19,0.31
work-1,M5O95,3501,3.501,1.4,13,0.13,0.1401496259351621,9,0.09,3.3448275862068964,19,0.29
work-1,M5O95,3601,3.601,1.0,13,0.13,0.1401496259351621,5,0.05,1.8505747126436785,15,0.5
work-1,M5O95,3601,3.601,1.2,14,0.14,0.148699679372996,5,0.05,1.9069767441860463,17,0.45
work-1,M5O95,3601,3.601,1.4,14,0.14,0.148699679372996,5,0.05,1.9534883720930232,17,0.44
work-1,M5O95,3701,3.701,1.0,7,0.07,0.0598503740648379,6,0.06,2.6559139784946235,20,0.34
work-1,M5O95,3701,3.701,1.2,7,0.07,0.0598503740648379,6,0.06,2.806451612903226,20,0.32
work-1,M5O95,3701,3.701,1.4,7,0.07,0.0598503740648379,7,0.07,3.10752688172043,20,0.29
work-1,M5O95,3801,3.801,1.0,13,0.13,0.1981474884218026,8,0.08,3.0919540229885056,13,0.4
work-1,M5O95,3801,3.801,1.2,16,0.16,0.2237976487353045,8,0.08,3.095238095238096,12,0.4
work-1,M5O95,3801,3.801,1.4,17,0.17,0.2323477021731385,8,0.08,3.144578313253012,13,0.37
work-1,M5O95,3901,3.901,1.0,8,0.08,0.1263982899893124,5,0.05,1.9782608695652173,18,0.47
work-1,M5O95,3901,3.901,1.2,9,0.09,0.1349483434271464,6,0.06,2.142857142857143,18,0.44
work-1,M5O95,3901,3.901,1.4,9,0.09,0.1349483434271464,6,0.06,2.1648351648351647,19,0.42
work-1,M5O95,4001,4.001,1.0,13,0.13,0.1691485571784823,7,0.07,2.264367816091954,22,0.34
work-1,M5O95,4001,4.001,1.2,14,0.14,0.1776986106163163,7,0.07,2.2790697674418605,22,0.33
work-1,M5O95,4001,4.001,1.4,14,0.14,0.1776986106163163,7,0.07,2.3488372093023258,23,0.3
work-1,M5O95,4101,4.101,1.0,7,0.07,0.0888493053081581,6,0.06,2.225806451612903,19,0.42
work-1,M5O95,4101,4.101,1.2,8,0.08,0.0973993587459921,7,0.07,2.717391304347826,17,0.39
work-1,M5O95,4101,4.101,1.4,8,0.08,0.0973993587459921,8,0.08,2.869565217391304,17,0.38
work-1,M5O95,4201,4.2010000000000005,1.0,8,0.08,0.0973993587459921,5,0.05,2.391304347826087,24,0.31
work-1,M5O95,4201,4.2010000000000005,1.2,10,0.1,0.1144994656216601,5,0.05,2.6222222222222222,22,0.29
work-1,M5O95,4201,4.2010000000000005,1.4,11,0.11,0.1520484503028144,10,0.1,3.224719101123596,22,0.26
work-1,M5O95,4301,4.301,1.0,5,0.05,0.0717491984324902,5,0.05,2.305263157894737,26,0.29
work-1,M5O95,4301,4.301,1.2,6,0.06,0.1092981831136444,5,0.05,2.595744680851064,24,0.28
work-1,M5O95,4301,4.301,1.4,11,0.11,0.1810473815461346,7,0.07,2.820224719101124,21,0.28
work-1,M5O95,4401,4.401,1.0,6,0.06,0.0513003206270039,5,0.05,2.3404255319148937,22,0.34
work-1,M5O95,4401,4.401,1.2,6,0.06,0.0513003206270039,5,0.05,2.404255319148936,22,0.33
work-1,M5O95,4401,4.401,1.4,7,0.07,0.0888493053081581,6,0.06,2.6989247311827955,22,0.29
work-1,M5O95,4501,4.501,1.0,10,0.1,0.1434983968649804,10,0.1,3.088888888888889,18,0.36
work-1,M5O95,4501,4.501,1.2,10,0.1,0.1434983968649804,10,0.1,3.088888888888889,18,0.36
work-1,M5O95,4501,4.501,1.4,20,0.2,0.2579978624866405,6,0.06,2.425,17,0.34
work-1,M5O95,4601,4.601,1.0,6,0.06,0.0802992518703241,6,0.06,2.595744680851064,23,0.31
work-1,M5O95,4601,4.601,1.2,7,0.07,0.0598503740648379,6,0.06,2.634408602150537,24,0.28
work-1,M5O95,4601,4.601,1.4,7,0.07,0.0598503740648379,6,0.06,2.827956989247312,25,0.24
work-1,M5O95,4701,4.7010000000000005,1.0,7,0.07,0.0888493053081581,6,0.06,2.634408602150537,22,0.31
work-1,M5O95,4701,4.7010000000000005,1.2,7,0.07,0.0888493053081581,6,0.06,2.763440860215054,21,0.31
work-1,M5O95,4701,4.7010000000000005,1.4,13,0.13,0.1691485571784823,7,0.07,2.7701149425287355,19,0.31
work-1,M5O95,4801,4.801,1.0,21,0.21,0.2375489846811542,6,0.06,2.7468354430379747,18,0.26
work-1,M5O95,4801,4.801,1.2,23,0.23,0.2546490915568222,11,0.11,3.675324675324675,17,0.23
work-1,M5O95,4801,4.801,1.4,23,0.23,0.2546490915568222,11,0.11,3.675324675324675,17,0.23
work-1,M5O95,4901,4.901,1.0,9,0.09,0.1059494121838261,8,0.08,3.131868131868132,18,0.32
work-1,M5O95,4901,4.901,1.2,14,0.14,0.148699679372996,9,0.09,3.232558139534884,16,0.32
work-1,M5O95,4901,4.901,1.4,14,0.14,0.148699679372996,9,0.09,3.3255813953488373,17,0.29
work-2,M5O95,1001,1.001,1.0,6,0.06,0.0802992518703241,6,0.06,2.191489361702128,20,0.42
work-2,M5O95,1001,1.001,1.2,6,0.06,0.0802992518703241,6,0.06,2.191489361702128,20,0.42
work-2,M5O95,1001,1.001,1.4,12,0.12,0.1605985037406483,6,0.06,2.25,19,0.38
work-2,M5O95,1101,1.101,1.0,14,0.14,0.2066975418596366,7,0.07,2.604651162790698,19,0.33
work-2,M5O95,1101,1.101,1.2,17,0.17,0.2323477021731385,7,0.07,2.9518072289156625,17,0.31
work-2,M5O95,1101,1.101,1.4,18,0.18,0.2408977556109725,7,0.07,2.975609756097561,17,0.3
work-2,M5O95,1201,1.201,1.0,6,0.06,0.0513003206270039,5,0.05,2.3617021276595747,22,0.36
work-2,M5O95,1201,1.201,1.2,6,0.06,0.0513003206270039,5,0.05,2.382978723404255,23,0.34
work-2,M5O95,1201,1.201,1.4,6,0.06,0.0802992518703241,6,0.06,2.8297872340425534,20,0.33
work-2,M5O95,1301,1.301,1.0,11,0.11,0.0940505878161738,9,0.09,2.662921348314607,20,0.36
work-2,M5O95,1301,1.301,1.2,11,0.11,0.0940505878161738,10,0.1,3.044943820224719,19,0.34
work-2,M5O95,1301,1.301,1.4,11,0.11,0.0940505878161738,10,0.1,3.337078651685393,19,0.31
work-2,M5O95,1401,1.401,1.0,9,0.09,0.1349483434271464,6,0.06,2.4285714285714284,22,0.33
work-2,M5O95,1401,1.401,1.2,9,0.09,0.1349483434271464,6,0.06,2.5824175824175826,25,0.26
work-2,M5O95,1401,1.401,1.4,9,0.09,0.1349483434271464,8,0.08,2.956043956043956,24,0.25
work-2,M5O95,1501,1.501,1.0,10,0.1,0.1144994656216601,8,0.08,3.7111111111111112,18,0.25
work-2,M5O95,1501,1.501,1.2,10,0.1,0.1144994656216601,8,0.08,3.911111111111111,17,0.25
work-2,M5O95,1501,1.501,1.4,10,0.1,0.1144994656216601,9,0.09,4.088888888888889,17,0.24
work-2,M5O95,1601,1.601,1.0,9,0.09,0.1349483434271464,7,0.07,2.2967032967032965,21,0.38
work-2,M5O95,1601,1.601,1.2,9,0.09,0.1349483434271464,7,0.07,2.2967032967032965,21,0.38
work-2,M5O95,1601,1.601,1.4,12,0.12,0.1605985037406483,9,0.09,2.613636363636364,20,0.36
work-2,M5O95,1701,1.701,1.0,11,0.11,0.1230495190594941,9,0.09,3.0898876404494384,24,0.22
work-2,M5O95,1701,1.701,1.2,11,0.11,0.1230495190594941,9,0.09,3.202247191011236,24,0.21
work-2,M5O95,1701,1.701,1.4,11,0.11,0.1230495190594941,9,0.09,3.224719101123596,25,0.19
work-2,M5O95,1801,1.801,1.0,9,0.09,0.1349483434271464,8,0.08,2.912087912087912,19,0.33
work-2,M5O95,1801,1.801,1.2,10,0.1,0.1144994656216601,9,0.09,3.511111111111111,17,0.32
work-2,M5O95,1801,1.801,1.4,10,0.1,0.1144994656216601,9,0.09,3.555555555555556,17,0.31
work-2,M5O95,1901,1.901,1.0,5,0.05,0.0717491984324902,5,0.05,2.389473684210526,25,0.31
work-2,M5O95,1901,1.901,1.2,5,0.05,0.0717491984324902,5,0.05,2.473684210526316,24,0.31
work-2,M5O95,1901,1.901,1.4,5,0.05,0.0717491984324902,5,0.05,2.473684210526316,24,0.31
work-2,M5O95,2001,2.001,1.0,16,0.16,0.2527965799786248,11,0.11,2.9285714285714284,16,0.39
work-2,M5O95,2001,2.001,1.2,16,0.16,0.2527965799786248,11,0.11,2.9285714285714284,16,0.39
work-2,M5O95,2001,2.001,1.4,16,0.16,0.2527965799786248,15,0.15,4.095238095238095,15,0.37
work-2,M5O95,2101,2.101,1.0,11,0.11,0.1230495190594941,8,0.08,3.0898876404494384,21,0.29
work-2,M5O95,2101,2.101,1.2,11,0.11,0.1230495190594941,8,0.08,3.3146067415730336,20,0.28
work-2,M5O95,2101,2.101,1.4,11,0.11,0.1230495190594941,8,0.08,3.3146067415730336,20,0.28
work-2,M5O95,2201,2.201,1.0,7,0.07,0.0888493053081581,5,0.05,2.419354838709677,25,0.28
work-2,M5O95,2201,2.201,1.2,10,0.1,0.1434983968649804,7,0.07,2.888888888888889,22,0.27
work-2,M5O95,2201,2.201,1.4,10,0.1,0.1434983968649804,7,0.07,3.1777777777777776,22,0.24
work-2,M5O95,2301,2.301,1.0,12,0.12,0.1605985037406483,7,0.07,2.477272727272727,24,0.27
work-2,M5O95,2301,2.301,1.2,12,0.12,0.1605985037406483,7,0.07,2.636363636363636,24,0.24
work-2,M5O95,2301,2.301,1.4,12,0.12,0.1605985037406483,7,0.07,2.6818181818181817,24,0.23
work-2,M5O95,2401,2.401,1.0,9,0.09,0.1349483434271464,5,0.05,2.120879120879121,21,0.38
work-2,M5O95,2401,2.401,1.2,9,0.09,0.1349483434271464,5,0.05,2.142857142857143,22,0.36
work-2,M5O95,2401,2.401,1.4,9,0.09,0.1349483434271464,9,0.09,2.912087912087912,22,0.3
work-2,M5O95,2501,2.501,1.0,7,0.07,0.0888493053081581,6,0.06,2.78494623655914,21,0.31
work-2,M5O95,2501,2.501,1.2,7,0.07,0.0888493053081581,6,0.06,3.064516129032258,20,0.29
work-2,M5O95,2501,2.501,1.4,7,0.07,0.0888493053081581,6,0.06,3.064516129032258,20,0.29
work-2,M5O95,2601,2.601,1.0,15,0.15,0.15724973281083,10,0.1,3.5647058823529414,19,0.29
work-2,M5O95,2601,2.601,1.2,16,0.16,0.165799786248664,13,0.13,4.476190476190476,19,0.26
work-2,M5O95,2601,2.601,1.4,19,0.19,0.191449946562166,13,0.13,4.827160493827161,18,0.24
work-2,M5O95,2701,2.701,1.0,7,0.07,0.0888493053081581,7,0.07,2.89247311827957,17,0.38
work-2,M5O95,2701,2.701,1.2,9,0.09,0.1349483434271464,7,0.07,3.0,16,0.36
work-2,M5O95,2701,2.701,1.4,9,0.09,0.1349483434271464,7,0.07,3.087912087912088,17,0.33
work-2,M5O95,2801,2.801,1.0,6,0.06,0.0802992518703241,6,0.06,2.893617021276596,18,0.34
work-2,M5O95,2801,2.801,1.2,8,0.08,0.0973993587459921,6,0.06,2.9130434782608696,17,0.34
work-2,M5O95,2801,2.801,1.4,13,0.13,0.1691485571784823,6,0.06,3.0919540229885056,15,0.33
work-2,M5O95,2901,2.901,1.0,8,0.08,0.0973993587459921,5,0.05,2.1739130434782608,19,0.42
work-2,M5O95,2901,2.901,1.2,8,0.08,0.0973993587459921,6,0.06,2.4782608695652173,18,0.41
work-2,M5O95,2901,2.901,1.4,8,0.08,0.0973993587459921,6,0.06,2.5217391304347827,18,0.4
work-2,M5O95,3001,3.001,1.0,8,0.08,0.0973993587459921,8,0.08,3.130434782608696,20,0.31
work-2,M5O95,3001,3.001,1.2,16,0.16,0.1947987174919843,8,0.08,3.142857142857143,18,0.28
work-2,M5O95,3001,3.001,1.4,17,0.17,0.2033487709298183,8,0.08,3.216867469879518,18,0.26
work-2,M5O95,3101,3.101,1.0,11,0.11,0.1230495190594941,5,0.05,2.3707865168539324,22,0.3
work-2,M5O95,3101,3.101,1.2,11,0.11,0.1230495190594941,5,0.05,2.595505617977528,22,0.27
work-2,M5O95,3101,3.101,1.4,12,0.12,0.1315995724973281,10,0.1,3.5,19,0.26
work-2,M5O95,3201,3.201,1.0,12,0.12,0.1315995724973281,10,0.1,3.409090909090909,20,0.29
work-2,M5O95,3201,3.201,1.2,15,0.15,0.15724973281083,10,0.1,3.4235294117647057,19,0.29
work-2,M5O95,3201,3.201,1.4,15,0.15,0.15724973281083,14,0.14,4.788235294117647,17,0.27
work-2,M5O95,3301,3.301,1.0,5,0.05,0.0717491984324902,5,0.05,2.705263157894737,22,0.29
work-2,M5O95,3301,3.301,1.2,9,0.09,0.1059494121838261,6,0.06,2.956043956043956,20,0.27
work-2,M5O95,3301,3.301,1.4,9,0.09,0.1059494121838261,7,0.07,3.241758241758242,20,0.25
work-2,M5O95,3401,3.401,1.0,7,0.07,0.0598503740648379,6,0.06,2.634408602150537,24,0.28
work-2,M5O95,3401,3.401,1.2,9,0.09,0.1059494121838261,9,0.09,3.21978021978022,22,0.27
work-2,M5O95,3401,3.401,1.4,10,0.1,0.1434983968649804,9,0.09,3.7777777777777777,20,0.27
work-2,M5O95,3501,3.501,1.0,10,0.1,0.1144994656216601,9,0.09,3.533333333333333,17,0.33
work-2,M5O95,3501,3.501,1.2,16,0.16,0.165799786248664,10,0.1,3.595238095238096,16,0.32
work-2,M5O95,3501,3.501,1.4,16,0.16,0.165799786248664,10,0.1,4.285714285714286,16,0.28
work-2,M5O95,3601,3.601,1.0,15,0.15,0.2152475952974706,11,0.11,3.094117647058824,19,0.32
work-2,M5O95,3601,3.601,1.2,15,0.15,0.2152475952974706,11,0.11,3.235294117647059,19,0.3
work-2,M5O95,3601,3.601,1.4,17,0.17,0.2323477021731385,12,0.12,3.843373493975904,18,0.25
work-2,M5O95,3701,3.701,1.0,9,0.09,0.1349483434271464,8,0.08,3.021978021978022,19,0.35
work-2,M5O95,3701,3.701,1.2,10,0.1,0.1434983968649804,8,0.08,3.1555555555555554,19,0.32
work-2,M5O95,3701,3.701,1.4,12,0.12,0.1605985037406483,9,0.09,3.522727272727273,18,0.3
work-2,M5O95,3801,3.801,1.0,10,0.1,0.1434983968649804,7,0.07,3.022222222222222,21,0.26
work-2,M5O95,3801,3.801,1.2,10,0.1,0.1434983968649804,7,0.07,3.2444444444444445,20,0.26
work-2,M5O95,3801,3.801,1.4,10,0.1,0.1434983968649804,7,0.07,3.311111111111111,20,0.25
work-2,M5O95,3901,3.901,1.0,12,0.12,0.1315995724973281,12,0.12,4.386363636363637,15,0.32
work-2,M5O95,3901,3.901,1.2,12,0.12,0.1315995724973281,12,0.12,4.386363636363637,15,0.32
work-2,M5O95,3901,3.901,1.4,14,0.14,0.1776986106163163,12,0.12,4.5813953488372094,15,0.29
work-2,M5O95,4001,4.001,1.0,12,0.12,0.1605985037406483,7,0.07,2.7954545454545454,18,0.34
work-2,M5O95,4001,4.001,1.2,13,0.13,0.1691485571784823,7,0.07,3.0689655172413794,19,0.28
work-2,M5O95,4001,4.001,1.4,13,0.13,0.1691485571784823,7,0.07,3.1379310344827585,19,0.27
work-2,M5O95,4101,4.101,1.0,9,0.09,0.1059494121838261,7,0.07,2.868131868131868,18,0.34
work-2,M5O95,4101,4.101,1.2,12,0.12,0.1315995724973281,9,0.09,3.363636363636364,16,0.33
work-2,M5O95,4101,4.101,1.4,12,0.12,0.1315995724973281,12,0.12,4.363636363636363,15,0.3
work-2,M5O95,4201,4.2010000000000005,1.0,11,0.11,0.1230495190594941,8,0.08,2.5730337078651684,21,0.34
work-2,M5O95,4201,4.2010000000000005,1.2,11,0.11,0.1230495190594941,8,0.08,2.6853932584269664,21,0.32
work-2,M5O95,4201,4.2010000000000005,1.4,13,0.13,0.1401496259351621,8,0.08,2.7471264367816093,22,0.28
work-2,M5O95,4301,4.301,1.0,11,0.11,0.1230495190594941,9,0.09,3.1123595505617976,11,0.47
work-2,M5O95,4301,4.301,1.2,11,0.11,0.1230495190594941,9,0.09,3.1797752808988764,12,0.44
work-2,M5O95,4301,4.301,1.4,11,0.11,0.1230495190594941,9,0.09,3.1797752808988764,12,0.44
work-2,M5O95,4401,4.401,1.0,12,0.12,0.1605985037406483,4,0.04,2.2954545454545454,21,0.32
work-2,M5O95,4401,4.401,1.2,12,0.12,0.1605985037406483,4,0.04,2.363636363636364,21,0.31
work-2,M5O95,4401,4.401,1.4,12,0.12,0.1605985037406483,8,0.08,2.840909090909091,20,0.29
work-2,M5O95,4501,4.501,1.0,7,0.07,0.0888493053081581,6,0.06,2.5698924731182795,21,0.34
work-2,M5O95,4501,4.501,1.2,7,0.07,0.0888493053081581,6,0.06,2.720430107526881,21,0.32
work-2,M5O95,4501,4.501,1.4,9,0.09,0.1349483434271464,7,0.07,2.89010989010989,21,0.3
work-2,M5O95,4601,4.601,1.0,13,0.13,0.1981474884218026,4,0.04,1.9655172413793105,24,0.32
work-2,M5O95,4601,4.601,1.2,13,0.13,0.1981474884218026,4,0.04,2.103448275862069,25,0.28
work-2,M5O95,4601,4.601,1.4,13,0.13,0.1981474884218026,4,0.04,2.103448275862069,25,0.28
work-2,M5O95,4701,4.7010000000000005,1.0,9,0.09,0.1349483434271464,6,0.06,2.4725274725274726,21,0.33
work-2,M5O95,4701,4.7010000000000005,1.2,14,0.14,0.1776986106163163,6,0.06,2.581395348837209,20,0.3
work-2,M5O95,4701,4.7010000000000005,1.4,14,0.14,0.1776986106163163,6,0.06,2.6744186046511627,20,0.28
work-2,M5O95,4801,4.801,1.0,8,0.08,0.1263982899893124,8,0.08,3.0217391304347827,15,0.41
work-2,M5O95,4801,4.801,1.2,8,0.08,0.1263982899893124,8,0.08,3.0217391304347827,15,0.41
work-2,M5O95,4801,4.801,1.4,11,0.11,0.1230495190594941,8,0.08,3.224719101123596,14,0.39
work-2,M5O95,4901,4.901,1.0,9,0.09,0.1059494121838261,8,0.08,2.5164835164835164,21,0.36
work-2,M5O95,4901,4.901,1.2,9,0.09,0.1059494121838261,9,0.09,2.6923076923076925,21,0.35
work-2,M5O95,4901,4.901,1.4,14,0.14,0.148699679372996,9,0.09,2.883720930232558,19,0.34
work,M10O90,1001,1.001,1.0,14,0.14,0.205849408836341,8,0.08,2.813953488372093,20,0.3
work,M10O90,1001,1.001,1.2,14,0.14,0.205849408836341,8,0.08,2.8372093023255816,21,0.28
work,M10O90,1001,1.001,1.4,16,0.16,0.220784069695084,9,0.09,3.0476190476190474,20,0.27
work,M10O90,1101,1.101,1.0,6,0.06,0.095457373988799,6,0.06,2.404255319148936,20,0.4
work,M10O90,1101,1.101,1.2,12,0.12,0.165588052271313,7,0.07,2.522727272727273,19,0.37
work,M10O90,1101,1.101,1.4,20,0.2,0.25065339141257,6,0.06,2.175,19,0.34
work,M10O90,1201,1.201,1.0,6,0.06,0.070130678282514,5,0.05,2.382978723404255,21,0.37
work,M10O90,1201,1.201,1.2,7,0.07,0.0522713130056005,6,0.06,2.6559139784946235,21,0.34
work,M10O90,1201,1.201,1.4,8,0.08,0.059738643434972,6,0.06,2.6739130434782608,21,0.33
work,M10O90,1301,1.301,1.0,15,0.15,0.2133167392657125,12,0.12,3.5647058823529414,21,0.25
work,M10O90,1301,1.301,1.2,15,0.15,0.2133167392657125,12,0.12,3.5647058823529414,21,0.25
work,M10O90,1301,1.301,1.4,15,0.15,0.2133167392657125,14,0.14,4.317647058823529,19,0.25
work,M10O90,1401,1.401,1.0,18,0.18,0.210392034847542,10,0.1,3.3902439024390243,16,0.31
work,M10O90,1401,1.401,1.2,18,0.18,0.210392034847542,10,0.1,3.3902439024390243,16,0.31
work,M10O90,1401,1.401,1.4,18,0.18,0.210392034847542,10,0.1,3.414634146341464,17,0.29
work,M10O90,1501,1.501,1.0,13,0.13,0.1730553827006845,7,0.07,2.5402298850574714,12,0.47
work,M10O90,1501,1.501,1.2,16,0.16,0.220784069695084,8,0.08,2.7142857142857144,12,0.44
work,M10O90,1501,1.501,1.4,16,0.16,0.220784069695084,9,0.09,2.9285714285714284,13,0.41
work,M10O90,1601,1.601,1.0,13,0.13,0.1477286869943995,5,0.05,2.1494252873563218,26,0.27
work,M10O90,1601,1.601,1.2,13,0.13,0.1477286869943995,6,0.06,2.264367816091954,26,0.26
work,M10O90,1601,1.601,1.4,15,0.15,0.1626633478531425,6,0.06,2.2705882352941176,25,0.26
work,M10O90,1701,1.701,1.0,13,0.13,0.1730553827006845,8,0.08,3.0919540229885056,19,0.29
work,M10O90,1701,1.701,1.2,13,0.13,0.1730553827006845,11,0.11,3.8045977011494254,18,0.27
work,M10O90,1701,1.701,1.4,13,0.13,0.1730553827006845,11,0.11,4.149425287356322,17,0.27
work,M10O90,1801,1.801,1.0,16,0.16,0.220784069695084,5,0.05,1.9047619047619049,19,0.4
work,M10O90,1801,1.801,1.2,16,0.16,0.220784069695084,5,0.05,1.9523809523809523,19,0.39
work,M10O90,1801,1.801,1.4,16,0.16,0.220784069695084,5,0.05,2.119047619047619,19,0.37
work,M10O90,1901,1.901,1.0,10,0.1,0.125326695706285,8,0.08,3.1555555555555554,19,0.3
work,M10O90,1901,1.901,1.2,10,0.1,0.125326695706285,8,0.08,3.2888888888888888,18,0.3
work,M10O90,1901,1.901,1.4,11,0.11,0.1327940261356565,8,0.08,3.786516853932584,17,0.28
work,M10O90,2001,2.001,1.0,9,0.09,0.0925326695706285,9,0.09,2.89010989010989,20,0.34
work,M10O90,2001,2.001,1.2,11,0.11,0.1581207218419415,9,0.09,3.134831460674157,18,0.32
work,M10O90,2001,2.001,1.4,11,0.11,0.1581207218419415,9,0.09,3.786516853932584,17,0.28
work,M10O90,2101,2.101,1.0,11,0.11,0.1581207218419415,8,0.08,3.7191011235955056,21,0.19
work,M10O90,2101,2.101,1.2,15,0.15,0.1879900435594275,8,0.08,3.7058823529411766,20,0.19
work,M10O90,2101,2.101,1.4,15,0.15,0.1879900435594275,8,0.08,3.752941176470588,20,0.18
work,M10O90,2201,2.201,1.0,11,0.11,0.1581207218419415,7,0.07,2.662921348314607,19,0.34
work,M10O90,2201,2.201,1.2,11,0.11,0.1581207218419415,8,0.08,2.9775280898876404,21,0.28
work,M10O90,2201,2.201,1.4,21,0.21,0.2834474175482265,6,0.06,2.569620253164557,19,0.27
work,M10O90,2301,2.301,1.0,17,0.17,0.1775980087118855,12,0.12,3.626506024096385,16,0.32
work,M10O90,2301,2.301,1.2,17,0.17,0.1775980087118855,12,0.12,3.963855421686747,16,0.29
work,M10O90,2301,2.301,1.4,18,0.18,0.185065339141257,13,0.13,4.463414634146342,16,0.26
work,M10O90,2401,2.401,1.0,23,0.23,0.2983820784069695,5,0.05,2.038961038961039,16,0.37
work,M10O90,2401,2.401,1.2,23,0.23,0.2983820784069695,8,0.08,2.5844155844155843,15,0.35
work,M10O90,2401,2.401,1.4,27,0.27,0.3282514001244555,8,0.08,2.589041095890411,14,0.34
work,M10O90,2501,2.501,1.0,14,0.14,0.180522713130056,8,0.08,3.046511627906977,16,0.34
work,M10O90,2501,2.501,1.2,15,0.15,0.1879900435594275,9,0.09,3.5176470588235293,16,0.31
work,M10O90,2501,2.501,1.4,15,0.15,0.1879900435594275,12,0.12,4.247058823529412,15,0.3
work,M10O90,2601,2.601,1.0,11,0.11,0.1074673304293715,10,0.1,3.943820224719101,20,0.23
work,M10O90,2601,2.601,1.2,11,0.11,0.1074673304293715,10,0.1,4.303370786516854,19,0.21
work,M10O90,2601,2.601,1.4,12,0.12,0.140261356565028,11,0.11,4.886363636363637,18,0.21
work,M10O90,2701,2.701,1.0,9,0.09,0.0925326695706285,8,0.08,3.3736263736263736,21,0.25
work,M10O90,2701,2.701,1.2,9,0.09,0.0925326695706285,9,0.09,3.659340659340659,21,0.22
work,M10O90,2701,2.701,1.4,9,0.09,0.0925326695706285,9,0.09,4.010989010989011,19,0.22
work,M10O90,2801,2.801,1.0,32,0.32,0.365588052271313,8,0.08,2.735294117647059,12,0.33
work,M10O90,2801,2.801,1.2,33,0.33,0.3730553827006845,8,0.08,2.7611940298507465,12,0.32
work,M10O90,2801,2.801,1.4,41,0.41,0.4581207218419415,8,0.08,2.4915254237288136,11,0.3
work,M10O90,2901,2.901,1.0,12,0.12,0.089607965152458,7,0.07,3.113636363636364,22,0.23
work,M10O90,2901,2.901,1.2,12,0.12,0.089607965152458,9,0.09,3.590909090909091,21,0.21
work,M10O90,2901,2.901,1.4,12,0.12,0.089607965152458,10,0.1,3.9318181818181817,21,0.19
work,M10O90,3001,3.001,1.0,13,0.13,0.1730553827006845,11,0.11,2.954022988505747,16,0.43
work,M10O90,3001,3.001,1.2,24,0.24,0.331176104542626,7,0.07,1.947368421052632,15,0.42
work,M10O90,3001,3.001,1.4,26,0.26,0.346110765401369,7,0.07,2.027027027027027,15,0.39
work,M10O90,3101,3.101,1.0,7,0.07,0.1029247044181705,7,0.07,2.6129032258064515,17,0.43
work,M10O90,3101,3.101,1.2,14,0.14,0.231176104542626,7,0.07,2.441860465116279,16,0.41
work,M10O90,3101,3.101,1.4,14,0.14,0.231176104542626,7,0.07,2.511627906976744,17,0.38
work,M10O90,3201,3.201,1.0,22,0.22,0.316241443683883,10,0.1,3.333333333333333,17,0.29
work,M10O90,3201,3.201,1.2,25,0.25,0.3386434349719975,10,0.1,3.3466666666666667,16,0.29
work,M10O90,3201,3.201,1.4,25,0.25,0.3386434349719975,10,0.1,3.453333333333333,15,0.29
work,M10O90,3301,3.301,1.0,21,0.21,0.2834474175482265,10,0.1,3.278481012658228,12,0.36
work,M10O90,3301,3.301,1.2,21,0.21,0.2834474175482265,10,0.1,3.3797468354430378,12,0.35
work,M10O90,3301,3.301,1.4,21,0.21,0.2834474175482265,11,0.11,3.708860759493671,12,0.33
work,M10O90,3401,3.401,1.0,18,0.18,0.235718730553827,5,0.05,2.365853658536585,17,0.34
work,M10O90,3401,3.401,1.2,26,0.26,0.346110765401369,5,0.05,2.27027027027027,15,0.33
work,M10O90,3401,3.401,1.4,26,0.26,0.346110765401369,5,0.05,2.324324324324324,15,0.32
work,M10O90,3501,3.501,1.0,12,0.12,0.165588052271313,10,0.1,3.75,16,0.35
work,M10O90,3501,3.501,1.2,12,0.12,0.165588052271313,10,0.1,3.7954545454545454,16,0.34
work,M10O90,3501,3.501,1.4,15,0.15,0.1879900435594275,10,0.1,3.8705882352941177,15,0.33
work,M10O90,3601,3.601,1.0,7,0.07,0.0775980087118855,6,0.06,2.677419354838709,19,0.37
work,M10O90,3601,3.601,1.2,7,0.07,0.0775980087118855,6,0.06,2.677419354838709,19,0.37
work,M10O90,3601,3.601,1.4,10,0.1,0.125326695706285,7,0.07,3.1555555555555554,16,0.35
work,M10O90,3701,3.701,1.0,23,0.23,0.2477286869943995,8,0.08,2.7142857142857144,15,0.33
work,M10O90,3701,3.701,1.2,23,0.23,0.2477286869943995,10,0.1,3.2857142857142856,13,0.33
work,M10O90,3701,3.701,1.4,26,0.26,0.295457373988799,10,0.1,3.2972972972972974,12,0.33
work,M10O90,3801,3.801,1.0,16,0.16,0.195457373988799,12,0.12,4.5,15,0.3
work,M10O90,3801,3.801,1.2,17,0.17,0.2029247044181705,13,0.13,4.831325301204819,15,0.28
work,M10O90,3801,3.801,1.4,18,0.18,0.210392034847542,13,0.13,4.878048780487805,15,0.27
work,M10O90,3901,3.901,1.0,17,0.17,0.2282514001244555,11,0.11,3.602409638554217,17,0.3
work,M10O90,3901,3.901,1.2,17,0.17,0.2282514001244555,13,0.13,4.132530120481928,16,0.3
work,M10O90,3901,3.901,1.4,19,0.19,0.2431860609831985,14,0.14,4.530864197530864,16,0.27
work,M10O90,4001,4.001,1.0,16,0.16,0.271437461107654,9,0.09,2.738095238095238,17,0.37
work,M10O90,4001,4.001,1.2,16,0.16,0.271437461107654,9,0.09,2.880952380952381,18,0.34
work,M10O90,4001,4.001,1.4,16,0.16,0.271437461107654,9,0.09,3.0,18,0.32
work,M10O90,4101,4.101,1.0,17,0.17,0.2789047915370255,5,0.05,1.987951807228916,16,0.43
work,M10O90,4101,4.101,1.2,17,0.17,0.2789047915370255,7,0.07,2.325301204819277,16,0.4
work,M10O90,4101,4.101,1.4,17,0.17,0.2789047915370255,8,0.08,2.8313253012048194,15,0.38
work,M10O90,4201,4.2010000000000005,1.0,25,0.25,0.3386434349719975,9,0.09,2.546666666666667,12,0.41
work,M10O90,4201,4.2010000000000005,1.2,28,0.28,0.361045426260112,9,0.09,2.583333333333333,11,0.4
work,M10O90,4201,4.2010000000000005,1.4,30,0.3,0.375980087118855,11,0.11,3.1142857142857143,9,0.4
work,M10O90,4301,4.301,1.0,15,0.15,0.1626633478531425,7,0.07,2.717647058823529,14,0.42
work,M10O90,4301,4.301,1.2,15,0.15,0.1626633478531425,10,0.1,3.4705882352941178,13,0.39
work,M10O90,4301,4.301,1.4,15,0.15,0.1626633478531425,10,0.1,3.8,13,0.36
work,M10O90,4401,4.401,1.0,15,0.15,0.2133167392657125,11,0.11,3.752941176470588,14,0.37
work,M10O90,4401,4.401,1.2,15,0.15,0.2133167392657125,12,0.12,4.0588235294117645,14,0.35
work,M10O90,4401,4.401,1.4,15,0.15,0.2133167392657125,12,0.12,4.0588235294117645,14,0.35
work,M10O90,4501,4.501,1.0,32,0.32,0.390914747977598,6,0.06,2.3529411764705883,16,0.27
work,M10O90,4501,4.501,1.2,32,0.32,0.390914747977598,6,0.06,2.3529411764705883,16,0.27
work,M10O90,4501,4.501,1.4,38,0.38,0.461045426260112,5,0.05,2.0,15,0.27
work,M10O90,4601,4.601,1.0,15,0.15,0.1879900435594275,10,0.1,3.541176470588235,15,0.36
work,M10O90,4601,4.601,1.2,25,0.25,0.2879900435594275,10,0.1,2.92,14,0.35
work,M10O90,4601,4.601,1.4,35,0.35,0.4386434349719975,5,0.05,1.8307692307692307,13,0.35
work,M10O90,4701,4.7010000000000005,1.0,8,0.08,0.135718730553827,7,0.07,2.760869565217391,15,0.44
work,M10O90,4701,4.7010000000000005,1.2,11,0.11,0.1834474175482265,7,0.07,2.797752808988764,14,0.43
work,M10O90,4701,4.7010000000000005,1.4,11,0.11,0.1834474175482265,7,0.07,2.797752808988764,14,0.43
work,M10O90,4801,4.801,1.0,7,0.07,0.1029247044181705,6,0.06,2.290322580645161,20,0.4
work,M10O90,4801,4.801,1.2,8,0.08,0.085065339141257,7,0.07,2.4130434782608696,19,0.4
work,M10O90,4801,4.801,1.4,8,0.08,0.085065339141257,7,0.07,2.4130434782608696,19,0.4
work,M10O90,4901,4.901,1.0,19,0.19,0.2685127566894835,10,0.1,3.2962962962962963,14,0.37
work,M10O90,4901,4.901,1.2,27,0.27,0.3535780958307405,10,0.1,3.136986301369863,14,0.32
work,M10O90,4901,4.901,1.4,28,0.28,0.361045426260112,10,0.1,3.1666666666666665,14,0.31
work-1,M10O90,1001,1.001,1.0,15,0.15,0.1879900435594275,12,0.12,3.541176470588235,17,0.32
work-1,M10O90,1001,1.001,1.2,28,0.28,0.335718730553827,5,0.05,2.1666666666666665,16,0.31
work-1,M10O90,1001,1.001,1.4,28,0.28,0.335718730553827,5,0.05,2.2222222222222223,18,0.27
work-1,M10O90,1101,1.101,1.0,19,0.19,0.2431860609831985,13,0.13,3.6666666666666665,16,0.33
work-1,M10O90,1101,1.101,1.2,19,0.19,0.2431860609831985,13,0.13,3.6666666666666665,16,0.33
work-1,M10O90,1101,1.101,1.4,19,0.19,0.2431860609831985,13,0.13,3.7901234567901234,16,0.31
work-1,M10O90,1201,1.201,1.0,24,0.24,0.331176104542626,10,0.1,3.421052631578948,15,0.3
work-1,M10O90,1201,1.201,1.2,26,0.26,0.346110765401369,10,0.1,3.4864864864864864,15,0.28
work-1,M10O90,1201,1.201,1.4,38,0.38,0.486372121966397,7,0.07,2.5161290322580645,14,0.26
work-1,M10O90,1301,1.301,1.0,14,0.14,0.180522713130056,8,0.08,2.9302325581395348,23,0.25
work-1,M10O90,1301,1.301,1.2,14,0.14,0.180522713130056,10,0.1,3.302325581395349,22,0.25
work-1,M10O90,1301,1.301,1.4,14,0.14,0.180522713130056,11,0.11,3.5348837209302326,22,0.24
work-1,M10O90,1401,1.401,1.0,27,0.27,0.3282514001244555,8,0.08,2.8904109589041096,13,0.32
work-1,M10O90,1401,1.401,1.2,31,0.31,0.3834474175482265,8,0.08,3.1159420289855078,12,0.29
work-1,M10O90,1401,1.401,1.4,31,0.31,0.3834474175482265,8,0.08,3.1159420289855078,12,0.29
work-1,M10O90,1501,1.501,1.0,9,0.09,0.1431860609831985,8,0.08,2.758241758241758,21,0.35
work-1,M10O90,1501,1.501,1.2,10,0.1,0.15065339141257,9,0.09,3.1777777777777776,22,0.28
work-1,M10O90,1501,1.501,1.4,10,0.1,0.15065339141257,9,0.09,3.2666666666666666,21,0.28
work-1,M10O90,1601,1.601,1.0,7,0.07,0.1029247044181705,6,0.06,2.247311827956989,21,0.39
work-1,M10O90,1601,1.601,1.2,7,0.07,0.1029247044181705,6,0.06,2.290322580645161,23,0.35
work-1,M10O90,1601,1.601,1.4,9,0.09,0.1178593652769135,6,0.06,2.4065934065934065,22,0.34
work-1,M10O90,1701,1.701,1.0,13,0.13,0.1224019912881144,8,0.08,3.160919540229885,17,0.34
work-1,M10O90,1701,1.701,1.2,14,0.14,0.129869321717486,10,0.1,3.558139534883721,16,0.33
work-1,M10O90,1701,1.701,1.4,14,0.14,0.129869321717486,10,0.1,3.558139534883721,16,0.33
work-1,M10O90,1801,1.801,1.0,11,0.11,0.1327940261356565,5,0.05,2.146067415730337,19,0.4
work-1,M10O90,1801,1.801,1.2,11,0.11,0.1327940261356565,8,0.08,2.6853932584269664,17,0.39
work-1,M10O90,1801,1.801,1.4,11,0.11,0.1327940261356565,8,0.08,2.707865168539326,18,0.37
work-1,M10O90,1901,1.901,1.0,22,0.22,0.240261356565028,9,0.09,3.8461538461538463,14,0.27
work-1,M10O90,1901,1.901,1.2,24,0.24,0.305849408836341,10,0.1,4.315789473684211,12,0.27
work-1,M10O90,1901,1.901,1.4,24,0.24,0.305849408836341,10,0.1,4.315789473684211,12,0.27
work-1,M10O90,2001,2.001,1.0,15,0.15,0.1879900435594275,8,0.08,2.6,19,0.34
work-1,M10O90,2001,2.001,1.2,16,0.16,0.195457373988799,8,0.08,2.738095238095238,19,0.31
work-1,M10O90,2001,2.001,1.4,16,0.16,0.195457373988799,8,0.08,3.380952380952381,17,0.28
work-1,M10O90,2101,2.101,1.0,16,0.16,0.170130678282514,6,0.06,2.4285714285714284,18,0.34
work-1,M10O90,2101,2.101,1.2,16,0.16,0.170130678282514,6,0.06,2.5476190476190474,19,0.31
work-1,M10O90,2101,2.101,1.4,18,0.18,0.185065339141257,8,0.08,3.0,18,0.28
work-1,M10O90,2201,2.201,1.0,11,0.11,0.1581207218419415,9,0.09,3.561797752808989,14,0.37
work-1,M10O90,2201,2.201,1.2,15,0.15,0.1879900435594275,9,0.09,3.6588235294117646,13,0.35
work-1,M10O90,2201,2.201,1.4,15,0.15,0.1879900435594275,9,0.09,3.8705882352941177,13,0.33
work-1,M10O90,2301,2.301,1.0,9,0.09,0.1178593652769135,7,0.07,3.0,15,0.39
work-1,M10O90,2301,2.301,1.2,13,0.13,0.1730553827006845,10,0.1,3.942528735632184,12,0.38
work-1,M10O90,2301,2.301,1.4,15,0.15,0.1626633478531425,13,0.13,4.694117647058824,11,0.38
work-1,M10O90,2401,2.401,1.0,11,0.11,0.1581207218419415,5,0.05,2.235955056179775,22,0.33
work-1,M10O90,2401,2.401,1.2,11,0.11,0.1581207218419415,5,0.05,2.50561797752809,22,0.28
work-1,M10O90,2401,2.401,1.4,11,0.11,0.1581207218419415,9,0.09,3.02247191011236,21,0.27
work-1,M10O90,2501,2.501,1.0,15,0.15,0.1879900435594275,13,0.13,4.129411764705883,17,0.3
work-1,M10O90,2501,2.501,1.2,15,0.15,0.1879900435594275,13,0.13,4.129411764705883,17,0.3
work-1,M10O90,2501,2.501,1.4,16,0.16,0.220784069695084,13,0.13,4.238095238095238,18,0.26
work-1,M10O90,2601,2.601,1.0,8,0.08,0.110392034847542,8,0.08,2.608695652173913,16,0.44
work-1,M10O90,2601,2.601,1.2,8,0.08,0.110392034847542,8,0.08,2.760869565217391,17,0.41
work-1,M10O90,2601,2.601,1.4,8,0.08,0.110392034847542,8,0.08,2.847826086956522,17,0.39
work-1,M10O90,2701,2.701,1.0,20,0.2,0.25065339141257,14,0.14,3.8,14,0.38
work-1,M10O90,2701,2.701,1.2,20,0.2,0.25065339141257,15,0.15,4.275,15,0.34
work-1,M10O90,2701,2.701,1.4,21,0.21,0.2327940261356565,20,0.2,6.265822784810126,14,0.32
work-1,M10O90,2801,2.801,1.0,8,0.08,0.085065339141257,7,0.07,2.608695652173913,18,0.4
work-1,M10O90,2801,2.801,1.2,8,0.08,0.085065339141257,7,0.07,2.608695652173913,18,0.4
work-1,M10O90,2801,2.801,1.4,8,0.08,0.085065339141257,7,0.07,2.652173913043478,20,0.36
work-1,M10O90,2901,2.901,1.0,17,0.17,0.2535780958307405,6,0.06,2.5421686746987957,18,0.33
work-1,M10O90,2901,2.901,1.2,17,0.17,0.2535780958307405,6,0.06,2.5421686746987957,18,0.33
work-1,M10O90,2901,2.901,1.4,17,0.17,0.2535780958307405,6,0.06,2.5421686746987957,18,0.33
work-1,M10O90,3001,3.001,1.0,11,0.11,0.1327940261356565,6,0.06,2.101123595505618,18,0.43
work-1,M10O90,3001,3.001,1.2,12,0.12,0.140261356565028,6,0.06,2.1818181818181817,19,0.39
work-1,M10O90,3001,3.001,1.4,12,0.12,0.140261356565028,6,0.06,2.477272727272727,18,0.37
work-1,M10O90,3101,3.101,1.0,6,0.06,0.070130678282514,6,0.06,2.702127659574468,23,0.29
work-1,M10O90,3101,3.101,1.2,11,0.11,0.1581207218419415,6,0.06,2.5730337078651684,22,0.29
work-1,M10O90,3101,3.101,1.4,17,0.17,0.2282514001244555,5,0.05,2.325301204819277,21,0.29
work-1,M10O90,3201,3.201,1.0,20,0.2,0.25065339141257,12,0.12,3.4,12,0.4
work-1,M10O90,3201,3.201,1.2,20,0.2,0.25065339141257,14,0.14,4.125,13,0.35
work-1,M10O90,3201,3.201,1.4,21,0.21,0.2581207218419415,14,0.14,4.1645569620253164,13,0.34
work-1,M10O90,3301,3.301,1.0,17,0.17,0.2029247044181705,7,0.07,2.8313253012048194,17,0.32
work-1,M10O90,3301,3.301,1.2,18,0.18,0.210392034847542,10,0.1,3.658536585365854,15,0.3
work-1,M10O90,3301,3.301,1.4,18,0.18,0.210392034847542,10,0.1,3.707317073170732,15,0.29
work-1,M10O90,3401,3.401,1.0,10,0.1,0.0746733042937149,4,0.04,2.022222222222222,22,0.37
work-1,M10O90,3401,3.401,1.2,13,0.13,0.1224019912881144,6,0.06,2.4022988505747125,20,0.34
work-1,M10O90,3401,3.401,1.4,13,0.13,0.1224019912881144,6,0.06,2.4482758620689653,20,0.33
work-1,M10O90,3501,3.501,1.0,10,0.1,0.125326695706285,9,0.09,3.3777777777777778,22,0.25
work-1,M10O90,3501,3.501,1.2,19,0.19,0.2431860609831985,16,0.16,4.827160493827161,19,0.24
work-1,M10O90,3501,3.501,1.4,19,0.19,0.2431860609831985,16,0.16,4.950617283950617,19,0.23
work-1,M10O90,3601,3.601,1.0,21,0.21,0.2581207218419415,15,0.15,4.417721518987341,14,0.33
work-1,M10O90,3601,3.601,1.2,21,0.21,0.2581207218419415,16,0.16,4.89873417721519,14,0.31
work-1,M10O90,3601,3.601,1.4,23,0.23,0.2730553827006845,16,0.16,4.974025974025974,13,0.31
work-1,M10O90,3701,3.701,1.0,9,0.09,0.1431860609831985,9,0.09,3.8351648351648353,18,0.3
work-1,M10O90,3701,3.701,1.2,9,0.09,0.1431860609831985,9,0.09,3.8351648351648353,18,0.3
work-1,M10O90,3701,3.701,1.4,9,0.09,0.1431860609831985,9,0.09,4.054945054945055,17,0.28
work-1,M10O90,3801,3.801,1.0,20,0.2,0.25065339141257,15,0.15,4.475,20,0.22
work-1,M10O90,3801,3.801,1.2,22,0.22,0.265588052271313,15,0.15,4.641025641025641,19,0.21
work-1,M10O90,3801,3.801,1.4,22,0.22,0.265588052271313,16,0.16,5.0256410256410255,19,0.2
work-1,M10O90,3901,3.901,1.0,20,0.2,0.25065339141257,8,0.08,3.1,16,0.3
work-1,M10O90,3901,3.901,1.2,22,0.22,0.290914747977598,8,0.08,3.1538461538461537,16,0.28
work-1,M10O90,3901,3.901,1.4,24,0.24,0.305849408836341,8,0.08,3.210526315789474,16,0.26
work-1,M10O90,4001,4.001,1.0,19,0.19,0.2431860609831985,12,0.12,4.851851851851852,13,0.29
work-1,M10O90,4001,4.001,1.2,19,0.19,0.2431860609831985,12,0.12,4.851851851851852,13,0.29
work-1,M10O90,4001,4.001,1.4,20,0.2,0.25065339141257,12,0.12,4.95,13,0.27
work-1,M10O90,4101,4.101,1.0,8,0.08,0.110392034847542,6,0.06,2.608695652173913,22,0.32
work-1,M10O90,4101,4.101,1.2,9,0.09,0.1178593652769135,7,0.07,2.912087912087912,22,0.29
work-1,M10O90,4101,4.101,1.4,12,0.12,0.140261356565028,8,0.08,3.477272727272727,19,0.27
work-1,M10O90,4201,4.2010000000000005,1.0,11,0.11,0.1581207218419415,10,0.1,3.134831460674157,24,0.23
work-1,M10O90,4201,4.2010000000000005,1.2,11,0.11,0.1581207218419415,10,0.1,3.359550561797753,23,0.21
work-1,M10O90,4201,4.2010000000000005,1.4,14,0.14,0.180522713130056,10,0.1,3.674418604651162,22,0.18
work-1,M10O90,4301,4.301,1.0,19,0.19,0.2178593652769135,9,0.09,3.0246913580246915,19,0.27
work-1,M10O90,4301,4.301,1.2,19,0.19,0.2178593652769135,9,0.09,3.0246913580246915,19,0.27
work-1,M10O90,4301,4.301,1.4,19,0.19,0.2178593652769135,11,0.11,3.493827160493827,19,0.25
work-1,M10O90,4401,4.401,1.0,10,0.1,0.125326695706285,8,0.08,3.022222222222222,20,0.29
work-1,M10O90,4401,4.401,1.2,12,0.12,0.140261356565028,10,0.1,3.7954545454545454,18,0.28
work-1,M10O90,4401,4.401,1.4,14,0.14,0.155196017423771,10,0.1,4.186046511627907,16,0.28
work-1,M10O90,4501,4.501,1.0,13,0.13,0.1730553827006845,12,0.12,3.2528735632183907,18,0.37
work-1,M10O90,4501,4.501,1.2,13,0.13,0.1730553827006845,12,0.12,3.2528735632183907,18,0.37
work-1,M10O90,4501,4.501,1.4,13,0.13,0.1730553827006845,12,0.12,3.2528735632183907,18,0.37
work-1,M10O90,4601,4.601,1.0,9,0.09,0.1431860609831985,6,0.06,2.6263736263736264,20,0.33
work-1,M10O90,4601,4.601,1.2,9,0.09,0.1431860609831985,6,0.06,2.868131868131868,19,0.32
work-1,M10O90,4601,4.601,1.4,9,0.09,0.1431860609831985,6,0.06,2.868131868131868,19,0.32
work-1,M10O90,4701,4.7010000000000005,1.0,12,0.12,0.140261356565028,10,0.1,3.4545454545454546,18,0.33
work-1,M10O90,4701,4.7010000000000005,1.2,12,0.12,0.140261356565028,10,0.1,3.4545454545454546,18,0.33
work-1,M10O90,4701,4.7010000000000005,1.4,12,0.12,0.140261356565028,10,0.1,3.863636363636364,17,0.31
work-1,M10O90,4801,4.801,1.0,17,0.17,0.2029247044181705,16,0.16,4.421686746987952,11,0.44
work-1,M10O90,4801,4.801,1.2,17,0.17,0.2029247044181705,16,0.16,4.493975903614458,11,0.43
work-1,M10O90,4801,4.801,1.4,17,0.17,0.2029247044181705,16,0.16,4.566265060240964,12,0.4
work-1,M10O90,4901,4.901,1.0,14,0.14,0.256502800248911,10,0.1,3.0232558139534884,20,0.33
work-1,M10O90,4901,4.901,1.2,14,0.14,0.256502800248911,11,0.11,3.302325581395349,20,0.31
work-1,M10O90,4901,4.901,1.4,14,0.14,0.256502800248911,11,0.11,3.302325581395349,20,0.31
work-2,M10O90,1001,1.001,1.0,18,0.18,0.286372121966397,6,0.06,2.268292682926829,15,0.4
work-2,M10O90,1001,1.001,1.2,18,0.18,0.286372121966397,6,0.06,2.268292682926829,15,0.4
work-2,M10O90,1001,1.001,1.4,18,0.18,0.286372121966397,6,0.06,2.4390243902439024,15,0.37
work-2,M10O90,1101,1.101,1.0,11,0.11,0.1581207218419415,10,0.1,3.224719101123596,19,0.33
work-2,M10O90,1101,1.101,1.2,21,0.21,0.3087741132545115,9,0.09,2.7468354430379747,18,0.31
work-2,M10O90,1101,1.101,1.4,27,0.27,0.3535780958307405,9,0.09,3.0821917808219177,16,0.28
work-2,M10O90,1201,1.201,1.0,16,0.16,0.170130678282514,11,0.11,3.8333333333333335,15,0.33
work-2,M10O90,1201,1.201,1.2,16,0.16,0.170130678282514,15,0.15,4.9523809523809526,14,0.32
work-2,M10O90,1201,1.201,1.4,17,0.17,0.1775980087118855,15,0.15,5.0,14,0.31
work-2,M10O90,1301,1.301,1.0,17,0.17,0.2535780958307405,7,0.07,2.3012048192771086,18,0.36
work-2,M10O90,1301,1.301,1.2,18,0.18,0.261045426260112,7,0.07,2.317073170731707,18,0.35
work-2,M10O90,1301,1.301,1.4,18,0.18,0.261045426260112,8,0.08,2.5365853658536586,18,0.33
work-2,M10O90,1401,1.401,1.0,11,0.11,0.1581207218419415,9,0.09,3.49438202247191,20,0.23
work-2,M10O90,1401,1.401,1.2,20,0.2,0.326633478531425,9,0.09,3.5,19,0.2
work-2,M10O90,1401,1.401,1.4,20,0.2,0.326633478531425,9,0.09,3.5,19,0.2
work-2,M10O90,1501,1.501,1.0,13,0.13,0.1477286869943995,10,0.1,3.4827586206896552,17,0.32
work-2,M10O90,1501,1.501,1.2,13,0.13,0.1477286869943995,10,0.1,3.4827586206896552,17,0.32
work-2,M10O90,1501,1.501,1.4,13,0.13,0.1477286869943995,10,0.1,3.6666666666666665,17,0.31
work-2,M10O90,1601,1.601,1.0,10,0.1,0.175980087118855,6,0.06,2.333333333333333,22,0.34
work-2,M10O90,1601,1.601,1.2,10,0.1,0.175980087118855,6,0.06,2.6666666666666665,20,0.33
work-2,M10O90,1601,1.601,1.4,10,0.1,0.175980087118855,6,0.06,2.7555555555555555,20,0.32
work-2,M10O90,1701,1.701,1.0,8,0.08,0.110392034847542,8,0.08,3.3260869565217392,18,0.32
work-2,M10O90,1701,1.701,1.2,9,0.09,0.0925326695706285,8,0.08,3.527472527472528,17,0.31
work-2,M10O90,1701,1.701,1.4,12,0.12,0.140261356565028,9,0.09,3.7954545454545454,16,0.3
work-2,M10O90,1801,1.801,1.0,13,0.13,0.1983820784069695,9,0.09,3.2758620689655173,16,0.36
work-2,M10O90,1801,1.801,1.2,13,0.13,0.1983820784069695,9,0.09,3.413793103448276,15,0.36
work-2,M10O90,1801,1.801,1.4,13,0.13,0.1983820784069695,9,0.09,3.528735632183908,15,0.35
work-2,M10O90,1901,1.901,1.0,10,0.1,0.125326695706285,7,0.07,2.977777777777778,18,0.34
work-2,M10O90,1901,1.901,1.2,10,0.1,0.125326695706285,7,0.07,3.4444444444444446,17,0.32
work-2,M10O90,1901,1.901,1.4,10,0.1,0.125326695706285,7,0.07,3.488888888888889,17,0.31
work-2,M10O90,2001,2.001,1.0,10,0.1,0.15065339141257,7,0.07,3.088888888888889,18,0.31
work-2,M10O90,2001,2.001,1.2,10,0.1,0.15065339141257,9,0.09,3.422222222222222,18,0.29
work-2,M10O90,2001,2.001,1.4,11,0.11,0.1581207218419415,10,0.1,3.831460674157303,19,0.23
work-2,M10O90,2101,2.101,1.0,8,0.08,0.135718730553827,8,0.08,2.3043478260869565,17,0.47
work-2,M10O90,2101,2.101,1.2,9,0.09,0.1431860609831985,8,0.08,2.6263736263736264,16,0.44
work-2,M10O90,2101,2.101,1.4,9,0.09,0.1431860609831985,8,0.08,3.087912087912088,14,0.43
work-2,M10O90,2201,2.201,1.0,14,0.14,0.180522713130056,8,0.08,2.488372093023256,21,0.33
work-2,M10O90,2201,2.201,1.2,18,0.18,0.235718730553827,10,0.1,3.073170731707317,18,0.3
work-2,M10O90,2201,2.201,1.4,18,0.18,0.235718730553827,10,0.1,3.1463414634146343,19,0.27
work-2,M10O90,2301,2.301,1.0,11,0.11,0.1327940261356565,10,0.1,3.224719101123596,20,0.31
work-2,M10O90,2301,2.301,1.2,11,0.11,0.1327940261356565,10,0.1,3.224719101123596,20,0.31
work-2,M10O90,2301,2.301,1.4,11,0.11,0.1327940261356565,10,0.1,3.49438202247191,21,0.26
work-2,M10O90,2401,2.401,1.0,8,0.08,0.110392034847542,8,0.08,3.065217391304348,20,0.31
work-2,M10O90,2401,2.401,1.2,8,0.08,0.110392034847542,8,0.08,3.1956521739130435,19,0.31
work-2,M10O90,2401,2.401,1.4,8,0.08,0.110392034847542,8,0.08,3.282608695652174,21,0.26
work-2,M10O90,2501,2.501,1.0,17,0.17,0.2029247044181705,6,0.06,2.6626506024096384,15,0.35
work-2,M10O90,2501,2.501,1.2,22,0.22,0.265588052271313,6,0.06,2.5641025641025643,14,0.34
work-2,M10O90,2501,2.501,1.4,28,0.28,0.335718730553827,6,0.06,2.555555555555556,13,0.31
work-2,M10O90,2601,2.601,1.0,11,0.11,0.1327940261356565,11,0.11,3.764044943820225,16,0.34
work-2,M10O90,2601,2.601,1.2,11,0.11,0.1327940261356565,11,0.11,3.966292134831461,15,0.33
work-2,M10O90,2601,2.601,1.4,17,0.17,0.2029247044181705,11,0.11,4.493975903614458,13,0.31
work-2,M10O90,2701,2.701,1.0,11,0.11,0.1327940261356565,6,0.06,2.797752808988764,21,0.28
work-2,M10O90,2701,2.701,1.2,11,0.11,0.1327940261356565,7,0.07,3.067415730337079,21,0.25
work-2,M10O90,2701,2.701,1.4,11,0.11,0.1327940261356565,7,0.07,3.067415730337079,21,0.25
work-2,M10O90,2801,2.801,1.0,10,0.1,0.15065339141257,6,0.06,2.466666666666667,16,0.42
work-2,M10O90,2801,2.801,1.2,13,0.13,0.1730553827006845,9,0.09,2.9080459770114944,14,0.42
work-2,M10O90,2801,2.801,1.4,13,0.13,0.1730553827006845,11,0.11,3.3448275862068964,14,0.4
work-2,M10O90,2901,2.901,1.0,8,0.08,0.085065339141257,5,0.05,2.1956521739130435,19,0.41
work-2,M10O90,2901,2.901,1.2,17,0.17,0.2282514001244555,4,0.04,1.9397590361445785,17,0.41
work-2,M10O90,2901,2.901,1.4,18,0.18,0.235718730553827,5,0.05,2.097560975609756,17,0.38
work-2,M10O90,3001,3.001,1.0,12,0.12,0.140261356565028,8,0.08,2.886363636363636,21,0.3
work-2,M10O90,3001,3.001,1.2,12,0.12,0.140261356565028,9,0.09,3.113636363636364,21,0.28
work-2,M10O90,3001,3.001,1.4,14,0.14,0.155196017423771,9,0.09,3.186046511627907,20,0.27
work-2,M10O90,3101,3.101,1.0,10,0.1,0.15065339141257,5,0.05,2.311111111111111,18,0.4
work-2,M10O90,3101,3.101,1.2,10,0.1,0.15065339141257,6,0.06,2.488888888888889,18,0.38
work-2,M10O90,3101,3.101,1.4,12,0.12,0.165588052271313,6,0.06,2.8181818181818183,17,0.33
work-2,M10O90,3201,3.201,1.0,17,0.17,0.1775980087118855,15,0.15,5.674698795180723,13,0.29
work-2,M10O90,3201,3.201,1.2,17,0.17,0.1775980087118855,15,0.15,6.228915662650603,12,0.28
work-2,M10O90,3201,3.201,1.4,17,0.17,0.1775980087118855,15,0.15,6.228915662650603,12,0.28
work-2,M10O90,3301,3.301,1.0,27,0.27,0.3535780958307405,5,0.05,2.068493150684932,18,0.31
work-2,M10O90,3301,3.301,1.2,28,0.28,0.361045426260112,5,0.05,2.083333333333333,18,0.3
work-2,M10O90,3301,3.301,1.4,29,0.29,0.3685127566894835,5,0.05,2.126760563380281,19,0.27
work-2,M10O90,3401,3.401,1.0,14,0.14,0.180522713130056,9,0.09,3.767441860465116,17,0.27
work-2,M10O90,3401,3.401,1.2,15,0.15,0.1879900435594275,9,0.09,3.8,17,0.26
work-2,M10O90,3401,3.401,1.4,15,0.15,0.1879900435594275,9,0.09,4.035294117647059,16,0.26
work-2,M10O90,3501,3.501,1.0,19,0.19,0.2938394523957685,10,0.1,3.320987654320988,13,0.38
work-2,M10O90,3501,3.501,1.2,20,0.2,0.30130678282514,10,0.1,3.4,13,0.36
work-2,M10O90,3501,3.501,1.4,20,0.2,0.30130678282514,10,0.1,3.4,13,0.36
work-2,M10O90,3601,3.601,1.0,15,0.15,0.1626633478531425,8,0.08,2.8117647058823527,20,0.3
work-2,M10O90,3601,3.601,1.2,15,0.15,0.1626633478531425,10,0.1,3.4705882352941178,18,0.3
work-2,M10O90,3601,3.601,1.4,15,0.15,0.1626633478531425,10,0.1,4.270588235294118,16,0.29
work-2,M10O90,3701,3.701,1.0,11,0.11,0.1327940261356565,11,0.11,3.606741573033708,21,0.27
work-2,M10O90,3701,3.701,1.2,12,0.12,0.140261356565028,11,0.11,3.636363636363636,21,0.26
work-2,M10O90,3701,3.701,1.4,12,0.12,0.140261356565028,11,0.11,3.6818181818181817,21,0.25
work-2,M10O90,3801,3.801,1.0,6,0.06,0.120784069695084,5,0.05,2.8085106382978724,23,0.26
work-2,M10O90,3801,3.801,1.2,8,0.08,0.085065339141257,7,0.07,3.152173913043478,21,0.26
work-2,M10O90,3801,3.801,1.4,8,0.08,0.085065339141257,8,0.08,3.5869565217391304,20,0.25
work-2,M10O90,3901,3.901,1.0,11,0.11,0.1581207218419415,8,0.08,2.9101123595505616,19,0.34
work-2,M10O90,3901,3.901,1.2,19,0.19,0.2431860609831985,7,0.07,2.4074074074074074,18,0.34
work-2,M10O90,3901,3.901,1.4,19,0.19,0.2431860609831985,7,0.07,2.9012345679012346,16,0.32
work-2,M10O90,4001,4.001,1.0,12,0.12,0.165588052271313,8,0.08,3.2954545454545454,15,0.37
work-2,M10O90,4001,4.001,1.2,12,0.12,0.165588052271313,10,0.1,3.7954545454545454,15,0.35
work-2,M10O90,4001,4.001,1.4,12,0.12,0.165588052271313,10,0.1,3.7954545454545454,15,0.35
work-2,M10O90,4101,4.101,1.0,9,0.09,0.1178593652769135,6,0.06,2.758241758241758,19,0.33
work-2,M10O90,4101,4.101,1.2,11,0.11,0.1327940261356565,9,0.09,3.202247191011236,18,0.31
work-2,M10O90,4101,4.101,1.4,11,0.11,0.1327940261356565,9,0.09,3.359550561797753,18,0.29
work-2,M10O90,4201,4.2010000000000005,1.0,19,0.19,0.2431860609831985,4,0.04,1.962962962962963,20,0.34
work-2,M10O90,4201,4.2010000000000005,1.2,19,0.19,0.2431860609831985,4,0.04,1.962962962962963,20,0.34
work-2,M10O90,4201,4.2010000000000005,1.4,19,0.19,0.2431860609831985,4,0.04,2.08641975308642,20,0.32
work-2,M10O90,4301,4.301,1.0,12,0.12,0.165588052271313,6,0.06,2.386363636363636,20,0.34
work-2,M10O90,4301,4.301,1.2,17,0.17,0.2282514001244555,8,0.08,2.6144578313253013,18,0.33
work-2,M10O90,4301,4.301,1.4,18,0.18,0.235718730553827,8,0.08,2.658536585365854,19,0.3
work-2,M10O90,4401,4.401,1.0,9,0.09,0.0925326695706285,8,0.08,3.571428571428572,21,0.25
work-2,M10O90,4401,4.401,1.2,10,0.1,0.1,8,0.08,3.688888888888889,20,0.24
work-2,M10O90,4401,4.401,1.4,18,0.18,0.210392034847542,10,0.1,3.804878048780488,18,0.22
work-2,M10O90,4501,4.501,1.0,9,0.09,0.1178593652769135,5,0.05,1.967032967032967,19,0.44
work-2,M10O90,4501,4.501,1.2,10,0.1,0.125326695706285,5,0.05,2.0444444444444443,20,0.4
work-2,M10O90,4501,4.501,1.4,10,0.1,0.125326695706285,5,0.05,2.0444444444444443,20,0.4
work-2,M10O90,4601,4.601,1.0,25,0.25,0.2879900435594275,7,0.07,2.76,14,0.32
work-2,M10O90,4601,4.601,1.2,25,0.25,0.2879900435594275,8,0.08,3.0,14,0.3
work-2,M10O90,4601,4.601,1.4,26,0.26,0.295457373988799,12,0.12,4.486486486486487,13,0.26
work-2,M10O90,4701,4.7010000000000005,1.0,23,0.23,0.2983820784069695,9,0.09,2.7142857142857144,14,0.37
work-2,M10O90,4701,4.7010000000000005,1.2,24,0.24,0.305849408836341,9,0.09,2.736842105263158,14,0.36
work-2,M10O90,4701,4.7010000000000005,1.4,24,0.24,0.305849408836341,9,0.09,2.8684210526315788,15,0.33
work-2,M10O90,4801,4.801,1.0,10,0.1,0.15065339141257,6,0.06,2.7555555555555555,25,0.22
work-2,M10O90,4801,4.801,1.2,13,0.13,0.1730553827006845,6,0.06,2.885057471264368,26,0.17
work-2,M10O90,4801,4.801,1.4,18,0.18,0.235718730553827,8,0.08,3.048780487804878,24,0.17
work-2,M10O90,4901,4.901,1.0,18,0.18,0.261045426260112,10,0.1,3.5121951219512195,18,0.3
work-2,M10O90,4901,4.901,1.2,18,0.18,0.261045426260112,10,0.1,3.5121951219512195,18,0.3
work-2,M10O90,4901,4.901,1.4,20,0.2,0.275980087118855,11,0.11,3.9,19,0.24
work,M15O85,1001,1.001,1.0,5,0.05,0.0780999723833195,5,0.05,2.789473684210526,26,0.23
work,M15O85,1001,1.001,1.2,6,0.06,0.1072079536039768,5,0.05,3.0,24,0.23
work,M15O85,1001,1.001,1.4,6,0.06,0.0622479977906655,6,0.06,3.1702127659574466,23,0.23
work,M15O85,1101,1.101,1.0,10,0.1,0.1337199668599834,8,0.08,3.2,20,0.29
work,M15O85,1101,1.101,1.2,11,0.11,0.1403479701739851,8,0.08,3.4719101123595504,20,0.25
work,M15O85,1101,1.101,1.4,13,0.13,0.1536039768019884,11,0.11,4.287356321839081,18,0.25
work,M15O85,1201,1.201,1.0,11,0.11,0.2077879038939519,8,0.08,3.157303370786517,18,0.3
work,M15O85,1201,1.201,1.2,20,0.2,0.3348798674399337,8,0.08,3.1,17,0.27
work,M15O85,1201,1.201,1.4,20,0.2,0.3348798674399337,8,0.08,3.1,17,0.27
work,M15O85,1301,1.301,1.0,15,0.15,0.2118199392433029,11,0.11,3.894117647058824,13,0.34
work,M15O85,1301,1.301,1.2,15,0.15,0.2118199392433029,12,0.12,4.858823529411764,12,0.33
work,M15O85,1301,1.301,1.4,15,0.15,0.2118199392433029,12,0.12,4.882352941176471,13,0.31
work,M15O85,1401,1.401,1.0,27,0.27,0.336315934824634,8,0.08,2.835616438356164,13,0.33
work,M15O85,1401,1.401,1.2,30,0.3,0.3786799226732946,8,0.08,3.142857142857143,12,0.29
work,M15O85,1401,1.401,1.4,31,0.31,0.3853079259872963,8,0.08,3.1739130434782608,12,0.28
work,M15O85,1501,1.501,1.0,21,0.21,0.2066280033140016,10,0.1,2.9746835443037973,16,0.35
work,M15O85,1501,1.501,1.2,21,0.21,0.2066280033140016,10,0.1,3.481012658227848,15,0.34
work,M15O85,1501,1.501,1.4,23,0.23,0.2198840099420049,21,0.21,7.025974025974026,13,0.3
work,M15O85,1601,1.601,1.0,14,0.14,0.16023198011599,12,0.12,3.441860465116279,19,0.31
work,M15O85,1601,1.601,1.2,14,0.14,0.16023198011599,12,0.12,3.674418604651162,18,0.3
work,M15O85,1601,1.601,1.4,18,0.18,0.2317039491853079,14,0.14,4.170731707317073,17,0.29
work,M15O85,1701,1.701,1.0,21,0.21,0.2515879591273129,6,0.06,2.721518987341772,14,0.35
work,M15O85,1701,1.701,1.2,27,0.27,0.3138359569179784,7,0.07,2.835616438356164,12,0.34
work,M15O85,1701,1.701,1.4,27,0.27,0.3138359569179784,7,0.07,2.835616438356164,12,0.34
work,M15O85,1801,1.801,1.0,8,0.08,0.0979839823253245,7,0.07,3.108695652173913,20,0.29
work,M15O85,1801,1.801,1.2,8,0.08,0.0979839823253245,8,0.08,3.4782608695652173,19,0.28
work,M15O85,1801,1.801,1.4,8,0.08,0.0979839823253245,8,0.08,3.5,20,0.26
work,M15O85,1901,1.901,1.0,14,0.14,0.1827119580226456,12,0.12,3.5348837209302326,20,0.29
work,M15O85,1901,1.901,1.2,16,0.16,0.195967964650649,12,0.12,3.6666666666666665,18,0.29
work,M15O85,1901,1.901,1.4,18,0.18,0.2317039491853079,12,0.12,3.707317073170732,17,0.29
work,M15O85,2001,2.001,1.0,12,0.12,0.1469759734879867,9,0.09,3.2954545454545454,21,0.26
work,M15O85,2001,2.001,1.2,12,0.12,0.1469759734879867,9,0.09,3.2954545454545454,21,0.26
work,M15O85,2001,2.001,1.4,14,0.14,0.1827119580226456,9,0.09,3.3255813953488373,20,0.26
work,M15O85,2101,2.101,1.0,8,0.08,0.1204639602319801,6,0.06,2.608695652173913,19,0.37
work,M15O85,2101,2.101,1.2,9,0.09,0.1270919635459817,6,0.06,2.8461538461538463,20,0.32
work,M15O85,2101,2.101,1.4,9,0.09,0.1270919635459817,8,0.08,3.3736263736263736,18,0.31
work,M15O85,2201,2.201,1.0,8,0.08,0.0979839823253245,6,0.06,2.6956521739130435,19,0.35
work,M15O85,2201,2.201,1.2,8,0.08,0.0979839823253245,6,0.06,2.739130434782609,19,0.34
work,M15O85,2201,2.201,1.4,9,0.09,0.1270919635459817,6,0.06,2.758241758241758,19,0.33
work,M15O85,2301,2.301,1.0,14,0.14,0.1152720243026788,9,0.09,4.441860465116279,15,0.25
work,M15O85,2301,2.301,1.2,14,0.14,0.1152720243026788,11,0.11,4.8604651162790695,14,0.25
work,M15O85,2301,2.301,1.4,14,0.14,0.1152720243026788,11,0.11,5.744186046511628,13,0.23
work,M15O85,2401,2.401,1.0,10,0.1,0.1337199668599834,5,0.05,2.333333333333333,23,0.32
work,M15O85,2401,2.401,1.2,14,0.14,0.16023198011599,5,0.05,2.581395348837209,21,0.28
work,M15O85,2401,2.401,1.4,14,0.14,0.16023198011599,5,0.05,2.6511627906976742,21,0.27
work,M15O85,2501,2.501,1.0,14,0.14,0.16023198011599,11,0.11,4.046511627906977,17,0.28
work,M15O85,2501,2.501,1.2,15,0.15,0.1668599834299917,11,0.11,4.364705882352941,17,0.25
work,M15O85,2501,2.501,1.4,16,0.16,0.1734879867439933,11,0.11,4.619047619047619,17,0.23
work,M15O85,2601,2.601,1.0,10,0.1,0.1337199668599834,7,0.07,2.2666666666666666,20,0.39
work,M15O85,2601,2.601,1.2,10,0.1,0.1337199668599834,7,0.07,2.3777777777777778,21,0.36
work,M15O85,2601,2.601,1.4,17,0.17,0.2025959679646506,9,0.09,2.5903614457831323,19,0.34
work,M15O85,2701,2.701,1.0,9,0.09,0.1046119856393261,8,0.08,3.593406593406593,18,0.27
work,M15O85,2701,2.701,1.2,12,0.12,0.1244959955813311,9,0.09,4.045454545454546,17,0.23
work,M15O85,2701,2.701,1.4,17,0.17,0.180115990057995,12,0.12,4.493975903614458,16,0.21
work,M15O85,2801,2.801,1.0,10,0.1,0.156199944766639,10,0.1,3.0,22,0.31
work,M15O85,2801,2.801,1.2,10,0.1,0.156199944766639,10,0.1,3.2222222222222223,24,0.25
work,M15O85,2801,2.801,1.4,10,0.1,0.156199944766639,10,0.1,3.6222222222222222,23,0.23
work,M15O85,2901,2.901,1.0,19,0.19,0.2832919083126208,6,0.06,2.333333333333333,14,0.4
work,M15O85,2901,2.901,1.2,19,0.19,0.2832919083126208,6,0.06,2.3580246913580245,15,0.38
work,M15O85,2901,2.901,1.4,23,0.23,0.3098039215686274,7,0.07,2.688311688311688,12,0.37
work,M15O85,3001,3.001,1.0,22,0.22,0.2806959403479702,9,0.09,2.641025641025641,15,0.36
work,M15O85,3001,3.001,1.2,22,0.22,0.2806959403479702,9,0.09,2.641025641025641,15,0.36
work,M15O85,3001,3.001,1.4,33,0.33,0.3985639326152996,10,0.1,3.1194029850746268,11,0.32
work,M15O85,3101,3.101,1.0,16,0.16,0.2184479425573046,11,0.11,4.547619047619048,14,0.26
work,M15O85,3101,3.101,1.2,16,0.16,0.2184479425573046,11,0.11,5.142857142857143,14,0.21
work,M15O85,3101,3.101,1.4,23,0.23,0.2873239436619718,11,0.11,4.974025974025974,13,0.21
work,M15O85,3201,3.201,1.0,11,0.11,0.1628279480806407,11,0.11,3.561797752808989,19,0.3
work,M15O85,3201,3.201,1.2,12,0.12,0.191935929301298,11,0.11,3.8181818181818175,18,0.28
work,M15O85,3201,3.201,1.4,13,0.13,0.1985639326152996,11,0.11,3.942528735632184,18,0.26
work,M15O85,3301,3.301,1.0,21,0.21,0.2965479149406241,9,0.09,3.9367088607594938,11,0.33
work,M15O85,3301,3.301,1.2,21,0.21,0.2965479149406241,10,0.1,4.341772151898734,11,0.31
work,M15O85,3301,3.301,1.4,23,0.23,0.3098039215686274,10,0.1,4.636363636363637,11,0.28
work,M15O85,3401,3.401,1.0,11,0.11,0.1628279480806407,10,0.1,3.696629213483146,16,0.34
work,M15O85,3401,3.401,1.2,11,0.11,0.1628279480806407,10,0.1,3.696629213483146,16,0.34
work,M15O85,3401,3.401,1.4,12,0.12,0.1694559513946423,11,0.11,4.0227272727272725,17,0.29
work,M15O85,3501,3.501,1.0,15,0.15,0.1893399613366473,9,0.09,3.235294117647059,14,0.36
work,M15O85,3501,3.501,1.2,16,0.16,0.195967964650649,10,0.1,4.428571428571429,12,0.35
work,M15O85,3501,3.501,1.4,20,0.2,0.2674399337199669,16,0.16,5.375,12,0.33
work,M15O85,3601,3.601,1.0,14,0.14,0.2501518917426125,14,0.14,4.418604651162791,16,0.29
work,M15O85,3601,3.601,1.2,14,0.14,0.2501518917426125,14,0.14,4.418604651162791,16,0.29
work,M15O85,3601,3.601,1.4,16,0.16,0.2634078983706158,14,0.14,4.642857142857143,15,0.27
work,M15O85,3701,3.701,1.0,9,0.09,0.0821320077326705,8,0.08,2.802197802197802,19,0.37
work,M15O85,3701,3.701,1.2,12,0.12,0.1469759734879867,9,0.09,3.272727272727273,18,0.34
work,M15O85,3701,3.701,1.4,13,0.13,0.1536039768019884,9,0.09,3.574712643678161,17,0.33
work,M15O85,3801,3.801,1.0,9,0.09,0.1046119856393261,6,0.06,2.1868131868131866,21,0.39
work,M15O85,3801,3.801,1.2,9,0.09,0.1046119856393261,7,0.07,2.4945054945054945,20,0.36
work,M15O85,3801,3.801,1.4,9,0.09,0.1046119856393261,7,0.07,2.4945054945054945,20,0.36
work,M15O85,3901,3.901,1.0,11,0.11,0.1403479701739851,10,0.1,3.606741573033708,14,0.37
work,M15O85,3901,3.901,1.2,15,0.15,0.1668599834299917,11,0.11,4.152941176470589,12,0.37
work,M15O85,3901,3.901,1.4,15,0.15,0.1668599834299917,15,0.15,5.6117647058823525,12,0.34
work,M15O85,4001,4.001,1.0,10,0.1,0.1112399889533278,7,0.07,2.1555555555555554,18,0.44
work,M15O85,4001,4.001,1.2,10,0.1,0.1112399889533278,7,0.07,2.333333333333333,17,0.42
work,M15O85,4001,4.001,1.4,11,0.11,0.1178679922673294,7,0.07,2.4831460674157304,18,0.37
work,M15O85,4101,4.101,1.0,19,0.19,0.2608119304059652,6,0.06,2.382716049382716,14,0.4
work,M15O85,4101,4.101,1.2,20,0.2,0.2674399337199669,7,0.07,2.75,13,0.38
work,M15O85,4101,4.101,1.4,20,0.2,0.2674399337199669,10,0.1,3.475,12,0.36
work,M15O85,4201,4.2010000000000005,1.0,12,0.12,0.1694559513946423,8,0.08,3.522727272727273,17,0.31
work,M15O85,4201,4.2010000000000005,1.2,12,0.12,0.1694559513946423,8,0.08,3.75,15,0.31
work,M15O85,4201,4.2010000000000005,1.4,16,0.16,0.2184479425573046,12,0.12,4.4523809523809526,14,0.29
work,M15O85,4301,4.301,1.0,20,0.2,0.2674399337199669,11,0.11,4.0,16,0.23
work,M15O85,4301,4.301,1.2,20,0.2,0.2674399337199669,11,0.11,4.5,15,0.22
work,M15O85,4301,4.301,1.4,20,0.2,0.2674399337199669,12,0.12,4.825,15,0.2
work,M15O85,4401,4.401,1.0,10,0.1,0.156199944766639,7,0.07,2.844444444444445,21,0.3
work,M15O85,4401,4.401,1.2,10,0.1,0.156199944766639,9,0.09,3.2222222222222223,21,0.27
work,M15O85,4401,4.401,1.4,14,0.14,0.1827119580226456,9,0.09,3.232558139534884,20,0.26
work,M15O85,4501,4.501,1.0,14,0.14,0.2276719138359569,6,0.06,2.441860465116279,19,0.34
work,M15O85,4501,4.501,1.2,14,0.14,0.2276719138359569,7,0.07,2.627906976744186,19,0.32
work,M15O85,4501,4.501,1.4,14,0.14,0.2276719138359569,7,0.07,2.627906976744186,19,0.32
work,M15O85,4601,4.601,1.0,16,0.16,0.1734879867439933,8,0.08,2.333333333333333,17,0.4
work,M15O85,4601,4.601,1.2,16,0.16,0.1734879867439933,12,0.12,3.119047619047619,17,0.38
work,M15O85,4601,4.601,1.4,16,0.16,0.1734879867439933,12,0.12,3.119047619047619,17,0.38
work,M15O85,4701,4.7010000000000005,1.0,12,0.12,0.1020160176746755,11,0.11,4.2727272727272725,15,0.31
work,M15O85,4701,4.7010000000000005,1.2,12,0.12,0.1020160176746755,11,0.11,4.2727272727272725,15,0.31
work,M15O85,4701,4.7010000000000005,1.4,12,0.12,0.1020160176746755,11,0.11,4.318181818181818,15,0.3
work,M15O85,4801,4.801,1.0,30,0.3,0.3786799226732946,5,0.05,1.9142857142857144,16,0.33
work,M15O85,4801,4.801,1.2,31,0.31,0.3853079259872963,5,0.05,2.3043478260869565,15,0.3
work,M15O85,4801,4.801,1.4,32,0.32,0.391935929301298,5,0.05,2.411764705882353,15,0.28
work,M15O85,4901,4.901,1.0,15,0.15,0.1443800055233361,10,0.1,4.011764705882353,14,0.31
work,M15O85,4901,4.901,1.2,15,0.15,0.1443800055233361,10,0.1,4.223529411764706,14,0.29
work,M15O85,4901,4.901,1.4,15,0.15,0.1443800055233361,10,0.1,4.223529411764706,14,0.29
work-1,M15O85,1001,1.0010000000000001,1.0,16,0.16,0.195967964650649,15,0.15,4.023809523809524,15,0.39
work-1,M15O85,1001,1.0010000000000001,1.2,17,0.17,0.2475559237779619,16,0.16,4.493975903614458,14,0.38
work-1,M15O85,1001,1.0010000000000001,1.4,17,0.17,0.2475559237779619,16,0.16,4.710843373493976,14,0.34
work-1,M15O85,1101,1.101,1.0,9,0.09,0.10461198563932615,9,0.09,3.197802197802198,17,0.35
work-1,M15O85,1101,1.101,1.2,9,0.09,0.10461198563932615,9,0.09,3.21978021978022,18,0.33
work-1,M15O85,1101,1.101,1.4,11,0.11,0.1403479701739851,9,0.09,3.269662921348315,18,0.31
work-1,M15O85,1201,1.201,1.0,7,0.07,0.13631593482463408,6,0.06,2.806451612903226,21,0.3
work-1,M15O85,1201,1.201,1.2,7,0.07,0.13631593482463408,6,0.06,2.978494623655914,20,0.3
work-1,M15O85,1201,1.201,1.4,9,0.09,0.08213200773267053,7,0.07,3.087912087912088,19,0.3
work-1,M15O85,1301,1.301,1.0,11,0.11,0.11786799226732947,10,0.1,3.651685393258427,19,0.29
work-1,M15O85,1301,1.301,1.2,11,0.11,0.11786799226732947,11,0.11,3.8764044943820224,19,0.28
work-1,M15O85,1301,1.301,1.4,18,0.18,0.18674399337199668,11,0.11,4.341463414634147,17,0.25
work-1,M15O85,1401,1.401,1.0,8,0.08,0.14294393813863573,6,0.06,2.8043478260869565,17,0.37
work-1,M15O85,1401,1.401,1.2,8,0.08,0.14294393813863573,6,0.06,2.891304347826087,17,0.36
work-1,M15O85,1401,1.401,1.4,14,0.14,0.22767191383595692,6,0.06,2.8372093023255816,16,0.34
work-1,M15O85,1501,1.5010000000000001,1.0,17,0.17,0.22507594587130628,9,0.09,3.9397590361445785,14,0.3
work-1,M15O85,1501,1.5010000000000001,1.2,25,0.25,0.30057995028997514,9,0.09,3.533333333333333,14,0.28
work-1,M15O85,1501,1.5010000000000001,1.4,25,0.25,0.30057995028997514,9,0.09,3.533333333333333,14,0.28
work-1,M15O85,1601,1.601,1.0,17,0.17,0.2475559237779619,8,0.08,3.0240963855421685,16,0.35
work-1,M15O85,1601,1.601,1.2,17,0.17,0.2475559237779619,8,0.08,3.0240963855421685,16,0.35
work-1,M15O85,1601,1.601,1.4,17,0.17,0.2475559237779619,8,0.08,3.5542168674698793,15,0.3
work-1,M15O85,1701,1.701,1.0,14,0.14,0.18271195802264567,6,0.06,2.6744186046511627,22,0.26
work-1,M15O85,1701,1.701,1.2,14,0.14,0.18271195802264567,11,0.11,4.046511627906977,19,0.21
work-1,M15O85,1701,1.701,1.4,14,0.14,0.18271195802264567,11,0.11,4.511627906976744,18,0.2
work-1,M15O85,1801,1.801,1.0,15,0.15,0.2567798950566142,9,0.09,3.0,16,0.36
work-1,M15O85,1801,1.801,1.2,15,0.15,0.2567798950566142,9,0.09,3.023529411764706,17,0.34
work-1,M15O85,1801,1.801,1.4,15,0.15,0.2567798950566142,9,0.09,3.023529411764706,17,0.34
work-1,M15O85,1901,1.901,1.0,10,0.1,0.1112399889533278,7,0.07,2.7555555555555555,21,0.32
work-1,M15O85,1901,1.901,1.2,10,0.1,0.1112399889533278,7,0.07,2.8666666666666667,21,0.3
work-1,M15O85,1901,1.901,1.4,10,0.1,0.1112399889533278,9,0.09,3.533333333333333,19,0.3
work-1,M15O85,2001,2.001,1.0,16,0.16,0.195967964650649,10,0.1,3.380952380952381,14,0.35
work-1,M15O85,2001,2.001,1.2,16,0.16,0.195967964650649,10,0.1,3.9285714285714284,13,0.33
work-1,M15O85,2001,2.001,1.4,16,0.16,0.195967964650649,10,0.1,4.071428571428571,14,0.29
work-1,M15O85,2101,2.101,1.0,14,0.14,0.16023198011599005,6,0.06,2.6511627906976742,21,0.28
work-1,M15O85,2101,2.101,1.2,14,0.14,0.16023198011599005,6,0.06,2.813953488372093,21,0.26
work-1,M15O85,2101,2.101,1.4,15,0.15,0.16685998342999173,15,0.15,4.764705882352941,17,0.25
work-1,M15O85,2201,2.201,1.0,14,0.14,0.18271195802264567,8,0.08,2.953488372093023,18,0.32
work-1,M15O85,2201,2.201,1.2,19,0.19,0.23833195249930958,8,0.08,2.925925925925926,17,0.31
work-1,M15O85,2201,2.201,1.4,20,0.2,0.24495995581331123,8,0.08,3.2,17,0.28
work-1,M15O85,2301,2.301,1.0,7,0.07,0.11383595691797846,6,0.06,2.956989247311828,19,0.32
work-1,M15O85,2301,2.301,1.2,12,0.12,0.16945595139464237,7,0.07,2.9545454545454546,18,0.31
work-1,M15O85,2301,2.301,1.4,13,0.13,0.17608395470864402,7,0.07,3.0689655172413794,17,0.3
work-1,M15O85,2401,2.4010000000000002,1.0,17,0.17,0.18011599005799503,11,0.11,3.7710843373493974,17,0.27
work-1,M15O85,2401,2.4010000000000002,1.2,17,0.17,0.18011599005799503,12,0.12,4.228915662650603,16,0.26
work-1,M15O85,2401,2.4010000000000002,1.4,17,0.17,0.18011599005799503,14,0.14,5.0,14,0.26
work-1,M15O85,2501,2.501,1.0,15,0.15,0.1443800055233361,7,0.07,3.447058823529412,18,0.24
work-1,M15O85,2501,2.501,1.2,21,0.21,0.20662800331400166,7,0.07,3.2531645569620253,17,0.24
work-1,M15O85,2501,2.501,1.4,21,0.21,0.20662800331400166,7,0.07,3.2531645569620253,17,0.24
work-1,M15O85,2601,2.601,1.0,26,0.26,0.3296879315106324,13,0.13,4.945945945945946,12,0.28
work-1,M15O85,2601,2.601,1.2,26,0.26,0.3296879315106324,13,0.13,4.945945945945946,12,0.28
work-1,M15O85,2601,2.601,1.4,37,0.37,0.4475559237779619,13,0.13,4.333333333333333,10,0.27
work-1,M15O85,2701,2.701,1.0,10,0.1,0.15619994476663904,10,0.1,4.5777777777777775,15,0.26
work-1,M15O85,2701,2.701,1.2,10,0.1,0.15619994476663904,10,0.1,4.644444444444445,15,0.25
work-1,M15O85,2701,2.701,1.4,17,0.17,0.2475559237779619,10,0.1,4.445783132530121,14,0.25
work-1,M15O85,2801,2.801,1.0,7,0.07,0.09135597901132284,6,0.06,3.064516129032258,21,0.28
work-1,M15O85,2801,2.801,1.2,7,0.07,0.09135597901132284,6,0.06,3.193548387096774,22,0.25
work-1,M15O85,2801,2.801,1.4,7,0.07,0.09135597901132284,6,0.06,3.236559139784946,22,0.24
work-1,M15O85,2901,2.9010000000000002,1.0,7,0.07,0.09135597901132284,6,0.06,2.5483870967741935,21,0.34
work-1,M15O85,2901,2.9010000000000002,1.2,7,0.07,0.09135597901132284,6,0.06,2.6774193548387095,21,0.32
work-1,M15O85,2901,2.9010000000000002,1.4,8,0.08,0.0979839823253245,6,0.06,2.6956521739130435,21,0.31
work-1,M15O85,3001,3.001,1.0,11,0.11,0.16282794808064072,9,0.09,3.3146067415730336,20,0.29
work-1,M15O85,3001,3.001,1.2,12,0.12,0.191935929301298,9,0.09,3.522727272727273,20,0.27
work-1,M15O85,3001,3.001,1.4,14,0.14,0.2051919359293013,9,0.09,3.604651162790698,19,0.26
work-1,M15O85,3101,3.101,1.0,12,0.12,0.191935929301298,9,0.09,3.1818181818181817,16,0.39
work-1,M15O85,3101,3.101,1.2,12,0.12,0.191935929301298,9,0.09,3.5681818181818183,15,0.37
work-1,M15O85,3101,3.101,1.4,12,0.12,0.191935929301298,10,0.1,3.772727272727273,15,0.36
work-1,M15O85,3201,3.201,1.0,9,0.09,0.10461198563932615,6,0.06,2.6923076923076925,23,0.28
work-1,M15O85,3201,3.201,1.2,9,0.09,0.10461198563932615,8,0.08,3.087912087912088,24,0.24
work-1,M15O85,3201,3.201,1.4,10,0.1,0.1112399889533278,9,0.09,3.977777777777778,21,0.22
work-1,M15O85,3301,3.301,1.0,10,0.1,0.13371996685998344,8,0.08,3.0444444444444443,23,0.26
work-1,M15O85,3301,3.301,1.2,17,0.17,0.22507594587130628,8,0.08,2.9518072289156625,21,0.25
work-1,M15O85,3301,3.301,1.4,19,0.19,0.23833195249930958,8,0.08,2.9753086419753085,20,0.25
work-1,M15O85,3401,3.4010000000000002,1.0,13,0.13,0.22104391052195527,11,0.11,3.5977011494252875,17,0.33
work-1,M15O85,3401,3.4010000000000002,1.2,15,0.15,0.23429991714995857,11,0.11,3.823529411764706,17,0.28
work-1,M15O85,3401,3.4010000000000002,1.4,15,0.15,0.23429991714995857,11,0.11,3.823529411764706,17,0.28
work-1,M15O85,3501,3.501,1.0,19,0.19,0.2832919083126208,16,0.16,4.580246913580247,12,0.39
work-1,M15O85,3501,3.501,1.2,21,0.21,0.29654791494062416,16,0.16,4.7215189873417724,11,0.38
work-1,M15O85,3501,3.501,1.4,21,0.21,0.29654791494062416,16,0.16,4.7215189873417724,11,0.38
work-1,M15O85,3601,3.601,1.0,33,0.33,0.4884838442419221,6,0.06,2.074626865671642,16,0.3
work-1,M15O85,3601,3.601,1.2,34,0.34,0.4951118475559238,7,0.07,2.515151515151515,15,0.28
work-1,M15O85,3601,3.601,1.4,34,0.34,0.4951118475559238,7,0.07,2.5757575757575757,17,0.24
work-1,M15O85,3701,3.701,1.0,28,0.28,0.3429439381386357,10,0.1,3.388888888888889,11,0.33
work-1,M15O85,3701,3.701,1.2,31,0.31,0.38530792598729635,10,0.1,3.5217391304347827,10,0.32
work-1,M15O85,3701,3.701,1.4,31,0.31,0.38530792598729635,10,0.1,3.579710144927536,12,0.28
work-1,M15O85,3801,3.801,1.0,14,0.14,0.18271195802264567,8,0.08,2.9302325581395348,19,0.31
work-1,M15O85,3801,3.801,1.2,15,0.15,0.18933996133664732,10,0.1,3.376470588235294,20,0.26
work-1,M15O85,3801,3.801,1.4,20,0.2,0.2674399337199669,15,0.15,5.65,16,0.23
work-1,M15O85,3901,3.9010000000000002,1.0,19,0.19,0.2832919083126208,12,0.12,3.5185185185185186,21,0.24
work-1,M15O85,3901,3.9010000000000002,1.2,38,0.38,0.47666390499861916,5,0.05,2.032258064516129,18,0.22
work-1,M15O85,3901,3.9010000000000002,1.4,41,0.41,0.4965479149406241,5,0.05,2.3559322033898304,17,0.18
work-1,M15O85,4001,4.001,1.0,11,0.11,0.20778790389395194,10,0.1,3.4269662921348316,18,0.32
work-1,M15O85,4001,4.001,1.2,11,0.11,0.20778790389395194,11,0.11,3.6741573033707864,19,0.29
work-1,M15O85,4001,4.001,1.4,11,0.11,0.20778790389395194,11,0.11,3.9887640449438204,18,0.29
work-1,M15O85,4101,4.101,1.0,12,0.12,0.12449599558133112,9,0.09,3.5,16,0.33
work-1,M15O85,4101,4.101,1.2,12,0.12,0.12449599558133112,9,0.09,3.522727272727273,17,0.31
work-1,M15O85,4101,4.101,1.4,17,0.17,0.20259596796465065,12,0.12,3.8433734939759034,16,0.3
work-1,M15O85,4201,4.2010000000000005,1.0,12,0.12,0.16945595139464237,6,0.06,2.477272727272727,22,0.3
work-1,M15O85,4201,4.2010000000000005,1.2,12,0.12,0.16945595139464237,6,0.06,2.6363636363636362,21,0.29
work-1,M15O85,4201,4.2010000000000005,1.4,12,0.12,0.16945595139464237,8,0.08,2.9545454545454546,20,0.28
work-1,M15O85,4301,4.301,1.0,15,0.15,0.1443800055233361,8,0.08,3.211764705882353,21,0.23
work-1,M15O85,4301,4.301,1.2,25,0.25,0.2780999723833195,8,0.08,3.0533333333333332,19,0.2
work-1,M15O85,4301,4.301,1.4,26,0.26,0.28472797569732117,8,0.08,3.108108108108108,20,0.17
work-1,M15O85,4401,4.401,1.0,34,0.34,0.4726318696492682,4,0.04,1.9696969696969697,16,0.28
work-1,M15O85,4401,4.401,1.2,35,0.35,0.47925987296326983,5,0.05,2.169230769230769,15,0.27
work-1,M15O85,4401,4.401,1.4,35,0.35,0.47925987296326983,5,0.05,2.2615384615384615,15,0.26
work-1,M15O85,4501,4.501,1.0,18,0.18,0.2541839270919635,11,0.11,3.6341463414634148,15,0.33
work-1,M15O85,4501,4.501,1.2,18,0.18,0.2541839270919635,12,0.12,4.146341463414634,16,0.28
work-1,M15O85,4501,4.501,1.4,19,0.19,0.2608119304059652,12,0.12,4.308641975308642,16,0.26
work-1,M15O85,4601,4.601,1.0,12,0.12,0.14697597348798674,10,0.1,4.090909090909091,17,0.25
work-1,M15O85,4601,4.601,1.2,12,0.12,0.14697597348798674,10,0.1,4.431818181818182,16,0.25
work-1,M15O85,4601,4.601,1.4,12,0.12,0.14697597348798674,10,0.1,4.431818181818182,16,0.25
work-1,M15O85,4701,4.7010000000000005,1.0,11,0.11,0.16282794808064072,11,0.11,3.741573033707865,18,0.3
work-1,M15O85,4701,4.7010000000000005,1.2,13,0.13,0.17608395470864402,11,0.11,3.896551724137931,17,0.28
work-1,M15O85,4701,4.7010000000000005,1.4,14,0.14,0.2051919359293013,11,0.11,4.4186046511627906,17,0.25
work-1,M15O85,4801,4.801,1.0,7,0.07,0.06887600110466723,6,0.06,2.5053763440860215,19,0.38
work-1,M15O85,4801,4.801,1.2,7,0.07,0.06887600110466723,6,0.06,2.6344086021505375,19,0.36
work-1,M15O85,4801,4.801,1.4,11,0.11,0.1403479701739851,7,0.07,3.1797752808988764,17,0.33
work-1,M15O85,4901,4.901,1.0,12,0.12,0.14697597348798674,6,0.06,2.75,19,0.31
work-1,M15O85,4901,4.901,1.2,18,0.18,0.2092239712786523,6,0.06,3.024390243902439,16,0.29
work-1,M15O85,4901,4.901,1.4,29,0.29,0.34957194145263737,6,0.06,2.6619718309859155,15,0.27
work-2,M15O85,1001,1.001,1.0,14,0.14,0.1827119580226456,8,0.08,2.953488372093023,14,0.4
work-2,M15O85,1001,1.001,1.2,14,0.14,0.1827119580226456,9,0.09,3.441860465116279,14,0.37
work-2,M15O85,1001,1.001,1.4,15,0.15,0.1893399613366473,9,0.09,3.611764705882353,13,0.36
work-2,M15O85,1101,1.101,1.0,11,0.11,0.1178679922673294,10,0.1,3.988764044943821,16,0.29
work-2,M15O85,1101,1.101,1.2,11,0.11,0.1178679922673294,10,0.1,4.033707865168539,18,0.25
work-2,M15O85,1101,1.101,1.4,14,0.14,0.1377520022093344,10,0.1,4.674418604651163,15,0.25
work-2,M15O85,1201,1.201,1.0,13,0.13,0.176083954708644,8,0.08,3.0919540229885056,19,0.28
work-2,M15O85,1201,1.201,1.2,25,0.25,0.3230599281966307,5,0.05,2.6266666666666665,17,0.27
work-2,M15O85,1201,1.201,1.4,25,0.25,0.3230599281966307,6,0.06,2.76,17,0.26
work-2,M15O85,1301,1.301,1.0,12,0.12,0.1694559513946423,10,0.1,4.25,15,0.28
work-2,M15O85,1301,1.301,1.2,12,0.12,0.1694559513946423,11,0.11,4.590909090909091,16,0.24
work-2,M15O85,1301,1.301,1.4,12,0.12,0.1694559513946423,11,0.11,4.795454545454546,16,0.22
work-2,M15O85,1401,1.401,1.0,13,0.13,0.176083954708644,6,0.06,2.4942528735632186,20,0.32
work-2,M15O85,1401,1.401,1.2,14,0.14,0.1827119580226456,7,0.07,2.813953488372093,21,0.26
work-2,M15O85,1401,1.401,1.4,14,0.14,0.1827119580226456,11,0.11,4.209302325581396,19,0.24
work-2,M15O85,1501,1.501,1.0,33,0.33,0.4210439105219553,14,0.14,4.7611940298507465,10,0.29
work-2,M15O85,1501,1.501,1.2,33,0.33,0.4210439105219553,14,0.14,4.7611940298507465,10,0.29
work-2,M15O85,1501,1.501,1.4,33,0.33,0.4210439105219553,15,0.15,5.17910447761194,10,0.28
work-2,M15O85,1601,1.601,1.0,10,0.1,0.1337199668599834,7,0.07,3.2666666666666666,20,0.27
work-2,M15O85,1601,1.601,1.2,10,0.1,0.1337199668599834,9,0.09,3.7111111111111112,19,0.26
work-2,M15O85,1601,1.601,1.4,17,0.17,0.2025959679646506,9,0.09,3.6506024096385534,18,0.24
work-2,M15O85,1701,1.701,1.0,25,0.25,0.368019884009942,5,0.05,2.333333333333333,17,0.3
work-2,M15O85,1701,1.701,1.2,25,0.25,0.368019884009942,5,0.05,2.4133333333333336,17,0.29
work-2,M15O85,1701,1.701,1.4,25,0.25,0.368019884009942,6,0.06,2.6,17,0.27
work-2,M15O85,1801,1.801,1.0,14,0.14,0.1152720243026788,12,0.12,3.581395348837209,14,0.37
work-2,M15O85,1801,1.801,1.2,14,0.14,0.1152720243026788,13,0.13,3.930232558139535,15,0.33
work-2,M15O85,1801,1.801,1.4,14,0.14,0.2276719138359569,14,0.14,4.27906976744186,15,0.31
work-2,M15O85,1901,1.901,1.0,17,0.17,0.1576360121513394,9,0.09,3.5060240963855422,18,0.25
work-2,M15O85,1901,1.901,1.2,17,0.17,0.1576360121513394,9,0.09,3.5542168674698797,18,0.24
work-2,M15O85,1901,1.901,1.4,17,0.17,0.1576360121513394,11,0.11,4.180722891566265,18,0.21
work-2,M15O85,2001,2.001,1.0,35,0.35,0.4792598729632698,8,0.08,2.876923076923077,10,0.32
work-2,M15O85,2001,2.001,1.2,35,0.35,0.4792598729632698,8,0.08,2.9692307692307693,10,0.31
work-2,M15O85,2001,2.001,1.4,36,0.36,0.4858878762772715,9,0.09,3.25,10,0.29
work-2,M15O85,2101,2.101,1.0,22,0.22,0.2806959403479702,10,0.1,3.076923076923077,18,0.28
work-2,M15O85,2101,2.101,1.2,22,0.22,0.2806959403479702,10,0.1,3.128205128205128,18,0.27
work-2,M15O85,2101,2.101,1.4,22,0.22,0.2806959403479702,10,0.1,3.282051282051282,17,0.27
work-2,M15O85,2201,2.201,1.0,7,0.07,0.0913559790113228,7,0.07,2.462365591397849,17,0.44
work-2,M15O85,2201,2.201,1.2,10,0.1,0.1112399889533278,9,0.09,3.0444444444444443,15,0.41
work-2,M15O85,2201,2.201,1.4,10,0.1,0.1112399889533278,9,0.09,3.1333333333333333,17,0.36
work-2,M15O85,2301,2.301,1.0,15,0.15,0.2118199392433029,7,0.07,2.5294117647058822,23,0.26
work-2,M15O85,2301,2.301,1.2,17,0.17,0.2250759458713062,9,0.09,2.9759036144578315,21,0.24
work-2,M15O85,2301,2.301,1.4,17,0.17,0.2250759458713062,12,0.12,3.891566265060241,19,0.22
work-2,M15O85,2401,2.401,1.0,15,0.15,0.1668599834299917,8,0.08,3.964705882352941,16,0.24
work-2,M15O85,2401,2.401,1.2,15,0.15,0.1668599834299917,10,0.1,4.411764705882353,16,0.21
work-2,M15O85,2401,2.401,1.4,15,0.15,0.1668599834299917,10,0.1,4.505882352941176,16,0.2
work-2,M15O85,2501,2.501,1.0,17,0.17,0.2700359016846175,12,0.12,4.108433734939759,12,0.36
work-2,M15O85,2501,2.501,1.2,25,0.25,0.368019884009942,15,0.15,4.973333333333334,10,0.33
work-2,M15O85,2501,2.501,1.4,30,0.3,0.4236398784866059,15,0.15,5.085714285714285,9,0.32
work-2,M15O85,2601,2.601,1.0,12,0.12,0.1469759734879867,9,0.09,3.2954545454545454,16,0.35
work-2,M15O85,2601,2.601,1.2,12,0.12,0.1469759734879867,9,0.09,3.2954545454545454,16,0.35
work-2,M15O85,2601,2.601,1.4,14,0.14,0.16023198011599,9,0.09,3.488372093023256,15,0.33
work-2,M15O85,2701,2.701,1.0,19,0.19,0.2608119304059652,10,0.1,3.246913580246914,18,0.29
work-2,M15O85,2701,2.701,1.2,19,0.19,0.2608119304059652,10,0.1,3.320987654320988,18,0.28
work-2,M15O85,2701,2.701,1.4,20,0.2,0.2674399337199669,10,0.1,3.45,17,0.27
work-2,M15O85,2801,2.801,1.0,17,0.17,0.180115990057995,7,0.07,3.1686746987951806,16,0.3
work-2,M15O85,2801,2.801,1.2,28,0.28,0.3429439381386357,7,0.07,2.75,14,0.3
work-2,M15O85,2801,2.801,1.4,29,0.29,0.3495719414526373,7,0.07,2.859154929577465,14,0.28
work-2,M15O85,2901,2.901,1.0,21,0.21,0.2515879591273129,7,0.07,2.7721518987341773,18,0.28
work-2,M15O85,2901,2.901,1.2,22,0.22,0.2582159624413145,8,0.08,3.923076923076923,16,0.23
work-2,M15O85,2901,2.901,1.4,22,0.22,0.2582159624413145,9,0.09,4.230769230769231,15,0.22
work-2,M15O85,3001,3.001,1.0,12,0.12,0.1469759734879867,7,0.07,3.022727272727273,17,0.34
work-2,M15O85,3001,3.001,1.2,12,0.12,0.1469759734879867,7,0.07,3.5681818181818183,14,0.33
work-2,M15O85,3001,3.001,1.4,22,0.22,0.2357359845346589,7,0.07,3.358974358974359,13,0.3
work-2,M15O85,3101,3.101,1.0,31,0.31,0.4077879038939519,6,0.06,2.217391304347826,11,0.38
work-2,M15O85,3101,3.101,1.2,42,0.42,0.5481358740679371,5,0.05,1.827586206896552,9,0.36
work-2,M15O85,3101,3.101,1.4,47,0.47,0.6262358464512565,5,0.05,1.679245283018868,8,0.35
work-2,M15O85,3201,3.201,1.0,22,0.22,0.3031759182546258,7,0.07,3.230769230769231,18,0.24
work-2,M15O85,3201,3.201,1.2,27,0.27,0.3587959127312897,7,0.07,3.2739726027397262,16,0.23
work-2,M15O85,3201,3.201,1.4,29,0.29,0.3945318972659486,7,0.07,3.3661971830985915,15,0.22
work-2,M15O85,3301,3.301,1.0,16,0.16,0.195967964650649,11,0.11,3.5,18,0.3
work-2,M15O85,3301,3.301,1.2,17,0.17,0.2250759458713062,11,0.11,3.5301204819277108,18,0.29
work-2,M15O85,3301,3.301,1.4,32,0.32,0.4144159072079536,7,0.07,2.4411764705882355,16,0.27
work-2,M15O85,3401,3.401,1.0,8,0.08,0.0755040044186688,6,0.06,3.152173913043478,19,0.29
work-2,M15O85,3401,3.401,1.2,8,0.08,0.1204639602319801,8,0.08,3.717391304347826,18,0.26
work-2,M15O85,3401,3.401,1.4,8,0.08,0.1204639602319801,8,0.08,4.173913043478261,17,0.25
work-2,M15O85,3501,3.501,1.0,11,0.11,0.1178679922673294,8,0.08,3.539325842696629,21,0.23
work-2,M15O85,3501,3.501,1.2,11,0.11,0.1178679922673294,8,0.08,3.808988764044944,20,0.23
work-2,M15O85,3501,3.501,1.4,11,0.11,0.1178679922673294,8,0.08,3.898876404494382,19,0.23
work-2,M15O85,3601,3.601,1.0,13,0.13,0.1985639326152996,7,0.07,3.32183908045977,17,0.29
work-2,M15O85,3601,3.601,1.2,13,0.13,0.1985639326152996,8,0.08,3.7126436781609193,17,0.27
work-2,M15O85,3601,3.601,1.4,13,0.13,0.1985639326152996,8,0.08,3.7126436781609193,17,0.27
work-2,M15O85,3701,3.701,1.0,10,0.1,0.156199944766639,6,0.06,2.6,22,0.29
work-2,M15O85,3701,3.701,1.2,10,0.1,0.156199944766639,6,0.06,2.6,22,0.29
work-2,M15O85,3701,3.701,1.4,10,0.1,0.156199944766639,6,0.06,2.7777777777777777,21,0.28
work-2,M15O85,3801,3.801,1.0,28,0.28,0.3879038939519469,5,0.05,1.7777777777777777,16,0.37
work-2,M15O85,3801,3.801,1.2,28,0.28,0.3879038939519469,5,0.05,1.9166666666666667,16,0.35
work-2,M15O85,3801,3.801,1.4,29,0.29,0.3945318972659486,5,0.05,2.0422535211267605,18,0.29
work-2,M15O85,3901,3.901,1.0,12,0.12,0.191935929301298,8,0.08,2.840909090909091,19,0.34
work-2,M15O85,3901,3.901,1.2,12,0.12,0.191935929301298,8,0.08,2.909090909090909,20,0.31
work-2,M15O85,3901,3.901,1.4,12,0.12,0.191935929301298,8,0.08,2.977272727272727,20,0.3
work-2,M15O85,4001,4.001,1.0,26,0.26,0.3296879315106324,9,0.09,3.081081081081081,13,0.32
work-2,M15O85,4001,4.001,1.2,26,0.26,0.3296879315106324,9,0.09,3.081081081081081,13,0.32
work-2,M15O85,4001,4.001,1.4,27,0.27,0.336315934824634,9,0.09,3.1095890410958904,13,0.31
work-2,M15O85,4101,4.101,1.0,13,0.13,0.1536039768019884,11,0.11,3.574712643678161,22,0.24
work-2,M15O85,4101,4.101,1.2,13,0.13,0.1536039768019884,11,0.11,4.0344827586206895,20,0.24
work-2,M15O85,4101,4.101,1.4,13,0.13,0.1536039768019884,12,0.12,4.563218390804598,19,0.23
work-2,M15O85,4201,4.2010000000000005,1.0,21,0.21,0.2740679370339685,16,0.16,5.177215189873418,9,0.38
work-2,M15O85,4201,4.2010000000000005,1.2,22,0.22,0.2806959403479702,19,0.19,6.461538461538462,8,0.37
work-2,M15O85,4201,4.2010000000000005,1.4,41,0.41,0.5415078707539354,7,0.07,2.694915254237288,7,0.35
work-2,M15O85,4301,4.301,1.0,10,0.1,0.1337199668599834,6,0.06,2.333333333333333,21,0.35
work-2,M15O85,4301,4.301,1.2,10,0.1,0.1337199668599834,6,0.06,2.355555555555556,22,0.33
work-2,M15O85,4301,4.301,1.4,10,0.1,0.1337199668599834,6,0.06,2.7333333333333334,20,0.31
work-2,M15O85,4401,4.401,1.0,31,0.31,0.4077879038939519,4,0.04,1.9855072463768115,15,0.32
work-2,M15O85,4401,4.401,1.2,31,0.31,0.4077879038939519,4,0.04,1.9855072463768115,15,0.32
work-2,M15O85,4401,4.401,1.4,33,0.33,0.4435238884286109,4,0.04,2.074626865671642,14,0.31
work-2,M15O85,4501,4.501,1.0,15,0.15,0.2118199392433029,12,0.12,4.741176470588235,14,0.29
work-2,M15O85,4501,4.501,1.2,27,0.27,0.3138359569179784,12,0.12,4.068493150684931,12,0.28
work-2,M15O85,4501,4.501,1.4,28,0.28,0.3204639602319801,12,0.12,4.361111111111111,12,0.25
work-2,M15O85,4601,4.601,1.0,16,0.16,0.195967964650649,6,0.06,2.142857142857143,18,0.38
work-2,M15O85,4601,4.601,1.2,16,0.16,0.195967964650649,6,0.06,2.452380952380953,17,0.36
work-2,M15O85,4601,4.601,1.4,18,0.18,0.2092239712786523,8,0.08,3.073170731707317,16,0.32
work-2,M15O85,4701,4.7010000000000005,1.0,16,0.16,0.2184479425573046,14,0.14,4.595238095238095,17,0.24
work-2,M15O85,4701,4.7010000000000005,1.2,17,0.17,0.2250759458713062,14,0.14,5.867469879518072,14,0.23
work-2,M15O85,4701,4.7010000000000005,1.4,17,0.17,0.2250759458713062,15,0.15,6.253012048192771,14,0.21
work-2,M15O85,4801,4.801,1.0,20,0.2,0.2449599558133112,19,0.19,5.925,11,0.36
work-2,M15O85,4801,4.801,1.2,20,0.2,0.2449599558133112,19,0.19,5.925,11,0.36
work-2,M15O85,4801,4.801,1.4,20,0.2,0.2449599558133112,20,0.2,6.825,11,0.33
work-2,M15O85,4901,4.901,1.0,18,0.18,0.2317039491853079,13,0.13,4.097560975609756,17,0.27
work-2,M15O85,4901,4.901,1.2,21,0.21,0.2515879591273129,13,0.13,4.569620253164557,15,0.25
work-2,M15O85,4901,4.901,1.4,22,0.22,0.2582159624413145,13,0.13,4.615384615384615,15,0.24
work,M20O80,1001,1.001,1.0,9,0.09,0.1142502482621648,6,0.06,2.5824175824175826,22,0.32
work,M20O80,1001,1.001,1.2,11,0.11,0.1261668321747765,6,0.06,2.7752808988764044,20,0.32
work,M20O80,1001,1.001,1.4,11,0.11,0.1059582919563058,11,0.11,3.831460674157303,20,0.25
work,M20O80,1101,1.101,1.0,23,0.23,0.3189175769612711,7,0.07,2.272727272727273,12,0.43
work,M20O80,1101,1.101,1.2,25,0.25,0.3308341608738828,7,0.07,2.36,12,0.4
work,M20O80,1101,1.101,1.4,25,0.25,0.3308341608738828,8,0.08,2.546666666666667,12,0.39
work,M20O80,1201,1.201,1.0,17,0.17,0.2427507447864945,8,0.08,3.144578313253012,15,0.33
work,M20O80,1201,1.201,1.2,24,0.24,0.3046673286991062,8,0.08,3.5,13,0.3
work,M20O80,1201,1.201,1.4,30,0.3,0.4010427010923535,13,0.13,4.428571428571429,11,0.3
work,M20O80,1301,1.301,1.0,11,0.11,0.1463753723932472,10,0.1,3.337078651685393,15,0.4
work,M20O80,1301,1.301,1.2,11,0.11,0.1463753723932472,10,0.1,3.561797752808989,14,0.38
work,M20O80,1301,1.301,1.4,22,0.22,0.3129592850049652,8,0.08,2.769230769230769,13,0.37
work,M20O80,1401,1.401,1.0,15,0.15,0.1904170804369414,15,0.15,6.129411764705883,14,0.28
work,M20O80,1401,1.401,1.2,17,0.17,0.2023336643495531,15,0.15,6.228915662650603,13,0.28
work,M20O80,1401,1.401,1.4,20,0.2,0.2606256206554121,18,0.18,7.925,11,0.27
work,M20O80,1501,1.501,1.0,38,0.38,0.4487090367428004,8,0.08,2.5161290322580645,13,0.28
work,M20O80,1501,1.501,1.2,40,0.4,0.4606256206554121,8,0.08,2.6666666666666665,13,0.25
work,M20O80,1501,1.501,1.4,44,0.44,0.5046673286991062,12,0.12,3.857142857142857,12,0.22
work,M20O80,1601,1.601,1.0,29,0.29,0.3950844091360476,6,0.06,2.0422535211267605,11,0.41
work,M20O80,1601,1.601,1.2,32,0.32,0.4331678252234359,6,0.06,2.0588235294117645,10,0.4
work,M20O80,1601,1.601,1.4,36,0.36,0.4772095332671301,6,0.06,2.03125,9,0.39
work,M20O80,1701,1.701,1.0,25,0.25,0.3106256206554121,15,0.15,5.48,14,0.25
work,M20O80,1701,1.701,1.2,50,0.5,0.6010427010923535,6,0.06,2.04,11,0.25
work,M20O80,1701,1.701,1.4,56,0.56,0.6570009930486593,3,0.03,1.5454545454545454,11,0.23
work,M20O80,1801,1.801,1.0,15,0.15,0.1904170804369414,11,0.11,3.941176470588236,15,0.31
work,M20O80,1801,1.801,1.2,15,0.15,0.1904170804369414,11,0.11,3.988235294117647,15,0.3
work,M20O80,1801,1.801,1.4,24,0.24,0.2844587884806355,12,0.12,4.078947368421052,14,0.27
work,M20O80,1901,1.901,1.0,31,0.31,0.4070009930486594,4,0.04,1.8695652173913044,17,0.31
work,M20O80,1901,1.901,1.2,31,0.31,0.4070009930486594,4,0.04,1.9275362318840576,17,0.3
work,M20O80,1901,1.901,1.4,33,0.33,0.4189175769612711,4,0.04,1.955223880597015,17,0.28
work,M20O80,2001,2.001,1.0,17,0.17,0.2023336643495531,12,0.12,3.867469879518072,15,0.33
work,M20O80,2001,2.001,1.2,20,0.2,0.2404170804369414,15,0.15,4.925,14,0.29
work,M20O80,2001,2.001,1.4,20,0.2,0.2404170804369414,16,0.16,5.6,13,0.28
work,M20O80,2101,2.101,1.0,14,0.14,0.1844587884806355,7,0.07,3.232558139534884,14,0.35
work,M20O80,2101,2.101,1.2,15,0.15,0.1904170804369414,7,0.07,3.4,13,0.34
work,M20O80,2101,2.101,1.4,22,0.22,0.2725422045680238,7,0.07,3.358974358974359,12,0.32
work,M20O80,2201,2.201,1.0,11,0.11,0.1463753723932472,11,0.11,3.449438202247191,18,0.34
work,M20O80,2201,2.201,1.2,14,0.14,0.1844587884806355,11,0.11,4.209302325581396,16,0.32
work,M20O80,2201,2.201,1.4,14,0.14,0.1844587884806355,11,0.11,4.3023255813953485,16,0.3
work,M20O80,2301,2.301,1.0,37,0.37,0.4427507447864945,4,0.04,1.6349206349206349,12,0.37
work,M20O80,2301,2.301,1.2,38,0.38,0.4487090367428004,4,0.04,1.6451612903225807,12,0.36
work,M20O80,2301,2.301,1.4,38,0.38,0.4487090367428004,8,0.08,2.3225806451612905,11,0.34
work,M20O80,2401,2.401,1.0,13,0.13,0.1785004965243297,8,0.08,3.1379310344827585,21,0.23
work,M20O80,2401,2.401,1.2,13,0.13,0.1785004965243297,10,0.1,3.7126436781609193,20,0.23
work,M20O80,2401,2.401,1.4,13,0.13,0.1785004965243297,13,0.13,4.471264367816092,19,0.22
work,M20O80,2501,2.501,1.0,8,0.08,0.0880834160873882,7,0.07,3.152173913043478,19,0.3
work,M20O80,2501,2.501,1.2,9,0.09,0.0940417080436941,7,0.07,3.175824175824176,19,0.29
work,M20O80,2501,2.501,1.4,9,0.09,0.0940417080436941,7,0.07,3.175824175824176,19,0.29
work,M20O80,2601,2.601,1.0,21,0.21,0.2059582919563058,9,0.09,3.3037974683544302,14,0.31
work,M20O80,2601,2.601,1.2,21,0.21,0.2059582919563058,9,0.09,3.4556962025316458,14,0.29
work,M20O80,2601,2.601,1.4,21,0.21,0.2059582919563058,9,0.09,3.784810126582279,13,0.28
work,M20O80,2701,2.701,1.0,18,0.18,0.2689175769612711,18,0.18,5.902439024390244,11,0.31
work,M20O80,2701,2.701,1.2,19,0.19,0.2142502482621648,19,0.19,6.753086419753086,12,0.24
work,M20O80,2701,2.701,1.4,21,0.21,0.2867924528301886,19,0.19,6.873417721518988,11,0.24
work,M20O80,2801,2.801,1.0,14,0.14,0.2248758689175769,8,0.08,3.395348837209302,15,0.32
work,M20O80,2801,2.801,1.2,14,0.14,0.2248758689175769,8,0.08,3.395348837209302,15,0.32
work,M20O80,2801,2.801,1.4,14,0.14,0.2248758689175769,8,0.08,3.744186046511628,14,0.31
work,M20O80,2901,2.901,1.0,14,0.14,0.1642502482621648,6,0.06,2.2790697674418605,19,0.36
work,M20O80,2901,2.901,1.2,16,0.16,0.1963753723932472,10,0.1,3.071428571428572,17,0.33
work,M20O80,2901,2.901,1.4,20,0.2,0.2404170804369414,10,0.1,3.25,16,0.3
work,M20O80,3001,3.001,1.0,15,0.15,0.1904170804369414,11,0.11,3.823529411764706,17,0.3
work,M20O80,3001,3.001,1.2,19,0.19,0.2546673286991062,11,0.11,4.308641975308642,16,0.27
work,M20O80,3001,3.001,1.4,19,0.19,0.2546673286991062,11,0.11,4.3580246913580245,16,0.26
work,M20O80,3101,3.101,1.0,9,0.09,0.1344587884806355,6,0.06,2.56043956043956,19,0.36
work,M20O80,3101,3.101,1.2,15,0.15,0.2510427010923535,7,0.07,2.6,19,0.32
work,M20O80,3101,3.101,1.4,15,0.15,0.2510427010923535,7,0.07,2.764705882352941,19,0.3
work,M20O80,3201,3.201,1.0,20,0.2,0.2202085402184707,8,0.08,3.975,13,0.26
work,M20O80,3201,3.201,1.2,20,0.2,0.2202085402184707,9,0.09,4.6,13,0.23
work,M20O80,3201,3.201,1.4,20,0.2,0.2202085402184707,9,0.09,4.6,13,0.23
work,M20O80,3301,3.301,1.0,23,0.23,0.2380834160873882,10,0.1,4.402597402597403,12,0.24
work,M20O80,3301,3.301,1.2,24,0.24,0.2440417080436941,11,0.11,4.842105263157895,12,0.21
work,M20O80,3301,3.301,1.4,24,0.24,0.2440417080436941,11,0.11,4.842105263157895,12,0.21
work,M20O80,3401,3.401,1.0,19,0.19,0.2344587884806355,15,0.15,4.851851851851852,15,0.27
work,M20O80,3401,3.401,1.2,27,0.27,0.3427507447864945,20,0.2,6.917808219178082,13,0.25
work,M20O80,3401,3.401,1.4,27,0.27,0.3427507447864945,20,0.2,6.917808219178082,13,0.25
work,M20O80,3501,3.501,1.0,13,0.13,0.1785004965243297,7,0.07,3.045977011494253,19,0.29
work,M20O80,3501,3.501,1.2,13,0.13,0.1785004965243297,7,0.07,3.32183908045977,19,0.26
work,M20O80,3501,3.501,1.4,20,0.2,0.2606256206554121,9,0.09,3.45,18,0.23
work,M20O80,3601,3.601,1.0,29,0.29,0.3748758689175769,8,0.08,2.605633802816901,14,0.32
work,M20O80,3601,3.601,1.2,29,0.29,0.3748758689175769,8,0.08,2.605633802816901,14,0.32
work,M20O80,3601,3.601,1.4,31,0.31,0.3867924528301887,9,0.09,3.0,14,0.28
work,M20O80,3701,3.701,1.0,18,0.18,0.1880834160873883,12,0.12,3.731707317073171,12,0.37
work,M20O80,3701,3.701,1.2,18,0.18,0.1880834160873883,12,0.12,4.048780487804878,12,0.33
work,M20O80,3701,3.701,1.4,19,0.19,0.1940417080436941,12,0.12,4.08641975308642,12,0.32
work,M20O80,3801,3.801,1.0,21,0.21,0.2463753723932472,10,0.1,3.2531645569620253,17,0.31
work,M20O80,3801,3.801,1.2,22,0.22,0.2523336643495531,10,0.1,3.717948717948718,17,0.27
work,M20O80,3801,3.801,1.4,29,0.29,0.3748758689175769,10,0.1,3.704225352112676,16,0.25
work,M20O80,3901,3.901,1.0,22,0.22,0.2725422045680238,20,0.2,7.205128205128205,12,0.28
work,M20O80,3901,3.901,1.2,26,0.26,0.316583912611718,25,0.25,10.45945945945946,10,0.23
work,M20O80,3901,3.901,1.4,26,0.26,0.316583912611718,25,0.25,10.486486486486486,11,0.21
work,M20O80,4001,4.001,1.0,17,0.17,0.1821251241310824,12,0.12,4.783132530120482,14,0.3
work,M20O80,4001,4.001,1.2,19,0.19,0.1940417080436941,12,0.12,5.024691358024692,15,0.25
work,M20O80,4001,4.001,1.4,22,0.22,0.2321251241310824,14,0.14,6.641025641025641,13,0.21
work,M20O80,4101,4.101,1.0,7,0.07,0.1225422045680238,7,0.07,2.806451612903226,21,0.31
work,M20O80,4101,4.101,1.2,15,0.15,0.2106256206554121,9,0.09,2.929411764705882,18,0.31
work,M20O80,4101,4.101,1.4,15,0.15,0.2106256206554121,9,0.09,3.211764705882353,18,0.27
work,M20O80,4201,4.2010000000000005,1.0,13,0.13,0.158291956305859,11,0.11,4.333333333333333,16,0.27
work,M20O80,4201,4.2010000000000005,1.2,13,0.13,0.158291956305859,11,0.11,4.494252873563219,16,0.26
work,M20O80,4201,4.2010000000000005,1.4,13,0.13,0.158291956305859,11,0.11,5.32183908045977,14,0.25
work,M20O80,4301,4.301,1.0,21,0.21,0.2867924528301886,14,0.14,4.620253164556962,14,0.28
work,M20O80,4301,4.301,1.2,35,0.35,0.4712512413108242,7,0.07,2.6,13,0.28
work,M20O80,4301,4.301,1.4,36,0.36,0.4772095332671301,9,0.09,3.09375,13,0.25
work,M20O80,4401,4.401,1.0,9,0.09,0.1142502482621648,8,0.08,3.263736263736264,17,0.34
work,M20O80,4401,4.401,1.2,10,0.1,0.1202085402184707,9,0.09,3.6,16,0.32
work,M20O80,4401,4.401,1.4,10,0.1,0.1,10,0.1,3.8,16,0.31
work,M20O80,4501,4.501,1.0,22,0.22,0.2927507447864945,13,0.13,4.564102564102564,18,0.19
work,M20O80,4501,4.501,1.2,23,0.23,0.2987090367428004,13,0.13,4.6103896103896105,18,0.18
work,M20O80,4501,4.501,1.4,23,0.23,0.2987090367428004,13,0.13,4.636363636363637,19,0.16
work,M20O80,4601,4.601,1.0,19,0.19,0.1940417080436941,14,0.14,4.333333333333333,15,0.29
work,M20O80,4601,4.601,1.2,19,0.19,0.1940417080436941,14,0.14,4.432098765432099,15,0.28
work,M20O80,4601,4.601,1.4,38,0.38,0.4285004965243297,6,0.06,2.419354838709677,12,0.28
work,M20O80,4701,4.7010000000000005,1.0,9,0.09,0.1546673286991062,8,0.08,2.912087912087912,17,0.37
work,M20O80,4701,4.7010000000000005,1.2,10,0.1,0.1606256206554121,8,0.08,3.022222222222222,17,0.35
work,M20O80,4701,4.7010000000000005,1.4,11,0.11,0.1665839126117179,8,0.08,3.539325842696629,17,0.3
work,M20O80,4801,4.801,1.0,16,0.16,0.2367924528301886,9,0.09,2.571428571428572,14,0.43
work,M20O80,4801,4.801,1.2,18,0.18,0.2689175769612711,10,0.1,3.0,15,0.36
work,M20O80,4801,4.801,1.4,19,0.19,0.274875868917577,10,0.1,3.098765432098765,15,0.34
work,M20O80,4901,4.901,1.0,22,0.22,0.3331678252234359,9,0.09,3.076923076923077,13,0.38
work,M20O80,4901,4.901,1.2,22,0.22,0.3331678252234359,10,0.1,3.3076923076923075,13,0.37
work,M20O80,4901,4.901,1.4,31,0.31,0.42720953326713,10,0.1,2.7971014492753623,12,0.36
work-1,M20O80,1001,1.001,1.0,16,0.16,0.2165839126117179,9,0.09,3.5,18,0.26
work-1,M20O80,1001,1.001,1.2,16,0.16,0.2165839126117179,9,0.09,3.619047619047619,18,0.24
work-1,M20O80,1001,1.001,1.4,16,0.16,0.2165839126117179,14,0.14,5.285714285714286,16,0.22
work-1,M20O80,1101,1.101,1.0,12,0.12,0.091708043694141,9,0.09,3.0681818181818183,17,0.36
work-1,M20O80,1101,1.101,1.2,12,0.12,0.091708043694141,11,0.11,3.772727272727273,16,0.35
work-1,M20O80,1101,1.101,1.4,15,0.15,0.2308341608738828,12,0.12,4.08235294117647,16,0.32
work-1,M20O80,1201,1.201,1.0,20,0.2,0.2404170804369414,14,0.14,4.45,18,0.25
work-1,M20O80,1201,1.201,1.2,24,0.24,0.2642502482621648,21,0.21,7.2105263157894735,15,0.24
work-1,M20O80,1201,1.201,1.4,26,0.26,0.3367924528301886,26,0.26,10.243243243243244,13,0.23
work-1,M20O80,1301,1.301,1.0,29,0.29,0.3748758689175769,8,0.08,2.971830985915493,13,0.3
work-1,M20O80,1301,1.301,1.2,30,0.3,0.3808341608738828,8,0.08,3.2,13,0.27
work-1,M20O80,1301,1.301,1.4,30,0.3,0.3808341608738828,8,0.08,3.2,13,0.27
work-1,M20O80,1401,1.401,1.0,26,0.26,0.3367924528301886,5,0.05,2.2432432432432434,18,0.28
work-1,M20O80,1401,1.401,1.2,31,0.31,0.4070009930486594,5,0.05,2.4782608695652173,16,0.25
work-1,M20O80,1401,1.401,1.4,34,0.34,0.4450844091360477,5,0.05,2.4545454545454546,15,0.25
work-1,M20O80,1501,1.501,1.0,32,0.32,0.3725422045680238,8,0.08,2.9705882352941178,12,0.29
work-1,M20O80,1501,1.501,1.2,32,0.32,0.3725422045680238,8,0.08,3.0588235294117645,12,0.28
work-1,M20O80,1501,1.501,1.4,32,0.32,0.3725422045680238,8,0.08,3.5,11,0.28
work-1,M20O80,1601,1.601,1.0,11,0.11,0.1665839126117179,8,0.08,3.1123595505617976,15,0.37
work-1,M20O80,1601,1.601,1.2,19,0.19,0.274875868917577,6,0.06,2.753086419753086,14,0.36
work-1,M20O80,1601,1.601,1.4,20,0.2,0.2808341608738828,6,0.06,2.9,15,0.32
work-1,M20O80,1701,1.701,1.0,18,0.18,0.2487090367428004,12,0.12,4.243902439024391,14,0.3
work-1,M20O80,1701,1.701,1.2,19,0.19,0.2546673286991062,12,0.12,4.283950617283951,14,0.29
work-1,M20O80,1701,1.701,1.4,19,0.19,0.2546673286991062,12,0.12,4.753086419753086,13,0.28
work-1,M20O80,1801,1.801,1.0,16,0.16,0.1963753723932472,16,0.16,4.9523809523809526,18,0.24
work-1,M20O80,1801,1.801,1.2,16,0.16,0.1963753723932472,16,0.16,5.071428571428571,18,0.22
work-1,M20O80,1801,1.801,1.4,24,0.24,0.3046673286991062,16,0.16,5.2631578947368425,16,0.21
work-1,M20O80,1901,1.901,1.0,16,0.16,0.1761668321747765,11,0.11,3.857142857142857,14,0.33
work-1,M20O80,1901,1.901,1.2,16,0.16,0.1761668321747765,12,0.12,4.428571428571429,14,0.3
work-1,M20O80,1901,1.901,1.4,22,0.22,0.2725422045680238,16,0.16,5.717948717948718,12,0.28
work-1,M20O80,2001,2.001,1.0,19,0.19,0.1940417080436941,11,0.11,3.419753086419753,19,0.26
work-1,M20O80,2001,2.001,1.2,19,0.19,0.1940417080436941,14,0.14,4.407407407407407,18,0.23
work-1,M20O80,2001,2.001,1.4,19,0.19,0.1940417080436941,14,0.14,4.506172839506172,19,0.2
work-1,M20O80,2101,2.101,1.0,24,0.24,0.3450844091360476,10,0.1,3.0789473684210527,16,0.3
work-1,M20O80,2101,2.101,1.2,24,0.24,0.3450844091360476,11,0.11,3.3947368421052637,16,0.28
work-1,M20O80,2101,2.101,1.4,24,0.24,0.3450844091360476,12,0.12,3.710526315789474,17,0.25
work-1,M20O80,2201,2.201,1.0,8,0.08,0.1285004965243296,7,0.07,2.9782608695652173,21,0.28
work-1,M20O80,2201,2.201,1.2,8,0.08,0.1285004965243296,7,0.07,3.065217391304348,22,0.25
work-1,M20O80,2201,2.201,1.4,13,0.13,0.1785004965243297,7,0.07,3.2298850574712645,21,0.21
work-1,M20O80,2301,2.301,1.0,13,0.13,0.1380834160873882,10,0.1,3.32183908045977,18,0.29
work-1,M20O80,2301,2.301,1.2,13,0.13,0.1380834160873882,10,0.1,3.32183908045977,18,0.29
work-1,M20O80,2301,2.301,1.4,13,0.13,0.1380834160873882,13,0.13,4.057471264367816,17,0.28
work-1,M20O80,2401,2.401,1.0,25,0.25,0.3510427010923535,11,0.11,4.1466666666666665,15,0.23
work-1,M20O80,2401,2.401,1.2,25,0.25,0.3510427010923535,11,0.11,4.173333333333333,16,0.21
work-1,M20O80,2401,2.401,1.4,30,0.3,0.4010427010923535,12,0.12,4.942857142857143,13,0.19
work-1,M20O80,2501,2.501,1.0,13,0.13,0.158291956305859,7,0.07,3.5517241379310347,20,0.21
work-1,M20O80,2501,2.501,1.2,13,0.13,0.158291956305859,8,0.08,3.827586206896552,19,0.21
work-1,M20O80,2501,2.501,1.4,13,0.13,0.158291956305859,8,0.08,3.9885057471264367,19,0.2
work-1,M20O80,2601,2.601,1.0,14,0.14,0.1642502482621648,11,0.11,4.162790697674419,18,0.27
work-1,M20O80,2601,2.601,1.2,14,0.14,0.1642502482621648,11,0.11,4.27906976744186,19,0.23
work-1,M20O80,2601,2.601,1.4,14,0.14,0.1642502482621648,11,0.11,4.325581395348837,21,0.19
work-1,M20O80,2701,2.701,1.0,25,0.25,0.2904170804369414,5,0.05,2.28,14,0.35
work-1,M20O80,2701,2.701,1.2,25,0.25,0.2904170804369414,5,0.05,2.44,15,0.31
work-1,M20O80,2701,2.701,1.4,25,0.25,0.2904170804369414,8,0.08,3.026666666666667,14,0.29
work-1,M20O80,2801,2.801,1.0,10,0.1,0.1202085402184707,9,0.09,4.111111111111111,19,0.21
work-1,M20O80,2801,2.801,1.2,10,0.1,0.1202085402184707,9,0.09,4.111111111111111,19,0.21
work-1,M20O80,2801,2.801,1.4,10,0.1,0.1202085402184707,9,0.09,4.266666666666667,19,0.2
work-1,M20O80,2901,2.901,1.0,33,0.33,0.4795431976166832,7,0.07,3.1194029850746268,13,0.26
work-1,M20O80,2901,2.901,1.2,33,0.33,0.4795431976166832,7,0.07,3.1194029850746268,13,0.26
work-1,M20O80,2901,2.901,1.4,33,0.33,0.4795431976166832,7,0.07,3.149253731343284,14,0.24
work-1,M20O80,3001,3.001,1.0,34,0.34,0.4046673286991062,5,0.05,2.515151515151515,15,0.24
work-1,M20O80,3001,3.001,1.2,34,0.34,0.4046673286991062,5,0.05,2.696969696969697,14,0.24
work-1,M20O80,3001,3.001,1.4,34,0.34,0.4046673286991062,5,0.05,2.696969696969697,14,0.24
work-1,M20O80,3101,3.101,1.0,9,0.09,0.1546673286991062,8,0.08,2.5164835164835164,17,0.42
work-1,M20O80,3101,3.101,1.2,10,0.1,0.1606256206554121,8,0.08,2.533333333333333,17,0.41
work-1,M20O80,3101,3.101,1.4,10,0.1,0.1606256206554121,8,0.08,2.8,18,0.37
work-1,M20O80,3201,3.201,1.0,24,0.24,0.3046673286991062,8,0.08,3.026315789473684,18,0.27
work-1,M20O80,3201,3.201,1.2,24,0.24,0.3046673286991062,8,0.08,3.1052631578947367,18,0.26
work-1,M20O80,3201,3.201,1.4,24,0.24,0.3046673286991062,8,0.08,3.1578947368421053,18,0.25
work-1,M20O80,3301,3.301,1.0,21,0.21,0.266583912611718,14,0.14,4.89873417721519,10,0.35
work-1,M20O80,3301,3.301,1.2,37,0.37,0.4629592850049652,9,0.09,3.031746031746032,8,0.34
work-1,M20O80,3301,3.301,1.4,40,0.4,0.5212512413108242,9,0.09,3.066666666666667,8,0.32
work-1,M20O80,3401,3.401,1.0,12,0.12,0.1321251241310824,11,0.11,4.75,14,0.29
work-1,M20O80,3401,3.401,1.2,13,0.13,0.1785004965243297,12,0.12,5.551724137931035,13,0.27
work-1,M20O80,3401,3.401,1.4,26,0.26,0.2963753723932473,15,0.15,6.216216216216216,10,0.27
work-1,M20O80,3501,3.501,1.0,12,0.12,0.1119165839126117,8,0.08,3.772727272727273,15,0.3
work-1,M20O80,3501,3.501,1.2,15,0.15,0.1702085402184707,14,0.14,4.882352941176471,15,0.26
work-1,M20O80,3501,3.501,1.4,15,0.15,0.1702085402184707,14,0.14,5.117647058823529,15,0.24
work-1,M20O80,3601,3.601,1.0,25,0.25,0.3510427010923535,10,0.1,3.373333333333333,14,0.3
work-1,M20O80,3601,3.601,1.2,25,0.25,0.3510427010923535,10,0.1,3.373333333333333,14,0.3
work-1,M20O80,3601,3.601,1.4,26,0.26,0.3570009930486594,10,0.1,3.4054054054054053,14,0.29
work-1,M20O80,3701,3.701,1.0,13,0.13,0.158291956305859,12,0.12,5.091954022988506,16,0.24
work-1,M20O80,3701,3.701,1.2,19,0.19,0.2344587884806355,13,0.13,5.395061728395062,15,0.23
work-1,M20O80,3701,3.701,1.4,19,0.19,0.2344587884806355,13,0.13,5.493827160493828,15,0.22
work-1,M20O80,3801,3.801,1.0,24,0.24,0.3248758689175769,9,0.09,3.263157894736842,15,0.29
work-1,M20O80,3801,3.801,1.2,24,0.24,0.3248758689175769,9,0.09,3.263157894736842,15,0.29
work-1,M20O80,3801,3.801,1.4,24,0.24,0.3248758689175769,10,0.1,3.9210526315789473,15,0.26
work-1,M20O80,3901,3.901,1.0,15,0.15,0.2106256206554121,14,0.14,4.905882352941177,13,0.33
work-1,M20O80,3901,3.901,1.2,15,0.15,0.2106256206554121,14,0.14,5.070588235294117,13,0.32
work-1,M20O80,3901,3.901,1.4,15,0.15,0.2106256206554121,14,0.14,5.070588235294117,13,0.32
work-1,M20O80,4001,4.001,1.0,13,0.13,0.1785004965243297,13,0.13,4.655172413793103,13,0.34
work-1,M20O80,4001,4.001,1.2,13,0.13,0.1785004965243297,13,0.13,4.954022988505747,12,0.33
work-1,M20O80,4001,4.001,1.4,13,0.13,0.1785004965243297,13,0.13,5.091954022988506,11,0.33
work-1,M20O80,4101,4.101,1.0,15,0.15,0.1702085402184707,11,0.11,3.094117647058824,16,0.36
work-1,M20O80,4101,4.101,1.2,15,0.15,0.1702085402184707,14,0.14,3.941176470588236,15,0.35
work-1,M20O80,4101,4.101,1.4,19,0.19,0.2142502482621648,14,0.14,4.111111111111111,14,0.33
work-1,M20O80,4201,4.2010000000000005,1.0,15,0.15,0.1904170804369414,10,0.1,3.117647058823529,18,0.33
work-1,M20O80,4201,4.2010000000000005,1.2,15,0.15,0.1904170804369414,10,0.1,3.4705882352941178,18,0.29
work-1,M20O80,4201,4.2010000000000005,1.4,17,0.17,0.2023336643495531,10,0.1,3.674698795180723,19,0.24
work-1,M20O80,4301,4.301,1.0,15,0.15,0.1904170804369414,9,0.09,2.647058823529412,16,0.4
work-1,M20O80,4301,4.301,1.2,17,0.17,0.2225422045680238,11,0.11,3.1204819277108435,15,0.38
work-1,M20O80,4301,4.301,1.4,17,0.17,0.2225422045680238,14,0.14,4.108433734939759,14,0.36
work-1,M20O80,4401,4.401,1.0,25,0.25,0.3106256206554121,22,0.22,8.146666666666667,10,0.28
work-1,M20O80,4401,4.401,1.2,25,0.25,0.3106256206554121,23,0.23,8.733333333333333,10,0.27
work-1,M20O80,4401,4.401,1.4,28,0.28,0.3487090367428004,23,0.23,9.055555555555555,10,0.24
work-1,M20O80,4501,4.501,1.0,13,0.13,0.158291956305859,12,0.12,4.195402298850575,16,0.28
work-1,M20O80,4501,4.501,1.2,13,0.13,0.158291956305859,12,0.12,4.816091954022989,15,0.27
work-1,M20O80,4501,4.501,1.4,14,0.14,0.1440417080436941,13,0.13,5.651162790697675,14,0.24
work-1,M20O80,4601,4.601,1.0,20,0.2,0.2808341608738828,7,0.07,2.925,21,0.23
work-1,M20O80,4601,4.601,1.2,22,0.22,0.3129592850049652,10,0.1,3.4871794871794872,19,0.23
work-1,M20O80,4601,4.601,1.4,28,0.28,0.3487090367428004,10,0.1,3.583333333333333,17,0.22
work-1,M20O80,4701,4.7010000000000005,1.0,8,0.08,0.0880834160873882,8,0.08,3.260869565217391,14,0.39
work-1,M20O80,4701,4.7010000000000005,1.2,9,0.09,0.1142502482621648,8,0.08,3.923076923076923,12,0.37
work-1,M20O80,4701,4.7010000000000005,1.4,10,0.1,0.1,9,0.09,4.133333333333334,12,0.35
work-1,M20O80,4801,4.801,1.0,35,0.35,0.4106256206554121,8,0.08,3.6769230769230767,16,0.16
work-1,M20O80,4801,4.801,1.2,36,0.36,0.4165839126117179,8,0.08,4.03125,15,0.14
work-1,M20O80,4801,4.801,1.4,36,0.36,0.4165839126117179,8,0.08,4.03125,15,0.14
work-1,M20O80,4901,4.901,1.0,15,0.15,0.1702085402184707,12,0.12,5.1647058823529415,12,0.31
work-1,M20O80,4901,4.901,1.2,17,0.17,0.2023336643495531,15,0.15,7.168674698795181,10,0.28
work-1,M20O80,4901,4.901,1.4,17,0.17,0.2023336643495531,17,0.17,8.204819277108435,10,0.24
work-2,M20O80,1001,1.001,1.0,21,0.21,0.266583912611718,15,0.15,5.658227848101266,12,0.32
work-2,M20O80,1001,1.001,1.2,22,0.22,0.2725422045680238,15,0.15,6.948717948717949,10,0.28
work-2,M20O80,1001,1.001,1.4,26,0.26,0.316583912611718,15,0.15,7.108108108108108,9,0.28
work-2,M20O80,1101,1.101,1.0,18,0.18,0.2689175769612711,9,0.09,3.1951219512195124,14,0.34
work-2,M20O80,1101,1.101,1.2,18,0.18,0.2689175769612711,9,0.09,3.341463414634146,14,0.33
work-2,M20O80,1101,1.101,1.4,21,0.21,0.2867924528301886,10,0.1,3.607594936708861,14,0.3
work-2,M20O80,1201,1.201,1.0,8,0.08,0.0880834160873882,8,0.08,3.108695652173913,21,0.27
work-2,M20O80,1201,1.201,1.2,8,0.08,0.0880834160873882,8,0.08,3.239130434782609,21,0.25
work-2,M20O80,1201,1.201,1.4,12,0.12,0.1523336643495531,8,0.08,3.2954545454545454,20,0.24
work-2,M20O80,1301,1.301,1.0,12,0.12,0.1321251241310824,11,0.11,4.5,17,0.3
work-2,M20O80,1301,1.301,1.2,12,0.12,0.1321251241310824,11,0.11,4.818181818181818,17,0.28
work-2,M20O80,1301,1.301,1.4,15,0.15,0.1702085402184707,11,0.11,5.023529411764706,15,0.27
work-2,M20O80,1401,1.401,1.0,19,0.19,0.2344587884806355,7,0.07,2.506172839506173,18,0.33
work-2,M20O80,1401,1.401,1.2,23,0.23,0.2785004965243297,7,0.07,2.8701298701298703,17,0.27
work-2,M20O80,1401,1.401,1.4,24,0.24,0.3046673286991062,11,0.11,3.631578947368421,16,0.26
work-2,M20O80,1501,1.501,1.0,16,0.16,0.2165839126117179,12,0.12,3.4285714285714284,16,0.35
work-2,M20O80,1501,1.501,1.2,16,0.16,0.2165839126117179,12,0.12,3.523809523809524,17,0.32
work-2,M20O80,1501,1.501,1.4,16,0.16,0.2165839126117179,12,0.12,3.571428571428572,17,0.31
work-2,M20O80,1601,1.601,1.0,17,0.17,0.2225422045680238,17,0.17,5.289156626506024,14,0.32
work-2,M20O80,1601,1.601,1.2,25,0.25,0.3106256206554121,17,0.17,5.32,12,0.32
work-2,M20O80,1601,1.601,1.4,44,0.44,0.5652929493545183,5,0.05,2.0,10,0.31
work-2,M20O80,1701,1.701,1.0,18,0.18,0.2689175769612711,10,0.1,3.5609756097560976,17,0.29
work-2,M20O80,1701,1.701,1.2,18,0.18,0.2689175769612711,10,0.1,3.634146341463415,18,0.26
work-2,M20O80,1701,1.701,1.4,19,0.19,0.274875868917577,10,0.1,4.283950617283951,16,0.25
work-2,M20O80,1801,1.801,1.0,11,0.11,0.1059582919563058,10,0.1,3.629213483146068,19,0.29
work-2,M20O80,1801,1.801,1.2,11,0.11,0.1463753723932472,11,0.11,4.617977528089888,17,0.27
work-2,M20O80,1801,1.801,1.4,11,0.11,0.1463753723932472,11,0.11,4.707865168539326,17,0.25
work-2,M20O80,1901,1.901,1.0,9,0.09,0.1142502482621648,9,0.09,3.967032967032967,14,0.34
work-2,M20O80,1901,1.901,1.2,10,0.1,0.1202085402184707,9,0.09,4.2444444444444445,13,0.32
work-2,M20O80,1901,1.901,1.4,17,0.17,0.1821251241310824,10,0.1,4.253012048192771,12,0.31
work-2,M20O80,2001,2.001,1.0,10,0.1,0.1808341608738828,8,0.08,2.8222222222222224,17,0.39
work-2,M20O80,2001,2.001,1.2,13,0.13,0.1785004965243297,10,0.1,3.6206896551724137,15,0.36
work-2,M20O80,2001,2.001,1.4,15,0.15,0.2106256206554121,13,0.13,4.364705882352941,13,0.36
work-2,M20O80,2101,2.101,1.0,10,0.1,0.1202085402184707,7,0.07,3.3777777777777778,16,0.33
work-2,M20O80,2101,2.101,1.2,10,0.1,0.1202085402184707,7,0.07,3.688888888888889,16,0.3
work-2,M20O80,2101,2.101,1.4,11,0.11,0.1261668321747765,7,0.07,3.7191011235955056,16,0.29
work-2,M20O80,2201,2.201,1.0,12,0.12,0.1119165839126117,7,0.07,2.7045454545454546,18,0.34
work-2,M20O80,2201,2.201,1.2,12,0.12,0.1119165839126117,7,0.07,2.840909090909091,19,0.31
work-2,M20O80,2201,2.201,1.4,13,0.13,0.1178748758689175,7,0.07,3.0,18,0.3
work-2,M20O80,2301,2.301,1.0,18,0.18,0.2285004965243297,14,0.14,4.341463414634147,14,0.34
work-2,M20O80,2301,2.301,1.2,18,0.18,0.2285004965243297,14,0.14,4.341463414634147,14,0.34
work-2,M20O80,2301,2.301,1.4,18,0.18,0.2285004965243297,14,0.14,4.536585365853658,15,0.31
work-2,M20O80,2401,2.401,1.0,10,0.1,0.1202085402184707,9,0.09,3.1777777777777776,19,0.31
work-2,M20O80,2401,2.401,1.2,15,0.15,0.1904170804369414,9,0.09,3.211764705882353,17,0.31
work-2,M20O80,2401,2.401,1.4,20,0.2,0.2606256206554121,9,0.09,3.65,15,0.3
work-2,M20O80,2501,2.501,1.0,14,0.14,0.1642502482621648,11,0.11,4.232558139534884,19,0.2
work-2,M20O80,2501,2.501,1.2,14,0.14,0.1642502482621648,12,0.12,4.72093023255814,18,0.19
work-2,M20O80,2501,2.501,1.4,14,0.14,0.1642502482621648,12,0.12,4.72093023255814,18,0.19
work-2,M20O80,2601,2.601,1.0,17,0.17,0.2629592850049652,11,0.11,3.1927710843373496,16,0.36
work-2,M20O80,2601,2.601,1.2,33,0.33,0.4593346573982125,6,0.06,2.044776119402985,14,0.33
work-2,M20O80,2601,2.601,1.4,35,0.35,0.4712512413108242,6,0.06,2.076923076923077,14,0.31
work-2,M20O80,2701,2.701,1.0,18,0.18,0.2487090367428004,11,0.11,3.8536585365853657,13,0.38
work-2,M20O80,2701,2.701,1.2,19,0.19,0.2546673286991062,11,0.11,3.888888888888889,13,0.37
work-2,M20O80,2701,2.701,1.4,20,0.2,0.2606256206554121,12,0.12,4.25,13,0.34
work-2,M20O80,2801,2.801,1.0,8,0.08,0.0880834160873882,7,0.07,3.4347826086956523,19,0.28
work-2,M20O80,2801,2.801,1.2,12,0.12,0.1119165839126117,7,0.07,3.409090909090909,18,0.28
work-2,M20O80,2801,2.801,1.4,12,0.12,0.1119165839126117,10,0.1,3.909090909090909,18,0.26
work-2,M20O80,2901,2.901,1.0,26,0.26,0.3570009930486594,9,0.09,2.702702702702702,11,0.4
work-2,M20O80,2901,2.901,1.2,27,0.27,0.3629592850049652,9,0.09,2.780821917808219,11,0.38
work-2,M20O80,2901,2.901,1.4,27,0.27,0.3629592850049652,9,0.09,3.1095890410958904,10,0.38
work-2,M20O80,3001,3.001,1.0,16,0.16,0.2165839126117179,14,0.14,4.428571428571429,13,0.34
work-2,M20O80,3001,3.001,1.2,17,0.17,0.2225422045680238,14,0.14,4.566265060240964,13,0.32
work-2,M20O80,3001,3.001,1.4,17,0.17,0.2225422045680238,14,0.14,4.686746987951807,14,0.29
work-2,M20O80,3101,3.101,1.0,8,0.08,0.0880834160873882,8,0.08,3.3043478260869565,18,0.31
work-2,M20O80,3101,3.101,1.2,13,0.13,0.1380834160873882,8,0.08,3.413793103448276,17,0.29
work-2,M20O80,3101,3.101,1.4,13,0.13,0.1380834160873882,9,0.09,3.9655172413793114,17,0.26
work-2,M20O80,3201,3.201,1.0,12,0.12,0.1725422045680238,11,0.11,3.863636363636364,19,0.24
work-2,M20O80,3201,3.201,1.2,14,0.14,0.1844587884806355,11,0.11,4.0,20,0.19
work-2,M20O80,3201,3.201,1.4,14,0.14,0.1844587884806355,11,0.11,4.767441860465116,18,0.19
work-2,M20O80,3301,3.301,1.0,13,0.13,0.1380834160873882,5,0.05,2.2413793103448274,23,0.3
work-2,M20O80,3301,3.301,1.2,17,0.17,0.1821251241310824,5,0.05,2.421686746987952,21,0.27
work-2,M20O80,3301,3.301,1.4,18,0.18,0.1880834160873883,5,0.05,2.4878048780487805,21,0.25
work-2,M20O80,3401,3.401,1.0,14,0.14,0.1844587884806355,14,0.14,4.372093023255814,14,0.38
work-2,M20O80,3401,3.401,1.2,17,0.17,0.2225422045680238,14,0.14,4.445783132530121,14,0.36
work-2,M20O80,3401,3.401,1.4,20,0.2,0.2606256206554121,14,0.14,4.55,13,0.35
work-2,M20O80,3501,3.501,1.0,9,0.09,0.0738331678252234,8,0.08,3.857142857142857,13,0.35
work-2,M20O80,3501,3.501,1.2,9,0.09,0.0738331678252234,8,0.08,4.010989010989011,13,0.34
work-2,M20O80,3501,3.501,1.4,9,0.09,0.1142502482621648,9,0.09,4.516483516483516,13,0.31
work-2,M20O80,3601,3.601,1.0,14,0.14,0.1642502482621648,12,0.12,4.930232558139535,17,0.23
work-2,M20O80,3601,3.601,1.2,16,0.16,0.1761668321747765,13,0.13,5.428571428571429,15,0.22
work-2,M20O80,3601,3.601,1.4,16,0.16,0.1761668321747765,13,0.13,5.476190476190476,15,0.21
work-2,M20O80,3701,3.701,1.0,36,0.36,0.3963753723932472,8,0.08,2.65625,13,0.28
work-2,M20O80,3701,3.701,1.2,36,0.36,0.3963753723932472,8,0.08,2.75,13,0.27
work-2,M20O80,3701,3.701,1.4,36,0.36,0.3963753723932472,8,0.08,2.75,13,0.27
work-2,M20O80,3801,3.801,1.0,17,0.17,0.2225422045680238,9,0.09,3.1927710843373496,16,0.33
work-2,M20O80,3801,3.801,1.2,17,0.17,0.2225422045680238,9,0.09,3.409638554216868,16,0.31
work-2,M20O80,3801,3.801,1.4,17,0.17,0.2225422045680238,9,0.09,3.891566265060241,15,0.31
work-2,M20O80,3901,3.901,1.0,12,0.12,0.1321251241310824,9,0.09,4.045454545454546,13,0.34
work-2,M20O80,3901,3.901,1.2,13,0.13,0.1380834160873882,9,0.09,4.103448275862069,14,0.31
work-2,M20O80,3901,3.901,1.4,17,0.17,0.141708043694141,14,0.14,5.506024096385542,13,0.28
work-2,M20O80,4001,4.001,1.0,16,0.16,0.2570009930486593,5,0.05,2.4047619047619047,10,0.48
work-2,M20O80,4001,4.001,1.2,17,0.17,0.2629592850049652,5,0.05,2.421686746987952,10,0.47
work-2,M20O80,4001,4.001,1.4,17,0.17,0.2629592850049652,5,0.05,2.421686746987952,10,0.47
work-2,M20O80,4101,4.101,1.0,28,0.28,0.3285004965243296,9,0.09,3.388888888888889,13,0.32
work-2,M20O80,4101,4.101,1.2,41,0.41,0.5070009930486594,9,0.09,2.593220338983051,11,0.31
work-2,M20O80,4101,4.101,1.4,41,0.41,0.5070009930486594,9,0.09,2.593220338983051,11,0.31
work-2,M20O80,4201,4.2010000000000005,1.0,22,0.22,0.3129592850049652,5,0.05,2.41025641025641,14,0.36
work-2,M20O80,4201,4.2010000000000005,1.2,22,0.22,0.3129592850049652,7,0.07,2.6666666666666665,13,0.36
work-2,M20O80,4201,4.2010000000000005,1.4,22,0.22,0.3129592850049652,7,0.07,2.7948717948717947,13,0.35
work-2,M20O80,4301,4.301,1.0,24,0.24,0.2844587884806355,13,0.13,4.631578947368421,10,0.35
work-2,M20O80,4301,4.301,1.2,27,0.27,0.3225422045680238,17,0.17,7.082191780821918,7,0.33
work-2,M20O80,4301,4.301,1.4,27,0.27,0.3225422045680238,18,0.18,7.575342465753424,8,0.3
work-2,M20O80,4401,4.401,1.0,13,0.13,0.1987090367428004,11,0.11,4.057471264367816,19,0.27
work-2,M20O80,4401,4.401,1.2,15,0.15,0.2308341608738828,11,0.11,4.670588235294118,16,0.27
work-2,M20O80,4401,4.401,1.4,15,0.15,0.2308341608738828,11,0.11,4.670588235294118,16,0.27
work-2,M20O80,4501,4.501,1.0,21,0.21,0.2261668321747765,9,0.09,3.5063291139240507,17,0.26
work-2,M20O80,4501,4.501,1.2,22,0.22,0.2321251241310824,10,0.1,3.769230769230769,17,0.24
work-2,M20O80,4501,4.501,1.4,22,0.22,0.2321251241310824,10,0.1,3.7948717948717943,18,0.22
work-2,M20O80,4601,4.601,1.0,32,0.32,0.3927507447864945,8,0.08,2.617647058823529,11,0.36
work-2,M20O80,4601,4.601,1.2,33,0.33,0.3987090367428004,8,0.08,2.6417910447761197,11,0.35
work-2,M20O80,4601,4.601,1.4,35,0.35,0.4106256206554121,8,0.08,2.7846153846153845,11,0.32
work-2,M20O80,4701,4.7010000000000005,1.0,17,0.17,0.2023336643495531,15,0.15,4.614457831325301,17,0.27
work-2,M20O80,4701,4.7010000000000005,1.2,17,0.17,0.2023336643495531,15,0.15,4.614457831325301,17,0.27
work-2,M20O80,4701,4.7010000000000005,1.4,17,0.17,0.2023336643495531,15,0.15,5.0,16,0.26
work-2,M20O80,4801,4.801,1.0,34,0.34,0.4652929493545183,5,0.05,2.1818181818181817,14,0.3
work-2,M20O80,4801,4.801,1.2,34,0.34,0.4652929493545183,5,0.05,2.1818181818181817,14,0.3
work-2,M20O80,4801,4.801,1.4,38,0.38,0.5093346573982125,5,0.05,2.193548387096774,12,0.3
work-2,M20O80,4901,4.901,1.0,13,0.13,0.1380834160873882,12,0.12,4.35632183908046,15,0.29
work-2,M20O80,4901,4.901,1.2,13,0.13,0.1380834160873882,12,0.12,4.35632183908046,15,0.29
work-2,M20O80,4901,4.901,1.4,13,0.13,0.1380834160873882,12,0.12,4.379310344827586,16,0.27
work,M25O75,1001,1.001,1.0,19,0.19,0.2496505073280721,13,0.13,4.950617283950617,13,0.3
work,M25O75,1001,1.001,1.2,19,0.19,0.2496505073280721,13,0.13,5.0,13,0.29
work,M25O75,1001,1.001,1.4,20,0.2,0.2550620067643743,13,0.13,5.125,13,0.27
work,M25O75,1101,1.101,1.0,17,0.17,0.202119503945885,9,0.09,3.602409638554217,16,0.27
work,M25O75,1101,1.101,1.2,23,0.23,0.3080045095828636,9,0.09,3.727272727272727,14,0.27
work,M25O75,1101,1.101,1.4,23,0.23,0.3080045095828636,9,0.09,4.142857142857143,12,0.27
work,M25O75,1201,1.201,1.0,32,0.32,0.3567080045095828,8,0.08,3.235294117647059,16,0.2
work,M25O75,1201,1.201,1.2,37,0.37,0.402119503945885,9,0.09,3.5396825396825395,14,0.19
work,M25O75,1201,1.201,1.4,37,0.37,0.402119503945885,9,0.09,3.5396825396825395,14,0.19
work,M25O75,1301,1.301,1.0,14,0.14,0.1858850056369785,8,0.08,3.1627906976744184,17,0.3
work,M25O75,1301,1.301,1.2,18,0.18,0.2258850056369785,8,0.08,3.4878048780487805,15,0.3
work,M25O75,1301,1.301,1.4,18,0.18,0.2258850056369785,8,0.08,3.5609756097560976,15,0.29
work,M25O75,1401,1.401,1.0,18,0.18,0.2075310033821871,13,0.13,4.243902439024391,15,0.31
work,M25O75,1401,1.401,1.2,18,0.18,0.2075310033821871,13,0.13,4.243902439024391,15,0.31
work,M25O75,1401,1.401,1.4,31,0.31,0.3512965050732807,8,0.08,2.5942028985507246,14,0.31
work,M25O75,1501,1.501,1.0,15,0.15,0.2280045095828635,11,0.11,4.129411764705883,11,0.41
work,M25O75,1501,1.501,1.2,16,0.16,0.2334160090191657,12,0.12,4.4523809523809526,12,0.37
work,M25O75,1501,1.501,1.4,16,0.16,0.2334160090191657,12,0.12,4.4523809523809526,12,0.37
work,M25O75,1601,1.601,1.0,19,0.19,0.2496505073280721,10,0.1,3.888888888888889,13,0.32
work,M25O75,1601,1.601,1.2,19,0.19,0.2496505073280721,11,0.11,4.135802469135802,13,0.31
work,M25O75,1601,1.601,1.4,36,0.36,0.4517700112739571,8,0.08,2.78125,11,0.31
work,M25O75,1701,1.701,1.0,38,0.38,0.44423900789177,9,0.09,3.548387096774193,13,0.21
work,M25O75,1701,1.701,1.2,39,0.39,0.4496505073280721,9,0.09,3.5901639344262297,13,0.2
work,M25O75,1701,1.701,1.4,39,0.39,0.4496505073280721,11,0.11,4.508196721311475,12,0.2
work,M25O75,1801,1.801,1.0,15,0.15,0.1912965050732807,9,0.09,3.5647058823529414,16,0.31
work,M25O75,1801,1.801,1.2,18,0.18,0.2258850056369785,11,0.11,4.219512195121951,15,0.26
work,M25O75,1801,1.801,1.4,18,0.18,0.2258850056369785,11,0.11,4.7560975609756095,14,0.25
work,M25O75,1901,1.901,1.0,43,0.43,0.5080045095828636,17,0.17,6.192982456140351,5,0.31
work,M25O75,1901,1.901,1.2,44,0.44,0.5134160090191657,18,0.18,6.892857142857143,5,0.29
work,M25O75,1901,1.901,1.4,47,0.47,0.5296505073280722,18,0.18,7.188679245283019,4,0.28
work,M25O75,2001,2.001,1.0,38,0.38,0.5176550169109357,9,0.09,3.225806451612903,11,0.26
work,M25O75,2001,2.001,1.2,44,0.44,0.5684780157835401,9,0.09,3.107142857142857,10,0.25
work,M25O75,2001,2.001,1.4,53,0.53,0.6538895152198422,9,0.09,3.0,7,0.25
work,M25O75,2101,2.101,1.0,11,0.11,0.1512965050732807,6,0.06,2.50561797752809,20,0.35
work,M25O75,2101,2.101,1.2,12,0.12,0.1567080045095828,12,0.12,3.4545454545454546,19,0.32
work,M25O75,2101,2.101,1.4,12,0.12,0.1567080045095828,12,0.12,3.954545454545455,18,0.31
work,M25O75,2201,2.201,1.0,10,0.1,0.1091770011273957,9,0.09,3.355555555555556,19,0.29
work,M25O75,2201,2.201,1.2,10,0.1,0.1091770011273957,9,0.09,3.577777777777778,18,0.27
work,M25O75,2201,2.201,1.4,15,0.15,0.2096505073280721,12,0.12,4.811764705882353,16,0.22
work,M25O75,2301,2.301,1.0,17,0.17,0.2938895152198422,7,0.07,3.3373493975903616,13,0.33
work,M25O75,2301,2.301,1.2,20,0.2,0.32847801578354,12,0.12,4.375,12,0.3
work,M25O75,2301,2.301,1.4,29,0.29,0.450597519729425,12,0.12,4.690140845070423,9,0.3
work,M25O75,2401,2.401,1.0,11,0.11,0.1696505073280721,11,0.11,3.988764044943821,16,0.31
work,M25O75,2401,2.401,1.2,14,0.14,0.20423900789177,11,0.11,4.069767441860465,15,0.3
work,M25O75,2401,2.401,1.4,14,0.14,0.20423900789177,11,0.11,4.069767441860465,15,0.3
work,M25O75,2501,2.501,1.0,8,0.08,0.08,8,0.08,3.717391304347826,18,0.27
work,M25O75,2501,2.501,1.2,8,0.08,0.08,8,0.08,3.717391304347826,18,0.27
work,M25O75,2501,2.501,1.4,13,0.13,0.1437655016910935,8,0.08,3.8505747126436782,17,0.26
work,M25O75,2601,2.601,1.0,36,0.36,0.4517700112739571,10,0.1,2.84375,12,0.32
work,M25O75,2601,2.601,1.2,36,0.36,0.4517700112739571,11,0.11,3.3125,12,0.29
work,M25O75,2601,2.601,1.4,38,0.38,0.4809470124013529,11,0.11,3.3548387096774195,11,0.29
work,M25O75,2701,2.701,1.0,18,0.18,0.1891770011273957,10,0.1,3.609756097560976,18,0.25
work,M25O75,2701,2.701,1.2,18,0.18,0.1891770011273957,11,0.11,3.8536585365853657,18,0.24
work,M25O75,2701,2.701,1.4,22,0.22,0.2291770011273957,16,0.16,5.487179487179487,16,0.22
work,M25O75,2801,2.801,1.0,19,0.19,0.2496505073280721,9,0.09,3.493827160493827,14,0.32
work,M25O75,2801,2.801,1.2,19,0.19,0.2496505073280721,12,0.12,4.234567901234568,14,0.29
work,M25O75,2801,2.801,1.4,19,0.19,0.2496505073280721,12,0.12,4.432098765432099,14,0.28
work,M25O75,2901,2.901,1.0,20,0.2,0.2917700112739572,12,0.12,4.15,17,0.26
work,M25O75,2901,2.901,1.2,21,0.21,0.2971815107102593,15,0.15,5.278481012658228,17,0.22
work,M25O75,2901,2.901,1.4,23,0.23,0.2712965050732807,22,0.22,7.935064935064935,16,0.21
work,M25O75,3001,3.001,1.0,26,0.26,0.3609470124013528,8,0.08,2.72972972972973,12,0.36
work,M25O75,3001,3.001,1.2,34,0.34,0.4593010146561443,5,0.05,2.212121212121212,11,0.34
work,M25O75,3001,3.001,1.4,34,0.34,0.4593010146561443,5,0.05,2.242424242424242,12,0.32
work,M25O75,3101,3.101,1.0,26,0.26,0.3609470124013528,6,0.06,2.4054054054054053,17,0.29
work,M25O75,3101,3.101,1.2,27,0.27,0.366358511837655,6,0.06,2.589041095890411,16,0.27
work,M25O75,3101,3.101,1.4,27,0.27,0.366358511837655,6,0.06,2.589041095890411,16,0.27
work,M25O75,3201,3.201,1.0,17,0.17,0.2204735062006764,9,0.09,3.265060240963856,16,0.31
work,M25O75,3201,3.201,1.2,20,0.2,0.2550620067643743,11,0.11,3.9,14,0.3
work,M25O75,3201,3.201,1.4,20,0.2,0.2550620067643743,11,0.11,4.125,15,0.27
work,M25O75,3301,3.301,1.0,17,0.17,0.2204735062006764,12,0.12,4.686746987951807,14,0.28
work,M25O75,3301,3.301,1.2,18,0.18,0.2258850056369785,12,0.12,5.195121951219512,14,0.25
work,M25O75,3301,3.301,1.4,41,0.41,0.4604735062006764,9,0.09,3.067796610169492,12,0.24
work,M25O75,3401,3.401,1.0,31,0.31,0.3329425028184893,7,0.07,2.9420289855072466,15,0.24
work,M25O75,3401,3.401,1.2,34,0.34,0.3675310033821871,7,0.07,2.9393939393939394,14,0.24
work,M25O75,3401,3.401,1.4,37,0.37,0.402119503945885,10,0.1,3.6031746031746033,12,0.24
work,M25O75,3501,3.501,1.0,21,0.21,0.2604735062006764,8,0.08,3.278481012658228,17,0.27
work,M25O75,3501,3.501,1.2,21,0.21,0.2604735062006764,8,0.08,3.5822784810126582,16,0.26
work,M25O75,3501,3.501,1.4,29,0.29,0.3588275084554678,7,0.07,3.084507042253521,15,0.26
work,M25O75,3601,3.601,1.0,28,0.28,0.3901240135287486,7,0.07,2.555555555555556,12,0.36
work,M25O75,3601,3.601,1.2,31,0.31,0.4247125140924464,7,0.07,2.565217391304348,12,0.34
work,M25O75,3601,3.601,1.4,31,0.31,0.4247125140924464,7,0.07,2.5942028985507246,13,0.32
work,M25O75,3701,3.701,1.0,21,0.21,0.3155355129650507,8,0.08,2.5443037974683542,20,0.29
work,M25O75,3701,3.701,1.2,21,0.21,0.3155355129650507,8,0.08,2.5443037974683542,20,0.29
work,M25O75,3701,3.701,1.4,21,0.21,0.3155355129650507,8,0.08,2.6202531645569622,20,0.28
work,M25O75,3801,3.801,1.0,24,0.24,0.2767080045095829,11,0.11,4.394736842105263,10,0.32
work,M25O75,3801,3.801,1.2,24,0.24,0.2767080045095829,11,0.11,4.894736842105263,10,0.3
work,M25O75,3801,3.801,1.4,25,0.25,0.282119503945885,11,0.11,4.973333333333334,11,0.27
work,M25O75,3901,3.901,1.0,18,0.18,0.2075310033821871,15,0.15,5.219512195121951,13,0.3
work,M25O75,3901,3.901,1.2,21,0.21,0.242119503945885,18,0.18,6.468354430379747,12,0.28
work,M25O75,3901,3.901,1.4,23,0.23,0.2712965050732807,18,0.18,6.6103896103896105,12,0.26
work,M25O75,4001,4.001,1.0,21,0.21,0.2604735062006764,12,0.12,4.746835443037975,13,0.27
work,M25O75,4001,4.001,1.2,39,0.39,0.486358511837655,10,0.1,3.360655737704918,11,0.26
work,M25O75,4001,4.001,1.4,39,0.39,0.486358511837655,10,0.1,3.4918032786885247,11,0.25
work,M25O75,4101,4.101,1.0,36,0.36,0.3967080045095829,15,0.15,4.8125,13,0.24
work,M25O75,4101,4.101,1.2,53,0.53,0.6171815107102593,4,0.04,1.851063829787234,12,0.21
work,M25O75,4101,4.101,1.4,56,0.56,0.6334160090191657,4,0.04,1.8636363636363635,11,0.2
work,M25O75,4201,4.2010000000000005,1.0,17,0.17,0.2204735062006764,16,0.16,5.626506024096385,14,0.27
work,M25O75,4201,4.2010000000000005,1.2,18,0.18,0.2258850056369785,16,0.16,5.682926829268292,14,0.26
work,M25O75,4201,4.2010000000000005,1.4,26,0.26,0.3058850056369785,16,0.16,5.837837837837838,13,0.23
work,M25O75,4301,4.301,1.0,14,0.14,0.1858850056369785,11,0.11,3.697674418604651,13,0.38
work,M25O75,4301,4.301,1.2,20,0.2,0.2183540022547914,14,0.14,5.025,11,0.36
work,M25O75,4301,4.301,1.4,26,0.26,0.32423900789177,20,0.2,6.648648648648648,11,0.32
work,M25O75,4401,4.401,1.0,30,0.3,0.36423900789177,23,0.23,9.028571428571428,10,0.24
work,M25O75,4401,4.401,1.2,31,0.31,0.3880045095828636,26,0.26,11.202898550724637,9,0.22
work,M25O75,4401,4.401,1.4,65,0.65,0.7738895152198422,5,0.05,1.9142857142857144,6,0.21
work,M25O75,4501,4.501,1.0,16,0.16,0.2150620067643742,13,0.13,4.428571428571429,18,0.23
work,M25O75,4501,4.501,1.2,16,0.16,0.2150620067643742,13,0.13,4.4523809523809526,19,0.21
work,M25O75,4501,4.501,1.4,17,0.17,0.2204735062006764,13,0.13,4.493975903614458,19,0.2
work,M25O75,4601,4.601,1.0,20,0.2,0.2550620067643743,9,0.09,4.025,15,0.26
work,M25O75,4601,4.601,1.2,20,0.2,0.2550620067643743,15,0.15,5.675,13,0.26
work,M25O75,4601,4.601,1.4,21,0.21,0.2604735062006764,15,0.15,5.784810126582278,13,0.24
work,M25O75,4701,4.7010000000000005,1.0,31,0.31,0.3880045095828636,10,0.1,3.1739130434782608,12,0.32
work,M25O75,4701,4.7010000000000005,1.2,31,0.31,0.3880045095828636,10,0.1,3.63768115942029,10,0.32
work,M25O75,4701,4.7010000000000005,1.4,31,0.31,0.3880045095828636,10,0.1,3.6666666666666665,11,0.3
work,M25O75,4801,4.801,1.0,14,0.14,0.1675310033821871,8,0.08,3.883720930232558,17,0.25
work,M25O75,4801,4.801,1.2,18,0.18,0.2075310033821871,8,0.08,3.8780487804878048,16,0.25
work,M25O75,4801,4.801,1.4,19,0.19,0.2129425028184892,10,0.1,4.382716049382716,15,0.23
work,M25O75,4901,4.901,1.0,24,0.24,0.3317700112739571,8,0.08,2.6842105263157894,14,0.37
work,M25O75,4901,4.901,1.2,26,0.26,0.3609470124013528,8,0.08,2.810810810810811,14,0.34
work,M25O75,4901,4.901,1.4,29,0.29,0.3771815107102593,9,0.09,3.028169014084507,13,0.33
work-1,M25O75,1001,1.001,1.0,28,0.28,0.2616459977452086,9,0.09,2.9444444444444446,12,0.33
work-1,M25O75,1001,1.001,1.2,28,0.28,0.2616459977452086,9,0.09,3.111111111111111,12,0.31
work-1,M25O75,1001,1.001,1.4,28,0.28,0.2616459977452086,13,0.13,4.222222222222222,11,0.29
work-1,M25O75,1101,1.101,1.0,21,0.21,0.2604735062006764,9,0.09,4.417721518987341,15,0.22
work-1,M25O75,1101,1.101,1.2,21,0.21,0.2604735062006764,9,0.09,4.772151898734177,14,0.22
work-1,M25O75,1101,1.101,1.4,23,0.23,0.2712965050732807,9,0.09,4.87012987012987,14,0.2
work-1,M25O75,1201,1.201,1.0,8,0.08,0.0983540022547914,4,0.04,2.3043478260869565,24,0.3
work-1,M25O75,1201,1.201,1.2,8,0.08,0.0983540022547914,7,0.07,2.6956521739130435,22,0.29
work-1,M25O75,1201,1.201,1.4,11,0.11,0.1512965050732807,8,0.08,3.5842696629213484,19,0.23
work-1,M25O75,1301,1.301,1.0,28,0.28,0.3167080045095828,10,0.1,3.7777777777777777,12,0.28
work-1,M25O75,1301,1.301,1.2,29,0.29,0.3404735062006764,10,0.1,3.95774647887324,12,0.26
work-1,M25O75,1301,1.301,1.4,39,0.39,0.4680045095828636,7,0.07,3.1311475409836067,11,0.25
work-1,M25O75,1401,1.401,1.0,14,0.14,0.1491770011273957,13,0.13,5.0,18,0.25
work-1,M25O75,1401,1.401,1.2,15,0.15,0.1912965050732807,14,0.14,5.682352941176471,17,0.23
work-1,M25O75,1401,1.401,1.4,15,0.15,0.1912965050732807,14,0.14,5.729411764705882,17,0.22
work-1,M25O75,1501,1.501,1.0,28,0.28,0.2983540022547914,18,0.18,6.666666666666667,10,0.26
work-1,M25O75,1501,1.501,1.2,29,0.29,0.3037655016910935,18,0.18,6.746478873239437,10,0.25
work-1,M25O75,1501,1.501,1.4,30,0.3,0.3091770011273957,18,0.18,7.9714285714285715,9,0.24
work-1,M25O75,1601,1.601,1.0,12,0.12,0.12,10,0.1,3.477272727272727,17,0.29
work-1,M25O75,1601,1.601,1.2,14,0.14,0.1491770011273957,10,0.1,4.465116279069767,13,0.28
work-1,M25O75,1601,1.601,1.4,16,0.16,0.1783540022547914,15,0.15,5.714285714285714,11,0.28
work-1,M25O75,1701,1.701,1.0,9,0.09,0.122119503945885,6,0.06,2.4945054945054945,18,0.38
work-1,M25O75,1701,1.701,1.2,9,0.09,0.122119503945885,6,0.06,2.7142857142857144,19,0.34
work-1,M25O75,1701,1.701,1.4,20,0.2,0.2734160090191657,6,0.06,2.325,17,0.34
work-1,M25O75,1801,1.801,1.0,16,0.16,0.2150620067643742,15,0.15,4.785714285714286,15,0.3
work-1,M25O75,1801,1.801,1.2,16,0.16,0.2150620067643742,15,0.15,4.928571428571429,15,0.29
work-1,M25O75,1801,1.801,1.4,24,0.24,0.2950620067643743,16,0.16,5.342105263157895,13,0.26
work-1,M25O75,1901,1.901,1.0,27,0.27,0.3112965050732807,12,0.12,3.9863013698630136,11,0.31
work-1,M25O75,1901,1.901,1.2,28,0.28,0.3167080045095828,12,0.12,4.027777777777778,11,0.3
work-1,M25O75,1901,1.901,1.4,28,0.28,0.3167080045095828,13,0.13,4.527777777777778,11,0.28
work-1,M25O75,2001,2.001,1.0,29,0.29,0.3588275084554678,7,0.07,2.830985915492957,12,0.33
work-1,M25O75,2001,2.001,1.2,30,0.3,0.36423900789177,7,0.07,3.085714285714286,12,0.3
work-1,M25O75,2001,2.001,1.4,31,0.31,0.3696505073280721,7,0.07,3.289855072463768,12,0.28
work-1,M25O75,2101,2.101,1.0,13,0.13,0.1437655016910935,8,0.08,3.5977011494252875,19,0.25
work-1,M25O75,2101,2.101,1.2,13,0.13,0.1437655016910935,8,0.08,3.9195402298850577,18,0.24
work-1,M25O75,2101,2.101,1.4,13,0.13,0.1437655016910935,8,0.08,3.9195402298850577,18,0.24
work-1,M25O75,2201,2.201,1.0,17,0.17,0.2388275084554678,12,0.12,4.614457831325301,15,0.25
work-1,M25O75,2201,2.201,1.2,17,0.17,0.2388275084554678,12,0.12,4.614457831325301,15,0.25
work-1,M25O75,2201,2.201,1.4,17,0.17,0.2388275084554678,12,0.12,4.759036144578313,14,0.25
work-1,M25O75,2301,2.301,1.0,19,0.19,0.2129425028184892,9,0.09,4.580246913580247,12,0.26
work-1,M25O75,2301,2.301,1.2,19,0.19,0.2129425028184892,9,0.09,4.580246913580247,12,0.26
work-1,M25O75,2301,2.301,1.4,19,0.19,0.2129425028184892,9,0.09,4.703703703703703,12,0.25
work-1,M25O75,2401,2.401,1.0,22,0.22,0.28423900789177,8,0.08,3.282051282051282,15,0.27
work-1,M25O75,2401,2.401,1.2,28,0.28,0.3534160090191657,8,0.08,3.055555555555556,14,0.27
work-1,M25O75,2401,2.401,1.4,28,0.28,0.3534160090191657,8,0.08,3.083333333333333,15,0.25
work-1,M25O75,2501,2.501,1.0,18,0.18,0.2075310033821871,6,0.06,2.4390243902439024,20,0.29
work-1,M25O75,2501,2.501,1.2,21,0.21,0.2237655016910935,6,0.06,2.518987341772152,19,0.27
work-1,M25O75,2501,2.501,1.4,22,0.22,0.2291770011273957,10,0.1,3.1538461538461537,18,0.26
work-1,M25O75,2601,2.601,1.0,22,0.22,0.2658850056369786,15,0.15,5.307692307692308,12,0.3
work-1,M25O75,2601,2.601,1.2,25,0.25,0.3004735062006764,15,0.15,5.453333333333333,11,0.29
work-1,M25O75,2601,2.601,1.4,26,0.26,0.3058850056369785,15,0.15,5.756756756756757,11,0.27
work-1,M25O75,2701,2.701,1.0,36,0.36,0.4701240135287486,7,0.07,2.65625,11,0.31
work-1,M25O75,2701,2.701,1.2,36,0.36,0.4701240135287486,7,0.07,2.75,11,0.3
work-1,M25O75,2701,2.701,1.4,44,0.44,0.5501240135287486,7,0.07,2.5,11,0.26
work-1,M25O75,2801,2.801,1.0,8,0.08,0.08,7,0.07,2.8260869565217392,18,0.36
work-1,M25O75,2801,2.801,1.2,10,0.1,0.1458850056369786,8,0.08,3.2666666666666666,17,0.33
work-1,M25O75,2801,2.801,1.4,10,0.1,0.1458850056369786,9,0.09,3.733333333333333,16,0.31
work-1,M25O75,2901,2.901,1.0,21,0.21,0.2788275084554679,16,0.16,5.455696202531645,11,0.31
work-1,M25O75,2901,2.901,1.2,22,0.22,0.28423900789177,16,0.16,5.512820512820513,11,0.3
work-1,M25O75,2901,2.901,1.4,27,0.27,0.3296505073280721,16,0.16,5.5479452054794525,10,0.3
work-1,M25O75,3001,3.001,1.0,14,0.14,0.1858850056369785,10,0.1,3.2093023255813957,18,0.3
work-1,M25O75,3001,3.001,1.2,15,0.15,0.1912965050732807,10,0.1,3.235294117647059,18,0.29
work-1,M25O75,3001,3.001,1.4,16,0.16,0.1967080045095828,11,0.11,3.809523809523809,17,0.26
work-1,M25O75,3101,3.101,1.0,13,0.13,0.1437655016910935,9,0.09,3.827586206896552,17,0.27
work-1,M25O75,3101,3.101,1.2,15,0.15,0.1729425028184893,9,0.09,3.8705882352941177,16,0.27
work-1,M25O75,3101,3.101,1.4,15,0.15,0.1729425028184893,9,0.09,4.152941176470589,16,0.25
work-1,M25O75,3201,3.201,1.0,16,0.16,0.2150620067643742,10,0.1,4.071428571428571,15,0.29
work-1,M25O75,3201,3.201,1.2,16,0.16,0.2150620067643742,10,0.1,4.214285714285714,16,0.25
work-1,M25O75,3201,3.201,1.4,16,0.16,0.2150620067643742,10,0.1,4.857142857142857,14,0.23
work-1,M25O75,3301,3.301,1.0,32,0.32,0.3567080045095828,7,0.07,3.0588235294117645,12,0.27
work-1,M25O75,3301,3.301,1.2,32,0.32,0.3567080045095828,7,0.07,3.294117647058824,12,0.25
work-1,M25O75,3301,3.301,1.4,34,0.34,0.3675310033821871,7,0.07,3.484848484848485,12,0.22
work-1,M25O75,3401,3.401,1.0,8,0.08,0.08,7,0.07,3.760869565217391,21,0.19
work-1,M25O75,3401,3.401,1.2,11,0.11,0.1145885005636978,8,0.08,4.168539325842697,20,0.16
work-1,M25O75,3401,3.401,1.4,11,0.11,0.1145885005636978,8,0.08,4.168539325842697,20,0.16
work-1,M25O75,3501,3.501,1.0,8,0.08,0.0983540022547914,8,0.08,3.239130434782609,19,0.31
work-1,M25O75,3501,3.501,1.2,11,0.11,0.1880045095828635,8,0.08,3.606741573033708,17,0.3
work-1,M25O75,3501,3.501,1.4,11,0.11,0.1880045095828635,11,0.11,4.146067415730337,16,0.3
work-1,M25O75,3601,3.601,1.0,13,0.13,0.1804735062006764,12,0.12,4.218390804597701,20,0.21
work-1,M25O75,3601,3.601,1.2,25,0.25,0.3004735062006764,7,0.07,3.053333333333333,19,0.2
work-1,M25O75,3601,3.601,1.4,26,0.26,0.3058850056369785,8,0.08,3.2972972972972974,20,0.16
work-1,M25O75,3701,3.701,1.0,24,0.24,0.2767080045095829,8,0.08,3.1578947368421053,15,0.28
work-1,M25O75,3701,3.701,1.2,24,0.24,0.2767080045095829,8,0.08,3.1578947368421053,15,0.28
work-1,M25O75,3701,3.701,1.4,25,0.25,0.282119503945885,9,0.09,3.4266666666666667,16,0.24
work-1,M25O75,3801,3.801,1.0,8,0.08,0.0983540022547914,7,0.07,3.760869565217391,14,0.32
work-1,M25O75,3801,3.801,1.2,12,0.12,0.1750620067643743,8,0.08,3.954545454545455,13,0.31
work-1,M25O75,3801,3.801,1.4,15,0.15,0.1729425028184893,13,0.13,4.929411764705883,13,0.27
work-1,M25O75,3901,3.901,1.0,25,0.25,0.3188275084554678,13,0.13,4.333333333333333,12,0.29
work-1,M25O75,3901,3.901,1.2,31,0.31,0.3696505073280721,16,0.16,6.130434782608695,9,0.26
work-1,M25O75,3901,3.901,1.4,32,0.32,0.3750620067643743,24,0.24,10.470588235294118,7,0.24
work-1,M25O75,4001,4.001,1.0,16,0.16,0.2334160090191657,11,0.11,4.0,13,0.32
work-1,M25O75,4001,4.001,1.2,16,0.16,0.2334160090191657,12,0.12,5.071428571428571,11,0.31
work-1,M25O75,4001,4.001,1.4,16,0.16,0.2334160090191657,12,0.12,5.071428571428571,11,0.31
work-1,M25O75,4101,4.101,1.0,7,0.07,0.1112965050732807,6,0.06,2.333333333333333,16,0.48
work-1,M25O75,4101,4.101,1.2,14,0.14,0.20423900789177,8,0.08,2.7906976744186047,13,0.45
work-1,M25O75,4101,4.101,1.4,15,0.15,0.2280045095828635,8,0.08,3.2588235294117647,14,0.39
work-1,M25O75,4201,4.2010000000000005,1.0,19,0.19,0.2680045095828636,7,0.07,2.308641975308642,15,0.4
work-1,M25O75,4201,4.2010000000000005,1.2,19,0.19,0.2680045095828636,7,0.07,2.432098765432099,15,0.38
work-1,M25O75,4201,4.2010000000000005,1.4,21,0.21,0.2788275084554679,7,0.07,2.4683544303797467,15,0.36
work-1,M25O75,4301,4.301,1.0,14,0.14,0.1675310033821871,9,0.09,3.046511627906977,19,0.3
work-1,M25O75,4301,4.301,1.2,14,0.14,0.1675310033821871,10,0.1,3.4186046511627906,19,0.27
work-1,M25O75,4301,4.301,1.4,14,0.14,0.1675310033821871,10,0.1,3.441860465116279,20,0.25
work-1,M25O75,4401,4.401,1.0,22,0.22,0.2475310033821871,9,0.09,4.051282051282051,13,0.27
work-1,M25O75,4401,4.401,1.2,22,0.22,0.2475310033821871,9,0.09,4.051282051282051,13,0.27
work-1,M25O75,4401,4.401,1.4,35,0.35,0.4280045095828635,9,0.09,3.953846153846154,10,0.25
work-1,M25O75,4501,4.501,1.0,27,0.27,0.3480045095828636,10,0.1,3.6575342465753424,13,0.27
work-1,M25O75,4501,4.501,1.2,27,0.27,0.3480045095828636,14,0.14,4.945205479452055,12,0.25
work-1,M25O75,4501,4.501,1.4,28,0.28,0.3534160090191657,14,0.14,5.472222222222222,11,0.23
work-1,M25O75,4601,4.601,1.0,15,0.15,0.2096505073280721,9,0.09,2.788235294117647,19,0.34
work-1,M25O75,4601,4.601,1.2,17,0.17,0.2388275084554678,12,0.12,3.7951807228915664,16,0.33
work-1,M25O75,4601,4.601,1.4,21,0.21,0.2237655016910935,19,0.19,5.911392405063292,16,0.28
work-1,M25O75,4701,4.7010000000000005,1.0,13,0.13,0.162119503945885,6,0.06,2.7011494252873565,17,0.33
work-1,M25O75,4701,4.7010000000000005,1.2,13,0.13,0.162119503945885,6,0.06,2.839080459770115,18,0.29
work-1,M25O75,4701,4.7010000000000005,1.4,13,0.13,0.162119503945885,9,0.09,3.6206896551724137,16,0.28
work-1,M25O75,4801,4.801,1.0,11,0.11,0.1696505073280721,9,0.09,3.202247191011236,18,0.31
work-1,M25O75,4801,4.801,1.2,17,0.17,0.2755355129650507,10,0.1,3.6506024096385534,17,0.26
work-1,M25O75,4801,4.801,1.4,32,0.32,0.44847801578354,7,0.07,2.8529411764705883,14,0.25
work-1,M25O75,4901,4.901,1.0,20,0.2,0.2917700112739572,9,0.09,3.775,14,0.3
work-1,M25O75,4901,4.901,1.2,24,0.24,0.3501240135287486,9,0.09,3.842105263157895,13,0.29
work-1,M25O75,4901,4.901,1.4,24,0.24,0.3501240135287486,9,0.09,3.842105263157895,13,0.29
work-2,M25O75,1001,1.001,1.0,21,0.21,0.2971815107102593,8,0.08,3.481012658227848,14,0.28
work-2,M25O75,1001,1.001,1.2,21,0.21,0.2971815107102593,8,0.08,3.708860759493671,13,0.28
work-2,M25O75,1001,1.001,1.4,24,0.24,0.3317700112739571,11,0.11,4.631578947368421,12,0.24
work-2,M25O75,1101,1.101,1.0,11,0.11,0.1329425028184893,7,0.07,3.157303370786517,19,0.3
work-2,M25O75,1101,1.101,1.2,16,0.16,0.2150620067643742,7,0.07,3.2857142857142856,17,0.29
work-2,M25O75,1101,1.101,1.4,17,0.17,0.2388275084554678,8,0.08,3.746987951807229,16,0.26
work-2,M25O75,1201,1.201,1.0,17,0.17,0.202119503945885,12,0.12,6.807228915662651,9,0.26
work-2,M25O75,1201,1.201,1.2,22,0.22,0.2291770011273957,17,0.17,8.384615384615385,8,0.24
work-2,M25O75,1201,1.201,1.4,22,0.22,0.2291770011273957,18,0.18,8.897435897435898,8,0.22
work-2,M25O75,1301,1.301,1.0,13,0.13,0.162119503945885,12,0.12,3.5977011494252875,17,0.33
work-2,M25O75,1301,1.301,1.2,13,0.13,0.162119503945885,12,0.12,3.942528735632184,16,0.32
work-2,M25O75,1301,1.301,1.4,13,0.13,0.162119503945885,12,0.12,4.218390804597701,16,0.29
work-2,M25O75,1401,1.401,1.0,20,0.2,0.2734160090191657,7,0.07,3.45,14,0.28
work-2,M25O75,1401,1.401,1.2,21,0.21,0.2788275084554679,8,0.08,4.012658227848101,13,0.25
work-2,M25O75,1401,1.401,1.4,21,0.21,0.2788275084554679,8,0.08,4.012658227848101,13,0.25
work-2,M25O75,1501,1.501,1.0,15,0.15,0.1729425028184893,12,0.12,4.364705882352941,17,0.24
work-2,M25O75,1501,1.501,1.2,15,0.15,0.1729425028184893,12,0.12,4.647058823529412,16,0.24
work-2,M25O75,1501,1.501,1.4,15,0.15,0.1729425028184893,12,0.12,4.811764705882353,16,0.23
work-2,M25O75,1601,1.601,1.0,11,0.11,0.1512965050732807,8,0.08,2.842696629213483,19,0.33
work-2,M25O75,1601,1.601,1.2,11,0.11,0.1512965050732807,8,0.08,3.247191011235955,18,0.3
work-2,M25O75,1601,1.601,1.4,11,0.11,0.1512965050732807,9,0.09,3.9213483146067416,16,0.3
work-2,M25O75,1701,1.701,1.0,22,0.22,0.2658850056369786,12,0.12,4.948717948717949,12,0.29
work-2,M25O75,1701,1.701,1.2,23,0.23,0.2712965050732807,12,0.12,5.103896103896104,12,0.27
work-2,M25O75,1701,1.701,1.4,45,0.45,0.5555355129650508,12,0.12,4.054545454545455,9,0.25
work-2,M25O75,1801,1.801,1.0,13,0.13,0.1437655016910935,8,0.08,3.160919540229885,16,0.35
work-2,M25O75,1801,1.801,1.2,13,0.13,0.1437655016910935,9,0.09,3.827586206896552,14,0.34
work-2,M25O75,1801,1.801,1.4,14,0.14,0.1491770011273957,9,0.09,3.953488372093023,14,0.32
work-2,M25O75,1901,1.901,1.0,12,0.12,0.1383540022547914,9,0.09,3.409090909090909,15,0.34
work-2,M25O75,1901,1.901,1.2,12,0.12,0.1383540022547914,9,0.09,3.704545454545455,16,0.29
work-2,M25O75,1901,1.901,1.4,12,0.12,0.1383540022547914,10,0.1,4.318181818181818,15,0.28
work-2,M25O75,2001,2.001,1.0,11,0.11,0.1145885005636978,7,0.07,3.269662921348315,17,0.32
work-2,M25O75,2001,2.001,1.2,15,0.15,0.1729425028184893,11,0.11,3.917647058823529,15,0.31
work-2,M25O75,2001,2.001,1.4,16,0.16,0.1783540022547914,11,0.11,3.952380952380953,15,0.3
work-2,M25O75,2101,2.101,1.0,18,0.18,0.2258850056369785,9,0.09,3.5609756097560976,17,0.25
work-2,M25O75,2101,2.101,1.2,26,0.26,0.2875310033821871,9,0.09,3.702702702702703,14,0.24
work-2,M25O75,2101,2.101,1.4,26,0.26,0.2875310033821871,10,0.1,3.945945945945946,14,0.23
work-2,M25O75,2201,2.201,1.0,16,0.16,0.2150620067643742,14,0.14,5.976190476190476,16,0.22
work-2,M25O75,2201,2.201,1.2,18,0.18,0.2258850056369785,14,0.14,6.073170731707317,15,0.22
work-2,M25O75,2201,2.201,1.4,20,0.2,0.2550620067643743,14,0.14,6.175,14,0.22
work-2,M25O75,2301,2.301,1.0,27,0.27,0.3296505073280721,7,0.07,2.589041095890411,17,0.28
work-2,M25O75,2301,2.301,1.2,27,0.27,0.3296505073280721,7,0.07,2.808219178082192,18,0.24
work-2,M25O75,2301,2.301,1.4,33,0.33,0.4171815107102593,7,0.07,2.582089552238806,17,0.23
work-2,M25O75,2401,2.401,1.0,17,0.17,0.2388275084554678,8,0.08,2.783132530120482,14,0.4
work-2,M25O75,2401,2.401,1.2,25,0.25,0.3188275084554678,7,0.07,2.2266666666666666,13,0.4
work-2,M25O75,2401,2.401,1.4,25,0.25,0.3188275084554678,7,0.07,2.2266666666666666,13,0.4
work-2,M25O75,2501,2.501,1.0,28,0.28,0.3167080045095828,10,0.1,4.138888888888889,13,0.27
work-2,M25O75,2501,2.501,1.2,30,0.3,0.3275310033821871,10,0.1,4.4,12,0.25
work-2,M25O75,2501,2.501,1.4,31,0.31,0.3329425028184893,11,0.11,5.057971014492754,12,0.21
work-2,M25O75,2601,2.601,1.0,27,0.27,0.3296505073280721,7,0.07,2.863013698630137,11,0.37
work-2,M25O75,2601,2.601,1.2,40,0.4,0.4550620067643743,7,0.07,2.466666666666667,9,0.34
work-2,M25O75,2601,2.601,1.4,40,0.4,0.4550620067643743,7,0.07,2.466666666666667,9,0.34
work-2,M25O75,2701,2.701,1.0,10,0.1,0.1275310033821871,9,0.09,3.333333333333333,18,0.32
work-2,M25O75,2701,2.701,1.2,11,0.11,0.1329425028184893,9,0.09,3.4719101123595504,18,0.3
work-2,M25O75,2701,2.701,1.4,11,0.11,0.1329425028184893,9,0.09,3.539325842696629,18,0.29
work-2,M25O75,2801,2.801,1.0,14,0.14,0.1675310033821871,11,0.11,4.5813953488372094,16,0.26
work-2,M25O75,2801,2.801,1.2,14,0.14,0.1675310033821871,11,0.11,5.046511627906977,15,0.26
work-2,M25O75,2801,2.801,1.4,16,0.16,0.1967080045095828,11,0.11,5.214285714285714,14,0.25
work-2,M25O75,2901,2.901,1.0,27,0.27,0.3112965050732807,7,0.07,3.0821917808219177,14,0.29
work-2,M25O75,2901,2.901,1.2,27,0.27,0.3112965050732807,7,0.07,3.246575342465753,14,0.28
work-2,M25O75,2901,2.901,1.4,27,0.27,0.3112965050732807,19,0.19,6.671232876712328,11,0.28
work-2,M25O75,3001,3.001,1.0,18,0.18,0.2258850056369785,12,0.12,3.707317073170732,15,0.33
work-2,M25O75,3001,3.001,1.2,18,0.18,0.2258850056369785,12,0.12,3.7560975609756095,15,0.32
work-2,M25O75,3001,3.001,1.4,18,0.18,0.2258850056369785,15,0.15,4.682926829268292,14,0.31
work-2,M25O75,3101,3.101,1.0,13,0.13,0.1437655016910935,12,0.12,4.287356321839081,20,0.2
work-2,M25O75,3101,3.101,1.2,17,0.17,0.1654114994363021,12,0.12,4.614457831325301,18,0.18
work-2,M25O75,3101,3.101,1.4,24,0.24,0.2583540022547914,12,0.12,5.815789473684211,15,0.16
work-2,M25O75,3201,3.201,1.0,15,0.15,0.1729425028184893,8,0.08,3.776470588235294,16,0.25
work-2,M25O75,3201,3.201,1.2,15,0.15,0.1729425028184893,8,0.08,3.988235294117647,16,0.23
work-2,M25O75,3201,3.201,1.4,16,0.16,0.1783540022547914,8,0.08,4.166666666666667,16,0.21
work-2,M25O75,3301,3.301,1.0,14,0.14,0.1675310033821871,9,0.09,3.395348837209302,21,0.23
work-2,M25O75,3301,3.301,1.2,14,0.14,0.1675310033821871,9,0.09,3.5348837209302326,20,0.23
work-2,M25O75,3301,3.301,1.4,14,0.14,0.1675310033821871,9,0.09,3.5348837209302326,20,0.23
work-2,M25O75,3401,3.401,1.0,8,0.08,0.1167080045095828,7,0.07,3.130434782608696,19,0.29
work-2,M25O75,3401,3.401,1.2,8,0.08,0.1167080045095828,7,0.07,3.3260869565217392,18,0.29
work-2,M25O75,3401,3.401,1.4,8,0.08,0.1167080045095828,7,0.07,3.565217391304348,18,0.26
work-2,M25O75,3501,3.501,1.0,10,0.1,0.1275310033821871,9,0.09,3.066666666666667,18,0.35
work-2,M25O75,3501,3.501,1.2,11,0.11,0.1512965050732807,9,0.09,3.966292134831461,16,0.32
work-2,M25O75,3501,3.501,1.4,13,0.13,0.1988275084554678,11,0.11,4.471264367816092,15,0.3
work-2,M25O75,3601,3.601,1.0,30,0.3,0.3458850056369786,10,0.1,3.914285714285714,18,0.18
work-2,M25O75,3601,3.601,1.2,30,0.3,0.3458850056369786,10,0.1,3.914285714285714,18,0.18
work-2,M25O75,3601,3.601,1.4,32,0.32,0.3567080045095828,10,0.1,4.029411764705882,17,0.17
work-2,M25O75,3701,3.701,1.0,16,0.16,0.1967080045095828,7,0.07,3.452380952380953,19,0.22
work-2,M25O75,3701,3.701,1.2,18,0.18,0.2075310033821871,10,0.1,4.7073170731707314,15,0.22
work-2,M25O75,3701,3.701,1.4,19,0.19,0.2129425028184892,17,0.17,7.0,13,0.2
work-2,M25O75,3801,3.801,1.0,14,0.14,0.1858850056369785,5,0.05,2.511627906976744,19,0.32
work-2,M25O75,3801,3.801,1.2,15,0.15,0.1912965050732807,10,0.1,3.941176470588236,17,0.25
work-2,M25O75,3801,3.801,1.4,15,0.15,0.1912965050732807,10,0.1,3.941176470588236,17,0.25
work-2,M25O75,3901,3.901,1.0,20,0.2,0.2550620067643743,10,0.1,4.2,13,0.29
work-2,M25O75,3901,3.901,1.2,20,0.2,0.2550620067643743,11,0.11,4.825,13,0.25
work-2,M25O75,3901,3.901,1.4,23,0.23,0.2712965050732807,14,0.14,6.428571428571429,11,0.23
work-2,M25O75,4001,4.001,1.0,25,0.25,0.3188275084554678,11,0.11,3.4266666666666667,12,0.35
work-2,M25O75,4001,4.001,1.2,26,0.26,0.3425930101465614,11,0.11,3.45945945945946,12,0.34
work-2,M25O75,4001,4.001,1.4,26,0.26,0.3425930101465614,11,0.11,3.675675675675676,12,0.32
work-2,M25O75,4101,4.101,1.0,14,0.14,0.1858850056369785,10,0.1,3.4186046511627906,18,0.3
work-2,M25O75,4101,4.101,1.2,14,0.14,0.1858850056369785,10,0.1,3.674418604651162,17,0.28
work-2,M25O75,4101,4.101,1.4,14,0.14,0.1858850056369785,11,0.11,4.348837209302325,15,0.26
work-2,M25O75,4201,4.2010000000000005,1.0,15,0.15,0.1545885005636978,13,0.13,4.458823529411765,16,0.3
work-2,M25O75,4201,4.2010000000000005,1.2,15,0.15,0.1545885005636978,13,0.13,4.647058823529412,16,0.28
work-2,M25O75,4201,4.2010000000000005,1.4,15,0.15,0.1545885005636978,13,0.13,4.647058823529412,16,0.28
work-2,M25O75,4301,4.301,1.0,27,0.27,0.3480045095828636,8,0.08,3.054794520547945,13,0.3
work-2,M25O75,4301,4.301,1.2,28,0.28,0.3534160090191657,8,0.08,3.083333333333333,13,0.29
work-2,M25O75,4301,4.301,1.4,29,0.29,0.3588275084554678,8,0.08,3.140845070422535,14,0.26
work-2,M25O75,4401,4.401,1.0,22,0.22,0.3025930101465614,7,0.07,2.8974358974358974,13,0.33
work-2,M25O75,4401,4.401,1.2,27,0.27,0.3480045095828636,7,0.07,2.863013698630137,12,0.32
work-2,M25O75,4401,4.401,1.4,27,0.27,0.3480045095828636,9,0.09,3.6575342465753424,11,0.3
work-2,M25O75,4501,4.501,1.0,48,0.48,0.5534160090191658,4,0.04,1.807692307692308,12,0.26
work-2,M25O75,4501,4.501,1.2,48,0.48,0.5534160090191658,4,0.04,1.807692307692308,12,0.26
work-2,M25O75,4501,4.501,1.4,49,0.49,0.5588275084554679,6,0.06,2.294117647058824,10,0.25
work-2,M25O75,4601,4.601,1.0,19,0.19,0.2129425028184892,6,0.06,2.950617283950617,19,0.23
work-2,M25O75,4601,4.601,1.2,20,0.2,0.2183540022547914,9,0.09,3.575,17,0.21
work-2,M25O75,4601,4.601,1.4,20,0.2,0.2183540022547914,10,0.1,4.325,17,0.18
work-2,M25O75,4701,4.7010000000000005,1.0,33,0.33,0.3988275084554679,8,0.08,2.671641791044776,14,0.28
work-2,M25O75,4701,4.7010000000000005,1.2,33,0.33,0.3988275084554679,9,0.09,3.2686567164179103,13,0.27
work-2,M25O75,4701,4.7010000000000005,1.4,35,0.35,0.4280045095828635,9,0.09,3.5846153846153848,12,0.25
work-2,M25O75,4801,4.801,1.0,31,0.31,0.3880045095828636,7,0.07,2.710144927536232,13,0.3
work-2,M25O75,4801,4.801,1.2,39,0.39,0.4496505073280721,6,0.06,2.344262295081968,12,0.28
work-2,M25O75,4801,4.801,1.4,39,0.39,0.4496505073280721,6,0.06,2.540983606557377,12,0.26
work-2,M25O75,4901,4.901,1.0,19,0.19,0.286358511837655,7,0.07,2.703703703703704,18,0.31
work-2,M25O75,4901,4.901,1.2,19,0.19,0.286358511837655,8,0.08,2.876543209876543,18,0.3
work-2,M25O75,4901,4.901,1.4,28,0.28,0.3901240135287486,8,0.08,2.75,16,0.29
work,M30O70,1001,1.001,1.0,16,0.16,0.1969847170590665,12,0.12,5.166666666666667,12,0.3
work,M30O70,1001,1.001,1.2,20,0.2,0.2336224700536968,16,0.16,6.525,10,0.3
work,M30O70,1001,1.001,1.4,32,0.32,0.4107806691449814,16,0.16,6.176470588235294,9,0.27
work,M30O70,1101,1.101,1.0,12,0.12,0.1771581990912845,12,0.12,3.613636363636364,17,0.34
work,M30O70,1101,1.101,1.2,12,0.12,0.1771581990912845,12,0.12,3.6818181818181817,18,0.31
work,M30O70,1101,1.101,1.4,21,0.21,0.3058240396530359,12,0.12,3.5822784810126582,16,0.3
work,M30O70,1201,1.201,1.0,10,0.1,0.1336224700536968,10,0.1,3.6222222222222222,18,0.3
work,M30O70,1201,1.201,1.2,11,0.11,0.1553903345724907,10,0.1,4.213483146067416,17,0.28
work,M30O70,1201,1.201,1.4,13,0.13,0.1989260636100784,11,0.11,4.747126436781609,17,0.24
work,M30O70,1301,1.301,1.0,8,0.08,0.1237092110698058,8,0.08,4.021739130434782,20,0.2
work,M30O70,1301,1.301,1.2,16,0.16,0.1969847170590665,8,0.08,3.928571428571429,18,0.2
work,M30O70,1301,1.301,1.4,21,0.21,0.2385790995456423,8,0.08,4.113924050632911,16,0.19
work,M30O70,1401,1.401,1.0,23,0.23,0.2653035935563816,18,0.18,6.116883116883117,14,0.24
work,M30O70,1401,1.401,1.2,23,0.23,0.2653035935563816,20,0.2,7.987012987012987,11,0.24
work,M30O70,1401,1.401,1.4,24,0.24,0.2702602230483271,20,0.2,8.078947368421053,11,0.23
work,M30O70,1501,1.501,1.0,11,0.11,0.1553903345724907,10,0.1,3.49438202247191,19,0.28
work,M30O70,1501,1.501,1.2,12,0.12,0.1267244940107393,11,0.11,3.8181818181818175,20,0.23
work,M30O70,1501,1.501,1.4,15,0.15,0.1415943824865758,11,0.11,4.129411764705883,18,0.23
work,M30O70,1601,1.601,1.0,11,0.11,0.1553903345724907,10,0.1,4.550561797752809,12,0.31
work,M30O70,1601,1.601,1.2,20,0.2,0.284056175134242,17,0.17,5.8,10,0.31
work,M30O70,1601,1.601,1.4,24,0.24,0.303882693102024,21,0.21,7.447368421052632,9,0.3
work,M30O70,1701,1.701,1.0,34,0.34,0.3702602230483271,14,0.14,4.727272727272728,9,0.29
work,M30O70,1701,1.701,1.2,35,0.35,0.3752168525402726,14,0.14,4.7846153846153845,9,0.28
work,M30O70,1701,1.701,1.4,36,0.36,0.3969847170590665,14,0.14,4.84375,9,0.27
work,M30O70,1801,1.801,1.0,9,0.09,0.1286658405617513,8,0.08,3.351648351648352,15,0.37
work,M30O70,1801,1.801,1.2,12,0.12,0.1435357290375877,9,0.09,4.090909090909091,14,0.34
work,M30O70,1801,1.801,1.4,14,0.14,0.1870714580751755,13,0.13,4.906976744186046,13,0.33
work,M30O70,1901,1.901,1.0,11,0.11,0.1722015695993391,6,0.06,2.8876404494382024,19,0.31
work,M30O70,1901,1.901,1.2,12,0.12,0.1771581990912845,10,0.1,3.6818181818181817,18,0.27
work,M30O70,1901,1.901,1.4,12,0.12,0.1771581990912845,10,0.1,3.8181818181818175,18,0.26
work,M30O70,2001,2.001,1.0,9,0.09,0.1118546055349029,9,0.09,3.8351648351648353,15,0.32
work,M30O70,2001,2.001,1.2,9,0.09,0.1118546055349029,9,0.09,3.8351648351648353,15,0.32
work,M30O70,2001,2.001,1.4,9,0.09,0.1286658405617513,9,0.09,4.032967032967033,16,0.29
work,M30O70,2101,2.101,1.0,31,0.31,0.4226352746798843,15,0.15,5.173913043478261,15,0.2
work,M30O70,2101,2.101,1.2,31,0.31,0.4226352746798843,15,0.15,5.173913043478261,15,0.2
work,M30O70,2101,2.101,1.4,31,0.31,0.4226352746798843,22,0.22,8.217391304347826,14,0.2
work,M30O70,2201,2.201,1.0,23,0.23,0.3157372986369269,6,0.06,3.103896103896104,15,0.27
work,M30O70,2201,2.201,1.2,26,0.26,0.3474184221396117,6,0.06,3.189189189189189,14,0.26
work,M30O70,2201,2.201,1.4,28,0.28,0.3741429161503511,6,0.06,3.2222222222222223,13,0.26
work,M30O70,2301,2.301,1.0,38,0.38,0.4573316811235027,9,0.09,3.193548387096774,12,0.27
work,M30O70,2301,2.301,1.2,42,0.42,0.4771581990912846,10,0.1,4.068965517241379,9,0.26
work,M30O70,2301,2.301,1.4,42,0.42,0.4771581990912846,10,0.1,4.413793103448276,10,0.23
work,M30O70,2401,2.401,1.0,25,0.25,0.3256505576208178,8,0.08,3.053333333333333,17,0.24
work,M30O70,2401,2.401,1.2,25,0.25,0.3256505576208178,8,0.08,3.16,16,0.24
work,M30O70,2401,2.401,1.4,25,0.25,0.3256505576208178,10,0.1,3.88,15,0.23
work,M30O70,2501,2.501,1.0,31,0.31,0.3890128046261875,15,0.15,4.942028985507246,8,0.34
work,M30O70,2501,2.501,1.2,32,0.32,0.4107806691449814,16,0.16,5.5,8,0.31
work,M30O70,2501,2.501,1.4,32,0.32,0.4107806691449814,16,0.16,5.647058823529412,8,0.3
work,M30O70,2601,2.601,1.0,20,0.2,0.2336224700536968,9,0.09,3.9,16,0.23
work,M30O70,2601,2.601,1.2,29,0.29,0.3286658405617513,8,0.08,3.422535211267605,14,0.23
work,M30O70,2601,2.601,1.4,29,0.29,0.3286658405617513,8,0.08,3.535211267605634,13,0.23
work,M30O70,2701,2.701,1.0,26,0.26,0.3137959520859149,24,0.24,9.135135135135137,11,0.26
work,M30O70,2701,2.701,1.2,51,0.51,0.6058240396530359,6,0.06,2.26530612244898,11,0.22
work,M30O70,2701,2.701,1.4,56,0.56,0.6474184221396118,6,0.06,2.3181818181818183,9,0.21
work,M30O70,2801,2.801,1.0,20,0.2,0.2504337050805452,8,0.08,2.6,16,0.35
work,M30O70,2801,2.801,1.2,24,0.24,0.3206939281288724,8,0.08,2.526315789473684,15,0.35
work,M30O70,2801,2.801,1.4,24,0.24,0.3206939281288724,12,0.12,3.5526315789473686,14,0.33
work,M30O70,2901,2.901,1.0,29,0.29,0.3622883106154481,12,0.12,4.830985915492958,12,0.25
work,M30O70,2901,2.901,1.2,31,0.31,0.3890128046261875,12,0.12,4.942028985507246,12,0.23
work,M30O70,2901,2.901,1.4,31,0.31,0.3890128046261875,12,0.12,4.942028985507246,12,0.23
work,M30O70,3001,3.001,1.0,18,0.18,0.2068979760429574,14,0.14,5.2926829268292686,12,0.28
work,M30O70,3001,3.001,1.2,18,0.18,0.2068979760429574,14,0.14,5.341463414634147,12,0.27
work,M30O70,3001,3.001,1.4,34,0.34,0.3702602230483271,16,0.16,5.545454545454546,10,0.25
work,M30O70,3101,3.101,1.0,11,0.11,0.1049566294919454,9,0.09,4.235955056179775,17,0.27
work,M30O70,3101,3.101,1.2,11,0.11,0.1049566294919454,10,0.1,4.595505617977528,16,0.27
work,M30O70,3101,3.101,1.4,19,0.19,0.2286658405617513,15,0.15,5.395061728395062,14,0.27
work,M30O70,3201,3.201,1.0,13,0.13,0.1484923585295332,10,0.1,4.172413793103448,15,0.3
work,M30O70,3201,3.201,1.2,14,0.14,0.1534489880214787,13,0.13,5.046511627906977,15,0.28
work,M30O70,3201,3.201,1.4,18,0.18,0.2068979760429574,14,0.14,5.682926829268292,14,0.28
work,M30O70,3301,3.301,1.0,6,0.06,0.0633622470053696,6,0.06,3.148936170212766,22,0.24
work,M30O70,3301,3.301,1.2,8,0.08,0.1068979760429574,7,0.07,3.5,20,0.23
work,M30O70,3301,3.301,1.4,9,0.09,0.1118546055349029,8,0.08,3.813186813186813,20,0.2
work,M30O70,3401,3.401,1.0,18,0.18,0.2237092110698058,14,0.14,4.634146341463414,13,0.32
work,M30O70,3401,3.401,1.2,35,0.35,0.4592730276745146,14,0.14,4.446153846153846,10,0.3
work,M30O70,3401,3.401,1.4,35,0.35,0.4592730276745146,14,0.14,4.446153846153846,10,0.3
work,M30O70,3501,3.501,1.0,13,0.13,0.1316811235026848,8,0.08,2.9770114942528734,17,0.34
work,M30O70,3501,3.501,1.2,13,0.13,0.1316811235026848,8,0.08,3.0689655172413794,17,0.33
work,M30O70,3501,3.501,1.4,13,0.13,0.1316811235026848,8,0.08,3.160919540229885,18,0.3
work,M30O70,3601,3.601,1.0,20,0.2,0.2336224700536968,15,0.15,5.775,13,0.25
work,M30O70,3601,3.601,1.2,20,0.2,0.2336224700536968,15,0.15,5.975,13,0.24
work,M30O70,3601,3.601,1.4,25,0.25,0.292028087567121,15,0.15,6.066666666666666,13,0.22
work,M30O70,3701,3.701,1.0,47,0.47,0.6196199917389509,5,0.05,1.8679245283018868,11,0.28
work,M30O70,3701,3.701,1.2,49,0.49,0.6463444857496902,5,0.05,1.9019607843137252,11,0.26
work,M30O70,3701,3.701,1.4,51,0.51,0.6730689797604296,5,0.05,1.8979591836734693,10,0.26
work,M30O70,3801,3.801,1.0,28,0.28,0.3237092110698059,22,0.22,8.13888888888889,8,0.33
work,M30O70,3801,3.801,1.2,36,0.36,0.3969847170590665,22,0.22,8.375,7,0.32
work,M30O70,3801,3.801,1.4,37,0.37,0.401941346551012,22,0.22,8.492063492063492,7,0.31
work,M30O70,3901,3.901,1.0,19,0.19,0.2622883106154481,19,0.19,7.148148148148148,11,0.32
work,M30O70,3901,3.901,1.2,19,0.19,0.2622883106154481,19,0.19,7.148148148148148,11,0.32
work,M30O70,3901,3.901,1.4,20,0.2,0.2336224700536968,19,0.19,7.225,11,0.31
work,M30O70,4001,4.001,1.0,25,0.25,0.3088393225939694,20,0.2,6.706666666666667,13,0.28
work,M30O70,4001,4.001,1.2,25,0.25,0.3088393225939694,21,0.21,7.24,13,0.27
work,M30O70,4001,4.001,1.4,25,0.25,0.3088393225939694,22,0.22,7.8,13,0.26
work,M30O70,4101,4.101,1.0,33,0.33,0.4157372986369269,6,0.06,2.6417910447761197,14,0.27
work,M30O70,4101,4.101,1.2,34,0.34,0.4206939281288723,8,0.08,3.1515151515151514,13,0.25
work,M30O70,4101,4.101,1.4,39,0.39,0.4622883106154482,8,0.08,3.0,12,0.25
work,M30O70,4201,4.2010000000000005,1.0,10,0.1,0.1168112350268484,9,0.09,3.422222222222222,23,0.23
work,M30O70,4201,4.2010000000000005,1.2,13,0.13,0.1653035935563816,11,0.11,4.103448275862069,22,0.2
work,M30O70,4201,4.2010000000000005,1.4,14,0.14,0.1702602230483271,11,0.11,4.651162790697675,20,0.19
work,M30O70,4301,4.301,1.0,38,0.38,0.4573316811235027,7,0.07,2.870967741935484,12,0.26
work,M30O70,4301,4.301,1.2,38,0.38,0.4573316811235027,7,0.07,3.129032258064516,12,0.24
work,M30O70,4301,4.301,1.4,38,0.38,0.4573316811235027,7,0.07,3.129032258064516,12,0.24
work,M30O70,4401,4.401,1.0,19,0.19,0.2118546055349029,15,0.15,6.185185185185185,13,0.23
work,M30O70,4401,4.401,1.2,19,0.19,0.2118546055349029,15,0.15,6.185185185185185,13,0.23
work,M30O70,4401,4.401,1.4,20,0.2,0.2168112350268484,15,0.15,6.25,13,0.22
work,M30O70,4501,4.501,1.0,23,0.23,0.2653035935563816,10,0.1,3.51948051948052,15,0.27
work,M30O70,4501,4.501,1.2,25,0.25,0.2752168525402726,10,0.1,4.173333333333333,14,0.22
work,M30O70,4501,4.501,1.4,27,0.27,0.2851301115241635,10,0.1,4.232876712328767,13,0.22
work,M30O70,4601,4.601,1.0,22,0.22,0.293969434118133,8,0.08,3.641025641025641,14,0.28
work,M30O70,4601,4.601,1.2,28,0.28,0.3405204460966543,16,0.16,5.444444444444445,11,0.28
work,M30O70,4601,4.601,1.4,35,0.35,0.4088393225939694,16,0.16,5.338461538461538,10,0.27
work,M30O70,4701,4.7010000000000005,1.0,14,0.14,0.2206939281288723,8,0.08,3.232558139534884,17,0.3
work,M30O70,4701,4.7010000000000005,1.2,22,0.22,0.293969434118133,14,0.14,4.358974358974359,15,0.27
work,M30O70,4701,4.7010000000000005,1.4,22,0.22,0.293969434118133,14,0.14,4.358974358974359,15,0.27
work,M30O70,4801,4.801,1.0,19,0.19,0.2454770755885997,8,0.08,3.8395061728395055,16,0.23
work,M30O70,4801,4.801,1.2,19,0.19,0.2454770755885997,14,0.14,5.1234567901234565,15,0.22
work,M30O70,4801,4.801,1.4,25,0.25,0.3088393225939694,19,0.19,7.4,12,0.19
work,M30O70,4901,4.901,1.0,14,0.14,0.1702602230483271,10,0.1,4.697674418604652,14,0.29
work,M30O70,4901,4.901,1.2,19,0.19,0.2118546055349029,14,0.14,5.172839506172839,13,0.29
work,M30O70,4901,4.901,1.4,23,0.23,0.2484923585295332,14,0.14,5.311688311688312,12,0.28
work-1,M30O70,1001,1.001,1.0,14,0.14,0.1870714580751755,7,0.07,2.604651162790698,19,0.34
work-1,M30O70,1001,1.001,1.2,14,0.14,0.1870714580751755,7,0.07,2.604651162790698,19,0.34
work-1,M30O70,1001,1.001,1.4,15,0.15,0.2088393225939694,7,0.07,2.623529411764706,19,0.33
work-1,M30O70,1101,1.101,1.0,25,0.25,0.3256505576208178,13,0.13,4.1466666666666665,11,0.36
work-1,M30O70,1101,1.101,1.2,25,0.25,0.3256505576208178,13,0.13,4.2,13,0.32
work-1,M30O70,1101,1.101,1.4,25,0.25,0.3256505576208178,13,0.13,4.226666666666667,14,0.3
work-1,M30O70,1201,1.201,1.0,42,0.42,0.5107806691449814,9,0.09,3.1724137931034484,8,0.3
work-1,M30O70,1201,1.201,1.2,42,0.42,0.5107806691449814,9,0.09,3.1724137931034484,8,0.3
work-1,M30O70,1201,1.201,1.4,46,0.46,0.5642296571664601,10,0.1,3.4814814814814814,8,0.27
work-1,M30O70,1301,1.301,1.0,37,0.37,0.4523750516315572,10,0.1,3.380952380952381,13,0.23
work-1,M30O70,1301,1.301,1.2,37,0.37,0.4523750516315572,10,0.1,3.4444444444444446,13,0.22
work-1,M30O70,1301,1.301,1.4,37,0.37,0.4523750516315572,10,0.1,3.507936507936508,13,0.21
work-1,M30O70,1401,1.401,1.0,12,0.12,0.1267244940107393,10,0.1,3.636363636363636,14,0.37
work-1,M30O70,1401,1.401,1.2,12,0.12,0.1267244940107393,10,0.1,3.636363636363636,14,0.37
work-1,M30O70,1401,1.401,1.4,18,0.18,0.2573316811235027,14,0.14,4.585365853658536,13,0.33
work-1,M30O70,1501,1.501,1.0,25,0.25,0.2752168525402726,10,0.1,3.1333333333333333,13,0.36
work-1,M30O70,1501,1.501,1.2,27,0.27,0.3019413465510119,10,0.1,3.6301369863013697,12,0.33
work-1,M30O70,1501,1.501,1.4,30,0.3,0.3336224700536968,10,0.1,3.657142857142857,11,0.33
work-1,M30O70,1601,1.601,1.0,26,0.26,0.3810408921933085,16,0.16,5.324324324324325,12,0.28
work-1,M30O70,1601,1.601,1.2,26,0.26,0.3810408921933085,17,0.17,5.756756756756757,12,0.27
work-1,M30O70,1601,1.601,1.4,27,0.27,0.385997521685254,17,0.17,5.821917808219178,12,0.26
work-1,M30O70,1701,1.701,1.0,19,0.19,0.2118546055349029,18,0.18,7.493827160493828,9,0.28
work-1,M30O70,1701,1.701,1.2,19,0.19,0.2118546055349029,18,0.18,7.493827160493828,9,0.28
work-1,M30O70,1701,1.701,1.4,19,0.19,0.2454770755885997,19,0.19,7.987654320987654,9,0.26
work-1,M30O70,1801,1.801,1.0,13,0.13,0.098058653448988,10,0.1,3.2988505747126435,17,0.34
work-1,M30O70,1801,1.801,1.2,23,0.23,0.2484923585295332,7,0.07,2.5584415584415585,16,0.33
work-1,M30O70,1801,1.801,1.4,27,0.27,0.3019413465510119,7,0.07,2.4794520547945207,15,0.33
work-1,M30O70,1901,1.901,1.0,30,0.3,0.384056175134242,12,0.12,4.114285714285714,12,0.26
work-1,M30O70,1901,1.901,1.2,31,0.31,0.3890128046261875,12,0.12,4.304347826086956,12,0.24
work-1,M30O70,1901,1.901,1.4,35,0.35,0.4424617926476663,12,0.12,4.323076923076923,11,0.24
work-1,M30O70,2001,2.001,1.0,11,0.11,0.1385790995456423,9,0.09,3.651685393258427,16,0.32
work-1,M30O70,2001,2.001,1.2,12,0.12,0.1435357290375877,9,0.09,4.409090909090909,14,0.3
work-1,M30O70,2001,2.001,1.4,12,0.12,0.1435357290375877,9,0.09,4.409090909090909,14,0.3
work-1,M30O70,2101,2.101,1.0,8,0.08,0.0732755059892606,7,0.07,3.0869565217391304,18,0.32
work-1,M30O70,2101,2.101,1.2,10,0.1,0.1504337050805452,8,0.08,3.4444444444444446,17,0.31
work-1,M30O70,2101,2.101,1.4,11,0.11,0.1553903345724907,8,0.08,3.4719101123595504,17,0.3
work-1,M30O70,2201,2.201,1.0,25,0.25,0.3256505576208178,7,0.07,2.8666666666666667,13,0.34
work-1,M30O70,2201,2.201,1.2,32,0.32,0.4107806691449814,7,0.07,2.794117647058824,11,0.34
work-1,M30O70,2201,2.201,1.4,33,0.33,0.4157372986369269,7,0.07,2.8507462686567164,12,0.31
work-1,M30O70,2301,2.301,1.0,30,0.3,0.384056175134242,14,0.14,4.771428571428571,7,0.36
work-1,M30O70,2301,2.301,1.2,38,0.38,0.4909541511771995,14,0.14,4.387096774193548,7,0.34
work-1,M30O70,2301,2.301,1.4,38,0.38,0.4909541511771995,14,0.14,4.387096774193548,7,0.34
work-1,M30O70,2401,2.401,1.0,18,0.18,0.2573316811235027,12,0.12,3.5365853658536586,19,0.27
work-1,M30O70,2401,2.401,1.2,18,0.18,0.2573316811235027,12,0.12,3.5365853658536586,19,0.27
work-1,M30O70,2401,2.401,1.4,19,0.19,0.2622883106154481,12,0.12,3.567901234567901,19,0.26
work-1,M30O70,2501,2.501,1.0,26,0.26,0.3306071871127633,14,0.14,4.621621621621622,16,0.22
work-1,M30O70,2501,2.501,1.2,48,0.48,0.5741429161503511,5,0.05,2.0384615384615383,13,0.22
work-1,M30O70,2501,2.501,1.4,50,0.5,0.584056175134242,5,0.05,2.08,13,0.2
work-1,M30O70,2601,2.601,1.0,19,0.19,0.1950433705080545,12,0.12,4.851851851851852,12,0.31
work-1,M30O70,2601,2.601,1.2,30,0.3,0.3672449401073936,12,0.12,4.171428571428572,11,0.3
work-1,M30O70,2601,2.601,1.4,45,0.45,0.5424617926476663,9,0.09,2.8181818181818183,9,0.29
work-1,M30O70,2701,2.701,1.0,14,0.14,0.1702602230483271,12,0.12,4.046511627906977,13,0.34
work-1,M30O70,2701,2.701,1.2,14,0.14,0.1702602230483271,12,0.12,4.186046511627907,13,0.32
work-1,M30O70,2701,2.701,1.4,14,0.14,0.1870714580751755,14,0.14,4.883720930232558,13,0.29
work-1,M30O70,2801,2.801,1.0,11,0.11,0.1217678645187938,9,0.09,3.764044943820225,16,0.28
work-1,M30O70,2801,2.801,1.2,11,0.11,0.1217678645187938,9,0.09,4.123595505617978,15,0.27
work-1,M30O70,2801,2.801,1.4,15,0.15,0.1584056175134242,9,0.09,4.317647058823529,15,0.24
work-1,M30O70,2901,2.901,1.0,11,0.11,0.1553903345724907,10,0.1,2.842696629213483,16,0.41
work-1,M30O70,2901,2.901,1.2,12,0.12,0.1435357290375877,11,0.11,3.4545454545454546,15,0.38
work-1,M30O70,2901,2.901,1.4,14,0.14,0.1702602230483271,11,0.11,3.558139534883721,15,0.35
work-1,M30O70,3001,3.001,1.0,25,0.25,0.3088393225939694,7,0.07,2.813333333333333,13,0.33
work-1,M30O70,3001,3.001,1.2,25,0.25,0.3088393225939694,8,0.08,3.0,13,0.32
work-1,M30O70,3001,3.001,1.4,31,0.31,0.3890128046261875,8,0.08,2.8840579710144927,12,0.31
work-1,M30O70,3101,3.101,1.0,15,0.15,0.1752168525402726,11,0.11,3.7058823529411766,16,0.3
work-1,M30O70,3101,3.101,1.2,15,0.15,0.1752168525402726,11,0.11,3.7058823529411766,16,0.3
work-1,M30O70,3101,3.101,1.4,15,0.15,0.1752168525402726,11,0.11,3.7058823529411766,16,0.3
work-1,M30O70,3201,3.201,1.0,17,0.17,0.2019413465510119,8,0.08,3.3373493975903616,15,0.3
work-1,M30O70,3201,3.201,1.2,17,0.17,0.2019413465510119,8,0.08,3.72289156626506,14,0.29
work-1,M30O70,3201,3.201,1.4,17,0.17,0.2019413465510119,9,0.09,4.542168674698795,12,0.28
work-1,M30O70,3301,3.301,1.0,19,0.19,0.2286658405617513,14,0.14,4.604938271604938,14,0.3
work-1,M30O70,3301,3.301,1.2,19,0.19,0.2286658405617513,14,0.14,4.604938271604938,14,0.3
work-1,M30O70,3301,3.301,1.4,19,0.19,0.2286658405617513,16,0.16,5.444444444444445,13,0.28
work-1,M30O70,3401,3.401,1.0,33,0.33,0.3821148285832301,11,0.11,3.6865671641791047,13,0.27
work-1,M30O70,3401,3.401,1.2,33,0.33,0.3821148285832301,12,0.12,4.074626865671642,13,0.25
work-1,M30O70,3401,3.401,1.4,33,0.33,0.3821148285832301,12,0.12,4.074626865671642,13,0.25
work-1,M30O70,3501,3.501,1.0,42,0.42,0.578025609252375,4,0.04,1.862068965517241,13,0.28
work-1,M30O70,3501,3.501,1.2,45,0.45,0.6265179677819083,4,0.04,1.8727272727272728,12,0.27
work-1,M30O70,3501,3.501,1.4,48,0.48,0.6413878562577447,4,0.04,1.8846153846153848,11,0.26
work-1,M30O70,3601,3.601,1.0,27,0.27,0.3187525815778604,6,0.06,2.4794520547945207,15,0.31
work-1,M30O70,3601,3.601,1.2,27,0.27,0.3187525815778604,6,0.06,2.616438356164384,16,0.28
work-1,M30O70,3601,3.601,1.4,29,0.29,0.3286658405617513,6,0.06,2.7746478873239435,15,0.26
work-1,M30O70,3701,3.701,1.0,32,0.32,0.3771581990912846,13,0.13,3.882352941176471,14,0.27
work-1,M30O70,3701,3.701,1.2,35,0.35,0.4088393225939694,13,0.13,4.015384615384615,13,0.26
work-1,M30O70,3701,3.701,1.4,35,0.35,0.4088393225939694,13,0.13,4.138461538461539,13,0.24
work-1,M30O70,3801,3.801,1.0,15,0.15,0.1752168525402726,6,0.06,2.717647058823529,21,0.25
work-1,M30O70,3801,3.801,1.2,21,0.21,0.2217678645187938,9,0.09,3.3037974683544302,18,0.23
work-1,M30O70,3801,3.801,1.4,25,0.25,0.2752168525402726,9,0.09,3.2666666666666666,17,0.23
work-1,M30O70,3901,3.901,1.0,14,0.14,0.1870714580751755,13,0.13,5.093023255813954,15,0.26
work-1,M30O70,3901,3.901,1.2,29,0.29,0.3118546055349029,11,0.11,4.267605633802817,13,0.24
work-1,M30O70,3901,3.901,1.4,31,0.31,0.3217678645187939,11,0.11,4.478260869565218,13,0.21
work-1,M30O70,4001,4.001,1.0,14,0.14,0.1534489880214787,12,0.12,3.953488372093023,18,0.27
work-1,M30O70,4001,4.001,1.2,26,0.26,0.3137959520859149,6,0.06,3.108108108108108,16,0.23
work-1,M30O70,4001,4.001,1.4,26,0.26,0.3137959520859149,8,0.08,3.702702702702703,15,0.2
work-1,M30O70,4101,4.101,1.0,26,0.26,0.2801734820322181,8,0.08,3.324324324324324,13,0.31
work-1,M30O70,4101,4.101,1.2,34,0.34,0.3702602230483271,10,0.1,3.515151515151515,11,0.29
work-1,M30O70,4101,4.101,1.4,36,0.36,0.380173482032218,14,0.14,4.8125,9,0.29
work-1,M30O70,4201,4.2010000000000005,1.0,33,0.33,0.4325485336637753,5,0.05,2.791044776119403,13,0.25
work-1,M30O70,4201,4.2010000000000005,1.2,33,0.33,0.4325485336637753,5,0.05,2.82089552238806,14,0.23
work-1,M30O70,4201,4.2010000000000005,1.4,33,0.33,0.4325485336637753,5,0.05,2.82089552238806,14,0.23
work-1,M30O70,4301,4.301,1.0,35,0.35,0.4256505576208178,5,0.05,2.6923076923076925,16,0.2
work-1,M30O70,4301,4.301,1.2,37,0.37,0.4355638166047088,5,0.05,2.7142857142857144,15,0.2
work-1,M30O70,4301,4.301,1.4,37,0.37,0.4355638166047088,5,0.05,2.746031746031746,16,0.18
work-1,M30O70,4401,4.401,1.0,40,0.4,0.484056175134242,6,0.06,2.333333333333333,9,0.34
work-1,M30O70,4401,4.401,1.2,41,0.41,0.4890128046261875,6,0.06,2.3559322033898304,9,0.33
work-1,M30O70,4401,4.401,1.4,43,0.43,0.4989260636100784,6,0.06,2.6140350877192984,9,0.29
work-1,M30O70,4501,4.501,1.0,24,0.24,0.303882693102024,13,0.13,4.026315789473684,16,0.25
work-1,M30O70,4501,4.501,1.2,28,0.28,0.3405204460966543,14,0.14,4.611111111111111,15,0.21
work-1,M30O70,4501,4.501,1.4,28,0.28,0.3405204460966543,15,0.15,5.333333333333333,14,0.2
work-1,M30O70,4601,4.601,1.0,28,0.28,0.3405204460966543,7,0.07,2.9444444444444446,12,0.32
work-1,M30O70,4601,4.601,1.2,28,0.28,0.3405204460966543,7,0.07,3.0,12,0.31
work-1,M30O70,4601,4.601,1.4,28,0.28,0.3405204460966543,7,0.07,3.25,12,0.29
work-1,M30O70,4701,4.7010000000000005,1.0,22,0.22,0.2435357290375877,11,0.11,3.9743589743589753,11,0.33
work-1,M30O70,4701,4.7010000000000005,1.2,22,0.22,0.2435357290375877,11,0.11,4.0256410256410255,13,0.29
work-1,M30O70,4701,4.7010000000000005,1.4,22,0.22,0.2435357290375877,11,0.11,4.307692307692308,13,0.27
work-1,M30O70,4801,4.801,1.0,7,0.07,0.0683188764973151,6,0.06,2.870967741935484,22,0.27
work-1,M30O70,4801,4.801,1.2,11,0.11,0.1553903345724907,8,0.08,3.404494382022472,19,0.26
work-1,M30O70,4801,4.801,1.4,14,0.14,0.1870714580751755,8,0.08,3.558139534883721,17,0.25
work-1,M30O70,4901,4.901,1.0,14,0.14,0.1702602230483271,13,0.13,5.627906976744186,12,0.28
work-1,M30O70,4901,4.901,1.2,39,0.39,0.4959107806691449,13,0.13,4.245901639344262,10,0.26
work-1,M30O70,4901,4.901,1.4,39,0.39,0.4959107806691449,14,0.14,4.967213114754099,9,0.25
work-2,M30O70,1001,1.001,1.0,13,0.13,0.1484923585295332,9,0.09,4.011494252873563,15,0.3
work-2,M30O70,1001,1.001,1.2,13,0.13,0.1484923585295332,12,0.12,5.068965517241379,15,0.23
work-2,M30O70,1001,1.001,1.4,19,0.19,0.2286658405617513,12,0.12,5.395061728395062,14,0.19
work-2,M30O70,1101,1.101,1.0,15,0.15,0.192028087567121,11,0.11,3.988235294117647,16,0.27
work-2,M30O70,1101,1.101,1.2,19,0.19,0.2286658405617513,11,0.11,3.9876543209876543,15,0.27
work-2,M30O70,1101,1.101,1.4,31,0.31,0.3553903345724907,7,0.07,3.1159420289855078,15,0.23
work-2,M30O70,1201,1.201,1.0,15,0.15,0.2256505576208178,10,0.1,3.823529411764706,16,0.28
work-2,M30O70,1201,1.201,1.2,20,0.2,0.2672449401073936,10,0.1,4.025,15,0.25
work-2,M30O70,1201,1.201,1.4,20,0.2,0.2672449401073936,10,0.1,4.375,14,0.25
work-2,M30O70,1301,1.301,1.0,11,0.11,0.1722015695993391,10,0.1,3.202247191011236,18,0.33
work-2,M30O70,1301,1.301,1.2,13,0.13,0.18211482858323,10,0.1,3.873563218390805,17,0.29
work-2,M30O70,1301,1.301,1.4,34,0.34,0.487938868236266,6,0.06,2.333333333333333,15,0.27
work-2,M30O70,1401,1.401,1.0,23,0.23,0.2989260636100785,11,0.11,3.935064935064935,15,0.25
work-2,M30O70,1401,1.401,1.2,23,0.23,0.2989260636100785,11,0.11,4.012987012987013,15,0.24
work-2,M30O70,1401,1.401,1.4,23,0.23,0.2989260636100785,11,0.11,4.714285714285714,14,0.23
work-2,M30O70,1501,1.501,1.0,41,0.41,0.4553903345724907,13,0.13,3.915254237288136,8,0.33
work-2,M30O70,1501,1.501,1.2,43,0.43,0.48211482858323,14,0.14,4.473684210526316,8,0.3
work-2,M30O70,1501,1.501,1.4,46,0.46,0.5137959520859149,15,0.15,5.148148148148148,7,0.28
work-2,M30O70,1601,1.601,1.0,27,0.27,0.3019413465510119,12,0.12,5.410958904109589,10,0.26
work-2,M30O70,1601,1.601,1.2,43,0.43,0.4653035935563817,12,0.12,5.491228070175438,8,0.23
work-2,M30O70,1601,1.601,1.4,46,0.46,0.4801734820322181,12,0.12,6.111111111111111,7,0.21
work-2,M30O70,1701,1.701,1.0,36,0.36,0.4474184221396117,11,0.11,3.84375,11,0.26
work-2,M30O70,1701,1.701,1.2,36,0.36,0.4474184221396117,11,0.11,3.84375,11,0.26
work-2,M30O70,1701,1.701,1.4,39,0.39,0.4622883106154482,14,0.14,5.131147540983607,9,0.24
work-2,M30O70,1801,1.801,1.0,38,0.38,0.3900867410161091,11,0.11,3.7096774193548394,12,0.24
work-2,M30O70,1801,1.801,1.2,38,0.38,0.3900867410161091,11,0.11,4.032258064516129,11,0.24
work-2,M30O70,1801,1.801,1.4,38,0.38,0.3900867410161091,11,0.11,4.032258064516129,11,0.24
work-2,M30O70,1901,1.901,1.0,10,0.1,0.0831887649731515,9,0.09,3.577777777777778,15,0.36
work-2,M30O70,1901,1.901,1.2,11,0.11,0.1722015695993391,10,0.1,4.123595505617978,14,0.35
work-2,M30O70,1901,1.901,1.4,14,0.14,0.1198265179677819,11,0.11,4.697674418604652,11,0.35
work-2,M30O70,2001,2.001,1.0,9,0.09,0.1286658405617513,9,0.09,3.21978021978022,17,0.36
work-2,M30O70,2001,2.001,1.2,9,0.09,0.1286658405617513,9,0.09,3.3956043956043955,17,0.33
work-2,M30O70,2001,2.001,1.4,9,0.09,0.1286658405617513,9,0.09,3.5494505494505493,17,0.31
work-2,M30O70,2101,2.101,1.0,19,0.19,0.2118546055349029,11,0.11,3.6666666666666665,17,0.25
work-2,M30O70,2101,2.101,1.2,19,0.19,0.2118546055349029,12,0.12,3.9876543209876543,17,0.23
work-2,M30O70,2101,2.101,1.4,24,0.24,0.2702602230483271,12,0.12,4.526315789473684,15,0.2
work-2,M30O70,2201,2.201,1.0,12,0.12,0.1435357290375877,10,0.1,3.840909090909091,16,0.29
work-2,M30O70,2201,2.201,1.2,13,0.13,0.1484923585295332,10,0.1,4.218390804597701,16,0.25
work-2,M30O70,2201,2.201,1.4,14,0.14,0.1702602230483271,10,0.1,5.232558139534884,13,0.23
work-2,M30O70,2301,2.301,1.0,16,0.16,0.1969847170590665,10,0.1,4.0,15,0.3
work-2,M30O70,2301,2.301,1.2,17,0.17,0.2187525815778604,13,0.13,4.759036144578313,14,0.29
work-2,M30O70,2301,2.301,1.4,19,0.19,0.2118546055349029,18,0.18,6.580246913580247,12,0.27
work-2,M30O70,2401,2.401,1.0,13,0.13,0.18211482858323,8,0.08,3.3908045977011496,14,0.36
work-2,M30O70,2401,2.401,1.2,16,0.16,0.1969847170590665,13,0.13,5.119047619047619,11,0.33
work-2,M30O70,2401,2.401,1.4,16,0.16,0.2137959520859149,16,0.16,6.738095238095238,9,0.32
work-2,M30O70,2501,2.501,1.0,28,0.28,0.3405204460966543,9,0.09,3.2222222222222223,14,0.27
work-2,M30O70,2501,2.501,1.2,34,0.34,0.4206939281288723,11,0.11,3.6666666666666665,12,0.26
work-2,M30O70,2501,2.501,1.4,35,0.35,0.4256505576208178,11,0.11,3.769230769230769,12,0.24
work-2,M30O70,2601,2.601,1.0,15,0.15,0.1752168525402726,10,0.1,4.905882352941177,17,0.21
work-2,M30O70,2601,2.601,1.2,21,0.21,0.2722015695993391,15,0.15,5.582278481012659,16,0.2
work-2,M30O70,2601,2.601,1.4,25,0.25,0.3256505576208178,19,0.19,7.373333333333333,15,0.17
work-2,M30O70,2701,2.701,1.0,26,0.26,0.3474184221396117,11,0.11,3.4054054054054053,11,0.36
work-2,M30O70,2701,2.701,1.2,39,0.39,0.4790995456422965,5,0.05,2.180327868852459,10,0.33
work-2,M30O70,2701,2.701,1.4,45,0.45,0.5424617926476663,5,0.05,1.945454545454545,9,0.32
work-2,M30O70,2801,2.801,1.0,18,0.18,0.2741429161503511,8,0.08,3.0,18,0.28
work-2,M30O70,2801,2.801,1.2,18,0.18,0.2741429161503511,8,0.08,3.2195121951219514,18,0.26
work-2,M30O70,2801,2.801,1.4,18,0.18,0.2741429161503511,11,0.11,3.8536585365853657,17,0.25
work-2,M30O70,2901,2.901,1.0,17,0.17,0.2523750516315572,15,0.15,5.120481927710843,14,0.29
work-2,M30O70,2901,2.901,1.2,17,0.17,0.2523750516315572,17,0.17,6.0602409638554215,12,0.29
work-2,M30O70,2901,2.901,1.4,17,0.17,0.2523750516315572,17,0.17,6.0602409638554215,12,0.29
work-2,M30O70,3001,3.001,1.0,29,0.29,0.3790995456422966,18,0.18,6.154929577464789,12,0.25
work-2,M30O70,3001,3.001,1.2,47,0.47,0.6028087567121024,5,0.05,2.39622641509434,11,0.23
work-2,M30O70,3001,3.001,1.4,48,0.48,0.607765386204048,10,0.1,3.3846153846153846,10,0.22
work-2,M30O70,3101,3.101,1.0,10,0.1,0.1168112350268484,8,0.08,3.755555555555556,20,0.21
work-2,M30O70,3101,3.101,1.2,14,0.14,0.1534489880214787,12,0.12,4.604651162790698,17,0.19
work-2,M30O70,3101,3.101,1.4,18,0.18,0.190086741016109,16,0.16,6.195121951219512,14,0.18
work-2,M30O70,3201,3.201,1.0,13,0.13,0.2157372986369269,10,0.1,3.8505747126436782,16,0.28
work-2,M30O70,3201,3.201,1.2,13,0.13,0.2157372986369269,11,0.11,4.264367816091954,15,0.26
work-2,M30O70,3201,3.201,1.4,13,0.13,0.2157372986369269,11,0.11,4.931034482758621,14,0.25
work-2,M30O70,3301,3.301,1.0,20,0.2,0.2672449401073936,12,0.12,4.575,16,0.22
work-2,M30O70,3301,3.301,1.2,24,0.24,0.3206939281288724,13,0.13,5.026315789473684,15,0.2
work-2,M30O70,3301,3.301,1.4,29,0.29,0.3454770755885997,13,0.13,5.422535211267606,13,0.19
work-2,M30O70,3401,3.401,1.0,49,0.49,0.5286658405617514,6,0.06,2.294117647058824,12,0.21
work-2,M30O70,3401,3.401,1.2,59,0.59,0.6622883106154481,3,0.03,1.7317073170731707,10,0.2
work-2,M30O70,3401,3.401,1.4,62,0.62,0.693969434118133,3,0.03,1.736842105263158,9,0.19
work-2,M30O70,3501,3.501,1.0,17,0.17,0.2691862866584056,12,0.12,3.5301204819277108,15,0.35
work-2,M30O70,3501,3.501,1.2,17,0.17,0.2691862866584056,12,0.12,3.5301204819277108,15,0.35
work-2,M30O70,3501,3.501,1.4,23,0.23,0.3325485336637753,12,0.12,3.3376623376623376,14,0.35
work-2,M30O70,3601,3.601,1.0,16,0.16,0.180173482032218,13,0.13,4.261904761904762,14,0.32
work-2,M30O70,3601,3.601,1.2,16,0.16,0.180173482032218,13,0.13,4.357142857142857,15,0.29
work-2,M30O70,3601,3.601,1.4,16,0.16,0.180173482032218,14,0.14,4.9523809523809526,15,0.25
work-2,M30O70,3701,3.701,1.0,24,0.24,0.3206939281288724,5,0.05,2.3157894736842106,18,0.29
work-2,M30O70,3701,3.701,1.2,28,0.28,0.3573316811235026,5,0.05,2.4166666666666665,17,0.26
work-2,M30O70,3701,3.701,1.4,29,0.29,0.3622883106154481,9,0.09,3.1690140845070425,17,0.21
work-2,M30O70,3801,3.801,1.0,12,0.12,0.1771581990912845,12,0.12,4.75,16,0.26
work-2,M30O70,3801,3.801,1.2,13,0.13,0.1989260636100784,12,0.12,4.931034482758621,16,0.23
work-2,M30O70,3801,3.801,1.4,13,0.13,0.1989260636100784,12,0.12,5.114942528735632,16,0.21
work-2,M30O70,3901,3.901,1.0,14,0.14,0.1870714580751755,11,0.11,3.9069767441860463,15,0.32
work-2,M30O70,3901,3.901,1.2,14,0.14,0.1870714580751755,11,0.11,4.0,15,0.31
work-2,M30O70,3901,3.901,1.4,14,0.14,0.1870714580751755,11,0.11,4.046511627906977,15,0.3
work-2,M30O70,4001,4.001,1.0,41,0.41,0.5394465097067328,7,0.07,2.6271186440677967,9,0.31
work-2,M30O70,4001,4.001,1.2,41,0.41,0.5394465097067328,7,0.07,2.7288135593220337,9,0.3
work-2,M30O70,4001,4.001,1.4,43,0.43,0.5493597686906238,7,0.07,2.754385964912281,8,0.3
work-2,M30O70,4101,4.101,1.0,20,0.2,0.2168112350268484,9,0.09,3.325,19,0.22
work-2,M30O70,4101,4.101,1.2,23,0.23,0.2484923585295332,9,0.09,3.389610389610389,18,0.21
work-2,M30O70,4101,4.101,1.4,23,0.23,0.2484923585295332,9,0.09,3.571428571428572,18,0.19
work-2,M30O70,4201,4.2010000000000005,1.0,38,0.38,0.4237092110698058,6,0.06,2.290322580645161,8,0.37
work-2,M30O70,4201,4.2010000000000005,1.2,38,0.38,0.4237092110698058,6,0.06,2.3225806451612905,9,0.35
work-2,M30O70,4201,4.2010000000000005,1.4,38,0.38,0.4237092110698058,7,0.07,2.7096774193548385,8,0.33
work-2,M30O70,4301,4.301,1.0,14,0.14,0.2038826931020239,10,0.1,4.72093023255814,17,0.22
work-2,M30O70,4301,4.301,1.2,15,0.15,0.1752168525402726,14,0.14,5.752941176470588,16,0.22
work-2,M30O70,4301,4.301,1.4,26,0.26,0.2969847170590665,15,0.15,5.675675675675675,15,0.19
work-2,M30O70,4401,4.401,1.0,9,0.09,0.0950433705080545,9,0.09,4.318681318681318,16,0.26
work-2,M30O70,4401,4.401,1.2,25,0.25,0.2752168525402726,8,0.08,3.8,14,0.24
work-2,M30O70,4401,4.401,1.4,26,0.26,0.2969847170590665,9,0.09,5.0,14,0.16
work-2,M30O70,4501,4.501,1.0,17,0.17,0.2187525815778604,12,0.12,4.325301204819277,16,0.29
work-2,M30O70,4501,4.501,1.2,21,0.21,0.2722015695993391,12,0.12,4.468354430379747,15,0.27
work-2,M30O70,4501,4.501,1.4,21,0.21,0.2722015695993391,12,0.12,4.468354430379747,15,0.27
work-2,M30O70,4601,4.601,1.0,35,0.35,0.4424617926476663,5,0.05,2.3230769230769237,12,0.31
work-2,M30O70,4601,4.601,1.2,35,0.35,0.4424617926476663,5,0.05,2.3230769230769237,12,0.31
work-2,M30O70,4601,4.601,1.4,35,0.35,0.4424617926476663,5,0.05,2.3230769230769237,12,0.31
work-2,M30O70,4701,4.7010000000000005,1.0,15,0.15,0.2256505576208178,13,0.13,3.8,17,0.34
work-2,M30O70,4701,4.7010000000000005,1.2,23,0.23,0.3325485336637753,13,0.13,3.571428571428572,17,0.31
work-2,M30O70,4701,4.7010000000000005,1.4,28,0.28,0.3909541511771995,13,0.13,3.638888888888889,15,0.31
work-2,M30O70,4801,4.801,1.0,18,0.18,0.2068979760429574,13,0.13,5.219512195121951,14,0.26
work-2,M30O70,4801,4.801,1.2,19,0.19,0.2118546055349029,13,0.13,5.54320987654321,14,0.24
work-2,M30O70,4801,4.801,1.4,28,0.28,0.3405204460966543,19,0.19,7.111111111111111,11,0.23
work-2,M30O70,4901,4.901,1.0,22,0.22,0.2099132589838909,17,0.17,5.769230769230769,9,0.34
work-2,M30O70,4901,4.901,1.2,29,0.29,0.2950433705080545,22,0.22,8.098591549295774,7,0.33
work-2,M30O70,4901,4.901,1.4,29,0.29,0.2950433705080545,22,0.22,8.211267605633802,7,0.32
work,M50O50,1001,1.001,1.0,25,0.25,0.28145285935085,11,0.11,4.573333333333333,14,0.26
work,M50O50,1001,1.001,1.2,28,0.28,0.3177434312210201,14,0.14,5.666666666666667,12,0.24
work,M50O50,1001,1.001,1.4,42,0.42,0.4703245749613601,12,0.12,4.103448275862069,11,0.22
work,M50O50,1101,1.101,1.0,29,0.29,0.3591962905718702,9,0.09,3.704225352112676,13,0.25
work,M50O50,1101,1.101,1.2,29,0.29,0.3591962905718702,9,0.09,3.788732394366197,13,0.24
work,M50O50,1101,1.101,1.4,38,0.38,0.4554868624420402,12,0.12,5.580645161290323,8,0.24
work,M50O50,1201,1.201,1.0,12,0.12,0.12,10,0.1,4.159090909090909,17,0.24
work,M50O50,1201,1.201,1.2,20,0.2,0.21258114374034,10,0.1,4.15,15,0.24
work,M50O50,1201,1.201,1.4,33,0.33,0.34887171561051,8,0.08,3.626865671641791,12,0.22
work,M50O50,1301,1.301,1.0,38,0.38,0.4554868624420402,11,0.11,4.548387096774194,11,0.24
work,M50O50,1301,1.301,1.2,50,0.5,0.5880680061823802,11,0.11,3.6,10,0.22
work,M50O50,1301,1.301,1.4,52,0.52,0.5954868624420402,11,0.11,3.875,9,0.2
work,M50O50,1401,1.401,1.0,21,0.21,0.2540340030911901,17,0.17,7.531645569620253,9,0.24
work,M50O50,1401,1.401,1.2,38,0.38,0.4303245749613601,11,0.11,4.935483870967742,8,0.24
work,M50O50,1401,1.401,1.4,43,0.43,0.4740340030911901,11,0.11,5.0701754385964914,7,0.23
work,M50O50,1501,1.501,1.0,31,0.31,0.3791962905718701,6,0.06,2.5942028985507246,14,0.27
work,M50O50,1501,1.501,1.2,33,0.33,0.3991962905718701,7,0.07,2.8507462686567164,13,0.25
work,M50O50,1501,1.501,1.4,33,0.33,0.3991962905718701,11,0.11,3.6865671641791047,12,0.25
work,M50O50,1601,1.601,1.0,36,0.36,0.4103245749613601,12,0.12,4.65625,12,0.22
work,M50O50,1601,1.601,1.2,46,0.46,0.5229057187017001,12,0.12,4.0,11,0.21
work,M50O50,1601,1.601,1.4,59,0.59,0.6969397217928902,3,0.03,1.7804878048780488,11,0.18
work,M50O50,1701,1.701,1.0,27,0.27,0.27629057187017,19,0.19,6.835616438356165,11,0.26
work,M50O50,1701,1.701,1.2,27,0.27,0.27629057187017,19,0.19,7.054794520547945,12,0.23
work,M50O50,1701,1.701,1.4,29,0.29,0.2837094281298299,21,0.21,8.32394366197183,12,0.19
work,M50O50,1801,1.801,1.0,18,0.18,0.18,11,0.11,4.536585365853658,15,0.23
work,M50O50,1801,1.801,1.2,18,0.18,0.18,11,0.11,4.7317073170731705,14,0.22
work,M50O50,1801,1.801,1.4,18,0.18,0.18,11,0.11,5.317073170731708,13,0.22
work,M50O50,1901,1.901,1.0,38,0.38,0.4554868624420402,7,0.07,2.548387096774193,11,0.31
work,M50O50,1901,1.901,1.2,56,0.56,0.6606491499227203,3,0.03,1.5909090909090908,8,0.27
work,M50O50,1901,1.901,1.4,59,0.59,0.6843585780525502,3,0.03,1.4878048780487805,7,0.27
work,M50O50,2001,2.001,1.0,22,0.22,0.22,9,0.09,3.4615384615384617,14,0.29
work,M50O50,2001,2.001,1.2,27,0.27,0.27629057187017,11,0.11,3.958904109589041,13,0.26
work,M50O50,2001,2.001,1.4,27,0.27,0.27629057187017,11,0.11,4.315068493150685,14,0.21
work,M50O50,2101,2.101,1.0,33,0.33,0.3866151468315301,9,0.09,3.0,10,0.34
work,M50O50,2101,2.101,1.2,36,0.36,0.4103245749613601,10,0.1,3.34375,9,0.32
work,M50O50,2101,2.101,1.4,36,0.36,0.4103245749613601,10,0.1,3.75,9,0.3
work,M50O50,2201,2.201,1.0,50,0.5,0.5629057187017001,8,0.08,2.52,8,0.28
work,M50O50,2201,2.201,1.2,59,0.59,0.6466151468315301,3,0.03,1.5365853658536586,8,0.25
work,M50O50,2201,2.201,1.4,61,0.61,0.6666151468315301,3,0.03,1.564102564102564,8,0.23
work,M50O50,2301,2.301,1.0,31,0.31,0.3540340030911901,14,0.14,5.231884057971015,15,0.16
work,M50O50,2301,2.301,1.2,31,0.31,0.3540340030911901,21,0.21,8.36231884057971,14,0.13
work,M50O50,2301,2.301,1.4,36,0.36,0.4103245749613601,21,0.21,8.75,13,0.12
work,M50O50,2401,2.401,1.0,15,0.15,0.15629057187017,11,0.11,4.2,18,0.22
work,M50O50,2401,2.401,1.2,26,0.26,0.28516228748068,8,0.08,3.2432432432432434,17,0.21
work,M50O50,2401,2.401,1.4,26,0.26,0.28516228748068,8,0.08,3.2432432432432434,17,0.21
work,M50O50,2501,2.501,1.0,24,0.24,0.3154868624420401,9,0.09,3.8947368421052633,16,0.21
work,M50O50,2501,2.501,1.2,34,0.34,0.4154868624420402,12,0.12,5.484848484848484,11,0.2
work,M50O50,2501,2.501,1.4,47,0.47,0.5517774343122102,11,0.11,4.471698113207547,9,0.19
work,M50O50,2601,2.601,1.0,17,0.17,0.20145285935085,14,0.14,6.734939759036145,13,0.22
work,M50O50,2601,2.601,1.2,17,0.17,0.20145285935085,14,0.14,6.734939759036145,13,0.22
work,M50O50,2601,2.601,1.4,17,0.17,0.20145285935085,15,0.15,7.072289156626506,13,0.21
work,M50O50,2701,2.701,1.0,19,0.19,0.22145285935085,18,0.18,7.098765432098766,12,0.29
work,M50O50,2701,2.701,1.2,31,0.31,0.3791962905718701,19,0.19,6.420289855072464,11,0.29
work,M50O50,2701,2.701,1.4,37,0.37,0.4391962905718701,21,0.21,8.015873015873016,11,0.23
work,M50O50,2801,2.801,1.0,48,0.48,0.5554868624420402,6,0.06,2.5,12,0.2
work,M50O50,2801,2.801,1.2,48,0.48,0.5554868624420402,7,0.07,2.730769230769231,12,0.19
work,M50O50,2801,2.801,1.4,50,0.5,0.5754868624420402,11,0.11,4.04,9,0.19
work,M50O50,2901,2.901,1.0,24,0.24,0.25258114374034,22,0.22,11.236842105263158,7,0.21
work,M50O50,2901,2.901,1.2,25,0.25,0.25629057187017,22,0.22,12.226666666666668,6,0.2
work,M50O50,2901,2.901,1.4,48,0.48,0.5177434312210201,25,0.25,13.615384615384617,3,0.19
work,M50O50,3001,3.001,1.0,14,0.14,0.15258114374034,12,0.12,3.697674418604651,18,0.3
work,M50O50,3001,3.001,1.2,14,0.14,0.15258114374034,12,0.12,4.069767441860465,19,0.25
work,M50O50,3001,3.001,1.4,16,0.16,0.16,13,0.13,4.523809523809524,18,0.23
work,M50O50,3101,3.101,1.0,29,0.29,0.3717774343122102,23,0.23,8.380281690140846,9,0.33
work,M50O50,3101,3.101,1.2,32,0.32,0.4080680061823802,23,0.23,8.676470588235293,8,0.32
work,M50O50,3101,3.101,1.4,32,0.32,0.4080680061823802,23,0.23,8.676470588235293,8,0.32
work,M50O50,3201,3.201,1.0,24,0.24,0.3029057187017001,9,0.09,3.8684210526315783,12,0.3
work,M50O50,3201,3.201,1.2,24,0.24,0.3029057187017001,13,0.13,5.2368421052631575,11,0.27
work,M50O50,3201,3.201,1.4,25,0.25,0.3066151468315301,13,0.13,6.306666666666667,11,0.23
work,M50O50,3301,3.301,1.0,11,0.11,0.12887171561051,10,0.1,4.146067415730337,18,0.24
work,M50O50,3301,3.301,1.2,18,0.18,0.2429057187017001,11,0.11,4.048780487804878,17,0.23
work,M50O50,3301,3.301,1.4,18,0.18,0.2429057187017001,11,0.11,4.658536585365853,16,0.21
work,M50O50,3401,3.401,1.0,51,0.51,0.5917774343122102,11,0.11,4.224489795918367,10,0.17
work,M50O50,3401,3.401,1.2,57,0.57,0.6643585780525503,11,0.11,3.976744186046512,9,0.17
work,M50O50,3401,3.401,1.4,61,0.61,0.6917774343122102,11,0.11,4.333333333333333,8,0.14
work,M50O50,3501,3.501,1.0,18,0.18,0.19258114374034,10,0.1,3.975609756097561,15,0.29
work,M50O50,3501,3.501,1.2,19,0.19,0.20887171561051,11,0.11,4.62962962962963,16,0.23
work,M50O50,3501,3.501,1.4,28,0.28,0.3303245749613601,11,0.11,4.888888888888889,13,0.22
work,M50O50,3601,3.601,1.0,42,0.42,0.5080680061823802,6,0.06,2.034482758620689,9,0.34
work,M50O50,3601,3.601,1.2,42,0.42,0.5080680061823802,6,0.06,2.103448275862069,9,0.33
work,M50O50,3601,3.601,1.4,44,0.44,0.5154868624420402,6,0.06,2.25,9,0.3
work,M50O50,3701,3.701,1.0,13,0.13,0.13629057187017,7,0.07,2.7701149425287355,18,0.34
work,M50O50,3701,3.701,1.2,13,0.13,0.13629057187017,8,0.08,3.022988505747126,19,0.3
work,M50O50,3701,3.701,1.4,22,0.22,0.2577434312210201,6,0.06,2.641025641025641,17,0.29
work,M50O50,3801,3.801,1.0,18,0.18,0.2177434312210201,7,0.07,3.292682926829268,16,0.27
work,M50O50,3801,3.801,1.2,23,0.23,0.2740340030911901,9,0.09,3.727272727272727,14,0.25
work,M50O50,3801,3.801,1.4,24,0.24,0.2777434312210201,13,0.13,5.184210526315789,13,0.21
work,M50O50,3901,3.901,1.0,38,0.38,0.4429057187017001,10,0.1,3.741935483870968,12,0.21
work,M50O50,3901,3.901,1.2,47,0.47,0.5517774343122102,10,0.1,3.9056603773584895,9,0.2
work,M50O50,3901,3.901,1.4,53,0.53,0.6243585780525502,10,0.1,3.851063829787234,8,0.19
work,M50O50,4001,4.001,1.0,24,0.24,0.3029057187017001,18,0.18,7.657894736842105,11,0.24
work,M50O50,4001,4.001,1.2,43,0.43,0.4991962905718701,19,0.19,7.56140350877193,9,0.21
work,M50O50,4001,4.001,1.4,50,0.5,0.5880680061823802,19,0.19,8.08,8,0.19
work,M50O50,4101,4.101,1.0,25,0.25,0.2940340030911901,8,0.08,3.4266666666666667,16,0.24
work,M50O50,4101,4.101,1.2,25,0.25,0.2940340030911901,13,0.13,4.866666666666666,14,0.23
work,M50O50,4101,4.101,1.4,32,0.32,0.3829057187017001,13,0.13,5.264705882352941,14,0.18
work,M50O50,4201,4.2010000000000005,1.0,28,0.28,0.3051622874806801,27,0.27,11.805555555555555,8,0.23
work,M50O50,4201,4.2010000000000005,1.2,29,0.29,0.32145285935085,27,0.27,11.95774647887324,8,0.22
work,M50O50,4201,4.2010000000000005,1.4,57,0.57,0.6391962905718702,7,0.07,2.813953488372093,8,0.19
work,M50O50,4301,4.301,1.0,15,0.15,0.2066151468315301,7,0.07,3.4,18,0.26
work,M50O50,4301,4.301,1.2,15,0.15,0.2066151468315301,7,0.07,3.4,18,0.26
work,M50O50,4301,4.301,1.4,16,0.16,0.2103245749613601,12,0.12,4.642857142857143,15,0.23
work,M50O50,4401,4.401,1.0,47,0.47,0.5517774343122102,4,0.04,1.9056603773584904,10,0.28
work,M50O50,4401,4.401,1.2,47,0.47,0.5517774343122102,4,0.04,1.9056603773584904,10,0.28
work,M50O50,4401,4.401,1.4,51,0.51,0.6043585780525502,4,0.04,1.8571428571428568,9,0.27
work,M50O50,4501,4.501,1.0,33,0.33,0.34887171561051,9,0.09,3.805970149253731,12,0.25
work,M50O50,4501,4.501,1.2,33,0.33,0.34887171561051,14,0.14,5.537313432835821,12,0.22
work,M50O50,4501,4.501,1.4,33,0.33,0.34887171561051,16,0.16,6.492537313432836,11,0.2
work,M50O50,4601,4.601,1.0,30,0.3,0.31258114374034,15,0.15,5.2,13,0.21
work,M50O50,4601,4.601,1.2,35,0.35,0.36887171561051,15,0.15,5.338461538461538,12,0.2
work,M50O50,4601,4.601,1.4,39,0.39,0.40887171561051,15,0.15,5.426229508196721,11,0.2
work,M50O50,4701,4.7010000000000005,1.0,43,0.43,0.4740340030911901,9,0.09,3.1403508771929824,11,0.25
work,M50O50,4701,4.7010000000000005,1.2,46,0.46,0.4977434312210201,10,0.1,4.222222222222222,9,0.23
work,M50O50,4701,4.7010000000000005,1.4,58,0.58,0.6554868624420401,12,0.12,4.333333333333333,6,0.22
work,M50O50,4801,4.801,1.0,52,0.52,0.5829057187017002,8,0.08,2.4166666666666665,6,0.31
work,M50O50,4801,4.801,1.2,54,0.54,0.6154868624420402,8,0.08,2.4347826086956523,5,0.31
work,M50O50,4801,4.801,1.4,58,0.58,0.6429057187017001,8,0.08,2.4285714285714284,4,0.3
work,M50O50,4901,4.901,1.0,24,0.24,0.2903245749613601,8,0.08,3.5789473684210527,15,0.25
work,M50O50,4901,4.901,1.2,29,0.29,0.3340340030911901,8,0.08,4.042253521126761,12,0.24
work,M50O50,4901,4.901,1.4,29,0.29,0.3340340030911901,8,0.08,4.23943661971831,12,0.23
work-1,M50O50,1001,1.001,1.0,15,0.15,0.18145285935085,13,0.13,5.188235294117647,14,0.23
work-1,M50O50,1001,1.001,1.2,28,0.28,0.3177434312210201,9,0.09,3.861111111111111,13,0.22
work-1,M50O50,1001,1.001,1.4,33,0.33,0.3866151468315301,9,0.09,4.7611940298507465,10,0.21
work-1,M50O50,1101,1.101,1.0,34,0.34,0.4029057187017001,11,0.11,3.6666666666666665,10,0.3
work-1,M50O50,1101,1.101,1.2,34,0.34,0.4029057187017001,11,0.11,3.727272727272727,10,0.29
work-1,M50O50,1101,1.101,1.4,34,0.34,0.4029057187017001,12,0.12,4.0606060606060606,10,0.28
work-1,M50O50,1201,1.201,1.0,27,0.27,0.3391962905718702,12,0.12,4.6438356164383565,14,0.2
work-1,M50O50,1201,1.201,1.2,27,0.27,0.3391962905718702,13,0.13,4.972602739726027,14,0.19
work-1,M50O50,1201,1.201,1.4,28,0.28,0.3429057187017001,16,0.16,6.111111111111111,13,0.18
work-1,M50O50,1301,1.301,1.0,31,0.31,0.3666151468315301,20,0.2,8.18840579710145,11,0.19
work-1,M50O50,1301,1.301,1.2,57,0.57,0.6391962905718702,9,0.09,3.4186046511627906,9,0.17
work-1,M50O50,1301,1.301,1.4,58,0.58,0.6429057187017001,9,0.09,3.523809523809524,10,0.14
work-1,M50O50,1401,1.401,1.0,25,0.25,0.28145285935085,7,0.07,3.9066666666666663,13,0.24
work-1,M50O50,1401,1.401,1.2,26,0.26,0.28516228748068,12,0.12,5.216216216216216,11,0.23
work-1,M50O50,1401,1.401,1.4,28,0.28,0.3177434312210201,12,0.12,6.333333333333333,9,0.22
work-1,M50O50,1501,1.501,1.0,30,0.3,0.3503245749613601,8,0.08,3.857142857142857,10,0.28
work-1,M50O50,1501,1.501,1.2,30,0.3,0.3503245749613601,8,0.08,4.171428571428572,10,0.26
work-1,M50O50,1501,1.501,1.4,38,0.38,0.4429057187017001,8,0.08,3.903225806451613,9,0.25
work-1,M50O50,1601,1.601,1.0,38,0.38,0.4303245749613601,6,0.06,2.774193548387097,10,0.29
work-1,M50O50,1601,1.601,1.2,38,0.38,0.4303245749613601,13,0.13,4.32258064516129,9,0.28
work-1,M50O50,1601,1.601,1.4,40,0.4,0.4503245749613601,13,0.13,4.4,8,0.28
work-1,M50O50,1701,1.701,1.0,19,0.19,0.22145285935085,15,0.15,5.54320987654321,14,0.23
work-1,M50O50,1701,1.701,1.2,39,0.39,0.4466151468315301,10,0.1,3.950819672131148,11,0.23
work-1,M50O50,1701,1.701,1.4,39,0.39,0.4466151468315301,15,0.15,5.721311475409836,10,0.22
work-1,M50O50,1801,1.801,1.0,25,0.25,0.28145285935085,11,0.11,4.12,12,0.29
work-1,M50O50,1801,1.801,1.2,33,0.33,0.3614528593508501,12,0.12,4.611940298507463,10,0.27
work-1,M50O50,1801,1.801,1.4,45,0.45,0.5066151468315302,9,0.09,3.2545454545454544,9,0.25
work-1,M50O50,1901,1.901,1.0,33,0.33,0.3740340030911901,7,0.07,2.3134328358208958,14,0.31
work-1,M50O50,1901,1.901,1.2,34,0.34,0.3777434312210201,7,0.07,2.4242424242424243,14,0.29
work-1,M50O50,1901,1.901,1.4,47,0.47,0.5643585780525502,6,0.06,2.207547169811321,10,0.27
work-1,M50O50,2001,2.001,1.0,29,0.29,0.3591962905718702,5,0.05,2.211267605633803,19,0.25
work-1,M50O50,2001,2.001,1.2,34,0.34,0.4154868624420402,5,0.05,2.363636363636364,17,0.23
work-1,M50O50,2001,2.001,1.4,39,0.39,0.4717774343122102,5,0.05,2.344262295081968,16,0.21
work-1,M50O50,2101,2.101,1.0,27,0.27,0.3140340030911901,8,0.08,3.356164383561644,18,0.18
work-1,M50O50,2101,2.101,1.2,27,0.27,0.3140340030911901,11,0.11,5.0,15,0.16
work-1,M50O50,2101,2.101,1.4,35,0.35,0.3940340030911901,11,0.11,4.630769230769231,14,0.16
work-1,M50O50,2201,2.201,1.0,31,0.31,0.3791962905718701,23,0.23,9.08695652173913,9,0.24
work-1,M50O50,2201,2.201,1.2,54,0.54,0.6154868624420402,4,0.04,2.130434782608696,8,0.24
work-1,M50O50,2201,2.201,1.4,54,0.54,0.6154868624420402,4,0.04,2.130434782608696,8,0.24
work-1,M50O50,2301,2.301,1.0,43,0.43,0.46145285935085,13,0.13,4.43859649122807,10,0.23
work-1,M50O50,2301,2.301,1.2,47,0.47,0.5140340030911901,13,0.13,4.471698113207547,9,0.23
work-1,M50O50,2301,2.301,1.4,50,0.5,0.5629057187017001,13,0.13,4.72,8,0.21
work-1,M50O50,2401,2.401,1.0,49,0.49,0.6095208655332303,3,0.03,1.6666666666666667,12,0.26
work-1,M50O50,2401,2.401,1.2,50,0.5,0.6258114374034003,4,0.04,1.88,12,0.23
work-1,M50O50,2401,2.401,1.4,56,0.56,0.6858114374034003,4,0.04,1.7272727272727273,10,0.23
work-1,M50O50,2501,2.501,1.0,19,0.19,0.19629057187017,17,0.17,4.950617283950617,16,0.31
work-1,M50O50,2501,2.501,1.2,20,0.2,0.2,17,0.17,5.15,16,0.28
work-1,M50O50,2501,2.501,1.4,21,0.21,0.21629057187017,17,0.17,5.379746835443038,16,0.25
work-1,M50O50,2601,2.601,1.0,42,0.42,0.45774343122102,7,0.07,2.7586206896551726,12,0.23
work-1,M50O50,2601,2.601,1.2,43,0.43,0.46145285935085,7,0.07,2.8596491228070176,12,0.21
work-1,M50O50,2601,2.601,1.4,43,0.43,0.46145285935085,8,0.08,3.1052631578947367,12,0.2
work-1,M50O50,2701,2.701,1.0,41,0.41,0.4414528593508501,10,0.1,3.610169491525424,8,0.28
work-1,M50O50,2701,2.701,1.2,42,0.42,0.44516228748068,11,0.11,4.0,8,0.26
work-1,M50O50,2701,2.701,1.4,43,0.43,0.44887171561051,11,0.11,4.157894736842105,8,0.24
work-1,M50O50,2801,2.801,1.0,17,0.17,0.17629057187017,15,0.15,7.144578313253012,10,0.26
work-1,M50O50,2801,2.801,1.2,47,0.47,0.5266151468315301,8,0.08,3.2641509433962264,9,0.23
work-1,M50O50,2801,2.801,1.4,55,0.55,0.6066151468315302,7,0.07,2.688888888888889,8,0.22
work-1,M50O50,2901,2.901,1.0,22,0.22,0.2703245749613601,9,0.09,3.1538461538461537,16,0.29
work-1,M50O50,2901,2.901,1.2,22,0.22,0.2703245749613601,9,0.09,3.230769230769231,17,0.26
work-1,M50O50,2901,2.901,1.4,22,0.22,0.2703245749613601,9,0.09,3.769230769230769,15,0.26
work-1,M50O50,3001,3.001,1.0,31,0.31,0.3540340030911901,8,0.08,3.028985507246377,13,0.28
work-1,M50O50,3001,3.001,1.2,40,0.4,0.4503245749613601,10,0.1,3.433333333333333,10,0.27
work-1,M50O50,3001,3.001,1.4,54,0.54,0.5903245749613601,6,0.06,2.1739130434782608,8,0.25
work-1,M50O50,3101,3.101,1.0,34,0.34,0.4154868624420402,12,0.12,5.363636363636363,10,0.2
work-1,M50O50,3101,3.101,1.2,44,0.44,0.5280680061823803,12,0.12,5.071428571428571,9,0.18
work-1,M50O50,3101,3.101,1.4,50,0.5,0.5880680061823802,12,0.12,4.96,8,0.18
work-1,M50O50,3201,3.201,1.0,52,0.52,0.5829057187017002,3,0.03,1.75,9,0.27
work-1,M50O50,3201,3.201,1.2,53,0.53,0.5866151468315302,3,0.03,1.8085106382978724,10,0.24
work-1,M50O50,3201,3.201,1.4,56,0.56,0.6354868624420402,6,0.06,2.363636363636364,8,0.22
work-1,M50O50,3301,3.301,1.0,43,0.43,0.5243585780525503,5,0.05,2.3684210526315788,10,0.28
work-1,M50O50,3301,3.301,1.2,47,0.47,0.5895208655332302,6,0.06,2.7358490566037736,9,0.25
work-1,M50O50,3301,3.301,1.4,64,0.64,0.7406491499227202,6,0.06,2.055555555555556,6,0.22
work-1,M50O50,3401,3.401,1.0,40,0.4,0.4880680061823802,16,0.16,5.366666666666666,9,0.28
work-1,M50O50,3401,3.401,1.2,56,0.56,0.6480680061823803,3,0.03,1.5,8,0.28
work-1,M50O50,3401,3.401,1.4,56,0.56,0.6480680061823803,4,0.04,1.7272727272727273,8,0.26
work-1,M50O50,3501,3.501,1.0,21,0.21,0.22887171561051,11,0.11,4.493670886075949,14,0.22
work-1,M50O50,3501,3.501,1.2,32,0.32,0.33258114374034,7,0.07,3.6176470588235294,13,0.21
work-1,M50O50,3501,3.501,1.4,32,0.32,0.33258114374034,11,0.11,4.441176470588236,12,0.21
work-1,M50O50,3601,3.601,1.0,54,0.54,0.6280680061823802,9,0.09,4.0,11,0.12
work-1,M50O50,3601,3.601,1.2,54,0.54,0.6280680061823802,9,0.09,4.0,11,0.12
work-1,M50O50,3601,3.601,1.4,54,0.54,0.6280680061823802,9,0.09,4.0,11,0.12
work-1,M50O50,3701,3.701,1.0,17,0.17,0.2266151468315301,9,0.09,3.0963855421686746,14,0.38
work-1,M50O50,3701,3.701,1.2,28,0.28,0.3554868624420402,9,0.09,3.305555555555556,12,0.33
work-1,M50O50,3701,3.701,1.4,40,0.4,0.4880680061823802,9,0.09,2.8,10,0.31
work-1,M50O50,3801,3.801,1.0,19,0.19,0.2340340030911901,13,0.13,5.395061728395062,11,0.28
work-1,M50O50,3801,3.801,1.2,19,0.19,0.2340340030911901,14,0.14,5.716049382716049,11,0.27
work-1,M50O50,3801,3.801,1.4,32,0.32,0.3703245749613601,14,0.14,5.382352941176471,9,0.27
work-1,M50O50,3901,3.901,1.0,31,0.31,0.3666151468315301,7,0.07,3.1449275362318843,15,0.23
work-1,M50O50,3901,3.901,1.2,35,0.35,0.3940340030911901,8,0.08,3.646153846153846,15,0.17
work-1,M50O50,3901,3.901,1.4,42,0.42,0.4703245749613601,8,0.08,3.2413793103448274,14,0.17
work-1,M50O50,4001,4.001,1.0,9,0.09,0.10887171561051,7,0.07,3.3076923076923075,18,0.31
work-1,M50O50,4001,4.001,1.2,16,0.16,0.17258114374034,9,0.09,3.642857142857143,16,0.29
work-1,M50O50,4001,4.001,1.4,23,0.23,0.2740340030911901,14,0.14,4.6103896103896105,13,0.29
work-1,M50O50,4101,4.101,1.0,9,0.09,0.09629057187017,9,0.09,3.7472527472527473,19,0.26
work-1,M50O50,4101,4.101,1.2,12,0.12,0.1703245749613601,9,0.09,4.113636363636363,18,0.24
work-1,M50O50,4101,4.101,1.4,13,0.13,0.1740340030911901,11,0.11,5.2298850574712645,16,0.21
work-1,M50O50,4201,4.2010000000000005,1.0,26,0.26,0.28516228748068,8,0.08,3.27027027027027,13,0.29
work-1,M50O50,4201,4.2010000000000005,1.2,27,0.27,0.3014528593508501,8,0.08,3.6301369863013697,12,0.28
work-1,M50O50,4201,4.2010000000000005,1.4,36,0.36,0.4229057187017001,12,0.12,4.25,11,0.25
work-1,M50O50,4301,4.301,1.0,21,0.21,0.21629057187017,15,0.15,5.455696202531645,15,0.21
work-1,M50O50,4301,4.301,1.2,21,0.21,0.21629057187017,17,0.17,7.0,13,0.2
work-1,M50O50,4301,4.301,1.4,30,0.3,0.32516228748068,22,0.22,9.028571428571428,11,0.18
work-1,M50O50,4401,4.401,1.0,20,0.2,0.2377434312210201,11,0.11,3.95,11,0.34
work-1,M50O50,4401,4.401,1.2,20,0.2,0.2377434312210201,11,0.11,4.25,12,0.3
work-1,M50O50,4401,4.401,1.4,37,0.37,0.4266151468315301,11,0.11,4.206349206349207,9,0.27
work-1,M50O50,4501,4.501,1.0,18,0.18,0.19258114374034,16,0.16,5.341463414634147,12,0.32
work-1,M50O50,4501,4.501,1.2,18,0.18,0.19258114374034,16,0.16,5.341463414634147,12,0.32
work-1,M50O50,4501,4.501,1.4,39,0.39,0.4340340030911901,8,0.08,2.7049180327868854,10,0.31
work-1,M50O50,4601,4.601,1.0,17,0.17,0.20145285935085,9,0.09,3.5542168674698797,15,0.31
work-1,M50O50,4601,4.601,1.2,18,0.18,0.2177434312210201,9,0.09,3.975609756097561,14,0.3
work-1,M50O50,4601,4.601,1.4,20,0.2,0.2377434312210201,9,0.09,4.275,15,0.25
work-1,M50O50,4701,4.7010000000000005,1.0,14,0.14,0.1274188562596599,11,0.11,4.255813953488372,22,0.13
work-1,M50O50,4701,4.7010000000000005,1.2,15,0.15,0.1311282843894899,12,0.12,5.0,21,0.1
work-1,M50O50,4701,4.7010000000000005,1.4,16,0.16,0.17258114374034,15,0.15,7.333333333333333,17,0.09
work-1,M50O50,4801,4.801,1.0,18,0.18,0.2429057187017001,9,0.09,3.1219512195121952,16,0.31
work-1,M50O50,4801,4.801,1.2,18,0.18,0.2429057187017001,9,0.09,3.5853658536585367,16,0.28
work-1,M50O50,4801,4.801,1.4,20,0.2,0.2629057187017001,12,0.12,5.125,14,0.26
work-1,M50O50,4901,4.901,1.0,9,0.09,0.09629057187017,7,0.07,2.912087912087912,18,0.34
work-1,M50O50,4901,4.901,1.2,14,0.14,0.16516228748068,14,0.14,4.116279069767442,18,0.29
work-1,M50O50,4901,4.901,1.4,18,0.18,0.20516228748068,14,0.14,4.219512195121951,17,0.27
work-2,M50O50,1001,1.001,1.0,29,0.29,0.2837094281298299,10,0.1,4.23943661971831,14,0.21
work-2,M50O50,1001,1.001,1.2,29,0.29,0.2837094281298299,16,0.16,6.436619718309859,12,0.19
work-2,M50O50,1001,1.001,1.4,44,0.44,0.45258114374034,16,0.16,6.357142857142857,10,0.18
work-2,M50O50,1101,1.101,1.0,17,0.17,0.20145285935085,7,0.07,3.409638554216868,14,0.29
work-2,M50O50,1101,1.101,1.2,20,0.2,0.2377434312210201,10,0.1,4.475,11,0.27
work-2,M50O50,1101,1.101,1.4,21,0.21,0.2414528593508501,10,0.1,5.1265822784810124,10,0.26
work-2,M50O50,1201,1.201,1.0,37,0.37,0.4140340030911901,28,0.28,13.22222222222222,7,0.24
work-2,M50O50,1201,1.201,1.2,38,0.38,0.4177434312210201,30,0.3,15.258064516129032,7,0.21
work-2,M50O50,1201,1.201,1.4,72,0.72,0.8080680061823802,3,0.03,1.4285714285714286,5,0.19
work-2,M50O50,1301,1.301,1.0,33,0.33,0.4117774343122102,11,0.11,4.432835820895522,11,0.25
work-2,M50O50,1301,1.301,1.2,33,0.33,0.4117774343122102,16,0.16,6.582089552238806,11,0.22
work-2,M50O50,1301,1.301,1.4,33,0.33,0.4117774343122102,16,0.16,6.731343283582089,11,0.2
work-2,M50O50,1401,1.401,1.0,37,0.37,0.4391962905718701,8,0.08,2.8412698412698414,10,0.31
work-2,M50O50,1401,1.401,1.2,43,0.43,0.4991962905718701,9,0.09,2.824561403508772,10,0.28
work-2,M50O50,1401,1.401,1.4,45,0.45,0.5191962905718702,10,0.1,3.5454545454545454,9,0.25
work-2,M50O50,1501,1.501,1.0,29,0.29,0.3843585780525502,6,0.06,3.112676056338028,13,0.27
work-2,M50O50,1501,1.501,1.2,31,0.31,0.3917774343122102,8,0.08,3.927536231884058,12,0.22
work-2,M50O50,1501,1.501,1.4,38,0.38,0.4680680061823802,8,0.08,3.774193548387097,11,0.21
work-2,M50O50,1601,1.601,1.0,38,0.38,0.40516228748068,10,0.1,3.193548387096774,11,0.28
work-2,M50O50,1601,1.601,1.2,38,0.38,0.40516228748068,10,0.1,3.193548387096774,11,0.28
work-2,M50O50,1601,1.601,1.4,38,0.38,0.40516228748068,12,0.12,3.838709677419355,10,0.28
work-2,M50O50,1701,1.701,1.0,14,0.14,0.15258114374034,14,0.14,4.697674418604652,15,0.29
work-2,M50O50,1701,1.701,1.2,14,0.14,0.15258114374034,14,0.14,4.930232558139535,14,0.29
work-2,M50O50,1701,1.701,1.4,22,0.22,0.2577434312210201,16,0.16,5.82051282051282,13,0.24
work-2,M50O50,1801,1.801,1.0,21,0.21,0.2791962905718702,19,0.19,6.265822784810126,14,0.26
work-2,M50O50,1801,1.801,1.2,40,0.4,0.4754868624420402,5,0.05,2.2333333333333334,13,0.26
work-2,M50O50,1801,1.801,1.4,40,0.4,0.4754868624420402,5,0.05,2.2333333333333334,13,0.26
work-2,M50O50,1901,1.901,1.0,37,0.37,0.4391962905718701,6,0.06,2.2698412698412698,14,0.27
work-2,M50O50,1901,1.901,1.2,37,0.37,0.4391962905718701,11,0.11,3.507936507936508,13,0.24
work-2,M50O50,1901,1.901,1.4,39,0.39,0.4591962905718701,14,0.14,4.672131147540983,12,0.22
work-2,M50O50,2001,2.001,1.0,10,0.1,0.12516228748068,6,0.06,3.2222222222222223,18,0.28
work-2,M50O50,2001,2.001,1.2,10,0.1,0.12516228748068,7,0.07,3.355555555555556,18,0.27
work-2,M50O50,2001,2.001,1.4,13,0.13,0.1237094281298299,10,0.1,5.114942528735632,13,0.26
work-2,M50O50,2101,2.101,1.0,12,0.12,0.12,10,0.1,4.454545454545454,17,0.25
work-2,M50O50,2101,2.101,1.2,21,0.21,0.21629057187017,12,0.12,4.2405063291139244,16,0.24
work-2,M50O50,2101,2.101,1.4,21,0.21,0.21629057187017,12,0.12,4.79746835443038,15,0.2
work-2,M50O50,2201,2.201,1.0,23,0.23,0.26145285935085,9,0.09,3.493506493506493,15,0.28
work-2,M50O50,2201,2.201,1.2,25,0.25,0.28145285935085,10,0.1,3.96,15,0.23
work-2,M50O50,2201,2.201,1.4,26,0.26,0.28516228748068,13,0.13,5.324324324324325,13,0.21
work-2,M50O50,2301,2.301,1.0,19,0.19,0.2466151468315301,16,0.16,6.185185185185185,12,0.28
work-2,M50O50,2301,2.301,1.2,19,0.19,0.2466151468315301,16,0.16,6.901234567901234,11,0.27
work-2,M50O50,2301,2.301,1.4,28,0.28,0.3554868624420402,16,0.16,6.861111111111111,10,0.26
work-2,M50O50,2401,2.401,1.0,19,0.19,0.2340340030911901,17,0.17,6.160493827160494,13,0.23
work-2,M50O50,2401,2.401,1.2,19,0.19,0.2340340030911901,17,0.17,6.185185185185185,14,0.21
work-2,M50O50,2401,2.401,1.4,36,0.36,0.38516228748068,9,0.09,3.90625,12,0.19
work-2,M50O50,2501,2.501,1.0,49,0.49,0.5843585780525502,7,0.07,2.4901960784313726,10,0.24
work-2,M50O50,2501,2.501,1.2,50,0.5,0.5880680061823802,7,0.07,2.52,10,0.23
work-2,M50O50,2501,2.501,1.4,56,0.56,0.6480680061823803,7,0.07,2.5454545454545454,8,0.22
work-2,M50O50,2601,2.601,1.0,47,0.47,0.5517774343122102,8,0.08,3.2641509433962264,10,0.21
work-2,M50O50,2601,2.601,1.2,49,0.49,0.5591962905718701,10,0.1,4.372549019607843,9,0.18
work-2,M50O50,2601,2.601,1.4,49,0.49,0.5591962905718701,10,0.1,4.372549019607843,9,0.18
work-2,M50O50,2701,2.701,1.0,18,0.18,0.1548377125193199,13,0.13,4.926829268292683,18,0.16
work-2,M50O50,2701,2.701,1.2,18,0.18,0.1548377125193199,13,0.13,5.121951219512195,17,0.16
work-2,M50O50,2701,2.701,1.4,18,0.18,0.1548377125193199,18,0.18,7.170731707317073,15,0.14
work-2,M50O50,2801,2.801,1.0,20,0.2,0.2377434312210201,9,0.09,3.375,16,0.28
work-2,M50O50,2801,2.801,1.2,21,0.21,0.2540340030911901,9,0.09,3.784810126582279,15,0.26
work-2,M50O50,2801,2.801,1.4,22,0.22,0.2577434312210201,9,0.09,3.8205128205128207,15,0.25
work-2,M50O50,2901,2.901,1.0,15,0.15,0.1437094281298299,12,0.12,4.788235294117647,17,0.2
work-2,M50O50,2901,2.901,1.2,24,0.24,0.25258114374034,20,0.2,7.394736842105263,14,0.18
work-2,M50O50,2901,2.901,1.4,53,0.53,0.5740340030911901,9,0.09,3.425531914893617,10,0.17
work-2,M50O50,3001,3.001,1.0,21,0.21,0.2540340030911901,18,0.18,6.594936708860759,11,0.27
work-2,M50O50,3001,3.001,1.2,45,0.45,0.5443585780525503,9,0.09,3.2545454545454544,10,0.23
work-2,M50O50,3001,3.001,1.4,45,0.45,0.5443585780525503,9,0.09,3.363636363636364,10,0.22
work-2,M50O50,3101,3.101,1.0,16,0.16,0.17258114374034,11,0.11,4.9523809523809526,12,0.3
work-2,M50O50,3101,3.101,1.2,19,0.19,0.2340340030911901,16,0.16,6.25925925925926,11,0.29
work-2,M50O50,3101,3.101,1.4,27,0.27,0.3014528593508501,22,0.22,8.561643835616438,10,0.23
work-2,M50O50,3201,3.201,1.0,23,0.23,0.3117774343122102,17,0.17,5.961038961038961,12,0.26
work-2,M50O50,3201,3.201,1.2,30,0.3,0.3880680061823802,17,0.17,6.314285714285714,11,0.23
work-2,M50O50,3201,3.201,1.4,39,0.39,0.4843585780525502,18,0.18,6.967213114754099,10,0.2
work-2,M50O50,3301,3.301,1.0,33,0.33,0.3866151468315301,13,0.13,4.044776119402985,13,0.26
work-2,M50O50,3301,3.301,1.2,35,0.35,0.3940340030911901,15,0.15,4.969230769230769,13,0.22
work-2,M50O50,3301,3.301,1.4,35,0.35,0.3940340030911901,15,0.15,5.061538461538461,13,0.21
work-2,M50O50,3401,3.401,1.0,25,0.25,0.3066151468315301,20,0.2,8.413333333333334,11,0.19
work-2,M50O50,3401,3.401,1.2,25,0.25,0.3066151468315301,20,0.2,8.413333333333334,11,0.19
work-2,M50O50,3401,3.401,1.4,25,0.25,0.3066151468315301,20,0.2,8.413333333333334,11,0.19
work-2,M50O50,3501,3.501,1.0,22,0.22,0.23258114374034,13,0.13,4.538461538461538,16,0.22
work-2,M50O50,3501,3.501,1.2,22,0.22,0.23258114374034,13,0.13,5.128205128205129,15,0.21
work-2,M50O50,3501,3.501,1.4,22,0.22,0.23258114374034,13,0.13,5.461538461538462,14,0.2
work-2,M50O50,3601,3.601,1.0,21,0.21,0.2414528593508501,9,0.09,3.632911392405063,16,0.25
work-2,M50O50,3601,3.601,1.2,41,0.41,0.5043585780525502,5,0.05,2.4237288135593222,13,0.23
work-2,M50O50,3601,3.601,1.4,50,0.5,0.6132302936630603,5,0.05,2.52,11,0.19
work-2,M50O50,3701,3.701,1.0,30,0.3,0.3503245749613601,9,0.09,3.742857142857143,14,0.21
work-2,M50O50,3701,3.701,1.2,38,0.38,0.4554868624420402,9,0.09,3.5806451612903225,13,0.19
work-2,M50O50,3701,3.701,1.4,39,0.39,0.4717774343122102,10,0.1,4.311475409836065,12,0.17
work-2,M50O50,3801,3.801,1.0,16,0.16,0.1977434312210201,11,0.11,4.285714285714286,10,0.35
work-2,M50O50,3801,3.801,1.2,16,0.16,0.1977434312210201,11,0.11,4.4523809523809526,10,0.34
work-2,M50O50,3801,3.801,1.4,21,0.21,0.2414528593508501,12,0.12,5.1265822784810124,9,0.31
work-2,M50O50,3901,3.901,1.0,34,0.34,0.32741885625966,12,0.12,4.909090909090909,11,0.22
work-2,M50O50,3901,3.901,1.2,59,0.59,0.58370942812983,8,0.08,3.048780487804878,9,0.16
work-2,M50O50,3901,3.901,1.4,59,0.59,0.58370942812983,8,0.08,3.4390243902439024,8,0.15
work-2,M50O50,4001,4.001,1.0,33,0.33,0.3740340030911901,12,0.12,4.880597014925373,15,0.13
work-2,M50O50,4001,4.001,1.2,48,0.48,0.5554868624420402,7,0.07,3.3461538461538463,13,0.13
work-2,M50O50,4001,4.001,1.4,70,0.7,0.7503245749613601,7,0.07,2.8666666666666667,7,0.12
work-2,M50O50,4101,4.101,1.0,45,0.45,0.5317774343122103,7,0.07,2.2363636363636363,11,0.28
work-2,M50O50,4101,4.101,1.2,45,0.45,0.5317774343122103,7,0.07,2.272727272727273,12,0.26
work-2,M50O50,4101,4.101,1.4,47,0.47,0.5643585780525502,7,0.07,2.39622641509434,12,0.23
work-2,M50O50,4201,4.2010000000000005,1.0,23,0.23,0.24887171561051,11,0.11,3.779220779220779,14,0.29
work-2,M50O50,4201,4.2010000000000005,1.2,24,0.24,0.25258114374034,11,0.11,3.8157894736842106,14,0.28
work-2,M50O50,4201,4.2010000000000005,1.4,26,0.26,0.27258114374034,12,0.12,4.1891891891891895,14,0.25
work-2,M50O50,4301,4.301,1.0,19,0.19,0.2340340030911901,13,0.13,5.814814814814815,12,0.26
work-2,M50O50,4301,4.301,1.2,23,0.23,0.2866151468315301,14,0.14,6.324675324675325,11,0.24
work-2,M50O50,4301,4.301,1.4,28,0.28,0.3303245749613601,14,0.14,6.527777777777778,10,0.23
work-2,M50O50,4401,4.401,1.0,21,0.21,0.21629057187017,20,0.2,6.79746835443038,12,0.28
work-2,M50O50,4401,4.401,1.2,21,0.21,0.2540340030911901,21,0.21,7.405063291139241,12,0.25
work-2,M50O50,4401,4.401,1.4,21,0.21,0.2540340030911901,21,0.21,7.481012658227848,13,0.22
work-2,M50O50,4501,4.501,1.0,41,0.41,0.5043585780525502,6,0.06,2.0847457627118646,10,0.33
work-2,M50O50,4501,4.501,1.2,46,0.46,0.5732302936630603,6,0.06,2.074074074074074,9,0.31
work-2,M50O50,4501,4.501,1.4,46,0.46,0.5732302936630603,6,0.06,2.1481481481481484,9,0.3
work-2,M50O50,4601,4.601,1.0,14,0.14,0.15258114374034,14,0.14,4.976744186046512,15,0.24
work-2,M50O50,4601,4.601,1.2,21,0.21,0.2666151468315301,14,0.14,5.582278481012659,13,0.21
work-2,M50O50,4601,4.601,1.4,21,0.21,0.2666151468315301,17,0.17,6.6455696202531644,12,0.21
work-2,M50O50,4701,4.7010000000000005,1.0,10,0.1,0.11258114374034,8,0.08,3.733333333333333,16,0.29
work-2,M50O50,4701,4.7010000000000005,1.2,16,0.16,0.18516228748068,8,0.08,4.142857142857143,13,0.28
work-2,M50O50,4701,4.7010000000000005,1.4,16,0.16,0.18516228748068,9,0.09,4.571428571428571,12,0.27
work-2,M50O50,4801,4.801,1.0,15,0.15,0.16887171561051,14,0.14,5.564705882352941,13,0.28
work-2,M50O50,4801,4.801,1.2,15,0.15,0.16887171561051,15,0.15,6.035294117647059,13,0.25
work-2,M50O50,4801,4.801,1.4,15,0.15,0.16887171561051,15,0.15,6.529411764705882,13,0.23
work-2,M50O50,4901,4.901,1.0,28,0.28,0.3303245749613601,9,0.09,3.6666666666666665,11,0.31
work-2,M50O50,4901,4.901,1.2,28,0.28,0.3303245749613601,9,0.09,3.8055555555555554,12,0.28
work-2,M50O50,4901,4.901,1.4,39,0.39,0.4466151468315301,9,0.09,3.360655737704918,10,0.27
work,M50O0,1001,1.001,1.0,49,0.98,0.98,1,0.02,1.0,1,0.02
work,M50O0,1001,1.001,1.2,49,0.98,0.98,1,0.02,1.0,1,0.02
work,M50O0,1001,1.001,1.4,49,0.98,0.98,1,0.02,1.0,1,0.02
work,M50O0,1101,1.101,1.0,49,0.98,0.98,1,0.02,1.0,1,0.02
work,M50O0,1101,1.101,1.2,50,1.0,1.0,0,0.0,,1,0.0
work,M50O0,1101,1.101,1.4,50,1.0,1.0,0,0.0,,1,0.0
work,M50O0,1201,1.201,1.0,48,0.96,0.96,1,0.02,1.0,1,0.04
work,M50O0,1201,1.201,1.2,48,0.96,0.96,1,0.02,1.0,1,0.04
work,M50O0,1201,1.201,1.4,49,0.98,0.98,1,0.02,1.0,1,0.02
work,M50O0,1301,1.301,1.0,44,0.88,0.88,2,0.04,1.3333333333333333,2,0.08
work,M50O0,1301,1.301,1.2,46,0.92,0.92,2,0.04,1.5,2,0.04
work,M50O0,1301,1.301,1.4,46,0.92,0.92,2,0.04,1.5,2,0.04
work,M50O0,1401,1.401,1.0,48,0.96,0.96,2,0.04,2.0,2,0.0
work,M50O0,1401,1.401,1.2,48,0.96,0.96,2,0.04,2.0,2,0.0
work,M50O0,1401,1.401,1.4,48,0.96,0.96,2,0.04,2.0,2,0.0
work,M50O0,1501,1.501,1.0,50,1.0,1.0,0,0.0,,1,0.0
work,M50O0,1501,1.501,1.2,50,1.0,1.0,0,0.0,,1,0.0
work,M50O0,1501,1.501,1.4,50,1.0,1.0,0,0.0,,1,0.0
work,M50O0,1601,1.601,1.0,50,1.0,1.0,0,0.0,,1,0.0
work,M50O0,1601,1.601,1.2,50,1.0,1.0,0,0.0,,1,0.0
work,M50O0,1601,1.601,1.4,50,1.0,1.0,0,0.0,,1,0.0
work,M50O0,1701,1.701,1.0,46,0.92,0.92,2,0.04,1.5,2,0.04
work,M50O0,1701,1.701,1.2,47,0.94,0.94,2,0.04,1.6666666666666667,2,0.02
work,M50O0,1701,1.701,1.4,49,0.98,0.98,1,0.02,1.0,1,0.02
work,M50O0,1801,1.801,1.0,50,1.0,1.0,0,0.0,,1,0.0
work,M50O0,1801,1.801,1.2,50,1.0,1.0,0,0.0,,1,0.0
work,M50O0,1801,1.801,1.4,50,1.0,1.0,0,0.0,,1,0.0
work,M50O0,1901,1.901,1.0,49,0.98,0.98,1,0.02,1.0,1,0.02
work,M50O0,1901,1.901,1.2,49,0.98,0.98,1,0.02,1.0,1,0.02
work,M50O0,1901,1.901,1.4,50,1.0,1.0,0,0.0,,1,0.0
work,M50O0,2001,2.001,1.0,48,0.96,0.96,1,0.02,1.0,1,0.04
work,M50O0,2001,2.001,1.2,48,0.96,0.96,1,0.02,1.0,1,0.04
work,M50O0,2001,2.001,1.4,48,0.96,0.96,1,0.02,1.0,1,0.04
work,M50O0,2101,2.101,1.0,48,0.96,0.96,1,0.02,1.0,1,0.04
work,M50O0,2101,2.101,1.2,49,0.98,0.98,1,0.02,1.0,1,0.02
work,M50O0,2101,2.101,1.4,50,1.0,1.0,0,0.0,,1,0.0
work,M50O0,2201,2.201,1.0,47,0.94,0.94,1,0.02,1.0,1,0.06
work,M50O0,2201,2.201,1.2,47,0.94,0.94,1,0.02,1.0,1,0.06
work,M50O0,2201,2.201,1.4,48,0.96,0.96,1,0.02,1.0,1,0.04
work,M50O0,2301,2.301,1.0,48,0.96,0.96,1,0.02,1.0,1,0.04
work,M50O0,2301,2.301,1.2,49,0.98,0.98,1,0.02,1.0,1,0.02
work,M50O0,2301,2.301,1.4,50,1.0,1.0,0,0.0,,1,0.0
work,M50O0,2401,2.401,1.0,47,0.94,0.94,2,0.04,1.6666666666666667,2,0.02
work,M50O0,2401,2.401,1.2,47,0.94,0.94,2,0.04,1.6666666666666667,2,0.02
work,M50O0,2401,2.401,1.4,48,0.96,0.96,2,0.04,2.0,2,0.0
work,M50O0,2501,2.501,1.0,49,0.98,0.98,1,0.02,1.0,1,0.02
work,M50O0,2501,2.501,1.2,49,0.98,0.98,1,0.02,1.0,1,0.02
work,M50O0,2501,2.501,1.4,50,1.0,1.0,0,0.0,,1,0.0
work,M50O0,2601,2.601,1.0,49,0.98,0.98,1,0.02,1.0,1,0.02
work,M50O0,2601,2.601,1.2,49,0.98,0.98,1,0.02,1.0,1,0.02
work,M50O0,2601,2.601,1.4,49,0.98,0.98,1,0.02,1.0,1,0.02
work,M50O0,2701,2.701,1.0,45,0.9,0.9,2,0.04,1.4,2,0.06
work,M50O0,2701,2.701,1.2,45,0.9,0.9,2,0.04,1.4,2,0.06
work,M50O0,2701,2.701,1.4,49,0.98,0.98,1,0.02,1.0,1,0.02
work,M50O0,2801,2.801,1.0,49,0.98,0.98,1,0.02,1.0,1,0.02
work,M50O0,2801,2.801,1.2,49,0.98,0.98,1,0.02,1.0,1,0.02
work,M50O0,2801,2.801,1.4,50,1.0,1.0,0,0.0,,1,0.0
work,M50O0,2901,2.901,1.0,48,0.96,0.96,1,0.02,1.0,1,0.04
work,M50O0,2901,2.901,1.2,49,0.98,0.98,1,0.02,1.0,1,0.02
work,M50O0,2901,2.901,1.4,49,0.98,0.98,1,0.02,1.0,1,0.02
work,M50O0,3001,3.001,1.0,48,0.96,0.96,1,0.02,1.0,1,0.04
work,M50O0,3001,3.001,1.2,48,0.96,0.96,1,0.02,1.0,1,0.04
work,M50O0,3001,3.001,1.4,48,0.96,0.96,1,0.02,1.0,1,0.04
work,M50O0,3101,3.101,1.0,50,1.0,1.0,0,0.0,,1,0.0
work,M50O0,3101,3.101,1.2,50,1.0,1.0,0,0.0,,1,0.0
work,M50O0,3101,3.101,1.4,50,1.0,1.0,0,0.0,,1,0.0
work,M50O0,3201,3.201,1.0,48,0.96,0.96,1,0.02,1.0,1,0.04
work,M50O0,3201,3.201,1.2,48,0.96,0.96,1,0.02,1.0,1,0.04
work,M50O0,3201,3.201,1.4,48,0.96,0.96,1,0.02,1.0,1,0.04
work,M50O0,3301,3.301,1.0,50,1.0,1.0,0,0.0,,1,0.0
work,M50O0,3301,3.301,1.2,50,1.0,1.0,0,0.0,,1,0.0
work,M50O0,3301,3.301,1.4,50,1.0,1.0,0,0.0,,1,0.0
work,M50O0,3401,3.401,1.0,49,0.98,0.98,1,0.02,1.0,1,0.02
work,M50O0,3401,3.401,1.2,50,1.0,1.0,0,0.0,,1,0.0
work,M50O0,3401,3.401,1.4,50,1.0,1.0,0,0.0,,1,0.0
work,M50O0,3501,3.501,1.0,48,0.96,0.96,1,0.02,1.0,1,0.04
work,M50O0,3501,3.501,1.2,49,0.98,0.98,1,0.02,1.0,1,0.02
work,M50O0,3501,3.501,1.4,49,0.98,0.98,1,0.02,1.0,1,0.02
work,M50O0,3601,3.601,1.0,50,1.0,1.0,0,0.0,,1,0.0
work,M50O0,3601,3.601,1.2,50,1.0,1.0,0,0.0,,1,0.0
work,M50O0,3601,3.601,1.4,50,1.0,1.0,0,0.0,,1,0.0
work,M50O0,3701,3.701,1.0,49,0.98,0.98,1,0.02,1.0,1,0.02
work,M50O0,3701,3.701,1.2,49,0.98,0.98,1,0.02,1.0,1,0.02
work,M50O0,3701,3.701,1.4,49,0.98,0.98,1,0.02,1.0,1,0.02
work,M50O0,3801,3.801,1.0,50,1.0,1.0,0,0.0,,1,0.0
work,M50O0,3801,3.801,1.2,50,1.0,1.0,0,0.0,,1,0.0
work,M50O0,3801,3.801,1.4,50,1.0,1.0,0,0.0,,1,0.0
work,M50O0,3901,3.901,1.0,50,1.0,1.0,0,0.0,,1,0.0
work,M50O0,3901,3.901,1.2,50,1.0,1.0,0,0.0,,1,0.0
work,M50O0,3901,3.901,1.4,50,1.0,1.0,0,0.0,,1,0.0
work,M50O0,4001,4.001,1.0,49,0.98,0.98,1,0.02,1.0,1,0.02
work,M50O0,4001,4.001,1.2,50,1.0,1.0,0,0.0,,1,0.0
work,M50O0,4001,4.001,1.4,50,1.0,1.0,0,0.0,,1,0.0
work,M50O0,4101,4.101,1.0,50,1.0,1.0,0,0.0,,1,0.0
work,M50O0,4101,4.101,1.2,50,1.0,1.0,0,0.0,,1,0.0
work,M50O0,4101,4.101,1.4,50,1.0,1.0,0,0.0,,1,0.0
work,M50O0,4201,4.2010000000000005,1.0,47,0.94,0.94,1,0.02,1.0,1,0.06
work,M50O0,4201,4.2010000000000005,1.2,48,0.96,0.96,1,0.02,1.0,1,0.04
work,M50O0,4201,4.2010000000000005,1.4,48,0.96,0.96,1,0.02,1.0,1,0.04
work,M50O0,4301,4.301,1.0,49,0.98,0.98,1,0.02,1.0,1,0.02
work,M50O0,4301,4.301,1.2,49,0.98,0.98,1,0.02,1.0,1,0.02
work,M50O0,4301,4.301,1.4,49,0.98,0.98,1,0.02,1.0,1,0.02
work,M50O0,4401,4.401,1.0,49,0.98,0.98,1,0.02,1.0,1,0.02
work,M50O0,4401,4.401,1.2,50,1.0,1.0,0,0.0,,1,0.0
work,M50O0,4401,4.401,1.4,50,1.0,1.0,0,0.0,,1,0.0
work,M50O0,4501,4.501,1.0,49,0.98,0.98,1,0.02,1.0,1,0.02
work,M50O0,4501,4.501,1.2,50,1.0,1.0,0,0.0,,1,0.0
work,M50O0,4501,4.501,1.4,50,1.0,1.0,0,0.0,,1,0.0
work,M50O0,4601,4.601,1.0,49,0.98,0.98,1,0.02,1.0,1,0.02
work,M50O0,4601,4.601,1.2,49,0.98,0.98,1,0.02,1.0,1,0.02
work,M50O0,4601,4.601,1.4,50,1.0,1.0,0,0.0,,1,0.0
work,M50O0,4701,4.7010000000000005,1.0,50,1.0,1.0,0,0.0,,1,0.0
work,M50O0,4701,4.7010000000000005,1.2,50,1.0,1.0,0,0.0,,1,0.0
work,M50O0,4701,4.7010000000000005,1.4,50,1.0,1.0,0,0.0,,1,0.0
work,M50O0,4801,4.801,1.0,50,1.0,1.0,0,0.0,,1,0.0
work,M50O0,4801,4.801,1.2,50,1.0,1.0,0,0.0,,1,0.0
work,M50O0,4801,4.801,1.4,50,1.0,1.0,0,0.0,,1,0.0
work,M50O0,4901,4.901,1.0,49,0.98,0.98,1,0.02,1.0,1,0.02
work,M50O0,4901,4.901,1.2,49,0.98,0.98,1,0.02,1.0,1,0.02
work,M50O0,4901,4.901,1.4,49,0.98,0.98,1,0.02,1.0,1,0.02
work-1,M50O0,1001,1.001,1.0,48,0.96,0.96,1,0.02,1.0,1,0.04
work-1,M50O0,1001,1.001,1.2,49,0.98,0.98,1,0.02,1.0,1,0.02
work-1,M50O0,1001,1.001,1.4,49,0.98,0.98,1,0.02,1.0,1,0.02
work-1,M50O0,1101,1.101,1.0,48,0.96,0.96,1,0.02,1.0,1,0.04
work-1,M50O0,1101,1.101,1.2,49,0.98,0.98,1,0.02,1.0,1,0.02
work-1,M50O0,1101,1.101,1.4,49,0.98,0.98,1,0.02,1.0,1,0.02
work-1,M50O0,1201,1.201,1.0,49,0.98,0.98,1,0.02,1.0,1,0.02
work-1,M50O0,1201,1.201,1.2,49,0.98,0.98,1,0.02,1.0,1,0.02
work-1,M50O0,1201,1.201,1.4,49,0.98,0.98,1,0.02,1.0,1,0.02
work-1,M50O0,1301,1.301,1.0,47,0.94,0.94,2,0.04,1.6666666666666667,2,0.02
work-1,M50O0,1301,1.301,1.2,47,0.94,0.94,2,0.04,1.6666666666666667,2,0.02
work-1,M50O0,1301,1.301,1.4,47,0.94,0.94,2,0.04,1.6666666666666667,2,0.02
work-1,M50O0,1401,1.401,1.0,50,1.0,1.0,0,0.0,,1,0.0
work-1,M50O0,1401,1.401,1.2,50,1.0,1.0,0,0.0,,1,0.0
work-1,M50O0,1401,1.401,1.4,50,1.0,1.0,0,0.0,,1,0.0
work-1,M50O0,1501,1.501,1.0,48,0.96,0.96,2,0.04,2.0,2,0.0
work-1,M50O0,1501,1.501,1.2,48,0.96,0.96,2,0.04,2.0,2,0.0
work-1,M50O0,1501,1.501,1.4,48,0.96,0.96,2,0.04,2.0,2,0.0
work-1,M50O0,1601,1.601,1.0,49,0.98,0.98,1,0.02,1.0,1,0.02
work-1,M50O0,1601,1.601,1.2,50,1.0,1.0,0,0.0,,1,0.0
work-1,M50O0,1601,1.601,1.4,50,1.0,1.0,0,0.0,,1,0.0
work-1,M50O0,1701,1.701,1.0,45,0.9,0.9,2,0.04,1.4,2,0.06
work-1,M50O0,1701,1.701,1.2,46,0.92,0.92,2,0.04,1.5,2,0.04
work-1,M50O0,1701,1.701,1.4,49,0.98,0.98,1,0.02,1.0,1,0.02
work-1,M50O0,1801,1.801,1.0,50,1.0,1.0,0,0.0,,1,0.0
work-1,M50O0,1801,1.801,1.2,50,1.0,1.0,0,0.0,,1,0.0
work-1,M50O0,1801,1.801,1.4,50,1.0,1.0,0,0.0,,1,0.0
work-1,M50O0,1901,1.901,1.0,50,1.0,1.0,0,0.0,,1,0.0
work-1,M50O0,1901,1.901,1.2,50,1.0,1.0,0,0.0,,1,0.0
work-1,M50O0,1901,1.901,1.4,50,1.0,1.0,0,0.0,,1,0.0
work-1,M50O0,2001,2.001,1.0,50,1.0,1.0,0,0.0,,1,0.0
work-1,M50O0,2001,2.001,1.2,50,1.0,1.0,0,0.0,,1,0.0
work-1,M50O0,2001,2.001,1.4,50,1.0,1.0,0,0.0,,1,0.0
work-1,M50O0,2101,2.101,1.0,46,0.92,0.92,2,0.04,1.5,2,0.04
work-1,M50O0,2101,2.101,1.2,46,0.92,0.92,2,0.04,1.5,2,0.04
work-1,M50O0,2101,2.101,1.4,47,0.94,0.94,2,0.04,1.6666666666666667,2,0.02
work-1,M50O0,2201,2.201,1.0,50,1.0,1.0,0,0.0,,1,0.0
work-1,M50O0,2201,2.201,1.2,50,1.0,1.0,0,0.0,,1,0.0
work-1,M50O0,2201,2.201,1.4,50,1.0,1.0,0,0.0,,1,0.0
work-1,M50O0,2301,2.301,1.0,49,0.98,0.98,1,0.02,1.0,1,0.02
work-1,M50O0,2301,2.301,1.2,49,0.98,0.98,1,0.02,1.0,1,0.02
work-1,M50O0,2301,2.301,1.4,49,0.98,0.98,1,0.02,1.0,1,0.02
work-1,M50O0,2401,2.401,1.0,48,0.96,0.96,2,0.04,2.0,2,0.0
work-1,M50O0,2401,2.401,1.2,48,0.96,0.96,2,0.04,2.0,2,0.0
work-1,M50O0,2401,2.401,1.4,48,0.96,0.96,2,0.04,2.0,2,0.0
work-1,M50O0,2501,2.501,1.0,50,1.0,1.0,0,0.0,,1,0.0
work-1,M50O0,2501,2.501,1.2,50,1.0,1.0,0,0.0,,1,0.0
work-1,M50O0,2501,2.501,1.4,50,1.0,1.0,0,0.0,,1,0.0
work-1,M50O0,2601,2.601,1.0,49,0.98,0.98,1,0.02,1.0,1,0.02
work-1,M50O0,2601,2.601,1.2,50,1.0,1.0,0,0.0,,1,0.0
work-1,M50O0,2601,2.601,1.4,50,1.0,1.0,0,0.0,,1,0.0
work-1,M50O0,2701,2.701,1.0,48,0.96,0.96,1,0.02,1.0,1,0.04
work-1,M50O0,2701,2.701,1.2,49,0.98,0.98,1,0.02,1.0,1,0.02
work-1,M50O0,2701,2.701,1.4,50,1.0,1.0,0,0.0,,1,0.0
work-1,M50O0,2801,2.801,1.0,50,1.0,1.0,0,0.0,,1,0.0
work-1,M50O0,2801,2.801,1.2,50,1.0,1.0,0,0.0,,1,0.0
work-1,M50O0,2801,2.801,1.4,50,1.0,1.0,0,0.0,,1,0.0
work-1,M50O0,2901,2.901,1.0,50,1.0,1.0,0,0.0,,1,0.0
work-1,M50O0,2901,2.901,1.2,50,1.0,1.0,0,0.0,,1,0.0
work-1,M50O0,2901,2.901,1.4,50,1.0,1.0,0,0.0,,1,0.0
work-1,M50O0,3001,3.001,1.0,49,0.98,0.98,1,0.02,1.0,1,0.02
work-1,M50O0,3001,3.001,1.2,50,1.0,1.0,0,0.0,,1,0.0
work-1,M50O0,3001,3.001,1.4,50,1.0,1.0,0,0.0,,1,0.0
work-1,M50O0,3101,3.101,1.0,49,0.98,0.98,1,0.02,1.0,1,0.02
work-1,M50O0,3101,3.101,1.2,50,1.0,1.0,0,0.0,,1,0.0
work-1,M50O0,3101,3.101,1.4,50,1.0,1.0,0,0.0,,1,0.0
work-1,M50O0,3201,3.201,1.0,50,1.0,1.0,0,0.0,,1,0.0
work-1,M50O0,3201,3.201,1.2,50,1.0,1.0,0,0.0,,1,0.0
work-1,M50O0,3201,3.201,1.4,50,1.0,1.0,0,0.0,,1,0.0
work-1,M50O0,3301,3.301,1.0,49,0.98,0.98,1,0.02,1.0,1,0.02
work-1,M50O0,3301,3.301,1.2,50,1.0,1.0,0,0.0,,1,0.0
work-1,M50O0,3301,3.301,1.4,50,1.0,1.0,0,0.0,,1,0.0
work-1,M50O0,3401,3.401,1.0,47,0.94,0.94,1,0.02,1.0,1,0.06
work-1,M50O0,3401,3.401,1.2,48,0.96,0.96,1,0.02,1.0,1,0.04
work-1,M50O0,3401,3.401,1.4,48,0.96,0.96,1,0.02,1.0,1,0.04
work-1,M50O0,3501,3.501,1.0,49,0.98,0.98,1,0.02,1.0,1,0.02
work-1,M50O0,3501,3.501,1.2,50,1.0,1.0,0,0.0,,1,0.0
work-1,M50O0,3501,3.501,1.4,50,1.0,1.0,0,0.0,,1,0.0
work-1,M50O0,3601,3.601,1.0,50,1.0,1.0,0,0.0,,1,0.0
work-1,M50O0,3601,3.601,1.2,50,1.0,1.0,0,0.0,,1,0.0
work-1,M50O0,3601,3.601,1.4,50,1.0,1.0,0,0.0,,1,0.0
work-1,M50O0,3701,3.701,1.0,48,0.96,0.96,1,0.02,1.0,1,0.04
work-1,M50O0,3701,3.701,1.2,48,0.96,0.96,1,0.02,1.0,1,0.04
work-1,M50O0,3701,3.701,1.4,48,0.96,0.96,1,0.02,1.0,1,0.04
work-1,M50O0,3801,3.801,1.0,49,0.98,0.98,1,0.02,1.0,1,0.02
work-1,M50O0,3801,3.801,1.2,50,1.0,1.0,0,0.0,,1,0.0
work-1,M50O0,3801,3.801,1.4,50,1.0,1.0,0,0.0,,1,0.0
work-1,M50O0,3901,3.901,1.0,50,1.0,1.0,0,0.0,,1,0.0
work-1,M50O0,3901,3.901,1.2,50,1.0,1.0,0,0.0,,1,0.0
work-1,M50O0,3901,3.901,1.4,50,1.0,1.0,0,0.0,,1,0.0
work-1,M50O0,4001,4.001,1.0,49,0.98,0.98,1,0.02,1.0,1,0.02
work-1,M50O0,4001,4.001,1.2,50,1.0,1.0,0,0.0,,1,0.0
work-1,M50O0,4001,4.001,1.4,50,1.0,1.0,0,0.0,,1,0.0
work-1,M50O0,4101,4.101,1.0,47,0.94,0.94,1,0.02,1.0,1,0.06
work-1,M50O0,4101,4.101,1.2,49,0.98,0.98,1,0.02,1.0,1,0.02
work-1,M50O0,4101,4.101,1.4,49,0.98,0.98,1,0.02,1.0,1,0.02
work-1,M50O0,4201,4.2010000000000005,1.0,46,0.92,0.92,3,0.06,2.5,2,0.02
work-1,M50O0,4201,4.2010000000000005,1.2,46,0.92,0.92,3,0.06,2.5,2,0.02
work-1,M50O0,4201,4.2010000000000005,1.4,50,1.0,1.0,0,0.0,,1,0.0
work-1,M50O0,4301,4.301,1.0,50,1.0,1.0,0,0.0,,1,0.0
work-1,M50O0,4301,4.301,1.2,50,1.0,1.0,0,0.0,,1,0.0
work-1,M50O0,4301,4.301,1.4,50,1.0,1.0,0,0.0,,1,0.0
work-1,M50O0,4401,4.401,1.0,50,1.0,1.0,0,0.0,,1,0.0
work-1,M50O0,4401,4.401,1.2,50,1.0,1.0,0,0.0,,1,0.0
work-1,M50O0,4401,4.401,1.4,50,1.0,1.0,0,0.0,,1,0.0
work-1,M50O0,4501,4.501,1.0,50,1.0,1.0,0,0.0,,1,0.0
work-1,M50O0,4501,4.501,1.2,50,1.0,1.0,0,0.0,,1,0.0
work-1,M50O0,4501,4.501,1.4,50,1.0,1.0,0,0.0,,1,0.0
work-1,M50O0,4601,4.601,1.0,50,1.0,1.0,0,0.0,,1,0.0
work-1,M50O0,4601,4.601,1.2,50,1.0,1.0,0,0.0,,1,0.0
work-1,M50O0,4601,4.601,1.4,50,1.0,1.0,0,0.0,,1,0.0
work-1,M50O0,4701,4.7010000000000005,1.0,47,0.94,0.94,2,0.04,1.6666666666666667,2,0.02
work-1,M50O0,4701,4.7010000000000005,1.2,47,0.94,0.94,2,0.04,1.6666666666666667,2,0.02
work-1,M50O0,4701,4.7010000000000005,1.4,49,0.98,0.98,1,0.02,1.0,1,0.02
work-1,M50O0,4801,4.801,1.0,49,0.98,0.98,1,0.02,1.0,1,0.02
work-1,M50O0,4801,4.801,1.2,49,0.98,0.98,1,0.02,1.0,1,0.02
work-1,M50O0,4801,4.801,1.4,49,0.98,0.98,1,0.02,1.0,1,0.02
work-1,M50O0,4901,4.901,1.0,48,0.96,0.96,1,0.02,1.0,1,0.04
work-1,M50O0,4901,4.901,1.2,49,0.98,0.98,1,0.02,1.0,1,0.02
work-1,M50O0,4901,4.901,1.4,49,0.98,0.98,1,0.02,1.0,1,0.02
work-2,M50O0,1001,1.001,1.0,50,1.0,1.0,0,0.0,,1,0.0
work-2,M50O0,1001,1.001,1.2,50,1.0,1.0,0,0.0,,1,0.0
work-2,M50O0,1001,1.001,1.4,50,1.0,1.0,0,0.0,,1,0.0
work-2,M50O0,1101,1.101,1.0,49,0.98,0.98,1,0.02,1.0,1,0.02
work-2,M50O0,1101,1.101,1.2,49,0.98,0.98,1,0.02,1.0,1,0.02
work-2,M50O0,1101,1.101,1.4,49,0.98,0.98,1,0.02,1.0,1,0.02
work-2,M50O0,1201,1.201,1.0,50,1.0,1.0,0,0.0,,1,0.0
work-2,M50O0,1201,1.201,1.2,50,1.0,1.0,0,0.0,,1,0.0
work-2,M50O0,1201,1.201,1.4,50,1.0,1.0,0,0.0,,1,0.0
work-2,M50O0,1301,1.301,1.0,45,0.9,0.9,4,0.08,3.4,2,0.02
work-2,M50O0,1301,1.301,1.2,49,0.98,0.98,1,0.02,1.0,1,0.02
work-2,M50O0,1301,1.301,1.4,50,1.0,1.0,0,0.0,,1,0.0
work-2,M50O0,1401,1.401,1.0,47,0.94,0.94,2,0.04,1.6666666666666667,2,0.02
work-2,M50O0,1401,1.401,1.2,47,0.94,0.94,2,0.04,1.6666666666666667,2,0.02
work-2,M50O0,1401,1.401,1.4,47,0.94,0.94,2,0.04,1.6666666666666667,2,0.02
work-2,M50O0,1501,1.501,1.0,47,0.94,0.94,1,0.02,1.0,1,0.06
work-2,M50O0,1501,1.501,1.2,48,0.96,0.96,1,0.02,1.0,1,0.04
work-2,M50O0,1501,1.501,1.4,49,0.98,0.98,1,0.02,1.0,1,0.02
work-2,M50O0,1601,1.601,1.0,47,0.94,0.94,1,0.02,1.0,1,0.06
work-2,M50O0,1601,1.601,1.2,49,0.98,0.98,1,0.02,1.0,1,0.02
work-2,M50O0,1601,1.601,1.4,49,0.98,0.98,1,0.02,1.0,1,0.02
work-2,M50O0,1701,1.701,1.0,49,0.98,0.98,1,0.02,1.0,1,0.02
work-2,M50O0,1701,1.701,1.2,49,0.98,0.98,1,0.02,1.0,1,0.02
work-2,M50O0,1701,1.701,1.4,49,0.98,0.98,1,0.02,1.0,1,0.02
work-2,M50O0,1801,1.801,1.0,50,1.0,1.0,0,0.0,,1,0.0
work-2,M50O0,1801,1.801,1.2,50,1.0,1.0,0,0.0,,1,0.0
work-2,M50O0,1801,1.801,1.4,50,1.0,1.0,0,0.0,,1,0.0
work-2,M50O0,1901,1.901,1.0,48,0.96,0.96,2,0.04,2.0,2,0.0
work-2,M50O0,1901,1.901,1.2,48,0.96,0.96,2,0.04,2.0,2,0.0
work-2,M50O0,1901,1.901,1.4,50,1.0,1.0,0,0.0,,1,0.0
work-2,M50O0,2001,2.001,1.0,48,0.96,0.96,2,0.04,2.0,2,0.0
work-2,M50O0,2001,2.001,1.2,48,0.96,0.96,2,0.04,2.0,2,0.0
work-2,M50O0,2001,2.001,1.4,48,0.96,0.96,2,0.04,2.0,2,0.0
work-2,M50O0,2101,2.101,1.0,49,0.98,0.98,1,0.02,1.0,1,0.02
work-2,M50O0,2101,2.101,1.2,49,0.98,0.98,1,0.02,1.0,1,0.02
work-2,M50O0,2101,2.101,1.4,49,0.98,0.98,1,0.02,1.0,1,0.02
work-2,M50O0,2201,2.201,1.0,50,1.0,1.0,0,0.0,,1,0.0
work-2,M50O0,2201,2.201,1.2,50,1.0,1.0,0,0.0,,1,0.0
work-2,M50O0,2201,2.201,1.4,50,1.0,1.0,0,0.0,,1,0.0
work-2,M50O0,2301,2.301,1.0,49,0.98,0.98,1,0.02,1.0,1,0.02
work-2,M50O0,2301,2.301,1.2,49,0.98,0.98,1,0.02,1.0,1,0.02
work-2,M50O0,2301,2.301,1.4,49,0.98,0.98,1,0.02,1.0,1,0.02
work-2,M50O0,2401,2.401,1.0,49,0.98,0.98,1,0.02,1.0,1,0.02
work-2,M50O0,2401,2.401,1.2,49,0.98,0.98,1,0.02,1.0,1,0.02
work-2,M50O0,2401,2.401,1.4,49,0.98,0.98,1,0.02,1.0,1,0.02
work-2,M50O0,2501,2.501,1.0,50,1.0,1.0,0,0.0,,1,0.0
work-2,M50O0,2501,2.501,1.2,50,1.0,1.0,0,0.0,,1,0.0
work-2,M50O0,2501,2.501,1.4,50,1.0,1.0,0,0.0,,1,0.0
work-2,M50O0,2601,2.601,1.0,50,1.0,1.0,0,0.0,,1,0.0
work-2,M50O0,2601,2.601,1.2,50,1.0,1.0,0,0.0,,1,0.0
work-2,M50O0,2601,2.601,1.4,50,1.0,1.0,0,0.0,,1,0.0
work-2,M50O0,2701,2.701,1.0,49,0.98,0.98,1,0.02,1.0,1,0.02
work-2,M50O0,2701,2.701,1.2,50,1.0,1.0,0,0.0,,1,0.0
work-2,M50O0,2701,2.701,1.4,50,1.0,1.0,0,0.0,,1,0.0
work-2,M50O0,2801,2.801,1.0,50,1.0,1.0,0,0.0,,1,0.0
work-2,M50O0,2801,2.801,1.2,50,1.0,1.0,0,0.0,,1,0.0
work-2,M50O0,2801,2.801,1.4,50,1.0,1.0,0,0.0,,1,0.0
work-2,M50O0,2901,2.901,1.0,50,1.0,1.0,0,0.0,,1,0.0
work-2,M50O0,2901,2.901,1.2,50,1.0,1.0,0,0.0,,1,0.0
work-2,M50O0,2901,2.901,1.4,50,1.0,1.0,0,0.0,,1,0.0
work-2,M50O0,3001,3.001,1.0,49,0.98,0.98,1,0.02,1.0,1,0.02
work-2,M50O0,3001,3.001,1.2,49,0.98,0.98,1,0.02,1.0,1,0.02
work-2,M50O0,3001,3.001,1.4,49,0.98,0.98,1,0.02,1.0,1,0.02
work-2,M50O0,3101,3.101,1.0,50,1.0,1.0,0,0.0,,1,0.0
work-2,M50O0,3101,3.101,1.2,50,1.0,1.0,0,0.0,,1,0.0
work-2,M50O0,3101,3.101,1.4,50,1.0,1.0,0,0.0,,1,0.0
work-2,M50O0,3201,3.201,1.0,50,1.0,1.0,0,0.0,,1,0.0
work-2,M50O0,3201,3.201,1.2,50,1.0,1.0,0,0.0,,1,0.0
work-2,M50O0,3201,3.201,1.4,50,1.0,1.0,0,0.0,,1,0.0
work-2,M50O0,3301,3.301,1.0,49,0.98,0.98,1,0.02,1.0,1,0.02
work-2,M50O0,3301,3.301,1.2,50,1.0,1.0,0,0.0,,1,0.0
work-2,M50O0,3301,3.301,1.4,50,1.0,1.0,0,0.0,,1,0.0
work-2,M50O0,3401,3.401,1.0,50,1.0,1.0,0,0.0,,1,0.0
work-2,M50O0,3401,3.401,1.2,50,1.0,1.0,0,0.0,,1,0.0
work-2,M50O0,3401,3.401,1.4,50,1.0,1.0,0,0.0,,1,0.0
work-2,M50O0,3501,3.501,1.0,49,0.98,0.98,1,0.02,1.0,1,0.02
work-2,M50O0,3501,3.501,1.2,49,0.98,0.98,1,0.02,1.0,1,0.02
work-2,M50O0,3501,3.501,1.4,50,1.0,1.0,0,0.0,,1,0.0
work-2,M50O0,3601,3.601,1.0,48,0.96,0.96,1,0.02,1.0,1,0.04
work-2,M50O0,3601,3.601,1.2,49,0.98,0.98,1,0.02,1.0,1,0.02
work-2,M50O0,3601,3.601,1.4,50,1.0,1.0,0,0.0,,1,0.0
work-2,M50O0,3701,3.701,1.0,50,1.0,1.0,0,0.0,,1,0.0
work-2,M50O0,3701,3.701,1.2,50,1.0,1.0,0,0.0,,1,0.0
work-2,M50O0,3701,3.701,1.4,50,1.0,1.0,0,0.0,,1,0.0
work-2,M50O0,3801,3.801,1.0,50,1.0,1.0,0,0.0,,1,0.0
work-2,M50O0,3801,3.801,1.2,50,1.0,1.0,0,0.0,,1,0.0
work-2,M50O0,3801,3.801,1.4,50,1.0,1.0,0,0.0,,1,0.0
work-2,M50O0,3901,3.901,1.0,50,1.0,1.0,0,0.0,,1,0.0
work-2,M50O0,3901,3.901,1.2,50,1.0,1.0,0,0.0,,1,0.0
work-2,M50O0,3901,3.901,1.4,50,1.0,1.0,0,0.0,,1,0.0
work-2,M50O0,4001,4.001,1.0,45,0.9,0.9,4,0.08,3.4,2,0.02
work-2,M50O0,4001,4.001,1.2,45,0.9,0.9,4,0.08,3.4,2,0.02
work-2,M50O0,4001,4.001,1.4,49,0.98,0.98,1,0.02,1.0,1,0.02
work-2,M50O0,4101,4.101,1.0,47,0.94,0.94,1,0.02,1.0,1,0.06
work-2,M50O0,4101,4.101,1.2,47,0.94,0.94,1,0.02,1.0,1,0.06
work-2,M50O0,4101,4.101,1.4,47,0.94,0.94,1,0.02,1.0,1,0.06
work-2,M50O0,4201,4.2010000000000005,1.0,50,1.0,1.0,0,0.0,,1,0.0
work-2,M50O0,4201,4.2010000000000005,1.2,50,1.0,1.0,0,0.0,,1,0.0
work-2,M50O0,4201,4.2010000000000005,1.4,50,1.0,1.0,0,0.0,,1,0.0
work-2,M50O0,4301,4.301,1.0,50,1.0,1.0,0,0.0,,1,0.0
work-2,M50O0,4301,4.301,1.2,50,1.0,1.0,0,0.0,,1,0.0
work-2,M50O0,4301,4.301,1.4,50,1.0,1.0,0,0.0,,1,0.0
work-2,M50O0,4401,4.401,1.0,50,1.0,1.0,0,0.0,,1,0.0
work-2,M50O0,4401,4.401,1.2,50,1.0,1.0,0,0.0,,1,0.0
work-2,M50O0,4401,4.401,1.4,50,1.0,1.0,0,0.0,,1,0.0
work-2,M50O0,4501,4.501,1.0,50,1.0,1.0,0,0.0,,1,0.0
work-2,M50O0,4501,4.501,1.2,50,1.0,1.0,0,0.0,,1,0.0
work-2,M50O0,4501,4.501,1.4,50,1.0,1.0,0,0.0,,1,0.0
work-2,M50O0,4601,4.601,1.0,50,1.0,1.0,0,0.0,,1,0.0
work-2,M50O0,4601,4.601,1.2,50,1.0,1.0,0,0.0,,1,0.0
work-2,M50O0,4601,4.601,1.4,50,1.0,1.0,0,0.0,,1,0.0
work-2,M50O0,4701,4.7010000000000005,1.0,50,1.0,1.0,0,0.0,,1,0.0
work-2,M50O0,4701,4.7010000000000005,1.2,50,1.0,1.0,0,0.0,,1,0.0
work-2,M50O0,4701,4.7010000000000005,1.4,50,1.0,1.0,0,0.0,,1,0.0
work-2,M50O0,4801,4.801,1.0,46,0.92,0.92,2,0.04,1.5,2,0.04
work-2,M50O0,4801,4.801,1.2,46,0.92,0.92,2,0.04,1.5,2,0.04
work-2,M50O0,4801,4.801,1.4,48,0.96,0.96,1,0.02,1.0,1,0.04
work-2,M50O0,4901,4.901,1.0,50,1.0,1.0,0,0.0,,1,0.0
work-2,M50O0,4901,4.901,1.2,50,1.0,1.0,0,0.0,,1,0.0
work-2,M50O0,4901,4.901,1.4,50,1.0,1.0,0,0.0,,1,0.0
work,M0O100D1,1001,1.001,1.0,41,0.41,0.41,9,0.09,2.5254237288135597,11,0.32
work,M0O100D1,1001,1.001,1.2,42,0.42,0.42,9,0.09,2.5517241379310347,11,0.31
work,M0O100D1,1001,1.001,1.4,42,0.42,0.42,9,0.09,2.5517241379310347,11,0.31
work,M0O100D1,1101,1.101,1.0,54,0.54,0.54,4,0.04,1.7391304347826086,9,0.26
work,M0O100D1,1101,1.101,1.2,54,0.54,0.54,4,0.04,1.7391304347826086,9,0.26
work,M0O100D1,1101,1.101,1.4,54,0.54,0.54,4,0.04,1.8695652173913044,9,0.25
work,M0O100D1,1201,1.201,1.0,41,0.41,0.41,6,0.06,2.0847457627118646,15,0.25
work,M0O100D1,1201,1.201,1.2,41,0.41,0.41,6,0.06,2.0847457627118646,15,0.25
work,M0O100D1,1201,1.201,1.4,41,0.41,0.41,6,0.06,2.1186440677966103,16,0.23
work,M0O100D1,1301,1.301,1.0,45,0.45,0.45,7,0.07,2.309090909090909,12,0.26
work,M0O100D1,1301,1.301,1.2,45,0.45,0.45,7,0.07,2.309090909090909,12,0.26
work,M0O100D1,1301,1.301,1.4,45,0.45,0.45,8,0.08,2.5636363636363635,12,0.25
work,M0O100D1,1401,1.401,1.0,52,0.52,0.52,9,0.09,3.208333333333333,8,0.22
work,M0O100D1,1401,1.401,1.2,52,0.52,0.52,9,0.09,3.208333333333333,8,0.22
work,M0O100D1,1401,1.401,1.4,52,0.52,0.52,9,0.09,3.333333333333333,8,0.21
work,M0O100D1,1501,1.501,1.0,46,0.46,0.46,4,0.04,1.8148148148148149,14,0.24
work,M0O100D1,1501,1.501,1.2,46,0.46,0.46,4,0.04,1.962962962962963,14,0.22
work,M0O100D1,1501,1.501,1.4,46,0.46,0.46,4,0.04,2.074074074074074,15,0.19
work,M0O100D1,1601,1.601,1.0,45,0.45,0.45,4,0.04,2.090909090909091,14,0.22
work,M0O100D1,1601,1.601,1.2,45,0.45,0.45,4,0.04,2.2363636363636363,13,0.22
work,M0O100D1,1601,1.601,1.4,45,0.45,0.45,4,0.04,2.309090909090909,13,0.21
work,M0O100D1,1701,1.701,1.0,53,0.53,0.53,5,0.05,1.851063829787234,10,0.25
work,M0O100D1,1701,1.701,1.2,53,0.53,0.53,5,0.05,1.893617021276596,11,0.23
work,M0O100D1,1701,1.701,1.4,53,0.53,0.53,5,0.05,1.893617021276596,11,0.23
work,M0O100D1,1801,1.801,1.0,46,0.46,0.46,3,0.03,1.8148148148148149,13,0.25
work,M0O100D1,1801,1.801,1.2,48,0.48,0.48,3,0.03,1.807692307692308,12,0.25
work,M0O100D1,1801,1.801,1.4,48,0.48,0.48,3,0.03,1.807692307692308,12,0.25
work,M0O100D1,1901,1.901,1.0,54,0.54,0.54,3,0.03,1.608695652173913,9,0.27
work,M0O100D1,1901,1.901,1.2,54,0.54,0.54,3,0.03,1.608695652173913,9,0.27
work,M0O100D1,1901,1.901,1.4,56,0.56,0.56,3,0.03,1.6363636363636365,9,0.25
work,M0O100D1,2001,2.001,1.0,43,0.43,0.43,5,0.05,2.192982456140351,15,0.21
work,M0O100D1,2001,2.001,1.2,43,0.43,0.43,5,0.05,2.298245614035088,15,0.2
work,M0O100D1,2001,2.001,1.4,43,0.43,0.43,5,0.05,2.298245614035088,15,0.2
work,M0O100D1,2101,2.101,1.0,51,0.51,0.51,3,0.03,1.530612244897959,8,0.32
work,M0O100D1,2101,2.101,1.2,52,0.52,0.52,3,0.03,1.5416666666666667,8,0.31
work,M0O100D1,2101,2.101,1.4,52,0.52,0.52,3,0.03,1.5416666666666667,8,0.31
work,M0O100D1,2201,2.201,1.0,49,0.49,0.49,3,0.03,1.431372549019608,8,0.35
work,M0O100D1,2201,2.201,1.2,49,0.49,0.49,3,0.03,1.431372549019608,8,0.35
work,M0O100D1,2201,2.201,1.4,51,0.51,0.51,3,0.03,1.489795918367347,7,0.34
work,M0O100D1,2301,2.301,1.0,48,0.48,0.48,5,0.05,2.076923076923077,10,0.27
work,M0O100D1,2301,2.301,1.2,48,0.48,0.48,5,0.05,2.076923076923077,10,0.27
work,M0O100D1,2301,2.301,1.4,48,0.48,0.48,5,0.05,2.076923076923077,10,0.27
work,M0O100D1,2401,2.401,1.0,53,0.53,0.53,5,0.05,2.276595744680851,10,0.21
work,M0O100D1,2401,2.401,1.2,55,0.55,0.55,5,0.05,2.333333333333333,10,0.19
work,M0O100D1,2401,2.401,1.4,59,0.59,0.59,5,0.05,2.365853658536585,10,0.16
work,M0O100D1,2501,2.501,1.0,42,0.42,0.42,5,0.05,2.034482758620689,14,0.25
work,M0O100D1,2501,2.501,1.2,42,0.42,0.42,5,0.05,2.034482758620689,14,0.25
work,M0O100D1,2501,2.501,1.4,42,0.42,0.42,5,0.05,2.1379310344827585,14,0.24
work,M0O100D1,2601,2.601,1.0,44,0.44,0.44,4,0.04,2.107142857142857,13,0.24
work,M0O100D1,2601,2.601,1.2,44,0.44,0.44,4,0.04,2.107142857142857,13,0.24
work,M0O100D1,2601,2.601,1.4,45,0.45,0.45,4,0.04,2.1272727272727274,13,0.23
work,M0O100D1,2701,2.701,1.0,49,0.49,0.49,4,0.04,1.5490196078431373,8,0.34
work,M0O100D1,2701,2.701,1.2,53,0.53,0.53,3,0.03,1.3404255319148937,7,0.34
work,M0O100D1,2701,2.701,1.4,53,0.53,0.53,3,0.03,1.3404255319148937,7,0.34
work,M0O100D1,2801,2.801,1.0,48,0.48,0.48,6,0.06,2.1538461538461537,11,0.25
work,M0O100D1,2801,2.801,1.2,48,0.48,0.48,6,0.06,2.1538461538461537,11,0.25
work,M0O100D1,2801,2.801,1.4,50,0.5,0.5,6,0.06,2.16,10,0.25
work,M0O100D1,2901,2.901,1.0,43,0.43,0.43,3,0.03,1.736842105263158,16,0.24
work,M0O100D1,2901,2.901,1.2,43,0.43,0.43,3,0.03,1.736842105263158,16,0.24
work,M0O100D1,2901,2.901,1.4,43,0.43,0.43,5,0.05,2.1578947368421053,16,0.2
work,M0O100D1,3001,3.001,1.0,47,0.47,0.47,5,0.05,1.830188679245283,12,0.27
work,M0O100D1,3001,3.001,1.2,47,0.47,0.47,5,0.05,1.9056603773584904,12,0.26
work,M0O100D1,3001,3.001,1.4,47,0.47,0.47,5,0.05,1.9056603773584904,12,0.26
work,M0O100D1,3101,3.101,1.0,49,0.49,0.49,6,0.06,2.5686274509803924,15,0.14
work,M0O100D1,3101,3.101,1.2,51,0.51,0.51,6,0.06,2.591836734693877,14,0.14
work,M0O100D1,3101,3.101,1.4,52,0.52,0.52,6,0.06,2.625,14,0.13
work,M0O100D1,3201,3.201,1.0,45,0.45,0.45,7,0.07,2.672727272727273,15,0.17
work,M0O100D1,3201,3.201,1.2,45,0.45,0.45,7,0.07,2.672727272727273,15,0.17
work,M0O100D1,3201,3.201,1.4,47,0.47,0.47,7,0.07,2.69811320754717,14,0.17
work,M0O100D1,3301,3.301,1.0,44,0.44,0.44,3,0.03,1.75,12,0.29
work,M0O100D1,3301,3.301,1.2,44,0.44,0.44,3,0.03,1.8571428571428568,13,0.26
work,M0O100D1,3301,3.301,1.4,44,0.44,0.44,4,0.04,1.9642857142857144,13,0.25
work,M0O100D1,3401,3.401,1.0,51,0.51,0.51,4,0.04,1.7755102040816326,11,0.25
work,M0O100D1,3401,3.401,1.2,53,0.53,0.53,4,0.04,1.7659574468085106,10,0.25
work,M0O100D1,3401,3.401,1.4,55,0.55,0.55,4,0.04,1.7555555555555555,9,0.25
work,M0O100D1,3501,3.501,1.0,48,0.48,0.48,4,0.04,1.9230769230769231,13,0.23
work,M0O100D1,3501,3.501,1.2,48,0.48,0.48,4,0.04,1.9230769230769231,13,0.23
work,M0O100D1,3501,3.501,1.4,49,0.49,0.49,4,0.04,1.9411764705882355,13,0.22
work,M0O100D1,3601,3.601,1.0,52,0.52,0.52,4,0.04,1.875,11,0.23
work,M0O100D1,3601,3.601,1.2,52,0.52,0.52,4,0.04,1.875,11,0.23
work,M0O100D1,3601,3.601,1.4,52,0.52,0.52,4,0.04,1.875,11,0.23
work,M0O100D1,3701,3.701,1.0,48,0.48,0.48,5,0.05,2.1153846153846154,14,0.2
work,M0O100D1,3701,3.701,1.2,49,0.49,0.49,5,0.05,2.1372549019607843,14,0.19
work,M0O100D1,3701,3.701,1.4,49,0.49,0.49,6,0.06,2.333333333333333,14,0.18
work,M0O100D1,3801,3.801,1.0,51,0.51,0.51,4,0.04,1.489795918367347,8,0.33
work,M0O100D1,3801,3.801,1.2,51,0.51,0.51,4,0.04,1.489795918367347,8,0.33
work,M0O100D1,3801,3.801,1.4,51,0.51,0.51,4,0.04,1.653061224489796,8,0.31
work,M0O100D1,3901,3.901,1.0,54,0.54,0.54,4,0.04,1.826086956521739,10,0.24
work,M0O100D1,3901,3.901,1.2,54,0.54,0.54,4,0.04,1.826086956521739,10,0.24
work,M0O100D1,3901,3.901,1.4,56,0.56,0.56,4,0.04,1.818181818181818,9,0.24
work,M0O100D1,4001,4.001,1.0,52,0.52,0.52,3,0.03,1.5416666666666667,10,0.28
work,M0O100D1,4001,4.001,1.2,52,0.52,0.52,3,0.03,1.625,10,0.27
work,M0O100D1,4001,4.001,1.4,52,0.52,0.52,3,0.03,1.6666666666666667,11,0.25
work,M0O100D1,4101,4.101,1.0,42,0.42,0.42,6,0.06,2.413793103448276,15,0.21
work,M0O100D1,4101,4.101,1.2,42,0.42,0.42,6,0.06,2.413793103448276,15,0.21
work,M0O100D1,4101,4.101,1.4,42,0.42,0.42,6,0.06,2.689655172413793,14,0.2
work,M0O100D1,4201,4.2010000000000005,1.0,46,0.46,0.46,4,0.04,1.7777777777777777,13,0.26
work,M0O100D1,4201,4.2010000000000005,1.2,46,0.46,0.46,5,0.05,2.0,12,0.26
work,M0O100D1,4201,4.2010000000000005,1.4,46,0.46,0.46,5,0.05,2.1481481481481484,11,0.26
work,M0O100D1,4301,4.301,1.0,43,0.43,0.43,6,0.06,2.3684210526315788,15,0.2
work,M0O100D1,4301,4.301,1.2,43,0.43,0.43,6,0.06,2.3684210526315788,15,0.2
work,M0O100D1,4301,4.301,1.4,43,0.43,0.43,6,0.06,2.3684210526315788,15,0.2
work,M0O100D1,4401,4.401,1.0,42,0.42,0.42,4,0.04,2.206896551724138,12,0.26
work,M0O100D1,4401,4.401,1.2,42,0.42,0.42,4,0.04,2.206896551724138,12,0.26
work,M0O100D1,4401,4.401,1.4,42,0.42,0.42,4,0.04,2.2413793103448274,13,0.24
work,M0O100D1,4501,4.501,1.0,53,0.53,0.53,3,0.03,1.5106382978723405,11,0.26
work,M0O100D1,4501,4.501,1.2,53,0.53,0.53,3,0.03,1.553191489361702,12,0.24
work,M0O100D1,4501,4.501,1.4,53,0.53,0.53,3,0.03,1.6382978723404256,12,0.23
work,M0O100D1,4601,4.601,1.0,52,0.52,0.52,3,0.03,1.875,12,0.21
work,M0O100D1,4601,4.601,1.2,52,0.52,0.52,3,0.03,1.875,12,0.21
work,M0O100D1,4601,4.601,1.4,52,0.52,0.52,3,0.03,1.875,12,0.21
work,M0O100D1,4701,4.7010000000000005,1.0,45,0.45,0.45,3,0.03,1.2181818181818185,5,0.46
work,M0O100D1,4701,4.7010000000000005,1.2,46,0.46,0.46,3,0.03,1.2222222222222223,5,0.45
work,M0O100D1,4701,4.7010000000000005,1.4,46,0.46,0.46,3,0.03,1.2222222222222223,5,0.45
work,M0O100D1,4801,4.801,1.0,42,0.42,0.42,4,0.04,1.5862068965517242,11,0.35
work,M0O100D1,4801,4.801,1.2,43,0.43,0.43,5,0.05,1.8771929824561404,11,0.31
work,M0O100D1,4801,4.801,1.4,43,0.43,0.43,5,0.05,2.1578947368421053,12,0.27
work,M0O100D1,4901,4.901,1.0,44,0.44,0.44,5,0.05,2.0357142857142856,12,0.27
work,M0O100D1,4901,4.901,1.2,45,0.45,0.45,5,0.05,2.1272727272727274,12,0.25
work,M0O100D1,4901,4.901,1.4,45,0.45,0.45,5,0.05,2.163636363636364,13,0.23
work-1,M0O100D1,1001,1.001,1.0,45,0.45,0.45,4,0.04,1.5818181818181818,10,0.34
work-1,M0O100D1,1001,1.001,1.2,45,0.45,0.45,4,0.04,1.6181818181818182,11,0.32
work-1,M0O100D1,1001,1.001,1.4,48,0.48,0.48,4,0.04,1.6538461538461535,11,0.29
work-1,M0O100D1,1101,1.101,1.0,50,0.5,0.5,5,0.05,2.4,13,0.17
work-1,M0O100D1,1101,1.101,1.2,54,0.54,0.54,5,0.05,2.391304347826087,12,0.16
work-1,M0O100D1,1101,1.101,1.4,54,0.54,0.54,5,0.05,2.4347826086956523,13,0.14
work-1,M0O100D1,1201,1.201,1.0,49,0.49,0.49,3,0.03,1.5098039215686274,10,0.31
work-1,M0O100D1,1201,1.201,1.2,52,0.52,0.52,3,0.03,1.5416666666666667,10,0.28
work-1,M0O100D1,1201,1.201,1.4,52,0.52,0.52,3,0.03,1.5833333333333333,11,0.26
work-1,M0O100D1,1301,1.301,1.0,43,0.43,0.43,4,0.04,1.736842105263158,13,0.29
work-1,M0O100D1,1301,1.301,1.2,43,0.43,0.43,4,0.04,1.736842105263158,13,0.29
work-1,M0O100D1,1301,1.301,1.4,47,0.47,0.47,5,0.05,1.830188679245283,12,0.27
work-1,M0O100D1,1401,1.401,1.0,49,0.49,0.49,5,0.05,1.8235294117647056,13,0.24
work-1,M0O100D1,1401,1.401,1.2,49,0.49,0.49,5,0.05,2.1372549019607843,12,0.23
work-1,M0O100D1,1401,1.401,1.4,51,0.51,0.51,5,0.05,2.142857142857143,11,0.23
work-1,M0O100D1,1501,1.501,1.0,47,0.47,0.47,6,0.06,2.018867924528302,10,0.29
work-1,M0O100D1,1501,1.501,1.2,47,0.47,0.47,7,0.07,2.2452830188679247,10,0.28
work-1,M0O100D1,1501,1.501,1.4,47,0.47,0.47,7,0.07,2.2452830188679247,10,0.28
work-1,M0O100D1,1601,1.601,1.0,45,0.45,0.45,5,0.05,1.8,8,0.35
work-1,M0O100D1,1601,1.601,1.2,45,0.45,0.45,5,0.05,1.8,8,0.35
work-1,M0O100D1,1601,1.601,1.4,45,0.45,0.45,5,0.05,1.8,8,0.35
work-1,M0O100D1,1701,1.701,1.0,44,0.44,0.44,13,0.13,4.428571428571429,10,0.22
work-1,M0O100D1,1701,1.701,1.2,44,0.44,0.44,13,0.13,4.5,10,0.21
work-1,M0O100D1,1701,1.701,1.4,44,0.44,0.44,14,0.14,4.964285714285714,10,0.2
work-1,M0O100D1,1801,1.801,1.0,51,0.51,0.51,4,0.04,1.4489795918367347,7,0.35
work-1,M0O100D1,1801,1.801,1.2,51,0.51,0.51,5,0.05,1.653061224489796,8,0.32
work-1,M0O100D1,1801,1.801,1.4,51,0.51,0.51,5,0.05,1.653061224489796,8,0.32
work-1,M0O100D1,1901,1.901,1.0,47,0.47,0.47,5,0.05,1.679245283018868,8,0.35
work-1,M0O100D1,1901,1.901,1.2,47,0.47,0.47,5,0.05,1.679245283018868,8,0.35
work-1,M0O100D1,1901,1.901,1.4,48,0.48,0.48,5,0.05,1.6923076923076923,8,0.34
work-1,M0O100D1,2001,2.001,1.0,48,0.48,0.48,4,0.04,1.5384615384615383,10,0.32
work-1,M0O100D1,2001,2.001,1.2,48,0.48,0.48,4,0.04,1.5384615384615383,10,0.32
work-1,M0O100D1,2001,2.001,1.4,49,0.49,0.49,4,0.04,1.5490196078431373,10,0.31
work-1,M0O100D1,2101,2.101,1.0,52,0.52,0.52,4,0.04,1.7916666666666667,11,0.24
work-1,M0O100D1,2101,2.101,1.2,55,0.55,0.55,4,0.04,1.711111111111111,10,0.24
work-1,M0O100D1,2101,2.101,1.4,55,0.55,0.55,4,0.04,1.9777777777777776,9,0.23
work-1,M0O100D1,2201,2.201,1.0,47,0.47,0.47,5,0.05,1.9433962264150944,12,0.26
work-1,M0O100D1,2201,2.201,1.2,47,0.47,0.47,5,0.05,1.9433962264150944,12,0.26
work-1,M0O100D1,2201,2.201,1.4,47,0.47,0.47,5,0.05,1.981132075471698,13,0.24
work-1,M0O100D1,2301,2.301,1.0,57,0.57,0.57,3,0.03,1.7906976744186047,12,0.18
work-1,M0O100D1,2301,2.301,1.2,57,0.57,0.57,3,0.03,1.7906976744186047,12,0.18
work-1,M0O100D1,2301,2.301,1.4,57,0.57,0.57,3,0.03,1.7906976744186047,12,0.18
work-1,M0O100D1,2401,2.401,1.0,47,0.47,0.47,4,0.04,1.981132075471698,9,0.29
work-1,M0O100D1,2401,2.401,1.2,48,0.48,0.48,4,0.04,2.0,9,0.28
work-1,M0O100D1,2401,2.401,1.4,48,0.48,0.48,4,0.04,2.1153846153846154,9,0.27
work-1,M0O100D1,2501,2.501,1.0,45,0.45,0.45,6,0.06,2.090909090909091,10,0.3
work-1,M0O100D1,2501,2.501,1.2,45,0.45,0.45,6,0.06,2.090909090909091,10,0.3
work-1,M0O100D1,2501,2.501,1.4,45,0.45,0.45,6,0.06,2.090909090909091,10,0.3
work-1,M0O100D1,2601,2.601,1.0,49,0.49,0.49,3,0.03,1.862745098039216,13,0.22
work-1,M0O100D1,2601,2.601,1.2,49,0.49,0.49,3,0.03,1.9019607843137252,14,0.2
work-1,M0O100D1,2601,2.601,1.4,52,0.52,0.52,3,0.03,1.9166666666666667,13,0.19
work-1,M0O100D1,2701,2.701,1.0,55,0.55,0.55,3,0.03,1.5333333333333334,7,0.3
work-1,M0O100D1,2701,2.701,1.2,56,0.56,0.56,3,0.03,1.5454545454545454,7,0.29
work-1,M0O100D1,2701,2.701,1.4,56,0.56,0.56,3,0.03,1.681818181818182,8,0.26
work-1,M0O100D1,2801,2.801,1.0,60,0.6,0.6,3,0.03,1.5,7,0.26
work-1,M0O100D1,2801,2.801,1.2,60,0.6,0.6,3,0.03,1.5,7,0.26
work-1,M0O100D1,2801,2.801,1.4,60,0.6,0.6,3,0.03,1.5,7,0.26
work-1,M0O100D1,2901,2.901,1.0,50,0.5,0.5,3,0.03,1.88,13,0.21
work-1,M0O100D1,2901,2.901,1.2,50,0.5,0.5,4,0.04,2.04,12,0.21
work-1,M0O100D1,2901,2.901,1.4,50,0.5,0.5,4,0.04,2.08,13,0.19
work-1,M0O100D1,3001,3.001,1.0,43,0.43,0.43,5,0.05,1.912280701754386,12,0.29
work-1,M0O100D1,3001,3.001,1.2,43,0.43,0.43,7,0.07,2.4035087719298245,11,0.27
work-1,M0O100D1,3001,3.001,1.4,43,0.43,0.43,7,0.07,2.6140350877192984,10,0.27
work-1,M0O100D1,3101,3.101,1.0,47,0.47,0.47,5,0.05,2.0943396226415096,10,0.28
work-1,M0O100D1,3101,3.101,1.2,47,0.47,0.47,5,0.05,2.0943396226415096,10,0.28
work-1,M0O100D1,3101,3.101,1.4,53,0.53,0.53,5,0.05,1.851063829787234,10,0.25
work-1,M0O100D1,3201,3.201,1.0,48,0.48,0.48,4,0.04,1.4615384615384617,6,0.39
work-1,M0O100D1,3201,3.201,1.2,48,0.48,0.48,4,0.04,1.5384615384615383,6,0.38
work-1,M0O100D1,3201,3.201,1.4,48,0.48,0.48,4,0.04,1.5384615384615383,6,0.38
work-1,M0O100D1,3301,3.301,1.0,48,0.48,0.48,4,0.04,1.6923076923076923,10,0.3
work-1,M0O100D1,3301,3.301,1.2,49,0.49,0.49,4,0.04,1.7058823529411764,10,0.29
work-1,M0O100D1,3301,3.301,1.4,49,0.49,0.49,4,0.04,1.7058823529411764,10,0.29
work-1,M0O100D1,3401,3.401,1.0,45,0.45,0.45,5,0.05,2.163636363636364,12,0.25
work-1,M0O100D1,3401,3.401,1.2,45,0.45,0.45,5,0.05,2.163636363636364,12,0.25
work-1,M0O100D1,3401,3.401,1.4,46,0.46,0.46,5,0.05,2.185185185185185,12,0.24
work-1,M0O100D1,3501,3.501,1.0,45,0.45,0.45,6,0.06,2.381818181818182,14,0.2
work-1,M0O100D1,3501,3.501,1.2,45,0.45,0.45,6,0.06,2.381818181818182,14,0.2
work-1,M0O100D1,3501,3.501,1.4,45,0.45,0.45,6,0.06,2.381818181818182,14,0.2
work-1,M0O100D1,3601,3.601,1.0,51,0.51,0.51,3,0.03,1.4081632653061225,9,0.32
work-1,M0O100D1,3601,3.601,1.2,52,0.52,0.52,3,0.03,1.5833333333333333,9,0.29
work-1,M0O100D1,3601,3.601,1.4,52,0.52,0.52,3,0.03,1.5833333333333333,9,0.29
work-1,M0O100D1,3701,3.701,1.0,53,0.53,0.53,2,0.02,1.297872340425532,8,0.33
work-1,M0O100D1,3701,3.701,1.2,53,0.53,0.53,2,0.02,1.297872340425532,8,0.33
work-1,M0O100D1,3701,3.701,1.4,54,0.54,0.54,2,0.02,1.3478260869565215,9,0.3
work-1,M0O100D1,3801,3.801,1.0,51,0.51,0.51,6,0.06,2.1020408163265305,10,0.25
work-1,M0O100D1,3801,3.801,1.2,51,0.51,0.51,6,0.06,2.1020408163265305,10,0.25
work-1,M0O100D1,3801,3.801,1.4,51,0.51,0.51,6,0.06,2.1020408163265305,10,0.25
work-1,M0O100D1,3901,3.901,1.0,49,0.49,0.49,5,0.05,2.0588235294117645,12,0.23
work-1,M0O100D1,3901,3.901,1.2,50,0.5,0.5,5,0.05,2.16,12,0.21
work-1,M0O100D1,3901,3.901,1.4,51,0.51,0.51,5,0.05,2.183673469387755,12,0.2
work-1,M0O100D1,4001,4.001,1.0,42,0.42,0.42,4,0.04,1.862068965517241,10,0.33
work-1,M0O100D1,4001,4.001,1.2,42,0.42,0.42,4,0.04,1.862068965517241,10,0.33
work-1,M0O100D1,4001,4.001,1.4,42,0.42,0.42,4,0.04,1.862068965517241,10,0.33
work-1,M0O100D1,4101,4.101,1.0,42,0.42,0.42,4,0.04,2.103448275862069,13,0.26
work-1,M0O100D1,4101,4.101,1.2,45,0.45,0.45,4,0.04,2.163636363636364,13,0.23
work-1,M0O100D1,4101,4.101,1.4,45,0.45,0.45,6,0.06,2.4545454545454546,12,0.23
work-1,M0O100D1,4201,4.2010000000000005,1.0,45,0.45,0.45,5,0.05,1.9090909090909087,13,0.26
work-1,M0O100D1,4201,4.2010000000000005,1.2,45,0.45,0.45,5,0.05,1.945454545454545,14,0.24
work-1,M0O100D1,4201,4.2010000000000005,1.4,45,0.45,0.45,5,0.05,1.981818181818182,15,0.22
work-1,M0O100D1,4301,4.301,1.0,45,0.45,0.45,3,0.03,1.509090909090909,13,0.3
work-1,M0O100D1,4301,4.301,1.2,45,0.45,0.45,3,0.03,1.509090909090909,13,0.3
work-1,M0O100D1,4301,4.301,1.4,46,0.46,0.46,3,0.03,1.5925925925925926,13,0.28
work-1,M0O100D1,4401,4.401,1.0,51,0.51,0.51,3,0.03,1.7346938775510203,11,0.25
work-1,M0O100D1,4401,4.401,1.2,51,0.51,0.51,3,0.03,1.816326530612245,13,0.21
work-1,M0O100D1,4401,4.401,1.4,51,0.51,0.51,3,0.03,1.816326530612245,13,0.21
work-1,M0O100D1,4501,4.501,1.0,48,0.48,0.48,6,0.06,2.3846153846153846,9,0.27
work-1,M0O100D1,4501,4.501,1.2,48,0.48,0.48,7,0.07,2.6153846153846154,9,0.26
work-1,M0O100D1,4501,4.501,1.4,48,0.48,0.48,7,0.07,2.6153846153846154,9,0.26
work-1,M0O100D1,4601,4.601,1.0,46,0.46,0.46,5,0.05,2.037037037037037,11,0.27
work-1,M0O100D1,4601,4.601,1.2,47,0.47,0.47,5,0.05,2.1320754716981134,11,0.25
work-1,M0O100D1,4601,4.601,1.4,47,0.47,0.47,5,0.05,2.207547169811321,11,0.24
work-1,M0O100D1,4701,4.7010000000000005,1.0,46,0.46,0.46,6,0.06,2.074074074074074,12,0.26
work-1,M0O100D1,4701,4.7010000000000005,1.2,46,0.46,0.46,6,0.06,2.259259259259259,12,0.24
work-1,M0O100D1,4701,4.7010000000000005,1.4,46,0.46,0.46,7,0.07,2.555555555555556,12,0.22
work-1,M0O100D1,4801,4.801,1.0,47,0.47,0.47,5,0.05,2.169811320754717,12,0.23
work-1,M0O100D1,4801,4.801,1.2,47,0.47,0.47,5,0.05,2.207547169811321,13,0.21
work-1,M0O100D1,4801,4.801,1.4,47,0.47,0.47,5,0.05,2.207547169811321,13,0.21
work-1,M0O100D1,4901,4.901,1.0,47,0.47,0.47,3,0.03,1.6037735849056605,13,0.27
work-1,M0O100D1,4901,4.901,1.2,47,0.47,0.47,3,0.03,1.6037735849056605,13,0.27
work-1,M0O100D1,4901,4.901,1.4,48,0.48,0.48,3,0.03,1.6923076923076923,13,0.25
work-2,M0O100D1,1001,1.001,1.0,40,0.4,0.4,4,0.04,2.0,15,0.25
work-2,M0O100D1,1001,1.001,1.2,40,0.4,0.4,5,0.05,2.1333333333333333,15,0.24
work-2,M0O100D1,1001,1.001,1.4,40,0.4,0.4,5,0.05,2.1333333333333333,15,0.24
work-2,M0O100D1,1101,1.101,1.0,41,0.41,0.41,4,0.04,1.6440677966101696,13,0.32
work-2,M0O100D1,1101,1.101,1.2,41,0.41,0.41,4,0.04,1.6779661016949152,14,0.3
work-2,M0O100D1,1101,1.101,1.4,41,0.41,0.41,4,0.04,1.6779661016949152,14,0.3
work-2,M0O100D1,1201,1.201,1.0,53,0.53,0.53,7,0.07,2.3191489361702127,10,0.23
work-2,M0O100D1,1201,1.201,1.2,53,0.53,0.53,8,0.08,2.617021276595745,10,0.22
work-2,M0O100D1,1201,1.201,1.4,61,0.61,0.61,3,0.03,1.5128205128205128,9,0.22
work-2,M0O100D1,1301,1.301,1.0,48,0.48,0.48,9,0.09,3.1153846153846154,10,0.23
work-2,M0O100D1,1301,1.301,1.2,48,0.48,0.48,9,0.09,3.1153846153846154,10,0.23
work-2,M0O100D1,1301,1.301,1.4,48,0.48,0.48,9,0.09,3.1153846153846154,10,0.23
work-2,M0O100D1,1401,1.401,1.0,45,0.45,0.45,8,0.08,2.8181818181818183,10,0.27
work-2,M0O100D1,1401,1.401,1.2,47,0.47,0.47,8,0.08,2.8867924528301887,10,0.25
work-2,M0O100D1,1401,1.401,1.4,47,0.47,0.47,8,0.08,2.8867924528301887,10,0.25
work-2,M0O100D1,1501,1.501,1.0,45,0.45,0.45,3,0.03,1.6181818181818182,12,0.3
work-2,M0O100D1,1501,1.501,1.2,47,0.47,0.47,4,0.04,1.7547169811320755,10,0.3
work-2,M0O100D1,1501,1.501,1.4,48,0.48,0.48,4,0.04,1.7692307692307692,10,0.29
work-2,M0O100D1,1601,1.601,1.0,41,0.41,0.41,4,0.04,1.8135593220338984,14,0.28
work-2,M0O100D1,1601,1.601,1.2,41,0.41,0.41,4,0.04,1.88135593220339,14,0.27
work-2,M0O100D1,1601,1.601,1.4,43,0.43,0.43,4,0.04,1.9824561403508767,14,0.24
work-2,M0O100D1,1701,1.701,1.0,40,0.4,0.4,4,0.04,1.8,11,0.34
work-2,M0O100D1,1701,1.701,1.2,42,0.42,0.42,4,0.04,1.793103448275862,10,0.34
work-2,M0O100D1,1701,1.701,1.4,43,0.43,0.43,4,0.04,1.8771929824561404,12,0.29
work-2,M0O100D1,1801,1.801,1.0,50,0.5,0.5,3,0.03,1.64,9,0.3
work-2,M0O100D1,1801,1.801,1.2,51,0.51,0.51,3,0.03,1.653061224489796,9,0.29
work-2,M0O100D1,1801,1.801,1.4,51,0.51,0.51,3,0.03,1.653061224489796,9,0.29
work-2,M0O100D1,1901,1.901,1.0,42,0.42,0.42,4,0.04,1.862068965517241,15,0.25
work-2,M0O100D1,1901,1.901,1.2,42,0.42,0.42,5,0.05,2.206896551724138,13,0.25
work-2,M0O100D1,1901,1.901,1.4,42,0.42,0.42,5,0.05,2.3448275862068964,13,0.23
work-2,M0O100D1,2001,2.001,1.0,43,0.43,0.43,2,0.02,1.3859649122807018,12,0.35
work-2,M0O100D1,2001,2.001,1.2,45,0.45,0.45,3,0.03,1.4363636363636365,11,0.34
work-2,M0O100D1,2001,2.001,1.4,45,0.45,0.45,5,0.05,1.6545454545454543,10,0.34
work-2,M0O100D1,2101,2.101,1.0,44,0.44,0.44,4,0.04,2.0,16,0.2
work-2,M0O100D1,2101,2.101,1.2,44,0.44,0.44,4,0.04,2.0,16,0.2
work-2,M0O100D1,2101,2.101,1.4,44,0.44,0.44,4,0.04,2.0,16,0.2
work-2,M0O100D1,2201,2.201,1.0,47,0.47,0.47,4,0.04,1.9056603773584904,13,0.24
work-2,M0O100D1,2201,2.201,1.2,47,0.47,0.47,4,0.04,1.9056603773584904,13,0.24
work-2,M0O100D1,2201,2.201,1.4,47,0.47,0.47,5,0.05,2.0943396226415096,14,0.21
work-2,M0O100D1,2301,2.301,1.0,42,0.42,0.42,3,0.03,1.6206896551724137,13,0.31
work-2,M0O100D1,2301,2.301,1.2,42,0.42,0.42,4,0.04,1.793103448275862,13,0.29
work-2,M0O100D1,2301,2.301,1.4,42,0.42,0.42,4,0.04,1.827586206896552,14,0.27
work-2,M0O100D1,2401,2.401,1.0,46,0.46,0.46,4,0.04,1.8148148148148149,10,0.3
work-2,M0O100D1,2401,2.401,1.2,49,0.49,0.49,4,0.04,1.7450980392156863,9,0.3
work-2,M0O100D1,2401,2.401,1.4,50,0.5,0.5,4,0.04,1.76,9,0.29
work-2,M0O100D1,2501,2.501,1.0,50,0.5,0.5,11,0.11,3.76,9,0.22
work-2,M0O100D1,2501,2.501,1.2,50,0.5,0.5,11,0.11,3.8,10,0.2
work-2,M0O100D1,2501,2.501,1.4,50,0.5,0.5,11,0.11,3.8,10,0.2
work-2,M0O100D1,2601,2.601,1.0,42,0.42,0.42,8,0.08,2.689655172413793,11,0.27
work-2,M0O100D1,2601,2.601,1.2,42,0.42,0.42,8,0.08,2.689655172413793,11,0.27
work-2,M0O100D1,2601,2.601,1.4,42,0.42,0.42,8,0.08,2.689655172413793,11,0.27
work-2,M0O100D1,2701,2.701,1.0,47,0.47,0.47,5,0.05,2.0943396226415096,10,0.28
work-2,M0O100D1,2701,2.701,1.2,47,0.47,0.47,5,0.05,2.0943396226415096,10,0.28
work-2,M0O100D1,2701,2.701,1.4,47,0.47,0.47,5,0.05,2.1320754716981134,11,0.26
work-2,M0O100D1,2801,2.801,1.0,45,0.45,0.45,4,0.04,1.945454545454545,11,0.28
work-2,M0O100D1,2801,2.801,1.2,45,0.45,0.45,4,0.04,1.945454545454545,11,0.28
work-2,M0O100D1,2801,2.801,1.4,46,0.46,0.46,4,0.04,1.962962962962963,11,0.27
work-2,M0O100D1,2901,2.901,1.0,50,0.5,0.5,5,0.05,1.76,9,0.3
work-2,M0O100D1,2901,2.901,1.2,50,0.5,0.5,5,0.05,1.88,10,0.27
work-2,M0O100D1,2901,2.901,1.4,53,0.53,0.53,5,0.05,1.8085106382978724,9,0.27
work-2,M0O100D1,3001,3.001,1.0,34,0.34,0.34,13,0.13,4.242424242424242,16,0.18
work-2,M0O100D1,3001,3.001,1.2,47,0.47,0.47,4,0.04,2.207547169811321,15,0.17
work-2,M0O100D1,3001,3.001,1.4,47,0.47,0.47,4,0.04,2.207547169811321,15,0.17
work-2,M0O100D1,3101,3.101,1.0,44,0.44,0.44,4,0.04,1.8928571428571428,15,0.23
work-2,M0O100D1,3101,3.101,1.2,44,0.44,0.44,4,0.04,1.8928571428571428,15,0.23
work-2,M0O100D1,3101,3.101,1.4,44,0.44,0.44,4,0.04,1.9642857142857144,17,0.19
work-2,M0O100D1,3201,3.201,1.0,50,0.5,0.5,4,0.04,1.92,11,0.24
work-2,M0O100D1,3201,3.201,1.2,50,0.5,0.5,4,0.04,1.96,12,0.22
work-2,M0O100D1,3201,3.201,1.4,50,0.5,0.5,4,0.04,2.04,12,0.21
work-2,M0O100D1,3301,3.301,1.0,42,0.42,0.42,12,0.12,3.689655172413793,10,0.28
work-2,M0O100D1,3301,3.301,1.2,55,0.55,0.55,3,0.03,1.5333333333333334,9,0.27
work-2,M0O100D1,3301,3.301,1.4,56,0.56,0.56,3,0.03,1.5454545454545454,9,0.26
work-2,M0O100D1,3401,3.401,1.0,52,0.52,0.52,7,0.07,2.4166666666666665,8,0.26
work-2,M0O100D1,3401,3.401,1.2,52,0.52,0.52,7,0.07,2.5416666666666665,8,0.25
work-2,M0O100D1,3401,3.401,1.4,52,0.52,0.52,7,0.07,2.5416666666666665,8,0.25
work-2,M0O100D1,3501,3.501,1.0,45,0.45,0.45,7,0.07,2.2363636363636363,11,0.28
work-2,M0O100D1,3501,3.501,1.2,45,0.45,0.45,7,0.07,2.418181818181818,11,0.26
work-2,M0O100D1,3501,3.501,1.4,46,0.46,0.46,7,0.07,2.4814814814814814,12,0.23
work-2,M0O100D1,3601,3.601,1.0,40,0.4,0.4,4,0.04,1.9,14,0.28
work-2,M0O100D1,3601,3.601,1.2,40,0.4,0.4,6,0.06,2.1666666666666665,13,0.28
work-2,M0O100D1,3601,3.601,1.4,43,0.43,0.43,6,0.06,2.2280701754385963,13,0.25
work-2,M0O100D1,3701,3.701,1.0,42,0.42,0.42,6,0.06,2.3448275862068964,15,0.21
work-2,M0O100D1,3701,3.701,1.2,45,0.45,0.45,6,0.06,2.381818181818182,14,0.2
work-2,M0O100D1,3701,3.701,1.4,45,0.45,0.45,6,0.06,2.381818181818182,14,0.2
work-2,M0O100D1,3801,3.801,1.0,45,0.45,0.45,6,0.06,2.272727272727273,13,0.23
work-2,M0O100D1,3801,3.801,1.2,49,0.49,0.49,6,0.06,2.1372549019607843,12,0.23
work-2,M0O100D1,3801,3.801,1.4,52,0.52,0.52,8,0.08,2.7916666666666665,10,0.21
work-2,M0O100D1,3901,3.901,1.0,47,0.47,0.47,4,0.04,1.9056603773584904,11,0.27
work-2,M0O100D1,3901,3.901,1.2,47,0.47,0.47,4,0.04,1.9056603773584904,11,0.27
work-2,M0O100D1,3901,3.901,1.4,47,0.47,0.47,4,0.04,1.9056603773584904,11,0.27
work-2,M0O100D1,4001,4.001,1.0,52,0.52,0.52,4,0.04,1.7083333333333333,11,0.25
work-2,M0O100D1,4001,4.001,1.2,52,0.52,0.52,4,0.04,1.7916666666666667,11,0.24
work-2,M0O100D1,4001,4.001,1.4,53,0.53,0.53,4,0.04,1.8085106382978724,11,0.23
work-2,M0O100D1,4101,4.101,1.0,51,0.51,0.51,6,0.06,2.9183673469387754,9,0.2
work-2,M0O100D1,4101,4.101,1.2,54,0.54,0.54,6,0.06,2.9565217391304346,9,0.18
work-2,M0O100D1,4101,4.101,1.4,54,0.54,0.54,6,0.06,3.0,10,0.16
work-2,M0O100D1,4201,4.2010000000000005,1.0,50,0.5,0.5,6,0.06,2.16,12,0.22
work-2,M0O100D1,4201,4.2010000000000005,1.2,50,0.5,0.5,6,0.06,2.16,12,0.22
work-2,M0O100D1,4201,4.2010000000000005,1.4,50,0.5,0.5,6,0.06,2.16,12,0.22
work-2,M0O100D1,4301,4.301,1.0,55,0.55,0.55,3,0.03,1.5333333333333334,9,0.27
work-2,M0O100D1,4301,4.301,1.2,56,0.56,0.56,3,0.03,1.5454545454545454,9,0.26
work-2,M0O100D1,4301,4.301,1.4,56,0.56,0.56,4,0.04,1.681818181818182,9,0.25
work-2,M0O100D1,4401,4.401,1.0,51,0.51,0.51,3,0.03,1.489795918367347,9,0.31
work-2,M0O100D1,4401,4.401,1.2,52,0.52,0.52,3,0.03,1.5416666666666667,10,0.28
work-2,M0O100D1,4401,4.401,1.4,53,0.53,0.53,3,0.03,1.553191489361702,10,0.27
work-2,M0O100D1,4501,4.501,1.0,55,0.55,0.55,5,0.05,1.7555555555555555,7,0.29
work-2,M0O100D1,4501,4.501,1.2,56,0.56,0.56,5,0.05,1.9090909090909087,8,0.25
work-2,M0O100D1,4501,4.501,1.4,58,0.58,0.58,5,0.05,1.9523809523809523,8,0.23
work-2,M0O100D1,4601,4.601,1.0,52,0.52,0.52,8,0.08,3.083333333333333,11,0.17
work-2,M0O100D1,4601,4.601,1.2,54,0.54,0.54,8,0.08,3.130434782608696,10,0.17
work-2,M0O100D1,4601,4.601,1.4,62,0.62,0.62,5,0.05,2.1052631578947367,9,0.17
work-2,M0O100D1,4701,4.7010000000000005,1.0,58,0.58,0.58,8,0.08,3.0,7,0.2
work-2,M0O100D1,4701,4.7010000000000005,1.2,58,0.58,0.58,8,0.08,3.0,7,0.2
work-2,M0O100D1,4701,4.7010000000000005,1.4,59,0.59,0.59,8,0.08,3.097560975609756,8,0.17
work-2,M0O100D1,4801,4.801,1.0,48,0.48,0.48,4,0.04,2.0,12,0.23
work-2,M0O100D1,4801,4.801,1.2,49,0.49,0.49,4,0.04,2.019607843137255,12,0.22
work-2,M0O100D1,4801,4.801,1.4,51,0.51,0.51,4,0.04,2.061224489795918,12,0.2
work-2,M0O100D1,4901,4.901,1.0,44,0.44,0.44,6,0.06,2.0357142857142856,14,0.25
work-2,M0O100D1,4901,4.901,1.2,44,0.44,0.44,6,0.06,2.071428571428572,15,0.23
work-2,M0O100D1,4901,4.901,1.4,44,0.44,0.44,9,0.09,2.9285714285714284,13,0.22
work,M10O90D1,1001,1.001,1.0,50,0.5,0.55065339141257,7,0.07,2.08,6,0.34
work,M10O90D1,1001,1.001,1.2,51,0.51,0.5581207218419415,7,0.07,2.142857142857143,7,0.31
work,M10O90D1,1001,1.001,1.4,51,0.51,0.5581207218419415,7,0.07,2.142857142857143,7,0.31
work,M10O90D1,1101,1.101,1.0,58,0.58,0.635718730553827,3,0.03,1.3333333333333333,6,0.31
work,M10O90D1,1101,1.101,1.2,59,0.59,0.6431860609831985,3,0.03,1.4390243902439024,6,0.29
work,M10O90D1,1101,1.101,1.4,60,0.6,0.6506533914125701,3,0.03,1.55,6,0.27
work,M10O90D1,1201,1.201,1.0,58,0.58,0.635718730553827,3,0.03,1.5714285714285714,9,0.24
work,M10O90D1,1201,1.201,1.2,58,0.58,0.635718730553827,3,0.03,1.5714285714285714,9,0.24
work,M10O90D1,1201,1.201,1.4,58,0.58,0.635718730553827,4,0.04,1.7142857142857142,9,0.23
work,M10O90D1,1301,1.301,1.0,53,0.53,0.5730553827006845,5,0.05,1.9787234042553192,8,0.27
work,M10O90D1,1301,1.301,1.2,54,0.54,0.580522713130056,5,0.05,2.0,8,0.26
work,M10O90D1,1301,1.301,1.4,56,0.56,0.595457373988799,6,0.06,2.227272727272727,7,0.25
work,M10O90D1,1401,1.401,1.0,45,0.45,0.4626633478531425,4,0.04,1.7272727272727273,14,0.26
work,M10O90D1,1401,1.401,1.2,46,0.46,0.470130678282514,4,0.04,1.7407407407407407,14,0.25
work,M10O90D1,1401,1.401,1.4,46,0.46,0.470130678282514,4,0.04,1.7407407407407407,14,0.25
work,M10O90D1,1501,1.501,1.0,44,0.44,0.455196017423771,5,0.05,2.2142857142857144,9,0.3
work,M10O90D1,1501,1.501,1.2,44,0.44,0.455196017423771,5,0.05,2.2142857142857144,9,0.3
work,M10O90D1,1501,1.501,1.4,48,0.48,0.510392034847542,5,0.05,2.076923076923077,8,0.3
work,M10O90D1,1601,1.601,1.0,50,0.5,0.575980087118855,4,0.04,1.84,11,0.25
work,M10O90D1,1601,1.601,1.2,51,0.51,0.5834474175482265,4,0.04,1.8571428571428568,11,0.24
work,M10O90D1,1601,1.601,1.4,51,0.51,0.5834474175482265,4,0.04,1.8571428571428568,11,0.24
work,M10O90D1,1701,1.701,1.0,51,0.51,0.5581207218419415,4,0.04,1.4489795918367347,7,0.35
work,M10O90D1,1701,1.701,1.2,51,0.51,0.5581207218419415,6,0.06,1.7755102040816326,6,0.35
work,M10O90D1,1701,1.701,1.4,52,0.52,0.565588052271313,6,0.06,1.7916666666666667,6,0.34
work,M10O90D1,1801,1.801,1.0,53,0.53,0.5477286869943995,4,0.04,1.7234042553191489,9,0.27
work,M10O90D1,1801,1.801,1.2,57,0.57,0.5775980087118855,4,0.04,1.6511627906976745,8,0.26
work,M10O90D1,1801,1.801,1.4,59,0.59,0.6178593652769135,4,0.04,1.6341463414634143,7,0.26
work,M10O90D1,1901,1.901,1.0,52,0.52,0.540261356565028,14,0.14,5.666666666666667,9,0.16
work,M10O90D1,1901,1.901,1.2,54,0.54,0.555196017423771,14,0.14,5.826086956521739,8,0.16
work,M10O90D1,1901,1.901,1.4,54,0.54,0.555196017423771,14,0.14,5.826086956521739,8,0.16
work,M10O90D1,2001,2.001,1.0,44,0.44,0.429869321717486,7,0.07,2.4285714285714284,12,0.25
work,M10O90D1,2001,2.001,1.2,44,0.44,0.429869321717486,7,0.07,2.642857142857143,11,0.25
work,M10O90D1,2001,2.001,1.4,44,0.44,0.429869321717486,7,0.07,2.821428571428572,11,0.23
work,M10O90D1,2101,2.101,1.0,31,0.31,0.3074673304293715,9,0.09,3.463768115942029,10,0.32
work,M10O90D1,2101,2.101,1.2,33,0.33,0.3224019912881145,9,0.09,3.537313432835821,10,0.3
work,M10O90D1,2101,2.101,1.4,43,0.43,0.4224019912881145,7,0.07,2.719298245614035,9,0.29
work,M10O90D1,2201,2.201,1.0,45,0.45,0.5133167392657125,3,0.03,1.690909090909091,14,0.26
work,M10O90D1,2201,2.201,1.2,48,0.48,0.586372121966397,5,0.05,1.9230769230769231,12,0.25
work,M10O90D1,2201,2.201,1.4,52,0.52,0.616241443683883,5,0.05,1.9583333333333333,11,0.23
work,M10O90D1,2301,2.301,1.0,42,0.42,0.465588052271313,5,0.05,1.7586206896551724,14,0.29
work,M10O90D1,2301,2.301,1.2,49,0.49,0.5685127566894835,3,0.03,1.5098039215686274,12,0.28
work,M10O90D1,2301,2.301,1.4,49,0.49,0.5685127566894835,3,0.03,1.5098039215686274,12,0.28
work,M10O90D1,2401,2.401,1.0,22,0.22,0.214934660858743,20,0.2,6.358974358974359,12,0.34
work,M10O90D1,2401,2.401,1.2,42,0.42,0.440261356565028,4,0.04,1.6551724137931034,11,0.34
work,M10O90D1,2401,2.401,1.4,43,0.43,0.4477286869943995,4,0.04,1.7017543859649122,12,0.31
work,M10O90D1,2501,2.501,1.0,45,0.45,0.4626633478531425,4,0.04,2.018181818181818,13,0.24
work,M10O90D1,2501,2.501,1.2,50,0.5,0.5,4,0.04,1.92,13,0.21
work,M10O90D1,2501,2.501,1.4,54,0.54,0.555196017423771,3,0.03,1.7391304347826086,12,0.21
work,M10O90D1,2601,2.601,1.0,55,0.55,0.5879900435594275,6,0.06,1.9777777777777776,7,0.28
work,M10O90D1,2601,2.601,1.2,56,0.56,0.595457373988799,6,0.06,2.0,7,0.27
work,M10O90D1,2601,2.601,1.4,58,0.58,0.610392034847542,7,0.07,2.2857142857142856,6,0.26
work,M10O90D1,2701,2.701,1.0,40,0.4,0.425326695706285,8,0.08,2.6333333333333333,12,0.28
work,M10O90D1,2701,2.701,1.2,42,0.42,0.440261356565028,8,0.08,2.655172413793104,11,0.28
work,M10O90D1,2701,2.701,1.4,42,0.42,0.440261356565028,9,0.09,2.931034482758621,11,0.27
work,M10O90D1,2801,2.801,1.0,56,0.56,0.646110765401369,3,0.03,1.4090909090909092,8,0.29
work,M10O90D1,2801,2.801,1.2,56,0.56,0.646110765401369,3,0.03,1.4090909090909092,8,0.29
work,M10O90D1,2801,2.801,1.4,56,0.56,0.646110765401369,3,0.03,1.4545454545454546,9,0.27
work,M10O90D1,2901,2.901,1.0,44,0.44,0.505849408836341,6,0.06,2.2142857142857144,12,0.26
work,M10O90D1,2901,2.901,1.2,44,0.44,0.505849408836341,6,0.06,2.2142857142857144,12,0.26
work,M10O90D1,2901,2.901,1.4,44,0.44,0.505849408836341,6,0.06,2.4285714285714284,11,0.26
work,M10O90D1,3001,3.001,1.0,52,0.52,0.540261356565028,5,0.05,2.25,12,0.19
work,M10O90D1,3001,3.001,1.2,53,0.53,0.5477286869943995,5,0.05,2.276595744680851,12,0.18
work,M10O90D1,3001,3.001,1.4,54,0.54,0.555196017423771,6,0.06,2.6956521739130435,12,0.15
work,M10O90D1,3101,3.101,1.0,48,0.48,0.535718730553827,5,0.05,1.9230769230769231,10,0.28
work,M10O90D1,3101,3.101,1.2,49,0.49,0.5431860609831985,5,0.05,1.9411764705882355,10,0.27
work,M10O90D1,3101,3.101,1.4,50,0.5,0.55065339141257,5,0.05,2.12,9,0.26
work,M10O90D1,3201,3.201,1.0,54,0.54,0.555196017423771,6,0.06,2.4782608695652173,7,0.25
work,M10O90D1,3201,3.201,1.2,55,0.55,0.5626633478531425,6,0.06,2.511111111111111,7,0.24
work,M10O90D1,3201,3.201,1.4,61,0.61,0.6581207218419415,5,0.05,2.076923076923077,6,0.23
work,M10O90D1,3301,3.301,1.0,54,0.54,0.580522713130056,4,0.04,1.608695652173913,8,0.29
work,M10O90D1,3301,3.301,1.2,56,0.56,0.620784069695084,4,0.04,1.5909090909090908,7,0.29
work,M10O90D1,3301,3.301,1.4,56,0.56,0.620784069695084,5,0.05,1.7727272727272727,7,0.28
work,M10O90D1,3401,3.401,1.0,56,0.56,0.544803982576229,3,0.03,1.5454545454545454,11,0.23
work,M10O90D1,3401,3.401,1.2,56,0.56,0.544803982576229,3,0.03,1.5454545454545454,11,0.23
work,M10O90D1,3401,3.401,1.4,56,0.56,0.544803982576229,3,0.03,1.5454545454545454,11,0.23
work,M10O90D1,3501,3.501,1.0,52,0.52,0.565588052271313,4,0.04,1.875,11,0.23
work,M10O90D1,3501,3.501,1.2,55,0.55,0.6386434349719975,4,0.04,1.8,10,0.23
work,M10O90D1,3501,3.501,1.4,55,0.55,0.6386434349719975,4,0.04,1.8,10,0.23
work,M10O90D1,3601,3.601,1.0,53,0.53,0.5477286869943995,9,0.09,3.3404255319148937,7,0.23
work,M10O90D1,3601,3.601,1.2,54,0.54,0.555196017423771,9,0.09,3.4347826086956523,8,0.2
work,M10O90D1,3601,3.601,1.4,54,0.54,0.555196017423771,9,0.09,3.4347826086956523,8,0.2
work,M10O90D1,3701,3.701,1.0,63,0.63,0.7237087741132545,3,0.03,1.4864864864864864,8,0.22
work,M10O90D1,3701,3.701,1.2,65,0.65,0.7386434349719975,3,0.03,1.457142857142857,7,0.22
work,M10O90D1,3701,3.701,1.4,68,0.68,0.761045426260112,3,0.03,1.5625,6,0.2
work,M10O90D1,3801,3.801,1.0,49,0.49,0.4925326695706285,3,0.03,1.7843137254901962,13,0.23
work,M10O90D1,3801,3.801,1.2,49,0.49,0.4925326695706285,3,0.03,1.862745098039216,13,0.22
work,M10O90D1,3801,3.801,1.4,49,0.49,0.4925326695706285,5,0.05,2.0980392156862746,12,0.22
work,M10O90D1,3901,3.901,1.0,50,0.5,0.5,6,0.06,2.2,10,0.25
work,M10O90D1,3901,3.901,1.2,50,0.5,0.5,6,0.06,2.24,11,0.23
work,M10O90D1,3901,3.901,1.4,51,0.51,0.5074673304293715,6,0.06,2.510204081632653,10,0.22
work,M10O90D1,4001,4.001,1.0,57,0.57,0.6535780958307406,3,0.03,1.7906976744186047,12,0.18
work,M10O90D1,4001,4.001,1.2,57,0.57,0.6535780958307406,6,0.06,2.395348837209302,11,0.16
work,M10O90D1,4001,4.001,1.4,57,0.57,0.6535780958307406,6,0.06,2.5348837209302326,11,0.15
work,M10O90D1,4101,4.101,1.0,49,0.49,0.5178593652769135,5,0.05,2.019607843137255,9,0.28
work,M10O90D1,4101,4.101,1.2,50,0.5,0.525326695706285,5,0.05,2.04,9,0.27
work,M10O90D1,4101,4.101,1.4,50,0.5,0.525326695706285,8,0.08,2.84,7,0.27
work,M10O90D1,4201,4.2010000000000005,1.0,45,0.45,0.4626633478531425,5,0.05,2.272727272727273,11,0.25
work,M10O90D1,4201,4.2010000000000005,1.2,48,0.48,0.485065339141257,5,0.05,2.3076923076923075,10,0.24
work,M10O90D1,4201,4.2010000000000005,1.4,53,0.53,0.5477286869943995,5,0.05,2.191489361702128,9,0.23
work,M10O90D1,4301,4.301,1.0,44,0.44,0.480522713130056,7,0.07,2.357142857142857,13,0.24
work,M10O90D1,4301,4.301,1.2,54,0.54,0.605849408836341,3,0.03,1.6521739130434785,12,0.22
work,M10O90D1,4301,4.301,1.4,55,0.55,0.6133167392657125,3,0.03,1.6666666666666667,12,0.21
work,M10O90D1,4401,4.401,1.0,56,0.56,0.620784069695084,4,0.04,1.6363636363636365,8,0.27
work,M10O90D1,4401,4.401,1.2,57,0.57,0.6282514001244555,4,0.04,1.6511627906976745,8,0.26
work,M10O90D1,4401,4.401,1.4,57,0.57,0.6282514001244555,4,0.04,1.6511627906976745,8,0.26
work,M10O90D1,4501,4.501,1.0,57,0.57,0.6282514001244555,3,0.03,1.372093023255814,7,0.3
work,M10O90D1,4501,4.501,1.2,58,0.58,0.661045426260112,3,0.03,1.380952380952381,7,0.29
work,M10O90D1,4501,4.501,1.4,59,0.59,0.6685127566894835,3,0.03,1.3902439024390243,7,0.28
work,M10O90D1,4601,4.601,1.0,54,0.54,0.631176104542626,5,0.05,1.826086956521739,6,0.31
work,M10O90D1,4601,4.601,1.2,54,0.54,0.631176104542626,6,0.06,2.260869565217391,7,0.27
work,M10O90D1,4601,4.601,1.4,54,0.54,0.631176104542626,6,0.06,2.260869565217391,7,0.27
work,M10O90D1,4701,4.7010000000000005,1.0,58,0.58,0.585065339141257,2,0.02,1.2857142857142858,7,0.3
work,M10O90D1,4701,4.7010000000000005,1.2,58,0.58,0.585065339141257,2,0.02,1.2857142857142858,7,0.3
work,M10O90D1,4701,4.7010000000000005,1.4,60,0.6,0.625326695706285,2,0.02,1.25,6,0.3
work,M10O90D1,4801,4.801,1.0,62,0.62,0.690914747977598,5,0.05,2.1052631578947367,8,0.19
work,M10O90D1,4801,4.801,1.2,62,0.62,0.690914747977598,5,0.05,2.1052631578947367,8,0.19
work,M10O90D1,4801,4.801,1.4,62,0.62,0.690914747977598,5,0.05,2.1052631578947367,8,0.19
work,M10O90D1,4901,4.901,1.0,42,0.42,0.440261356565028,5,0.05,2.5517241379310347,10,0.27
work,M10O90D1,4901,4.901,1.2,43,0.43,0.4477286869943995,5,0.05,2.6140350877192984,11,0.24
work,M10O90D1,4901,4.901,1.4,44,0.44,0.455196017423771,6,0.06,2.821428571428572,11,0.22
work-1,M10O90D1,1001,1.001,1.0,50,0.5,0.55065339141257,7,0.07,2.32,7,0.3
work-1,M10O90D1,1001,1.001,1.2,51,0.51,0.5581207218419415,7,0.07,2.4285714285714284,9,0.25
work-1,M10O90D1,1001,1.001,1.4,51,0.51,0.5581207218419415,7,0.07,2.4285714285714284,9,0.25
work-1,M10O90D1,1101,1.101,1.0,46,0.46,0.470130678282514,5,0.05,2.074074074074074,11,0.26
work-1,M10O90D1,1101,1.101,1.2,46,0.46,0.470130678282514,5,0.05,2.074074074074074,11,0.26
work-1,M10O90D1,1101,1.101,1.4,46,0.46,0.470130678282514,5,0.05,2.2962962962962963,10,0.26
work-1,M10O90D1,1201,1.201,1.0,51,0.51,0.5581207218419415,5,0.05,2.142857142857143,9,0.25
work-1,M10O90D1,1201,1.201,1.2,51,0.51,0.5581207218419415,5,0.05,2.142857142857143,9,0.25
work-1,M10O90D1,1201,1.201,1.4,51,0.51,0.5581207218419415,5,0.05,2.142857142857143,9,0.25
work-1,M10O90D1,1301,1.301,1.0,47,0.47,0.5535780958307405,6,0.06,2.39622641509434,9,0.27
work-1,M10O90D1,1301,1.301,1.2,47,0.47,0.5535780958307405,6,0.06,2.39622641509434,9,0.27
work-1,M10O90D1,1301,1.301,1.4,51,0.51,0.5834474175482265,6,0.06,2.4285714285714284,7,0.27
work-1,M10O90D1,1401,1.401,1.0,41,0.41,0.4834474175482265,4,0.04,1.847457627118644,10,0.34
work-1,M10O90D1,1401,1.401,1.2,41,0.41,0.4834474175482265,4,0.04,1.847457627118644,10,0.34
work-1,M10O90D1,1401,1.401,1.4,42,0.42,0.490914747977598,4,0.04,1.862068965517241,10,0.33
work-1,M10O90D1,1501,1.501,1.0,52,0.52,0.590914747977598,4,0.04,1.9583333333333333,11,0.22
work-1,M10O90D1,1501,1.501,1.2,53,0.53,0.5983820784069696,4,0.04,1.9787234042553192,11,0.21
work-1,M10O90D1,1501,1.501,1.4,53,0.53,0.5983820784069696,4,0.04,1.9787234042553192,11,0.21
work-1,M10O90D1,1601,1.601,1.0,56,0.56,0.620784069695084,3,0.03,1.2727272727272727,5,0.35
work-1,M10O90D1,1601,1.601,1.2,58,0.58,0.635718730553827,3,0.03,1.2857142857142858,5,0.33
work-1,M10O90D1,1601,1.601,1.4,59,0.59,0.6431860609831985,3,0.03,1.3414634146341464,6,0.3
work-1,M10O90D1,1701,1.701,1.0,45,0.45,0.4879900435594275,8,0.08,2.709090909090909,15,0.18
work-1,M10O90D1,1701,1.701,1.2,47,0.47,0.5029247044181705,8,0.08,2.811320754716981,14,0.17
work-1,M10O90D1,1701,1.701,1.4,47,0.47,0.5029247044181705,8,0.08,2.9245283018867925,14,0.16
work-1,M10O90D1,1801,1.801,1.0,46,0.46,0.470130678282514,5,0.05,2.1481481481481484,12,0.24
work-1,M10O90D1,1801,1.801,1.2,46,0.46,0.470130678282514,5,0.05,2.185185185185185,13,0.22
work-1,M10O90D1,1801,1.801,1.4,46,0.46,0.470130678282514,5,0.05,2.2962962962962963,13,0.21
work-1,M10O90D1,1901,1.901,1.0,47,0.47,0.5282514001244555,8,0.08,2.6226415094339623,8,0.3
work-1,M10O90D1,1901,1.901,1.2,53,0.53,0.5730553827006845,8,0.08,2.48936170212766,7,0.28
work-1,M10O90D1,1901,1.901,1.4,61,0.61,0.6834474175482265,3,0.03,1.358974358974359,6,0.28
work-1,M10O90D1,2001,2.001,1.0,46,0.46,0.5207840696950841,6,0.06,2.259259259259259,12,0.24
work-1,M10O90D1,2001,2.001,1.2,46,0.46,0.5207840696950841,6,0.06,2.2962962962962963,13,0.22
work-1,M10O90D1,2001,2.001,1.4,46,0.46,0.5207840696950841,6,0.06,2.2962962962962963,13,0.22
work-1,M10O90D1,2101,2.101,1.0,47,0.47,0.5282514001244555,6,0.06,2.547169811320755,15,0.16
work-1,M10O90D1,2101,2.101,1.2,49,0.49,0.5431860609831985,6,0.06,2.5686274509803924,14,0.16
work-1,M10O90D1,2101,2.101,1.4,49,0.49,0.5431860609831985,6,0.06,2.803921568627451,13,0.16
work-1,M10O90D1,2201,2.201,1.0,48,0.48,0.535718730553827,5,0.05,2.1923076923076925,9,0.27
work-1,M10O90D1,2201,2.201,1.2,48,0.48,0.535718730553827,7,0.07,2.576923076923077,8,0.27
work-1,M10O90D1,2201,2.201,1.4,48,0.48,0.535718730553827,7,0.07,2.576923076923077,8,0.27
work-1,M10O90D1,2301,2.301,1.0,46,0.46,0.470130678282514,8,0.08,3.1481481481481484,8,0.27
work-1,M10O90D1,2301,2.301,1.2,46,0.46,0.470130678282514,8,0.08,3.4444444444444446,9,0.24
work-1,M10O90D1,2301,2.301,1.4,46,0.46,0.470130678282514,8,0.08,3.4444444444444446,9,0.24
work-1,M10O90D1,2401,2.401,1.0,53,0.53,0.5730553827006845,4,0.04,1.680851063829787,5,0.34
work-1,M10O90D1,2401,2.401,1.2,54,0.54,0.580522713130056,4,0.04,1.6956521739130437,5,0.33
work-1,M10O90D1,2401,2.401,1.4,55,0.55,0.5879900435594275,4,0.04,1.711111111111111,5,0.32
work-1,M10O90D1,2501,2.501,1.0,52,0.52,0.565588052271313,4,0.04,2.2916666666666665,12,0.17
work-1,M10O90D1,2501,2.501,1.2,55,0.55,0.5879900435594275,4,0.04,2.422222222222222,11,0.15
work-1,M10O90D1,2501,2.501,1.4,59,0.59,0.6431860609831985,4,0.04,2.463414634146341,11,0.12
work-1,M10O90D1,2601,2.601,1.0,41,0.41,0.4074673304293715,4,0.04,2.0847457627118646,12,0.28
work-1,M10O90D1,2601,2.601,1.2,41,0.41,0.4074673304293715,4,0.04,2.0847457627118646,12,0.28
work-1,M10O90D1,2601,2.601,1.4,41,0.41,0.4074673304293715,4,0.04,2.1186440677966103,13,0.26
work-1,M10O90D1,2701,2.701,1.0,52,0.52,0.514934660858743,6,0.06,2.0416666666666665,8,0.28
work-1,M10O90D1,2701,2.701,1.2,52,0.52,0.514934660858743,6,0.06,2.083333333333333,9,0.26
work-1,M10O90D1,2701,2.701,1.4,53,0.53,0.5224019912881145,6,0.06,2.106382978723404,9,0.25
work-1,M10O90D1,2801,2.801,1.0,40,0.4,0.4,4,0.04,1.9,12,0.31
work-1,M10O90D1,2801,2.801,1.2,40,0.4,0.4,4,0.04,1.9333333333333331,13,0.29
work-1,M10O90D1,2801,2.801,1.4,43,0.43,0.4477286869943995,4,0.04,1.8771929824561404,12,0.29
work-1,M10O90D1,2901,2.901,1.0,55,0.55,0.5879900435594275,9,0.09,2.7333333333333334,5,0.3
work-1,M10O90D1,2901,2.901,1.2,55,0.55,0.5879900435594275,9,0.09,2.7333333333333334,5,0.3
work-1,M10O90D1,2901,2.901,1.4,55,0.55,0.5879900435594275,9,0.09,2.7333333333333334,5,0.3
work-1,M10O90D1,3001,3.001,1.0,46,0.46,0.444803982576229,6,0.06,2.074074074074074,11,0.28
work-1,M10O90D1,3001,3.001,1.2,46,0.46,0.444803982576229,6,0.06,2.074074074074074,11,0.28
work-1,M10O90D1,3001,3.001,1.4,46,0.46,0.444803982576229,6,0.06,2.2222222222222223,11,0.27
work-1,M10O90D1,3101,3.101,1.0,47,0.47,0.4775980087118855,5,0.05,2.2452830188679247,10,0.26
work-1,M10O90D1,3101,3.101,1.2,49,0.49,0.4925326695706285,5,0.05,2.411764705882353,11,0.21
work-1,M10O90D1,3101,3.101,1.4,49,0.49,0.4925326695706285,5,0.05,2.5294117647058822,11,0.2
work-1,M10O90D1,3201,3.201,1.0,61,0.61,0.6581207218419415,3,0.03,1.4615384615384617,8,0.24
work-1,M10O90D1,3201,3.201,1.2,63,0.63,0.6983820784069695,3,0.03,1.4324324324324325,7,0.24
work-1,M10O90D1,3201,3.201,1.4,64,0.64,0.7058494088363411,3,0.03,1.4444444444444444,7,0.23
work-1,M10O90D1,3301,3.301,1.0,51,0.51,0.5074673304293715,4,0.04,1.7346938775510203,10,0.27
work-1,M10O90D1,3301,3.301,1.2,51,0.51,0.5074673304293715,4,0.04,1.7346938775510203,10,0.27
work-1,M10O90D1,3301,3.301,1.4,52,0.52,0.514934660858743,5,0.05,1.9166666666666667,10,0.25
work-1,M10O90D1,3401,3.401,1.0,49,0.49,0.5178593652769135,5,0.05,2.215686274509804,11,0.23
work-1,M10O90D1,3401,3.401,1.2,49,0.49,0.5178593652769135,7,0.07,2.6862745098039214,10,0.23
work-1,M10O90D1,3401,3.401,1.4,49,0.49,0.5178593652769135,7,0.07,2.843137254901961,10,0.21
work-1,M10O90D1,3501,3.501,1.0,59,0.59,0.5925326695706284,3,0.03,1.3902439024390243,7,0.28
work-1,M10O90D1,3501,3.501,1.2,59,0.59,0.5925326695706284,3,0.03,1.4390243902439024,8,0.26
work-1,M10O90D1,3501,3.501,1.4,59,0.59,0.5925326695706284,3,0.03,1.4390243902439024,8,0.26
work-1,M10O90D1,3601,3.601,1.0,47,0.47,0.5029247044181705,3,0.03,1.490566037735849,10,0.33
work-1,M10O90D1,3601,3.601,1.2,47,0.47,0.5029247044181705,3,0.03,1.490566037735849,10,0.33
work-1,M10O90D1,3601,3.601,1.4,47,0.47,0.5029247044181705,3,0.03,1.490566037735849,10,0.33
work-1,M10O90D1,3701,3.701,1.0,59,0.59,0.5925326695706284,3,0.03,1.7804878048780488,9,0.21
work-1,M10O90D1,3701,3.701,1.2,60,0.6,0.6,3,0.03,1.8,9,0.2
work-1,M10O90D1,3701,3.701,1.4,64,0.64,0.655196017423771,5,0.05,2.055555555555556,7,0.19
work-1,M10O90D1,3801,3.801,1.0,61,0.61,0.6581207218419415,4,0.04,2.1794871794871797,10,0.15
work-1,M10O90D1,3801,3.801,1.2,61,0.61,0.6581207218419415,4,0.04,2.1794871794871797,10,0.15
work-1,M10O90D1,3801,3.801,1.4,61,0.61,0.6581207218419415,5,0.05,2.3846153846153846,10,0.14
work-1,M10O90D1,3901,3.901,1.0,53,0.53,0.5983820784069696,5,0.05,2.106382978723404,11,0.21
work-1,M10O90D1,3901,3.901,1.2,54,0.54,0.605849408836341,5,0.05,2.1739130434782608,12,0.18
work-1,M10O90D1,3901,3.901,1.4,55,0.55,0.6133167392657125,5,0.05,2.2,12,0.17
work-1,M10O90D1,4001,4.001,1.0,47,0.47,0.5029247044181705,9,0.09,2.811320754716981,8,0.29
work-1,M10O90D1,4001,4.001,1.2,47,0.47,0.5029247044181705,9,0.09,3.150943396226415,7,0.29
work-1,M10O90D1,4001,4.001,1.4,48,0.48,0.510392034847542,9,0.09,3.1923076923076925,7,0.28
work-1,M10O90D1,4101,4.101,1.0,51,0.51,0.5327940261356565,3,0.03,1.6938775510204085,14,0.21
work-1,M10O90D1,4101,4.101,1.2,54,0.54,0.555196017423771,3,0.03,1.6956521739130437,13,0.2
work-1,M10O90D1,4101,4.101,1.4,54,0.54,0.555196017423771,4,0.04,1.8695652173913044,12,0.2
work-1,M10O90D1,4201,4.2010000000000005,1.0,42,0.42,0.389607965152458,7,0.07,2.5517241379310347,10,0.29
work-1,M10O90D1,4201,4.2010000000000005,1.2,42,0.42,0.389607965152458,7,0.07,2.6206896551724137,10,0.28
work-1,M10O90D1,4201,4.2010000000000005,1.4,48,0.48,0.459738643434972,7,0.07,2.4615384615384617,10,0.25
work-1,M10O90D1,4301,4.301,1.0,45,0.45,0.4120099564405725,5,0.05,1.945454545454545,11,0.29
work-1,M10O90D1,4301,4.301,1.2,46,0.46,0.419477286869944,5,0.05,1.962962962962963,11,0.28
work-1,M10O90D1,4301,4.301,1.4,46,0.46,0.419477286869944,5,0.05,2.037037037037037,11,0.27
work-1,M10O90D1,4401,4.401,1.0,47,0.47,0.4522713130056005,5,0.05,2.169811320754717,12,0.23
work-1,M10O90D1,4401,4.401,1.2,47,0.47,0.4522713130056005,6,0.06,2.4716981132075477,11,0.23
work-1,M10O90D1,4401,4.401,1.4,47,0.47,0.4522713130056005,6,0.06,2.4716981132075477,11,0.23
work-1,M10O90D1,4501,4.501,1.0,56,0.56,0.544803982576229,6,0.06,1.9090909090909087,5,0.31
work-1,M10O90D1,4501,4.501,1.2,56,0.56,0.544803982576229,6,0.06,1.9090909090909087,5,0.31
work-1,M10O90D1,4501,4.501,1.4,57,0.57,0.5522713130056005,6,0.06,1.930232558139535,5,0.3
work-1,M10O90D1,4601,4.601,1.0,50,0.5,0.5,4,0.04,1.92,10,0.26
work-1,M10O90D1,4601,4.601,1.2,50,0.5,0.5,4,0.04,1.92,10,0.26
work-1,M10O90D1,4601,4.601,1.4,52,0.52,0.514934660858743,4,0.04,1.9166666666666667,9,0.26
work-1,M10O90D1,4701,4.7010000000000005,1.0,32,0.32,0.314934660858743,12,0.12,4.0,11,0.3
work-1,M10O90D1,4701,4.7010000000000005,1.2,32,0.32,0.314934660858743,12,0.12,4.0,11,0.3
work-1,M10O90D1,4701,4.7010000000000005,1.4,46,0.46,0.470130678282514,7,0.07,2.2962962962962963,9,0.3
work-1,M10O90D1,4801,4.801,1.0,43,0.43,0.3970752955818294,5,0.05,2.508771929824561,10,0.27
work-1,M10O90D1,4801,4.801,1.2,44,0.44,0.404542626011201,6,0.06,2.7142857142857144,10,0.25
work-1,M10O90D1,4801,4.801,1.4,44,0.44,0.404542626011201,6,0.06,2.857142857142857,10,0.24
work-1,M10O90D1,4901,4.901,1.0,41,0.41,0.4074673304293715,17,0.17,6.084745762711864,10,0.23
work-1,M10O90D1,4901,4.901,1.2,41,0.41,0.4074673304293715,17,0.17,6.084745762711864,10,0.23
work-1,M10O90D1,4901,4.901,1.4,42,0.42,0.414934660858743,17,0.17,6.172413793103448,10,0.22
work-2,M10O90D1,1001,1.001,1.0,50,0.5,0.525326695706285,4,0.04,1.56,8,0.33
work-2,M10O90D1,1001,1.001,1.2,52,0.52,0.540261356565028,4,0.04,1.5416666666666667,7,0.33
work-2,M10O90D1,1001,1.001,1.4,55,0.55,0.5626633478531425,4,0.04,1.5333333333333334,6,0.32
work-2,M10O90D1,1101,1.101,1.0,50,0.5,0.5,7,0.07,2.48,7,0.29
work-2,M10O90D1,1101,1.101,1.2,50,0.5,0.5,7,0.07,2.48,7,0.29
work-2,M10O90D1,1101,1.101,1.4,50,0.5,0.5,9,0.09,3.08,7,0.27
work-2,M10O90D1,1201,1.201,1.0,47,0.47,0.4522713130056005,4,0.04,1.679245283018868,12,0.28
work-2,M10O90D1,1201,1.201,1.2,49,0.49,0.4672059738643435,4,0.04,1.862745098039216,11,0.26
work-2,M10O90D1,1201,1.201,1.4,50,0.5,0.474673304293715,4,0.04,1.88,11,0.25
work-2,M10O90D1,1301,1.301,1.0,47,0.47,0.4522713130056005,8,0.08,2.849056603773585,8,0.27
work-2,M10O90D1,1301,1.301,1.2,47,0.47,0.4522713130056005,8,0.08,3.188679245283019,7,0.27
work-2,M10O90D1,1301,1.301,1.4,47,0.47,0.4522713130056005,9,0.09,3.490566037735849,7,0.26
work-2,M10O90D1,1401,1.401,1.0,46,0.46,0.419477286869944,8,0.08,3.703703703703704,9,0.2
work-2,M10O90D1,1401,1.401,1.2,46,0.46,0.419477286869944,8,0.08,3.703703703703704,9,0.2
work-2,M10O90D1,1401,1.401,1.4,47,0.47,0.4269446172993155,8,0.08,3.7547169811320753,9,0.19
work-2,M10O90D1,1501,1.501,1.0,46,0.46,0.470130678282514,6,0.06,2.2222222222222223,10,0.28
work-2,M10O90D1,1501,1.501,1.2,47,0.47,0.4775980087118855,6,0.06,2.2452830188679247,10,0.27
work-2,M10O90D1,1501,1.501,1.4,47,0.47,0.4775980087118855,6,0.06,2.2452830188679247,10,0.27
work-2,M10O90D1,1601,1.601,1.0,54,0.54,0.529869321717486,5,0.05,1.6956521739130437,8,0.29
work-2,M10O90D1,1601,1.601,1.2,59,0.59,0.5925326695706284,2,0.02,1.2926829268292683,7,0.29
work-2,M10O90D1,1601,1.601,1.4,60,0.6,0.6,5,0.05,1.7,6,0.27
work-2,M10O90D1,1701,1.701,1.0,42,0.42,0.414934660858743,8,0.08,2.4482758620689653,11,0.3
work-2,M10O90D1,1701,1.701,1.2,42,0.42,0.414934660858743,8,0.08,2.4827586206896552,12,0.28
work-2,M10O90D1,1701,1.701,1.4,42,0.42,0.414934660858743,9,0.09,2.7586206896551726,12,0.27
work-2,M10O90D1,1801,1.801,1.0,56,0.56,0.570130678282514,5,0.05,2.5,9,0.19
work-2,M10O90D1,1801,1.801,1.2,59,0.59,0.5925326695706284,5,0.05,2.5609756097560976,8,0.18
work-2,M10O90D1,1801,1.801,1.4,59,0.59,0.5925326695706284,5,0.05,2.5609756097560976,8,0.18
work-2,M10O90D1,1901,1.901,1.0,40,0.4,0.425326695706285,5,0.05,2.1666666666666665,12,0.29
work-2,M10O90D1,1901,1.901,1.2,41,0.41,0.4327940261356565,7,0.07,2.796610169491525,10,0.27
work-2,M10O90D1,1901,1.901,1.4,41,0.41,0.4327940261356565,8,0.08,3.135593220338983,10,0.25
work-2,M10O90D1,2001,2.001,1.0,55,0.55,0.5626633478531425,6,0.06,3.0,10,0.15
work-2,M10O90D1,2001,2.001,1.2,55,0.55,0.5626633478531425,6,0.06,3.0,10,0.15
work-2,M10O90D1,2001,2.001,1.4,55,0.55,0.5626633478531425,6,0.06,3.0,10,0.15
work-2,M10O90D1,2101,2.101,1.0,44,0.44,0.455196017423771,6,0.06,2.4285714285714284,13,0.22
work-2,M10O90D1,2101,2.101,1.2,44,0.44,0.455196017423771,6,0.06,2.7142857142857144,12,0.22
work-2,M10O90D1,2101,2.101,1.4,44,0.44,0.455196017423771,6,0.06,2.7142857142857144,12,0.22
work-2,M10O90D1,2201,2.201,1.0,42,0.42,0.364281269446173,6,0.06,2.1379310344827585,11,0.3
work-2,M10O90D1,2201,2.201,1.2,42,0.42,0.364281269446173,10,0.1,3.1724137931034484,11,0.26
work-2,M10O90D1,2201,2.201,1.4,43,0.43,0.3717485998755445,13,0.13,4.2631578947368425,10,0.25
work-2,M10O90D1,2301,2.301,1.0,43,0.43,0.4477286869943995,8,0.08,2.824561403508772,13,0.21
work-2,M10O90D1,2301,2.301,1.2,44,0.44,0.455196017423771,8,0.08,2.857142857142857,13,0.2
work-2,M10O90D1,2301,2.301,1.4,45,0.45,0.4626633478531425,8,0.08,3.0,13,0.18
work-2,M10O90D1,2401,2.401,1.0,41,0.41,0.3821406347230865,8,0.08,2.9322033898305087,10,0.28
work-2,M10O90D1,2401,2.401,1.2,41,0.41,0.3821406347230865,8,0.08,3.135593220338983,9,0.28
work-2,M10O90D1,2401,2.401,1.4,41,0.41,0.3821406347230865,8,0.08,3.3389830508474576,9,0.27
work-2,M10O90D1,2501,2.501,1.0,36,0.36,0.344803982576229,5,0.05,2.5,14,0.25
work-2,M10O90D1,2501,2.501,1.2,37,0.37,0.3522713130056005,5,0.05,2.523809523809524,14,0.24
work-2,M10O90D1,2501,2.501,1.4,37,0.37,0.3522713130056005,5,0.05,2.523809523809524,14,0.24
work-2,M10O90D1,2601,2.601,1.0,47,0.47,0.5029247044181705,7,0.07,2.6226415094339623,8,0.29
work-2,M10O90D1,2601,2.601,1.2,47,0.47,0.5029247044181705,7,0.07,2.6226415094339623,8,0.29
work-2,M10O90D1,2601,2.601,1.4,48,0.48,0.510392034847542,7,0.07,2.769230769230769,8,0.27
work-2,M10O90D1,2701,2.701,1.0,52,0.52,0.590914747977598,8,0.08,2.9166666666666665,7,0.25
work-2,M10O90D1,2701,2.701,1.2,53,0.53,0.5983820784069696,8,0.08,2.9574468085106385,7,0.24
work-2,M10O90D1,2701,2.701,1.4,55,0.55,0.6386434349719975,8,0.08,3.0444444444444443,7,0.22
work-2,M10O90D1,2801,2.801,1.0,51,0.51,0.5581207218419415,6,0.06,2.4693877551020407,9,0.25
work-2,M10O90D1,2801,2.801,1.2,51,0.51,0.5581207218419415,6,0.06,2.4693877551020407,9,0.25
work-2,M10O90D1,2801,2.801,1.4,57,0.57,0.6282514001244555,6,0.06,1.976744186046512,8,0.25
work-2,M10O90D1,2901,2.901,1.0,46,0.46,0.444803982576229,8,0.08,2.6666666666666665,8,0.3
work-2,M10O90D1,2901,2.901,1.2,52,0.52,0.514934660858743,8,0.08,2.458333333333333,7,0.29
work-2,M10O90D1,2901,2.901,1.4,52,0.52,0.514934660858743,8,0.08,2.458333333333333,7,0.29
work-2,M10O90D1,3001,3.001,1.0,47,0.47,0.4775980087118855,3,0.03,1.6037735849056605,13,0.27
work-2,M10O90D1,3001,3.001,1.2,47,0.47,0.4775980087118855,3,0.03,1.6037735849056605,13,0.27
work-2,M10O90D1,3001,3.001,1.4,48,0.48,0.485065339141257,4,0.04,1.7692307692307692,12,0.26
work-2,M10O90D1,3101,3.101,1.0,44,0.44,0.455196017423771,6,0.06,2.25,11,0.27
work-2,M10O90D1,3101,3.101,1.2,47,0.47,0.4775980087118855,6,0.06,2.320754716981132,11,0.24
work-2,M10O90D1,3101,3.101,1.4,53,0.53,0.5730553827006845,6,0.06,2.48936170212766,10,0.2
work-2,M10O90D1,3201,3.201,1.0,67,0.67,0.7029247044181705,7,0.07,2.515151515151515,4,0.21
work-2,M10O90D1,3201,3.201,1.2,68,0.68,0.710392034847542,7,0.07,2.5625,4,0.2
work-2,M10O90D1,3201,3.201,1.4,79,0.79,0.8431860609831985,2,0.02,1.0952380952380951,2,0.19
work-2,M10O90D1,3301,3.301,1.0,47,0.47,0.4269446172993155,4,0.04,1.830188679245283,12,0.26
work-2,M10O90D1,3301,3.301,1.2,47,0.47,0.4269446172993155,9,0.09,3.0,10,0.24
work-2,M10O90D1,3301,3.301,1.4,49,0.49,0.4418792781580585,9,0.09,3.0392156862745097,9,0.24
work-2,M10O90D1,3401,3.401,1.0,46,0.46,0.444803982576229,7,0.07,2.259259259259259,9,0.3
work-2,M10O90D1,3401,3.401,1.2,48,0.48,0.459738643434972,7,0.07,2.269230769230769,8,0.3
work-2,M10O90D1,3401,3.401,1.4,48,0.48,0.459738643434972,7,0.07,2.269230769230769,8,0.3
work-2,M10O90D1,3501,3.501,1.0,43,0.43,0.4477286869943995,9,0.09,3.1052631578947367,10,0.27
work-2,M10O90D1,3501,3.501,1.2,43,0.43,0.4477286869943995,9,0.09,3.1403508771929824,11,0.25
work-2,M10O90D1,3501,3.501,1.4,43,0.43,0.4477286869943995,9,0.09,3.1403508771929824,11,0.25
work-2,M10O90D1,3601,3.601,1.0,39,0.39,0.3925326695706285,6,0.06,2.540983606557377,11,0.29
work-2,M10O90D1,3601,3.601,1.2,40,0.4,0.4,6,0.06,2.566666666666667,11,0.28
work-2,M10O90D1,3601,3.601,1.4,40,0.4,0.4,7,0.07,3.0,11,0.25
work-2,M10O90D1,3701,3.701,1.0,47,0.47,0.4775980087118855,8,0.08,2.547169811320755,9,0.28
work-2,M10O90D1,3701,3.701,1.2,48,0.48,0.485065339141257,8,0.08,2.576923076923077,9,0.27
work-2,M10O90D1,3701,3.701,1.4,49,0.49,0.4925326695706285,8,0.08,2.647058823529412,10,0.24
work-2,M10O90D1,3801,3.801,1.0,50,0.5,0.55065339141257,5,0.05,1.8,10,0.28
work-2,M10O90D1,3801,3.801,1.2,50,0.5,0.55065339141257,5,0.05,1.88,10,0.27
work-2,M10O90D1,3801,3.801,1.4,52,0.52,0.565588052271313,5,0.05,1.9583333333333333,9,0.26
work-2,M10O90D1,3901,3.901,1.0,49,0.49,0.4925326695706285,8,0.08,2.764705882352941,13,0.18
work-2,M10O90D1,3901,3.901,1.2,52,0.52,0.514934660858743,8,0.08,2.833333333333333,12,0.17
work-2,M10O90D1,3901,3.901,1.4,52,0.52,0.514934660858743,8,0.08,2.958333333333333,12,0.16
work-2,M10O90D1,4001,4.001,1.0,43,0.43,0.4224019912881145,6,0.06,2.017543859649123,10,0.32
work-2,M10O90D1,4001,4.001,1.2,43,0.43,0.4224019912881145,7,0.07,2.263157894736842,11,0.29
work-2,M10O90D1,4001,4.001,1.4,43,0.43,0.4224019912881145,7,0.07,2.473684210526316,10,0.29
work-2,M10O90D1,4101,4.101,1.0,48,0.48,0.510392034847542,5,0.05,1.8461538461538465,10,0.29
work-2,M10O90D1,4101,4.101,1.2,48,0.48,0.510392034847542,5,0.05,1.8461538461538465,10,0.29
work-2,M10O90D1,4101,4.101,1.4,48,0.48,0.510392034847542,5,0.05,1.9615384615384612,10,0.28
work-2,M10O90D1,4201,4.2010000000000005,1.0,44,0.44,0.455196017423771,10,0.1,3.25,7,0.31
work-2,M10O90D1,4201,4.2010000000000005,1.2,45,0.45,0.4626633478531425,10,0.1,3.290909090909091,7,0.3
work-2,M10O90D1,4201,4.2010000000000005,1.4,45,0.45,0.4626633478531425,10,0.1,3.290909090909091,7,0.3
work-2,M10O90D1,4301,4.301,1.0,51,0.51,0.4821406347230865,7,0.07,2.795918367346939,11,0.19
work-2,M10O90D1,4301,4.301,1.2,51,0.51,0.4821406347230865,7,0.07,2.795918367346939,11,0.19
work-2,M10O90D1,4301,4.301,1.4,52,0.52,0.4896079651524579,7,0.07,2.833333333333333,11,0.18
work-2,M10O90D1,4401,4.401,1.0,54,0.54,0.605849408836341,3,0.03,1.608695652173913,9,0.27
work-2,M10O90D1,4401,4.401,1.2,55,0.55,0.6133167392657125,3,0.03,1.6222222222222222,9,0.26
work-2,M10O90D1,4401,4.401,1.4,55,0.55,0.6133167392657125,3,0.03,1.6222222222222222,9,0.26
work-2,M10O90D1,4501,4.501,1.0,49,0.49,0.5431860609831985,4,0.04,1.6274509803921569,12,0.27
work-2,M10O90D1,4501,4.501,1.2,49,0.49,0.5431860609831985,4,0.04,1.6274509803921569,12,0.27
work-2,M10O90D1,4501,4.501,1.4,49,0.49,0.5431860609831985,4,0.04,1.7058823529411764,12,0.26
work-2,M10O90D1,4601,4.601,1.0,50,0.5,0.55065339141257,4,0.04,1.56,10,0.3
work-2,M10O90D1,4601,4.601,1.2,50,0.5,0.55065339141257,4,0.04,1.8,9,0.29
work-2,M10O90D1,4601,4.601,1.4,50,0.5,0.55065339141257,6,0.06,2.2,8,0.28
work-2,M10O90D1,4701,4.7010000000000005,1.0,50,0.5,0.5,6,0.06,2.32,7,0.29
work-2,M10O90D1,4701,4.7010000000000005,1.2,50,0.5,0.5,6,0.06,2.32,7,0.29
work-2,M10O90D1,4701,4.7010000000000005,1.4,53,0.53,0.5477286869943995,6,0.06,2.574468085106383,6,0.27
work-2,M10O90D1,4801,4.801,1.0,52,0.52,0.540261356565028,6,0.06,1.875,8,0.3
work-2,M10O90D1,4801,4.801,1.2,52,0.52,0.540261356565028,6,0.06,2.0416666666666665,7,0.3
work-2,M10O90D1,4801,4.801,1.4,52,0.52,0.540261356565028,8,0.08,2.5416666666666665,6,0.3
work-2,M10O90D1,4901,4.901,1.0,54,0.54,0.580522713130056,5,0.05,1.7826086956521738,10,0.25
work-2,M10O90D1,4901,4.901,1.2,54,0.54,0.580522713130056,5,0.05,1.7826086956521738,10,0.25
work-2,M10O90D1,4901,4.901,1.4,54,0.54,0.580522713130056,5,0.05,1.7826086956521738,10,0.25
work,M20O80D1,1001,1.001,1.0,46,0.46,0.4559582919563059,9,0.09,3.555555555555556,9,0.22
work,M20O80D1,1001,1.001,1.2,55,0.55,0.55,6,0.06,2.7333333333333334,7,0.22
work,M20O80D1,1001,1.001,1.4,55,0.55,0.55,6,0.06,2.7333333333333334,7,0.22
work,M20O80D1,1101,1.101,1.0,54,0.54,0.5238331678252235,12,0.12,4.260869565217392,7,0.22
work,M20O80D1,1101,1.101,1.2,55,0.55,0.5297914597815293,12,0.12,4.333333333333333,7,0.21
work,M20O80D1,1101,1.101,1.4,67,0.67,0.7023336643495531,3,0.03,1.606060606060606,7,0.19
work,M20O80D1,1201,1.201,1.0,54,0.54,0.5238331678252235,5,0.05,2.347826086956522,14,0.13
work,M20O80D1,1201,1.201,1.2,54,0.54,0.5238331678252235,5,0.05,2.5217391304347827,13,0.13
work,M20O80D1,1201,1.201,1.4,56,0.56,0.5559582919563059,5,0.05,2.5454545454545454,12,0.13
work,M20O80D1,1301,1.301,1.0,62,0.62,0.6321251241310825,4,0.04,1.8421052631578947,10,0.17
work,M20O80D1,1301,1.301,1.2,62,0.62,0.6321251241310825,4,0.04,1.8421052631578947,10,0.17
work,M20O80D1,1301,1.301,1.4,62,0.62,0.6321251241310825,4,0.04,1.947368421052632,10,0.16
work,M20O80D1,1401,1.401,1.0,44,0.44,0.4238331678252234,6,0.06,2.142857142857143,10,0.3
work,M20O80D1,1401,1.401,1.2,47,0.47,0.4619165839126117,6,0.06,2.169811320754717,9,0.29
work,M20O80D1,1401,1.401,1.4,48,0.48,0.4880834160873882,7,0.07,2.423076923076923,9,0.27
work,M20O80D1,1501,1.501,1.0,50,0.5,0.4595829195630586,8,0.08,2.52,10,0.25
work,M20O80D1,1501,1.501,1.2,59,0.59,0.6142502482621649,3,0.03,1.5853658536585369,9,0.23
work,M20O80D1,1501,1.501,1.4,59,0.59,0.6142502482621649,3,0.03,1.5853658536585369,9,0.23
work,M20O80D1,1601,1.601,1.0,40,0.4,0.3191658391261172,5,0.05,2.566666666666667,12,0.25
work,M20O80D1,1601,1.601,1.2,45,0.45,0.3893743793445879,7,0.07,2.709090909090909,10,0.25
work,M20O80D1,1601,1.601,1.4,45,0.45,0.3893743793445879,13,0.13,4.563636363636364,9,0.23
work,M20O80D1,1701,1.701,1.0,39,0.39,0.3132075471698113,11,0.11,4.245901639344262,11,0.21
work,M20O80D1,1701,1.701,1.2,39,0.39,0.3132075471698113,12,0.12,4.60655737704918,11,0.2
work,M20O80D1,1701,1.701,1.4,39,0.39,0.3132075471698113,12,0.12,5.262295081967213,10,0.19
work,M20O80D1,1801,1.801,1.0,44,0.44,0.383416087388282,12,0.12,4.607142857142857,10,0.2
work,M20O80D1,1801,1.801,1.2,44,0.44,0.383416087388282,12,0.12,4.607142857142857,10,0.2
work,M20O80D1,1801,1.801,1.4,44,0.44,0.383416087388282,12,0.12,4.607142857142857,10,0.2
work,M20O80D1,1901,1.901,1.0,43,0.43,0.3774577954319761,10,0.1,3.280701754385965,12,0.23
work,M20O80D1,1901,1.901,1.2,44,0.44,0.383416087388282,10,0.1,3.321428571428572,12,0.22
work,M20O80D1,1901,1.901,1.4,45,0.45,0.4095829195630586,10,0.1,3.4363636363636365,12,0.2
work,M20O80D1,2001,2.001,1.0,44,0.44,0.383416087388282,12,0.12,3.928571428571429,12,0.21
work,M20O80D1,2001,2.001,1.2,44,0.44,0.383416087388282,12,0.12,3.9642857142857135,13,0.19
work,M20O80D1,2001,2.001,1.4,45,0.45,0.3893743793445879,12,0.12,4.0181818181818185,13,0.18
work,M20O80D1,2101,2.101,1.0,50,0.5,0.4797914597815293,7,0.07,2.28,9,0.27
work,M20O80D1,2101,2.101,1.2,50,0.5,0.4797914597815293,7,0.07,2.28,9,0.27
work,M20O80D1,2101,2.101,1.4,52,0.52,0.491708043694141,7,0.07,2.333333333333333,9,0.25
work,M20O80D1,2201,2.201,1.0,50,0.5,0.4797914597815293,3,0.03,1.52,10,0.3
work,M20O80D1,2201,2.201,1.2,52,0.52,0.5119165839126117,3,0.03,1.5833333333333333,9,0.29
work,M20O80D1,2201,2.201,1.4,53,0.53,0.5178748758689176,3,0.03,1.8085106382978724,10,0.24
work,M20O80D1,2301,2.301,1.0,50,0.5,0.4393743793445879,9,0.09,3.0,9,0.24
work,M20O80D1,2301,2.301,1.2,50,0.5,0.4393743793445879,9,0.09,3.0,9,0.24
work,M20O80D1,2301,2.301,1.4,50,0.5,0.4393743793445879,9,0.09,3.0,9,0.24
work,M20O80D1,2401,2.401,1.0,44,0.44,0.383416087388282,4,0.04,2.0,13,0.25
work,M20O80D1,2401,2.401,1.2,44,0.44,0.383416087388282,5,0.05,2.142857142857143,13,0.24
work,M20O80D1,2401,2.401,1.4,45,0.45,0.4095829195630586,5,0.05,2.345454545454545,14,0.2
work,M20O80D1,2501,2.501,1.0,44,0.44,0.4036246276067527,5,0.05,2.4642857142857144,13,0.2
work,M20O80D1,2501,2.501,1.2,45,0.45,0.4095829195630586,7,0.07,3.036363636363636,12,0.18
work,M20O80D1,2501,2.501,1.4,46,0.46,0.4357497517378351,7,0.07,3.074074074074074,12,0.17
work,M20O80D1,2601,2.601,1.0,47,0.47,0.441708043694141,12,0.12,3.867924528301887,8,0.27
work,M20O80D1,2601,2.601,1.2,48,0.48,0.4476663356504469,13,0.13,4.423076923076923,9,0.23
work,M20O80D1,2601,2.601,1.4,48,0.48,0.4476663356504469,13,0.13,4.653846153846154,8,0.23
work,M20O80D1,2701,2.701,1.0,64,0.64,0.6238331678252235,3,0.03,1.5555555555555556,7,0.22
work,M20O80D1,2701,2.701,1.2,65,0.65,0.6297914597815293,5,0.05,1.9142857142857144,6,0.21
work,M20O80D1,2701,2.701,1.4,65,0.65,0.6297914597815293,5,0.05,1.9714285714285715,7,0.19
work,M20O80D1,2801,2.801,1.0,36,0.36,0.2953326713008937,14,0.14,4.5625,10,0.28
work,M20O80D1,2801,2.801,1.2,37,0.37,0.3012909632571996,14,0.14,4.777777777777778,10,0.26
work,M20O80D1,2801,2.801,1.4,37,0.37,0.3012909632571996,16,0.16,5.761904761904762,10,0.23
work,M20O80D1,2901,2.901,1.0,46,0.46,0.4155412115193644,4,0.04,1.7777777777777777,11,0.29
work,M20O80D1,2901,2.901,1.2,48,0.48,0.4476663356504469,4,0.04,1.8846153846153848,10,0.28
work,M20O80D1,2901,2.901,1.4,48,0.48,0.4476663356504469,4,0.04,1.8846153846153848,10,0.28
work,M20O80D1,3001,3.001,1.0,53,0.53,0.5380834160873883,6,0.06,2.191489361702128,13,0.18
work,M20O80D1,3001,3.001,1.2,55,0.55,0.55,6,0.06,2.2,12,0.18
work,M20O80D1,3001,3.001,1.4,55,0.55,0.55,6,0.06,2.2,12,0.18
work,M20O80D1,3101,3.101,1.0,54,0.54,0.5642502482621649,5,0.05,2.652173913043478,10,0.17
work,M20O80D1,3101,3.101,1.2,62,0.62,0.6725422045680238,5,0.05,2.3157894736842106,8,0.17
work,M20O80D1,3101,3.101,1.4,62,0.62,0.6725422045680238,5,0.05,2.3157894736842106,8,0.17
work,M20O80D1,3201,3.201,1.0,48,0.48,0.4678748758689176,5,0.05,2.0384615384615383,9,0.29
work,M20O80D1,3201,3.201,1.2,55,0.55,0.55,4,0.04,1.8,9,0.25
work,M20O80D1,3201,3.201,1.4,57,0.57,0.5821251241310824,4,0.04,1.7906976744186047,8,0.25
work,M20O80D1,3301,3.301,1.0,65,0.65,0.6702085402184706,3,0.03,1.5714285714285714,7,0.21
work,M20O80D1,3301,3.301,1.2,68,0.68,0.7285004965243297,3,0.03,1.5625,6,0.2
work,M20O80D1,3301,3.301,1.4,68,0.68,0.7285004965243297,3,0.03,1.5625,6,0.2
work,M20O80D1,3401,3.401,1.0,48,0.48,0.4678748758689176,6,0.06,2.6538461538461537,11,0.2
work,M20O80D1,3401,3.401,1.2,49,0.49,0.4738331678252234,6,0.06,2.6862745098039214,11,0.19
work,M20O80D1,3401,3.401,1.4,55,0.55,0.5702085402184707,6,0.06,2.7333333333333334,9,0.18
work,M20O80D1,3501,3.501,1.0,59,0.59,0.5334160873882821,8,0.08,3.0,10,0.15
work,M20O80D1,3501,3.501,1.2,59,0.59,0.5334160873882821,8,0.08,3.0,10,0.15
work,M20O80D1,3501,3.501,1.4,59,0.59,0.5334160873882821,8,0.08,3.0,10,0.15
work,M20O80D1,3601,3.601,1.0,52,0.52,0.491708043694141,4,0.04,1.9166666666666667,8,0.28
work,M20O80D1,3601,3.601,1.2,54,0.54,0.5238331678252235,4,0.04,1.9565217391304348,8,0.26
work,M20O80D1,3601,3.601,1.4,55,0.55,0.55,4,0.04,1.9777777777777776,8,0.25
work,M20O80D1,3701,3.701,1.0,48,0.48,0.4274577954319761,6,0.06,2.6153846153846154,10,0.22
work,M20O80D1,3701,3.701,1.2,48,0.48,0.4274577954319761,6,0.06,2.769230769230769,10,0.21
work,M20O80D1,3701,3.701,1.4,48,0.48,0.4274577954319761,6,0.06,2.8846153846153846,10,0.2
work,M20O80D1,3801,3.801,1.0,49,0.49,0.4940417080436941,5,0.05,2.333333333333333,9,0.25
work,M20O80D1,3801,3.801,1.2,49,0.49,0.4940417080436941,5,0.05,2.333333333333333,9,0.25
work,M20O80D1,3801,3.801,1.4,54,0.54,0.5642502482621649,4,0.04,2.0434782608695654,8,0.25
work,M20O80D1,3901,3.901,1.0,65,0.65,0.6702085402184706,9,0.09,3.971428571428572,7,0.12
work,M20O80D1,3901,3.901,1.2,67,0.67,0.6821251241310824,9,0.09,4.090909090909091,6,0.12
work,M20O80D1,3901,3.901,1.4,67,0.67,0.6821251241310824,9,0.09,4.090909090909091,6,0.12
work,M20O80D1,4001,4.001,1.0,48,0.48,0.5689175769612711,6,0.06,2.076923076923077,8,0.31
work,M20O80D1,4001,4.001,1.2,51,0.51,0.5867924528301887,6,0.06,2.1020408163265305,7,0.3
work,M20O80D1,4001,4.001,1.4,52,0.52,0.5927507447864946,6,0.06,2.1666666666666665,8,0.27
work,M20O80D1,4101,4.101,1.0,53,0.53,0.558291956305859,3,0.03,1.8085106382978724,12,0.21
work,M20O80D1,4101,4.101,1.2,53,0.53,0.558291956305859,3,0.03,1.893617021276596,12,0.2
work,M20O80D1,4101,4.101,1.4,53,0.53,0.558291956305859,5,0.05,2.148936170212766,11,0.2
work,M20O80D1,4201,4.2010000000000005,1.0,56,0.56,0.6367924528301887,3,0.03,1.4545454545454546,7,0.3
work,M20O80D1,4201,4.2010000000000005,1.2,56,0.56,0.6367924528301887,3,0.03,1.4545454545454546,7,0.3
work,M20O80D1,4201,4.2010000000000005,1.4,56,0.56,0.6367924528301887,3,0.03,1.5,8,0.28
work,M20O80D1,4301,4.301,1.0,46,0.46,0.4963753723932472,6,0.06,2.592592592592593,10,0.24
work,M20O80D1,4301,4.301,1.2,46,0.46,0.4963753723932472,6,0.06,2.6666666666666665,12,0.2
work,M20O80D1,4301,4.301,1.4,46,0.46,0.4963753723932472,6,0.06,2.6666666666666665,12,0.2
work,M20O80D1,4401,4.401,1.0,55,0.55,0.55,5,0.05,2.422222222222222,10,0.18
work,M20O80D1,4401,4.401,1.2,55,0.55,0.55,6,0.06,2.8222222222222224,9,0.18
work,M20O80D1,4401,4.401,1.4,55,0.55,0.55,6,0.06,2.8222222222222224,9,0.18
work,M20O80D1,4501,4.501,1.0,42,0.42,0.4119165839126117,8,0.08,3.0689655172413794,10,0.26
work,M20O80D1,4501,4.501,1.2,50,0.5,0.5606256206554121,6,0.06,2.28,9,0.26
work,M20O80D1,4501,4.501,1.4,52,0.52,0.5725422045680238,6,0.06,2.4166666666666665,9,0.23
work,M20O80D1,4601,4.601,1.0,65,0.65,0.7308341608738829,5,0.05,1.8571428571428568,7,0.2
work,M20O80D1,4601,4.601,1.2,65,0.65,0.7308341608738829,5,0.05,1.8571428571428568,7,0.2
work,M20O80D1,4601,4.601,1.4,66,0.66,0.7367924528301887,5,0.05,2.117647058823529,9,0.14
work,M20O80D1,4701,4.7010000000000005,1.0,63,0.63,0.6987090367428004,3,0.03,1.5405405405405406,9,0.2
work,M20O80D1,4701,4.7010000000000005,1.2,64,0.64,0.7046673286991063,3,0.03,1.5555555555555556,9,0.19
work,M20O80D1,4701,4.7010000000000005,1.4,64,0.64,0.7046673286991063,4,0.04,1.7222222222222223,9,0.18
work,M20O80D1,4801,4.801,1.0,54,0.54,0.6046673286991062,9,0.09,3.0869565217391304,7,0.24
work,M20O80D1,4801,4.801,1.2,54,0.54,0.6046673286991062,9,0.09,3.130434782608696,8,0.22
work,M20O80D1,4801,4.801,1.4,54,0.54,0.6046673286991062,9,0.09,3.1739130434782608,9,0.2
work,M20O80D1,4901,4.901,1.0,51,0.51,0.5665839126117179,9,0.09,2.7551020408163267,7,0.29
work,M20O80D1,4901,4.901,1.2,52,0.52,0.5927507447864946,10,0.1,3.1666666666666665,7,0.27
work,M20O80D1,4901,4.901,1.4,52,0.52,0.5927507447864946,10,0.1,3.1666666666666665,7,0.27
work-1,M20O80D1,1001,1.001,1.0,46,0.46,0.4963753723932472,9,0.09,2.962962962962963,13,0.2
work-1,M20O80D1,1001,1.001,1.2,48,0.48,0.5285004965243297,9,0.09,3.1538461538461537,11,0.2
work-1,M20O80D1,1001,1.001,1.4,60,0.6,0.6404170804369415,4,0.04,1.9,10,0.18
work-1,M20O80D1,1101,1.101,1.0,41,0.41,0.4463753723932472,5,0.05,2.593220338983051,13,0.21
work-1,M20O80D1,1101,1.101,1.2,41,0.41,0.4463753723932472,6,0.06,2.9661016949152543,12,0.2
work-1,M20O80D1,1101,1.101,1.4,41,0.41,0.4463753723932472,6,0.06,3.0338983050847457,14,0.16
work-1,M20O80D1,1201,1.201,1.0,46,0.46,0.4761668321747765,11,0.11,4.037037037037037,8,0.24
work-1,M20O80D1,1201,1.201,1.2,46,0.46,0.4761668321747765,11,0.11,4.111111111111111,8,0.23
work-1,M20O80D1,1201,1.201,1.4,46,0.46,0.4761668321747765,11,0.11,4.222222222222222,8,0.22
work-1,M20O80D1,1301,1.301,1.0,54,0.54,0.5440417080436941,3,0.03,1.7826086956521738,11,0.22
work-1,M20O80D1,1301,1.301,1.2,56,0.56,0.5559582919563059,3,0.03,1.7727272727272727,10,0.22
work-1,M20O80D1,1301,1.301,1.4,57,0.57,0.5619165839126117,3,0.03,1.7906976744186047,10,0.21
work-1,M20O80D1,1401,1.401,1.0,43,0.43,0.458291956305859,11,0.11,3.456140350877193,8,0.31
work-1,M20O80D1,1401,1.401,1.2,43,0.43,0.458291956305859,11,0.11,3.491228070175439,9,0.29
work-1,M20O80D1,1401,1.401,1.4,45,0.45,0.4904170804369414,12,0.12,3.945454545454545,8,0.28
work-1,M20O80D1,1501,1.501,1.0,51,0.51,0.5261668321747766,5,0.05,1.8979591836734693,8,0.29
work-1,M20O80D1,1501,1.501,1.2,53,0.53,0.558291956305859,6,0.06,2.404255319148936,7,0.26
work-1,M20O80D1,1501,1.501,1.4,53,0.53,0.558291956305859,6,0.06,2.404255319148936,7,0.26
work-1,M20O80D1,1601,1.601,1.0,49,0.49,0.5546673286991063,8,0.08,2.372549019607843,9,0.29
work-1,M20O80D1,1601,1.601,1.2,58,0.58,0.6487090367428004,2,0.02,1.380952380952381,9,0.26
work-1,M20O80D1,1601,1.601,1.4,58,0.58,0.6487090367428004,2,0.02,1.380952380952381,9,0.26
work-1,M20O80D1,1701,1.701,1.0,56,0.56,0.5761668321747766,10,0.1,3.772727272727273,7,0.2
work-1,M20O80D1,1701,1.701,1.2,57,0.57,0.5821251241310824,10,0.1,3.930232558139535,7,0.18
work-1,M20O80D1,1701,1.701,1.4,57,0.57,0.5821251241310824,10,0.1,3.930232558139535,7,0.18
work-1,M20O80D1,1801,1.801,1.0,58,0.58,0.6891261171797418,3,0.03,1.3333333333333333,6,0.31
work-1,M20O80D1,1801,1.801,1.2,59,0.59,0.6950844091360476,3,0.03,1.3414634146341464,6,0.3
work-1,M20O80D1,1801,1.801,1.4,61,0.61,0.7070009930486594,3,0.03,1.4102564102564104,7,0.26
work-1,M20O80D1,1901,1.901,1.0,48,0.48,0.5285004965243297,6,0.06,1.9615384615384612,12,0.26
work-1,M20O80D1,1901,1.901,1.2,48,0.48,0.5285004965243297,6,0.06,2.0,13,0.24
work-1,M20O80D1,1901,1.901,1.4,48,0.48,0.5285004965243297,6,0.06,2.0,13,0.24
work-1,M20O80D1,2001,2.001,1.0,53,0.53,0.6189175769612711,5,0.05,1.851063829787234,10,0.25
work-1,M20O80D1,2001,2.001,1.2,54,0.54,0.624875868917577,5,0.05,2.217391304347826,9,0.23
work-1,M20O80D1,2001,2.001,1.4,55,0.55,0.6308341608738828,12,0.12,4.2444444444444445,7,0.22
work-1,M20O80D1,2101,2.101,1.0,40,0.4,0.5010427010923535,6,0.06,2.7,10,0.28
work-1,M20O80D1,2101,2.101,1.2,40,0.4,0.5010427010923535,6,0.06,2.7,10,0.28
work-1,M20O80D1,2101,2.101,1.4,43,0.43,0.5391261171797418,6,0.06,2.6842105263157894,9,0.28
work-1,M20O80D1,2201,2.201,1.0,50,0.5,0.5,7,0.07,2.48,10,0.23
work-1,M20O80D1,2201,2.201,1.2,51,0.51,0.5059582919563058,7,0.07,2.510204081632653,10,0.22
work-1,M20O80D1,2201,2.201,1.4,52,0.52,0.5119165839126117,7,0.07,2.5416666666666665,10,0.21
work-1,M20O80D1,2301,2.301,1.0,44,0.44,0.4642502482621648,7,0.07,2.357142857142857,10,0.29
work-1,M20O80D1,2301,2.301,1.2,49,0.49,0.5344587884806355,7,0.07,2.411764705882353,10,0.25
work-1,M20O80D1,2301,2.301,1.4,61,0.61,0.6867924528301886,3,0.03,1.4615384615384617,8,0.24
work-1,M20O80D1,2401,2.401,1.0,46,0.46,0.4761668321747765,4,0.04,2.0,11,0.27
work-1,M20O80D1,2401,2.401,1.2,46,0.46,0.4761668321747765,4,0.04,2.1481481481481484,12,0.24
work-1,M20O80D1,2401,2.401,1.4,46,0.46,0.4761668321747765,4,0.04,2.1481481481481484,12,0.24
work-1,M20O80D1,2501,2.501,1.0,50,0.5,0.5404170804369414,6,0.06,2.04,8,0.3
work-1,M20O80D1,2501,2.501,1.2,50,0.5,0.5404170804369414,6,0.06,2.04,8,0.3
work-1,M20O80D1,2501,2.501,1.4,52,0.52,0.5523336643495531,6,0.06,2.125,9,0.26
work-1,M20O80D1,2601,2.601,1.0,45,0.45,0.4702085402184707,5,0.05,2.090909090909091,11,0.28
work-1,M20O80D1,2601,2.601,1.2,45,0.45,0.4702085402184707,5,0.05,2.090909090909091,11,0.28
work-1,M20O80D1,2601,2.601,1.4,47,0.47,0.5225422045680238,5,0.05,2.1320754716981134,11,0.26
work-1,M20O80D1,2701,2.701,1.0,45,0.45,0.4702085402184707,4,0.04,1.8,9,0.33
work-1,M20O80D1,2701,2.701,1.2,49,0.49,0.5142502482621648,4,0.04,1.6274509803921569,8,0.33
work-1,M20O80D1,2701,2.701,1.4,49,0.49,0.5142502482621648,4,0.04,1.6274509803921569,8,0.33
work-1,M20O80D1,2801,2.801,1.0,44,0.44,0.5046673286991062,6,0.06,2.357142857142857,11,0.27
work-1,M20O80D1,2801,2.801,1.2,44,0.44,0.5046673286991062,6,0.06,2.5357142857142856,11,0.26
work-1,M20O80D1,2801,2.801,1.4,44,0.44,0.5046673286991062,6,0.06,2.571428571428572,12,0.24
work-1,M20O80D1,2901,2.901,1.0,50,0.5,0.5404170804369414,13,0.13,4.64,6,0.25
work-1,M20O80D1,2901,2.901,1.2,51,0.51,0.5463753723932473,14,0.14,5.244897959183674,6,0.23
work-1,M20O80D1,2901,2.901,1.4,53,0.53,0.558291956305859,14,0.14,5.425531914893617,6,0.21
work-1,M20O80D1,3001,3.001,1.0,54,0.54,0.624875868917577,3,0.03,1.3478260869565215,7,0.33
work-1,M20O80D1,3001,3.001,1.2,54,0.54,0.624875868917577,3,0.03,1.3478260869565215,7,0.33
work-1,M20O80D1,3001,3.001,1.4,55,0.55,0.6308341608738828,3,0.03,1.4,8,0.3
work-1,M20O80D1,3101,3.101,1.0,60,0.6,0.6,4,0.04,1.75,9,0.21
work-1,M20O80D1,3101,3.101,1.2,60,0.6,0.6,4,0.04,1.75,9,0.21
work-1,M20O80D1,3101,3.101,1.4,65,0.65,0.65,3,0.03,1.5142857142857142,8,0.2
work-1,M20O80D1,3201,3.201,1.0,58,0.58,0.5678748758689176,5,0.05,2.1904761904761907,9,0.19
work-1,M20O80D1,3201,3.201,1.2,58,0.58,0.5678748758689176,5,0.05,2.1904761904761907,9,0.19
work-1,M20O80D1,3201,3.201,1.4,60,0.6,0.5797914597815294,5,0.05,2.25,9,0.17
work-1,M20O80D1,3301,3.301,1.0,31,0.31,0.3261668321747765,23,0.23,9.63768115942029,11,0.15
work-1,M20O80D1,3301,3.301,1.2,31,0.31,0.3261668321747765,23,0.23,9.63768115942029,11,0.15
work-1,M20O80D1,3301,3.301,1.4,31,0.31,0.3261668321747765,23,0.23,9.63768115942029,11,0.15
work-1,M20O80D1,3401,3.401,1.0,53,0.53,0.6189175769612711,7,0.07,2.617021276595745,10,0.2
work-1,M20O80D1,3401,3.401,1.2,59,0.59,0.674875868917577,7,0.07,2.756097560975609,8,0.18
work-1,M20O80D1,3401,3.401,1.4,59,0.59,0.674875868917577,7,0.07,2.804878048780488,9,0.16
work-1,M20O80D1,3501,3.501,1.0,66,0.66,0.6963753723932473,3,0.03,1.6470588235294117,8,0.18
work-1,M20O80D1,3501,3.501,1.2,67,0.67,0.7023336643495531,3,0.03,1.7272727272727273,9,0.15
work-1,M20O80D1,3501,3.501,1.4,67,0.67,0.7023336643495531,3,0.03,1.8484848484848484,9,0.14
work-1,M20O80D1,3601,3.601,1.0,52,0.52,0.5321251241310824,8,0.08,2.833333333333333,11,0.19
work-1,M20O80D1,3601,3.601,1.2,55,0.55,0.55,8,0.08,2.911111111111111,10,0.18
work-1,M20O80D1,3601,3.601,1.4,55,0.55,0.55,8,0.08,2.911111111111111,10,0.18
work-1,M20O80D1,3701,3.701,1.0,58,0.58,0.608291956305859,6,0.06,2.333333333333333,6,0.24
work-1,M20O80D1,3701,3.701,1.2,61,0.61,0.6463753723932473,6,0.06,2.282051282051282,5,0.24
work-1,M20O80D1,3701,3.701,1.4,62,0.62,0.6725422045680238,6,0.06,2.3157894736842106,5,0.23
work-1,M20O80D1,3801,3.801,1.0,55,0.55,0.55,3,0.03,1.8,11,0.21
work-1,M20O80D1,3801,3.801,1.2,56,0.56,0.5559582919563059,3,0.03,1.818181818181818,11,0.2
work-1,M20O80D1,3801,3.801,1.4,57,0.57,0.5619165839126117,4,0.04,2.0232558139534884,12,0.16
work-1,M20O80D1,3901,3.901,1.0,60,0.6,0.6202085402184707,5,0.05,1.85,7,0.24
work-1,M20O80D1,3901,3.901,1.2,63,0.63,0.6380834160873883,5,0.05,1.864864864864865,6,0.23
work-1,M20O80D1,3901,3.901,1.4,63,0.63,0.6380834160873883,5,0.05,1.972972972972973,6,0.22
work-1,M20O80D1,4001,4.001,1.0,48,0.48,0.5487090367428004,4,0.04,1.7692307692307692,11,0.28
work-1,M20O80D1,4001,4.001,1.2,48,0.48,0.5487090367428004,4,0.04,1.7692307692307692,11,0.28
work-1,M20O80D1,4001,4.001,1.4,52,0.52,0.5725422045680238,4,0.04,1.875,10,0.25
work-1,M20O80D1,4101,4.101,1.0,57,0.57,0.5821251241310824,3,0.03,1.8837209302325584,12,0.17
work-1,M20O80D1,4101,4.101,1.2,58,0.58,0.5880834160873882,5,0.05,2.2857142857142856,11,0.15
work-1,M20O80D1,4101,4.101,1.4,61,0.61,0.6261668321747765,5,0.05,2.282051282051282,11,0.13
work-1,M20O80D1,4201,4.2010000000000005,1.0,54,0.54,0.5844587884806356,7,0.07,3.0,8,0.21
work-1,M20O80D1,4201,4.2010000000000005,1.2,54,0.54,0.5844587884806356,7,0.07,3.0,8,0.21
work-1,M20O80D1,4201,4.2010000000000005,1.4,54,0.54,0.5844587884806356,7,0.07,3.0434782608695654,9,0.19
work-1,M20O80D1,4301,4.301,1.0,43,0.43,0.458291956305859,5,0.05,2.1578947368421053,9,0.31
work-1,M20O80D1,4301,4.301,1.2,48,0.48,0.5285004965243297,5,0.05,2.230769230769231,7,0.3
work-1,M20O80D1,4301,4.301,1.4,48,0.48,0.5285004965243297,7,0.07,2.923076923076923,6,0.28
work-1,M20O80D1,4401,4.401,1.0,43,0.43,0.4380834160873882,5,0.05,2.298245614035088,13,0.24
work-1,M20O80D1,4401,4.401,1.2,45,0.45,0.45,5,0.05,2.309090909090909,12,0.24
work-1,M20O80D1,4401,4.401,1.4,45,0.45,0.45,5,0.05,2.381818181818182,12,0.23
work-1,M20O80D1,4501,4.501,1.0,43,0.43,0.458291956305859,6,0.06,2.192982456140351,10,0.3
work-1,M20O80D1,4501,4.501,1.2,46,0.46,0.4761668321747765,6,0.06,2.2222222222222223,9,0.29
work-1,M20O80D1,4501,4.501,1.4,47,0.47,0.4821251241310824,7,0.07,2.4716981132075477,9,0.27
work-1,M20O80D1,4601,4.601,1.0,52,0.52,0.5523336643495531,4,0.04,1.6666666666666667,10,0.27
work-1,M20O80D1,4601,4.601,1.2,56,0.56,0.5963753723932472,4,0.04,1.5909090909090908,9,0.26
work-1,M20O80D1,4601,4.601,1.4,58,0.58,0.608291956305859,4,0.04,1.619047619047619,9,0.24
work-1,M20O80D1,4701,4.7010000000000005,1.0,51,0.51,0.5665839126117179,3,0.03,1.6122448979591837,10,0.28
work-1,M20O80D1,4701,4.7010000000000005,1.2,55,0.55,0.6308341608738828,3,0.03,1.6222222222222222,9,0.26
work-1,M20O80D1,4701,4.7010000000000005,1.4,57,0.57,0.6427507447864945,4,0.04,1.8837209302325584,9,0.22
work-1,M20O80D1,4801,4.801,1.0,49,0.49,0.4940417080436941,6,0.06,2.2549019607843137,10,0.25
work-1,M20O80D1,4801,4.801,1.2,49,0.49,0.4940417080436941,6,0.06,2.2549019607843137,10,0.25
work-1,M20O80D1,4801,4.801,1.4,49,0.49,0.4940417080436941,6,0.06,2.294117647058824,11,0.23
work-1,M20O80D1,4901,4.901,1.0,49,0.49,0.4940417080436941,5,0.05,2.372549019607843,12,0.19
work-1,M20O80D1,4901,4.901,1.2,50,0.5,0.5,6,0.06,2.76,12,0.16
work-1,M20O80D1,4901,4.901,1.4,50,0.5,0.5,6,0.06,3.24,11,0.15
work-2,M20O80D1,1001,1.001,1.0,38,0.38,0.4082919563058589,6,0.06,2.774193548387097,12,0.24
work-2,M20O80D1,1001,1.001,1.2,44,0.44,0.4844587884806355,5,0.05,2.4285714285714284,11,0.24
work-2,M20O80D1,1001,1.001,1.4,44,0.44,0.4844587884806355,5,0.05,2.7857142857142856,10,0.23
work-2,M20O80D1,1101,1.101,1.0,55,0.55,0.6510427010923535,4,0.04,1.8,12,0.2
work-2,M20O80D1,1101,1.101,1.2,58,0.58,0.6689175769612711,4,0.04,1.809523809523809,11,0.19
work-2,M20O80D1,1101,1.101,1.4,60,0.6,0.7010427010923536,4,0.04,1.85,11,0.17
work-2,M20O80D1,1201,1.201,1.0,37,0.37,0.4023336643495531,6,0.06,2.2063492063492065,13,0.3
work-2,M20O80D1,1201,1.201,1.2,38,0.38,0.4082919563058589,6,0.06,2.225806451612903,13,0.29
work-2,M20O80D1,1201,1.201,1.4,43,0.43,0.458291956305859,6,0.06,2.12280701754386,12,0.28
work-2,M20O80D1,1301,1.301,1.0,51,0.51,0.5665839126117179,7,0.07,2.3877551020408165,10,0.24
work-2,M20O80D1,1301,1.301,1.2,51,0.51,0.5665839126117179,7,0.07,2.3877551020408165,10,0.24
work-2,M20O80D1,1301,1.301,1.4,51,0.51,0.5665839126117179,7,0.07,2.510204081632653,13,0.18
work-2,M20O80D1,1401,1.401,1.0,50,0.5,0.5404170804369414,7,0.07,2.16,8,0.3
work-2,M20O80D1,1401,1.401,1.2,50,0.5,0.5404170804369414,7,0.07,2.16,8,0.3
work-2,M20O80D1,1401,1.401,1.4,50,0.5,0.5404170804369414,7,0.07,2.16,8,0.3
work-2,M20O80D1,1501,1.501,1.0,47,0.47,0.5225422045680238,5,0.05,1.9056603773584904,11,0.28
work-2,M20O80D1,1501,1.501,1.2,48,0.48,0.5285004965243297,5,0.05,1.9615384615384612,12,0.25
work-2,M20O80D1,1501,1.501,1.4,48,0.48,0.5285004965243297,5,0.05,2.0384615384615383,12,0.24
work-2,M20O80D1,1601,1.601,1.0,39,0.39,0.4142502482621648,5,0.05,2.6065573770491803,17,0.16
work-2,M20O80D1,1601,1.601,1.2,39,0.39,0.4142502482621648,7,0.07,2.9344262295081966,16,0.16
work-2,M20O80D1,1601,1.601,1.4,39,0.39,0.4142502482621648,7,0.07,2.9344262295081966,16,0.16
work-2,M20O80D1,1701,1.701,1.0,56,0.56,0.5761668321747766,9,0.09,3.3181818181818183,7,0.21
work-2,M20O80D1,1701,1.701,1.2,56,0.56,0.5761668321747766,9,0.09,3.363636363636364,8,0.19
work-2,M20O80D1,1701,1.701,1.4,57,0.57,0.5821251241310824,9,0.09,3.697674418604651,8,0.16
work-2,M20O80D1,1801,1.801,1.0,50,0.5,0.5808341608738828,5,0.05,1.8,10,0.28
work-2,M20O80D1,1801,1.801,1.2,50,0.5,0.5808341608738828,5,0.05,1.8,10,0.28
work-2,M20O80D1,1801,1.801,1.4,50,0.5,0.5808341608738828,5,0.05,1.88,10,0.27
work-2,M20O80D1,1901,1.901,1.0,57,0.57,0.6023336643495532,12,0.12,4.674418604651163,6,0.19
work-2,M20O80D1,1901,1.901,1.2,57,0.57,0.6023336643495532,12,0.12,4.674418604651163,6,0.19
work-2,M20O80D1,1901,1.901,1.4,57,0.57,0.6023336643495532,12,0.12,4.674418604651163,6,0.19
work-2,M20O80D1,2001,2.001,1.0,48,0.48,0.4880834160873882,6,0.06,2.3076923076923075,10,0.25
work-2,M20O80D1,2001,2.001,1.2,48,0.48,0.4880834160873882,6,0.06,2.3076923076923075,10,0.25
work-2,M20O80D1,2001,2.001,1.4,50,0.5,0.5,7,0.07,2.72,10,0.21
work-2,M20O80D1,2101,2.101,1.0,43,0.43,0.4785004965243297,6,0.06,2.087719298245614,9,0.33
work-2,M20O80D1,2101,2.101,1.2,43,0.43,0.4785004965243297,6,0.06,2.087719298245614,9,0.33
work-2,M20O80D1,2101,2.101,1.4,43,0.43,0.4785004965243297,6,0.06,2.087719298245614,9,0.33
work-2,M20O80D1,2201,2.201,1.0,56,0.56,0.6367924528301887,8,0.08,2.5454545454545454,8,0.24
work-2,M20O80D1,2201,2.201,1.2,58,0.58,0.6487090367428004,8,0.08,2.571428571428572,7,0.24
work-2,M20O80D1,2201,2.201,1.4,59,0.59,0.6546673286991063,9,0.09,3.0,7,0.22
work-2,M20O80D1,2301,2.301,1.0,46,0.46,0.516583912611718,5,0.05,2.037037037037037,13,0.24
work-2,M20O80D1,2301,2.301,1.2,48,0.48,0.5285004965243297,5,0.05,2.3846153846153846,12,0.21
work-2,M20O80D1,2301,2.301,1.4,48,0.48,0.5285004965243297,5,0.05,2.3846153846153846,12,0.21
work-2,M20O80D1,2401,2.401,1.0,45,0.45,0.4904170804369414,5,0.05,2.963636363636364,11,0.19
work-2,M20O80D1,2401,2.401,1.2,45,0.45,0.4904170804369414,6,0.06,3.2545454545454544,10,0.19
work-2,M20O80D1,2401,2.401,1.4,45,0.45,0.4904170804369414,7,0.07,3.4727272727272727,10,0.18
work-2,M20O80D1,2501,2.501,1.0,53,0.53,0.5987090367428004,9,0.09,3.127659574468085,7,0.25
work-2,M20O80D1,2501,2.501,1.2,54,0.54,0.6046673286991062,9,0.09,3.1739130434782608,7,0.24
work-2,M20O80D1,2501,2.501,1.4,56,0.56,0.616583912611718,11,0.11,4.090909090909091,6,0.22
work-2,M20O80D1,2601,2.601,1.0,52,0.52,0.5725422045680238,6,0.06,2.583333333333333,10,0.2
work-2,M20O80D1,2601,2.601,1.2,52,0.52,0.5725422045680238,6,0.06,2.708333333333333,10,0.19
work-2,M20O80D1,2601,2.601,1.4,52,0.52,0.5725422045680238,6,0.06,2.958333333333333,11,0.16
work-2,M20O80D1,2701,2.701,1.0,45,0.45,0.4095829195630586,10,0.1,3.145454545454545,11,0.25
work-2,M20O80D1,2701,2.701,1.2,47,0.47,0.4214995034756703,10,0.1,3.2641509433962264,12,0.21
work-2,M20O80D1,2701,2.701,1.4,57,0.57,0.5619165839126117,4,0.04,1.697674418604651,11,0.21
work-2,M20O80D1,2801,2.801,1.0,40,0.4,0.4202085402184707,6,0.06,2.2333333333333334,13,0.27
work-2,M20O80D1,2801,2.801,1.2,40,0.4,0.4202085402184707,10,0.1,3.4,11,0.26
work-2,M20O80D1,2801,2.801,1.4,40,0.4,0.4202085402184707,10,0.1,3.433333333333333,12,0.24
work-2,M20O80D1,2901,2.901,1.0,38,0.38,0.3880834160873883,10,0.1,4.387096774193548,10,0.21
work-2,M20O80D1,2901,2.901,1.2,38,0.38,0.3880834160873883,10,0.1,4.387096774193548,10,0.21
work-2,M20O80D1,2901,2.901,1.4,38,0.38,0.3880834160873883,10,0.1,4.387096774193548,10,0.21
work-2,M20O80D1,3001,3.001,1.0,42,0.42,0.4119165839126117,7,0.07,2.793103448275862,13,0.22
work-2,M20O80D1,3001,3.001,1.2,42,0.42,0.4119165839126117,7,0.07,2.793103448275862,13,0.22
work-2,M20O80D1,3001,3.001,1.4,42,0.42,0.4119165839126117,7,0.07,3.206896551724138,12,0.21
work-2,M20O80D1,3101,3.101,1.0,38,0.38,0.3880834160873883,6,0.06,2.5806451612903225,11,0.29
work-2,M20O80D1,3101,3.101,1.2,38,0.38,0.3880834160873883,6,0.06,2.677419354838709,12,0.26
work-2,M20O80D1,3101,3.101,1.4,38,0.38,0.3880834160873883,6,0.06,2.677419354838709,12,0.26
work-2,M20O80D1,3201,3.201,1.0,49,0.49,0.4940417080436941,5,0.05,2.2549019607843137,7,0.29
work-2,M20O80D1,3201,3.201,1.2,49,0.49,0.4940417080436941,5,0.05,2.411764705882353,7,0.28
work-2,M20O80D1,3201,3.201,1.4,50,0.5,0.5,5,0.05,2.6,7,0.26
work-2,M20O80D1,3301,3.301,1.0,51,0.51,0.5665839126117179,9,0.09,3.204081632653061,6,0.26
work-2,M20O80D1,3301,3.301,1.2,51,0.51,0.5665839126117179,9,0.09,3.204081632653061,6,0.26
work-2,M20O80D1,3301,3.301,1.4,54,0.54,0.6046673286991062,9,0.09,3.391304347826087,5,0.25
work-2,M20O80D1,3401,3.401,1.0,56,0.56,0.5761668321747766,6,0.06,2.0,9,0.24
work-2,M20O80D1,3401,3.401,1.2,56,0.56,0.5761668321747766,6,0.06,2.090909090909091,9,0.23
work-2,M20O80D1,3401,3.401,1.4,61,0.61,0.6059582919563059,6,0.06,2.230769230769231,7,0.21
work-2,M20O80D1,3501,3.501,1.0,42,0.42,0.391708043694141,6,0.06,2.586206896551724,11,0.26
work-2,M20O80D1,3501,3.501,1.2,42,0.42,0.391708043694141,12,0.12,4.103448275862069,11,0.22
work-2,M20O80D1,3501,3.501,1.4,43,0.43,0.3976663356504468,12,0.12,4.157894736842105,11,0.21
work-2,M20O80D1,3601,3.601,1.0,42,0.42,0.4119165839126117,8,0.08,3.206896551724138,13,0.19
work-2,M20O80D1,3601,3.601,1.2,42,0.42,0.4119165839126117,8,0.08,4.0,11,0.18
work-2,M20O80D1,3601,3.601,1.4,43,0.43,0.4178748758689176,10,0.1,4.964912280701754,9,0.17
work-2,M20O80D1,3701,3.701,1.0,46,0.46,0.4559582919563059,11,0.11,3.5185185185185186,6,0.32
work-2,M20O80D1,3701,3.701,1.2,47,0.47,0.4821251241310824,13,0.13,4.39622641509434,5,0.31
work-2,M20O80D1,3701,3.701,1.4,47,0.47,0.4821251241310824,13,0.13,4.584905660377358,5,0.3
work-2,M20O80D1,3801,3.801,1.0,38,0.38,0.3678748758689176,7,0.07,2.7419354838709675,14,0.24
work-2,M20O80D1,3801,3.801,1.2,40,0.4,0.4,8,0.08,3.433333333333333,11,0.24
work-2,M20O80D1,3801,3.801,1.4,40,0.4,0.4,8,0.08,3.5,11,0.23
work-2,M20O80D1,3901,3.901,1.0,60,0.6,0.7010427010923536,3,0.03,1.4,5,0.3
work-2,M20O80D1,3901,3.901,1.2,61,0.61,0.7070009930486594,3,0.03,1.4102564102564104,5,0.29
work-2,M20O80D1,3901,3.901,1.4,61,0.61,0.7070009930486594,3,0.03,1.4615384615384617,6,0.27
work-2,M20O80D1,4001,4.001,1.0,41,0.41,0.4261668321747766,7,0.07,2.5254237288135597,9,0.31
work-2,M20O80D1,4001,4.001,1.2,41,0.41,0.4261668321747766,7,0.07,2.6610169491525424,11,0.26
work-2,M20O80D1,4001,4.001,1.4,42,0.42,0.4321251241310824,8,0.08,3.3448275862068964,10,0.24
work-2,M20O80D1,4101,4.101,1.0,45,0.45,0.4702085402184707,6,0.06,2.163636363636364,12,0.26
work-2,M20O80D1,4101,4.101,1.2,47,0.47,0.4821251241310824,6,0.06,2.4716981132075477,10,0.26
work-2,M20O80D1,4101,4.101,1.4,47,0.47,0.4821251241310824,6,0.06,2.509433962264151,11,0.24
work-2,M20O80D1,4201,4.2010000000000005,1.0,49,0.49,0.5142502482621648,6,0.06,1.9803921568627447,8,0.31
work-2,M20O80D1,4201,4.2010000000000005,1.2,49,0.49,0.5142502482621648,6,0.06,2.019607843137255,9,0.29
work-2,M20O80D1,4201,4.2010000000000005,1.4,49,0.49,0.5142502482621648,6,0.06,2.019607843137255,9,0.29
work-2,M20O80D1,4301,4.301,1.0,43,0.43,0.4380834160873882,9,0.09,2.754385964912281,8,0.32
work-2,M20O80D1,4301,4.301,1.2,43,0.43,0.4380834160873882,9,0.09,2.789473684210526,9,0.3
work-2,M20O80D1,4301,4.301,1.4,43,0.43,0.4380834160873882,9,0.09,2.789473684210526,9,0.3
work-2,M20O80D1,4401,4.401,1.0,49,0.49,0.5344587884806355,4,0.04,2.0980392156862746,11,0.23
work-2,M20O80D1,4401,4.401,1.2,49,0.49,0.5344587884806355,5,0.05,2.2549019607843137,11,0.22
work-2,M20O80D1,4401,4.401,1.4,49,0.49,0.5344587884806355,7,0.07,2.7254901960784315,10,0.21
work-2,M20O80D1,4501,4.501,1.0,61,0.61,0.666583912611718,6,0.06,2.282051282051282,10,0.16
work-2,M20O80D1,4501,4.501,1.2,63,0.63,0.6785004965243296,6,0.06,2.2972972972972974,9,0.16
work-2,M20O80D1,4501,4.501,1.4,63,0.63,0.6785004965243296,6,0.06,2.3513513513513518,10,0.14
work-2,M20O80D1,4601,4.601,1.0,45,0.45,0.45,13,0.13,4.781818181818182,10,0.19
work-2,M20O80D1,4601,4.601,1.2,45,0.45,0.45,13,0.13,4.781818181818182,10,0.19
work-2,M20O80D1,4601,4.601,1.4,50,0.5,0.5,13,0.13,4.76,9,0.19
work-2,M20O80D1,4701,4.7010000000000005,1.0,60,0.6,0.6606256206554121,4,0.04,1.85,7,0.23
work-2,M20O80D1,4701,4.7010000000000005,1.2,62,0.62,0.6725422045680238,4,0.04,2.0526315789473686,7,0.2
work-2,M20O80D1,4701,4.7010000000000005,1.4,62,0.62,0.6725422045680238,5,0.05,2.263157894736842,7,0.19
work-2,M20O80D1,4801,4.801,1.0,61,0.61,0.666583912611718,3,0.03,1.358974358974359,6,0.28
work-2,M20O80D1,4801,4.801,1.2,62,0.62,0.6725422045680238,3,0.03,1.4736842105263157,6,0.26
work-2,M20O80D1,4801,4.801,1.4,62,0.62,0.6725422045680238,3,0.03,1.4736842105263157,6,0.26
work-2,M20O80D1,4901,4.901,1.0,55,0.55,0.5702085402184707,4,0.04,2.022222222222222,10,0.21
work-2,M20O80D1,4901,4.901,1.2,55,0.55,0.5702085402184707,4,0.04,2.022222222222222,10,0.21
work-2,M20O80D1,4901,4.901,1.4,55,0.55,0.5702085402184707,4,0.04,2.022222222222222,10,0.21
work,M50O0D1,1001,1.001,1.0,50,1.0,1.0,0,0.0,,1,0.0
work,M50O0D1,1001,1.001,1.2,50,1.0,1.0,0,0.0,,1,0.0
work,M50O0D1,1001,1.001,1.4,50,1.0,1.0,0,0.0,,1,0.0
work,M50O0D1,1101,1.101,1.0,49,0.98,0.98,1,0.02,1.0,1,0.02
work,M50O0D1,1101,1.101,1.2,49,0.98,0.98,1,0.02,1.0,1,0.02
work,M50O0D1,1101,1.101,1.4,49,0.98,0.98,1,0.02,1.0,1,0.02
work,M50O0D1,1201,1.201,1.0,49,0.98,0.98,1,0.02,1.0,1,0.02
work,M50O0D1,1201,1.201,1.2,49,0.98,0.98,1,0.02,1.0,1,0.02
work,M50O0D1,1201,1.201,1.4,49,0.98,0.98,1,0.02,1.0,1,0.02
work,M50O0D1,1301,1.301,1.0,48,0.96,0.96,1,0.02,1.0,1,0.04
work,M50O0D1,1301,1.301,1.2,48,0.96,0.96,1,0.02,1.0,1,0.04
work,M50O0D1,1301,1.301,1.4,48,0.96,0.96,1,0.02,1.0,1,0.04
work,M50O0D1,1401,1.401,1.0,49,0.98,0.98,1,0.02,1.0,1,0.02
work,M50O0D1,1401,1.401,1.2,49,0.98,0.98,1,0.02,1.0,1,0.02
work,M50O0D1,1401,1.401,1.4,49,0.98,0.98,1,0.02,1.0,1,0.02
work,M50O0D1,1501,1.501,1.0,50,1.0,1.0,0,0.0,,1,0.0
work,M50O0D1,1501,1.501,1.2,50,1.0,1.0,0,0.0,,1,0.0
work,M50O0D1,1501,1.501,1.4,50,1.0,1.0,0,0.0,,1,0.0
work,M50O0D1,1601,1.601,1.0,44,0.88,0.88,3,0.06,2.0,2,0.06
work,M50O0D1,1601,1.601,1.2,47,0.94,0.94,1,0.02,1.0,1,0.06
work,M50O0D1,1601,1.601,1.4,47,0.94,0.94,1,0.02,1.0,1,0.06
work,M50O0D1,1701,1.701,1.0,47,0.94,0.94,1,0.02,1.0,1,0.06
work,M50O0D1,1701,1.701,1.2,48,0.96,0.96,1,0.02,1.0,1,0.04
work,M50O0D1,1701,1.701,1.4,48,0.96,0.96,1,0.02,1.0,1,0.04
work,M50O0D1,1801,1.801,1.0,50,1.0,1.0,0,0.0,,1,0.0
work,M50O0D1,1801,1.801,1.2,50,1.0,1.0,0,0.0,,1,0.0
work,M50O0D1,1801,1.801,1.4,50,1.0,1.0,0,0.0,,1,0.0
work,M50O0D1,1901,1.901,1.0,50,1.0,1.0,0,0.0,,1,0.0
work,M50O0D1,1901,1.901,1.2,50,1.0,1.0,0,0.0,,1,0.0
work,M50O0D1,1901,1.901,1.4,50,1.0,1.0,0,0.0,,1,0.0
work,M50O0D1,2001,2.001,1.0,48,0.96,0.96,1,0.02,1.0,1,0.04
work,M50O0D1,2001,2.001,1.2,48,0.96,0.96,1,0.02,1.0,1,0.04
work,M50O0D1,2001,2.001,1.4,48,0.96,0.96,1,0.02,1.0,1,0.04
work,M50O0D1,2101,2.101,1.0,49,0.98,0.98,1,0.02,1.0,1,0.02
work,M50O0D1,2101,2.101,1.2,49,0.98,0.98,1,0.02,1.0,1,0.02
work,M50O0D1,2101,2.101,1.4,50,1.0,1.0,0,0.0,,1,0.0
work,M50O0D1,2201,2.201,1.0,47,0.94,0.94,2,0.04,1.6666666666666667,2,0.02
work,M50O0D1,2201,2.201,1.2,50,1.0,1.0,0,0.0,,1,0.0
work,M50O0D1,2201,2.201,1.4,50,1.0,1.0,0,0.0,,1,0.0
work,M50O0D1,2301,2.301,1.0,47,0.94,0.94,2,0.04,1.6666666666666667,2,0.02
work,M50O0D1,2301,2.301,1.2,47,0.94,0.94,2,0.04,1.6666666666666667,2,0.02
work,M50O0D1,2301,2.301,1.4,47,0.94,0.94,2,0.04,1.6666666666666667,2,0.02
work,M50O0D1,2401,2.401,1.0,48,0.96,0.96,1,0.02,1.0,1,0.04
work,M50O0D1,2401,2.401,1.2,49,0.98,0.98,1,0.02,1.0,1,0.02
work,M50O0D1,2401,2.401,1.4,49,0.98,0.98,1,0.02,1.0,1,0.02
work,M50O0D1,2501,2.501,1.0,49,0.98,0.98,1,0.02,1.0,1,0.02
work,M50O0D1,2501,2.501,1.2,50,1.0,1.0,0,0.0,,1,0.0
work,M50O0D1,2501,2.501,1.4,50,1.0,1.0,0,0.0,,1,0.0
work,M50O0D1,2601,2.601,1.0,49,0.98,0.98,1,0.02,1.0,1,0.02
work,M50O0D1,2601,2.601,1.2,50,1.0,1.0,0,0.0,,1,0.0
work,M50O0D1,2601,2.601,1.4,50,1.0,1.0,0,0.0,,1,0.0
work,M50O0D1,2701,2.701,1.0,46,0.92,0.92,3,0.06,2.5,2,0.02
work,M50O0D1,2701,2.701,1.2,49,0.98,0.98,1,0.02,1.0,1,0.02
work,M50O0D1,2701,2.701,1.4,49,0.98,0.98,1,0.02,1.0,1,0.02
work,M50O0D1,2801,2.801,1.0,50,1.0,1.0,0,0.0,,1,0.0
work,M50O0D1,2801,2.801,1.2,50,1.0,1.0,0,0.0,,1,0.0
work,M50O0D1,2801,2.801,1.4,50,1.0,1.0,0,0.0,,1,0.0
work,M50O0D1,2901,2.901,1.0,50,1.0,1.0,0,0.0,,1,0.0
work,M50O0D1,2901,2.901,1.2,50,1.0,1.0,0,0.0,,1,0.0
work,M50O0D1,2901,2.901,1.4,50,1.0,1.0,0,0.0,,1,0.0
work,M50O0D1,3001,3.001,1.0,49,0.98,0.98,1,0.02,1.0,1,0.02
work,M50O0D1,3001,3.001,1.2,49,0.98,0.98,1,0.02,1.0,1,0.02
work,M50O0D1,3001,3.001,1.4,49,0.98,0.98,1,0.02,1.0,1,0.02
work,M50O0D1,3101,3.101,1.0,49,0.98,0.98,1,0.02,1.0,1,0.02
work,M50O0D1,3101,3.101,1.2,49,0.98,0.98,1,0.02,1.0,1,0.02
work,M50O0D1,3101,3.101,1.4,50,1.0,1.0,0,0.0,,1,0.0
work,M50O0D1,3201,3.201,1.0,50,1.0,1.0,0,0.0,,1,0.0
work,M50O0D1,3201,3.201,1.2,50,1.0,1.0,0,0.0,,1,0.0
work,M50O0D1,3201,3.201,1.4,50,1.0,1.0,0,0.0,,1,0.0
work,M50O0D1,3301,3.301,1.0,48,0.96,0.96,2,0.04,2.0,2,0.0
work,M50O0D1,3301,3.301,1.2,50,1.0,1.0,0,0.0,,1,0.0
work,M50O0D1,3301,3.301,1.4,50,1.0,1.0,0,0.0,,1,0.0
work,M50O0D1,3401,3.401,1.0,50,1.0,1.0,0,0.0,,1,0.0
work,M50O0D1,3401,3.401,1.2,50,1.0,1.0,0,0.0,,1,0.0
work,M50O0D1,3401,3.401,1.4,50,1.0,1.0,0,0.0,,1,0.0
work,M50O0D1,3501,3.501,1.0,49,0.98,0.98,1,0.02,1.0,1,0.02
work,M50O0D1,3501,3.501,1.2,49,0.98,0.98,1,0.02,1.0,1,0.02
work,M50O0D1,3501,3.501,1.4,49,0.98,0.98,1,0.02,1.0,1,0.02
work,M50O0D1,3601,3.601,1.0,50,1.0,1.0,0,0.0,,1,0.0
work,M50O0D1,3601,3.601,1.2,50,1.0,1.0,0,0.0,,1,0.0
work,M50O0D1,3601,3.601,1.4,50,1.0,1.0,0,0.0,,1,0.0
work,M50O0D1,3701,3.701,1.0,50,1.0,1.0,0,0.0,,1,0.0
work,M50O0D1,3701,3.701,1.2,50,1.0,1.0,0,0.0,,1,0.0
work,M50O0D1,3701,3.701,1.4,50,1.0,1.0,0,0.0,,1,0.0
work,M50O0D1,3801,3.801,1.0,50,1.0,1.0,0,0.0,,1,0.0
work,M50O0D1,3801,3.801,1.2,50,1.0,1.0,0,0.0,,1,0.0
work,M50O0D1,3801,3.801,1.4,50,1.0,1.0,0,0.0,,1,0.0
work,M50O0D1,3901,3.901,1.0,50,1.0,1.0,0,0.0,,1,0.0
work,M50O0D1,3901,3.901,1.2,50,1.0,1.0,0,0.0,,1,0.0
work,M50O0D1,3901,3.901,1.4,50,1.0,1.0,0,0.0,,1,0.0
work,M50O0D1,4001,4.001,1.0,49,0.98,0.98,1,0.02,1.0,1,0.02
work,M50O0D1,4001,4.001,1.2,49,0.98,0.98,1,0.02,1.0,1,0.02
work,M50O0D1,4001,4.001,1.4,50,1.0,1.0,0,0.0,,1,0.0
work,M50O0D1,4101,4.101,1.0,50,1.0,1.0,0,0.0,,1,0.0
work,M50O0D1,4101,4.101,1.2,50,1.0,1.0,0,0.0,,1,0.0
work,M50O0D1,4101,4.101,1.4,50,1.0,1.0,0,0.0,,1,0.0
work,M50O0D1,4201,4.2010000000000005,1.0,50,1.0,1.0,0,0.0,,1,0.0
work,M50O0D1,4201,4.2010000000000005,1.2,50,1.0,1.0,0,0.0,,1,0.0
work,M50O0D1,4201,4.2010000000000005,1.4,50,1.0,1.0,0,0.0,,1,0.0
work,M50O0D1,4301,4.301,1.0,49,0.98,0.98,1,0.02,1.0,1,0.02
work,M50O0D1,4301,4.301,1.2,50,1.0,1.0,0,0.0,,1,0.0
work,M50O0D1,4301,4.301,1.4,50,1.0,1.0,0,0.0,,1,0.0
work,M50O0D1,4401,4.401,1.0,50,1.0,1.0,0,0.0,,1,0.0
work,M50O0D1,4401,4.401,1.2,50,1.0,1.0,0,0.0,,1,0.0
work,M50O0D1,4401,4.401,1.4,50,1.0,1.0,0,0.0,,1,0.0
work,M50O0D1,4501,4.501,1.0,49,0.98,0.98,1,0.02,1.0,1,0.02
work,M50O0D1,4501,4.501,1.2,49,0.98,0.98,1,0.02,1.0,1,0.02
work,M50O0D1,4501,4.501,1.4,49,0.98,0.98,1,0.02,1.0,1,0.02
work,M50O0D1,4601,4.601,1.0,48,0.96,0.96,2,0.04,2.0,2,0.0
work,M50O0D1,4601,4.601,1.2,48,0.96,0.96,2,0.04,2.0,2,0.0
work,M50O0D1,4601,4.601,1.4,48,0.96,0.96,2,0.04,2.0,2,0.0
work,M50O0D1,4701,4.7010000000000005,1.0,49,0.98,0.98,1,0.02,1.0,1,0.02
work,M50O0D1,4701,4.7010000000000005,1.2,50,1.0,1.0,0,0.0,,1,0.0
work,M50O0D1,4701,4.7010000000000005,1.4,50,1.0,1.0,0,0.0,,1,0.0
work,M50O0D1,4801,4.801,1.0,50,1.0,1.0,0,0.0,,1,0.0
work,M50O0D1,4801,4.801,1.2,50,1.0,1.0,0,0.0,,1,0.0
work,M50O0D1,4801,4.801,1.4,50,1.0,1.0,0,0.0,,1,0.0
work,M50O0D1,4901,4.901,1.0,49,0.98,0.98,1,0.02,1.0,1,0.02
work,M50O0D1,4901,4.901,1.2,49,0.98,0.98,1,0.02,1.0,1,0.02
work,M50O0D1,4901,4.901,1.4,49,0.98,0.98,1,0.02,1.0,1,0.02
work-1,M50O0D1,1001,1.001,1.0,47,0.94,0.94,2,0.04,1.6666666666666667,2,0.02
work-1,M50O0D1,1001,1.001,1.2,47,0.94,0.94,2,0.04,1.6666666666666667,2,0.02
work-1,M50O0D1,1001,1.001,1.4,47,0.94,0.94,2,0.04,1.6666666666666667,2,0.02
work-1,M50O0D1,1101,1.101,1.0,49,0.98,0.98,1,0.02,1.0,1,0.02
work-1,M50O0D1,1101,1.101,1.2,49,0.98,0.98,1,0.02,1.0,1,0.02
work-1,M50O0D1,1101,1.101,1.4,49,0.98,0.98,1,0.02,1.0,1,0.02
work-1,M50O0D1,1201,1.201,1.0,50,1.0,1.0,0,0.0,,1,0.0
work-1,M50O0D1,1201,1.201,1.2,50,1.0,1.0,0,0.0,,1,0.0
work-1,M50O0D1,1201,1.201,1.4,50,1.0,1.0,0,0.0,,1,0.0
work-1,M50O0D1,1301,1.301,1.0,46,0.92,0.92,1,0.02,1.0,1,0.08
work-1,M50O0D1,1301,1.301,1.2,47,0.94,0.94,1,0.02,1.0,1,0.06
work-1,M50O0D1,1301,1.301,1.4,47,0.94,0.94,1,0.02,1.0,1,0.06
work-1,M50O0D1,1401,1.401,1.0,50,1.0,1.0,0,0.0,,1,0.0
work-1,M50O0D1,1401,1.401,1.2,50,1.0,1.0,0,0.0,,1,0.0
work-1,M50O0D1,1401,1.401,1.4,50,1.0,1.0,0,0.0,,1,0.0
work-1,M50O0D1,1501,1.501,1.0,49,0.98,0.98,1,0.02,1.0,1,0.02
work-1,M50O0D1,1501,1.501,1.2,50,1.0,1.0,0,0.0,,1,0.0
work-1,M50O0D1,1501,1.501,1.4,50,1.0,1.0,0,0.0,,1,0.0
work-1,M50O0D1,1601,1.601,1.0,48,0.96,0.96,1,0.02,1.0,1,0.04
work-1,M50O0D1,1601,1.601,1.2,49,0.98,0.98,1,0.02,1.0,1,0.02
work-1,M50O0D1,1601,1.601,1.4,49,0.98,0.98,1,0.02,1.0,1,0.02
work-1,M50O0D1,1701,1.701,1.0,49,0.98,0.98,1,0.02,1.0,1,0.02
work-1,M50O0D1,1701,1.701,1.2,49,0.98,0.98,1,0.02,1.0,1,0.02
work-1,M50O0D1,1701,1.701,1.4,49,0.98,0.98,1,0.02,1.0,1,0.02
work-1,M50O0D1,1801,1.801,1.0,50,1.0,1.0,0,0.0,,1,0.0
work-1,M50O0D1,1801,1.801,1.2,50,1.0,1.0,0,0.0,,1,0.0
work-1,M50O0D1,1801,1.801,1.4,50,1.0,1.0,0,0.0,,1,0.0
work-1,M50O0D1,1901,1.901,1.0,48,0.96,0.96,1,0.02,1.0,1,0.04
work-1,M50O0D1,1901,1.901,1.2,49,0.98,0.98,1,0.02,1.0,1,0.02
work-1,M50O0D1,1901,1.901,1.4,49,0.98,0.98,1,0.02,1.0,1,0.02
work-1,M50O0D1,2001,2.001,1.0,50,1.0,1.0,0,0.0,,1,0.0
work-1,M50O0D1,2001,2.001,1.2,50,1.0,1.0,0,0.0,,1,0.0
work-1,M50O0D1,2001,2.001,1.4,50,1.0,1.0,0,0.0,,1,0.0
work-1,M50O0D1,2101,2.101,1.0,49,0.98,0.98,1,0.02,1.0,1,0.02
work-1,M50O0D1,2101,2.101,1.2,49,0.98,0.98,1,0.02,1.0,1,0.02
work-1,M50O0D1,2101,2.101,1.4,50,1.0,1.0,0,0.0,,1,0.0
work-1,M50O0D1,2201,2.201,1.0,50,1.0,1.0,0,0.0,,1,0.0
work-1,M50O0D1,2201,2.201,1.2,50,1.0,1.0,0,0.0,,1,0.0
work-1,M50O0D1,2201,2.201,1.4,50,1.0,1.0,0,0.0,,1,0.0
work-1,M50O0D1,2301,2.301,1.0,49,0.98,0.98,1,0.02,1.0,1,0.02
work-1,M50O0D1,2301,2.301,1.2,49,0.98,0.98,1,0.02,1.0,1,0.02
work-1,M50O0D1,2301,2.301,1.4,49,0.98,0.98,1,0.02,1.0,1,0.02
work-1,M50O0D1,2401,2.401,1.0,50,1.0,1.0,0,0.0,,1,0.0
work-1,M50O0D1,2401,2.401,1.2,50,1.0,1.0,0,0.0,,1,0.0
work-1,M50O0D1,2401,2.401,1.4,50,1.0,1.0,0,0.0,,1,0.0
work-1,M50O0D1,2501,2.501,1.0,48,0.96,0.96,1,0.02,1.0,1,0.04
work-1,M50O0D1,2501,2.501,1.2,48,0.96,0.96,1,0.02,1.0,1,0.04
work-1,M50O0D1,2501,2.501,1.4,48,0.96,0.96,1,0.02,1.0,1,0.04
work-1,M50O0D1,2601,2.601,1.0,49,0.98,0.98,1,0.02,1.0,1,0.02
work-1,M50O0D1,2601,2.601,1.2,49,0.98,0.98,1,0.02,1.0,1,0.02
work-1,M50O0D1,2601,2.601,1.4,49,0.98,0.98,1,0.02,1.0,1,0.02
work-1,M50O0D1,2701,2.701,1.0,50,1.0,1.0,0,0.0,,1,0.0
work-1,M50O0D1,2701,2.701,1.2,50,1.0,1.0,0,0.0,,1,0.0
work-1,M50O0D1,2701,2.701,1.4,50,1.0,1.0,0,0.0,,1,0.0
work-1,M50O0D1,2801,2.801,1.0,49,0.98,0.98,1,0.02,1.0,1,0.02
work-1,M50O0D1,2801,2.801,1.2,49,0.98,0.98,1,0.02,1.0,1,0.02
work-1,M50O0D1,2801,2.801,1.4,49,0.98,0.98,1,0.02,1.0,1,0.02
work-1,M50O0D1,2901,2.901,1.0,50,1.0,1.0,0,0.0,,1,0.0
work-1,M50O0D1,2901,2.901,1.2,50,1.0,1.0,0,0.0,,1,0.0
work-1,M50O0D1,2901,2.901,1.4,50,1.0,1.0,0,0.0,,1,0.0
work-1,M50O0D1,3001,3.001,1.0,48,0.96,0.96,1,0.02,1.0,1,0.04
work-1,M50O0D1,3001,3.001,1.2,48,0.96,0.96,1,0.02,1.0,1,0.04
work-1,M50O0D1,3001,3.001,1.4,49,0.98,0.98,1,0.02,1.0,1,0.02
work-1,M50O0D1,3101,3.101,1.0,49,0.98,0.98,1,0.02,1.0,1,0.02
work-1,M50O0D1,3101,3.101,1.2,49,0.98,0.98,1,0.02,1.0,1,0.02
work-1,M50O0D1,3101,3.101,1.4,49,0.98,0.98,1,0.02,1.0,1,0.02
work-1,M50O0D1,3201,3.201,1.0,49,0.98,0.98,1,0.02,1.0,1,0.02
work-1,M50O0D1,3201,3.201,1.2,49,0.98,0.98,1,0.02,1.0,1,0.02
work-1,M50O0D1,3201,3.201,1.4,50,1.0,1.0,0,0.0,,1,0.0
work-1,M50O0D1,3301,3.301,1.0,50,1.0,1.0,0,0.0,,1,0.0
work-1,M50O0D1,3301,3.301,1.2,50,1.0,1.0,0,0.0,,1,0.0
work-1,M50O0D1,3301,3.301,1.4,50,1.0,1.0,0,0.0,,1,0.0
work-1,M50O0D1,3401,3.401,1.0,49,0.98,0.98,1,0.02,1.0,1,0.02
work-1,M50O0D1,3401,3.401,1.2,49,0.98,0.98,1,0.02,1.0,1,0.02
work-1,M50O0D1,3401,3.401,1.4,50,1.0,1.0,0,0.0,,1,0.0
work-1,M50O0D1,3501,3.501,1.0,49,0.98,0.98,1,0.02,1.0,1,0.02
work-1,M50O0D1,3501,3.501,1.2,49,0.98,0.98,1,0.02,1.0,1,0.02
work-1,M50O0D1,3501,3.501,1.4,49,0.98,0.98,1,0.02,1.0,1,0.02
work-1,M50O0D1,3601,3.601,1.0,50,1.0,1.0,0,0.0,,1,0.0
work-1,M50O0D1,3601,3.601,1.2,50,1.0,1.0,0,0.0,,1,0.0
work-1,M50O0D1,3601,3.601,1.4,50,1.0,1.0,0,0.0,,1,0.0
work-1,M50O0D1,3701,3.701,1.0,48,0.96,0.96,1,0.02,1.0,1,0.04
work-1,M50O0D1,3701,3.701,1.2,49,0.98,0.98,1,0.02,1.0,1,0.02
work-1,M50O0D1,3701,3.701,1.4,49,0.98,0.98,1,0.02,1.0,1,0.02
work-1,M50O0D1,3801,3.801,1.0,47,0.94,0.94,1,0.02,1.0,1,0.06
work-1,M50O0D1,3801,3.801,1.2,47,0.94,0.94,1,0.02,1.0,1,0.06
work-1,M50O0D1,3801,3.801,1.4,47,0.94,0.94,1,0.02,1.0,1,0.06
work-1,M50O0D1,3901,3.901,1.0,50,1.0,1.0,0,0.0,,1,0.0
work-1,M50O0D1,3901,3.901,1.2,50,1.0,1.0,0,0.0,,1,0.0
work-1,M50O0D1,3901,3.901,1.4,50,1.0,1.0,0,0.0,,1,0.0
work-1,M50O0D1,4001,4.001,1.0,47,0.94,0.94,2,0.04,1.6666666666666667,2,0.02
work-1,M50O0D1,4001,4.001,1.2,47,0.94,0.94,2,0.04,1.6666666666666667,2,0.02
work-1,M50O0D1,4001,4.001,1.4,47,0.94,0.94,2,0.04,1.6666666666666667,2,0.02
work-1,M50O0D1,4101,4.101,1.0,50,1.0,1.0,0,0.0,,1,0.0
work-1,M50O0D1,4101,4.101,1.2,50,1.0,1.0,0,0.0,,1,0.0
work-1,M50O0D1,4101,4.101,1.4,50,1.0,1.0,0,0.0,,1,0.0
work-1,M50O0D1,4201,4.2010000000000005,1.0,49,0.98,0.98,1,0.02,1.0,1,0.02
work-1,M50O0D1,4201,4.2010000000000005,1.2,49,0.98,0.98,1,0.02,1.0,1,0.02
work-1,M50O0D1,4201,4.2010000000000005,1.4,50,1.0,1.0,0,0.0,,1,0.0
work-1,M50O0D1,4301,4.301,1.0,45,0.9,0.9,3,0.06,2.2,2,0.04
work-1,M50O0D1,4301,4.301,1.2,48,0.96,0.96,1,0.02,1.0,1,0.04
work-1,M50O0D1,4301,4.301,1.4,49,0.98,0.98,1,0.02,1.0,1,0.02
work-1,M50O0D1,4401,4.401,1.0,50,1.0,1.0,0,0.0,,1,0.0
work-1,M50O0D1,4401,4.401,1.2,50,1.0,1.0,0,0.0,,1,0.0
work-1,M50O0D1,4401,4.401,1.4,50,1.0,1.0,0,0.0,,1,0.0
work-1,M50O0D1,4501,4.501,1.0,49,0.98,0.98,1,0.02,1.0,1,0.02
work-1,M50O0D1,4501,4.501,1.2,49,0.98,0.98,1,0.02,1.0,1,0.02
work-1,M50O0D1,4501,4.501,1.4,49,0.98,0.98,1,0.02,1.0,1,0.02
work-1,M50O0D1,4601,4.601,1.0,48,0.96,0.96,2,0.04,2.0,2,0.0
work-1,M50O0D1,4601,4.601,1.2,50,1.0,1.0,0,0.0,,1,0.0
work-1,M50O0D1,4601,4.601,1.4,50,1.0,1.0,0,0.0,,1,0.0
work-1,M50O0D1,4701,4.7010000000000005,1.0,48,0.96,0.96,1,0.02,1.0,1,0.04
work-1,M50O0D1,4701,4.7010000000000005,1.2,48,0.96,0.96,1,0.02,1.0,1,0.04
work-1,M50O0D1,4701,4.7010000000000005,1.4,48,0.96,0.96,1,0.02,1.0,1,0.04
work-1,M50O0D1,4801,4.801,1.0,48,0.96,0.96,1,0.02,1.0,1,0.04
work-1,M50O0D1,4801,4.801,1.2,48,0.96,0.96,1,0.02,1.0,1,0.04
work-1,M50O0D1,4801,4.801,1.4,49,0.98,0.98,1,0.02,1.0,1,0.02
work-1,M50O0D1,4901,4.901,1.0,49,0.98,0.98,1,0.02,1.0,1,0.02
work-1,M50O0D1,4901,4.901,1.2,49,0.98,0.98,1,0.02,1.0,1,0.02
work-1,M50O0D1,4901,4.901,1.4,50,1.0,1.0,0,0.0,,1,0.0
work-2,M50O0D1,1001,1.001,1.0,50,1.0,1.0,0,0.0,,1,0.0
work-2,M50O0D1,1001,1.001,1.2,50,1.0,1.0,0,0.0,,1,0.0
work-2,M50O0D1,1001,1.001,1.4,50,1.0,1.0,0,0.0,,1,0.0
work-2,M50O0D1,1101,1.101,1.0,50,1.0,1.0,0,0.0,,1,0.0
work-2,M50O0D1,1101,1.101,1.2,50,1.0,1.0,0,0.0,,1,0.0
work-2,M50O0D1,1101,1.101,1.4,50,1.0,1.0,0,0.0,,1,0.0
work-2,M50O0D1,1201,1.201,1.0,50,1.0,1.0,0,0.0,,1,0.0
work-2,M50O0D1,1201,1.201,1.2,50,1.0,1.0,0,0.0,,1,0.0
work-2,M50O0D1,1201,1.201,1.4,50,1.0,1.0,0,0.0,,1,0.0
work-2,M50O0D1,1301,1.301,1.0,47,0.94,0.94,1,0.02,1.0,1,0.06
work-2,M50O0D1,1301,1.301,1.2,47,0.94,0.94,1,0.02,1.0,1,0.06
work-2,M50O0D1,1301,1.301,1.4,47,0.94,0.94,1,0.02,1.0,1,0.06
work-2,M50O0D1,1401,1.401,1.0,44,0.88,0.88,3,0.06,2.333333333333333,3,0.02
work-2,M50O0D1,1401,1.401,1.2,46,0.92,0.92,3,0.06,2.5,2,0.02
work-2,M50O0D1,1401,1.401,1.4,46,0.92,0.92,3,0.06,2.5,2,0.02
work-2,M50O0D1,1501,1.501,1.0,49,0.98,0.98,1,0.02,1.0,1,0.02
work-2,M50O0D1,1501,1.501,1.2,49,0.98,0.98,1,0.02,1.0,1,0.02
work-2,M50O0D1,1501,1.501,1.4,49,0.98,0.98,1,0.02,1.0,1,0.02
work-2,M50O0D1,1601,1.601,1.0,47,0.94,0.94,1,0.02,1.0,1,0.06
work-2,M50O0D1,1601,1.601,1.2,48,0.96,0.96,1,0.02,1.0,1,0.04
work-2,M50O0D1,1601,1.601,1.4,49,0.98,0.98,1,0.02,1.0,1,0.02
work-2,M50O0D1,1701,1.701,1.0,49,0.98,0.98,1,0.02,1.0,1,0.02
work-2,M50O0D1,1701,1.701,1.2,49,0.98,0.98,1,0.02,1.0,1,0.02
work-2,M50O0D1,1701,1.701,1.4,50,1.0,1.0,0,0.0,,1,0.0
work-2,M50O0D1,1801,1.801,1.0,50,1.0,1.0,0,0.0,,1,0.0
work-2,M50O0D1,1801,1.801,1.2,50,1.0,1.0,0,0.0,,1,0.0
work-2,M50O0D1,1801,1.801,1.4,50,1.0,1.0,0,0.0,,1,0.0
work-2,M50O0D1,1901,1.901,1.0,49,0.98,0.98,1,0.02,1.0,1,0.02
work-2,M50O0D1,1901,1.901,1.2,49,0.98,0.98,1,0.02,1.0,1,0.02
work-2,M50O0D1,1901,1.901,1.4,49,0.98,0.98,1,0.02,1.0,1,0.02
work-2,M50O0D1,2001,2.001,1.0,50,1.0,1.0,0,0.0,,1,0.0
work-2,M50O0D1,2001,2.001,1.2,50,1.0,1.0,0,0.0,,1,0.0
work-2,M50O0D1,2001,2.001,1.4,50,1.0,1.0,0,0.0,,1,0.0
work-2,M50O0D1,2101,2.101,1.0,49,0.98,0.98,1,0.02,1.0,1,0.02
work-2,M50O0D1,2101,2.101,1.2,49,0.98,0.98,1,0.02,1.0,1,0.02
work-2,M50O0D1,2101,2.101,1.4,49,0.98,0.98,1,0.02,1.0,1,0.02
work-2,M50O0D1,2201,2.201,1.0,47,0.94,0.94,2,0.04,1.6666666666666667,2,0.02
work-2,M50O0D1,2201,2.201,1.2,49,0.98,0.98,1,0.02,1.0,1,0.02
work-2,M50O0D1,2201,2.201,1.4,49,0.98,0.98,1,0.02,1.0,1,0.02
work-2,M50O0D1,2301,2.301,1.0,50,1.0,1.0,0,0.0,,1,0.0
work-2,M50O0D1,2301,2.301,1.2,50,1.0,1.0,0,0.0,,1,0.0
work-2,M50O0D1,2301,2.301,1.4,50,1.0,1.0,0,0.0,,1,0.0
work-2,M50O0D1,2401,2.401,1.0,46,0.92,0.92,2,0.04,1.5,2,0.04
work-2,M50O0D1,2401,2.401,1.2,49,0.98,0.98,1,0.02,1.0,1,0.02
work-2,M50O0D1,2401,2.401,1.4,49,0.98,0.98,1,0.02,1.0,1,0.02
work-2,M50O0D1,2501,2.501,1.0,49,0.98,0.98,1,0.02,1.0,1,0.02
work-2,M50O0D1,2501,2.501,1.2,49,0.98,0.98,1,0.02,1.0,1,0.02
work-2,M50O0D1,2501,2.501,1.4,49,0.98,0.98,1,0.02,1.0,1,0.02
work-2,M50O0D1,2601,2.601,1.0,48,0.96,0.96,1,0.02,1.0,1,0.04
work-2,M50O0D1,2601,2.601,1.2,49,0.98,0.98,1,0.02,1.0,1,0.02
work-2,M50O0D1,2601,2.601,1.4,50,1.0,1.0,0,0.0,,1,0.0
work-2,M50O0D1,2701,2.701,1.0,46,0.92,0.92,2,0.04,1.5,2,0.04
work-2,M50O0D1,2701,2.701,1.2,46,0.92,0.92,2,0.04,1.5,2,0.04
work-2,M50O0D1,2701,2.701,1.4,46,0.92,0.92,2,0.04,1.5,2,0.04
work-2,M50O0D1,2801,2.801,1.0,49,0.98,0.98,1,0.02,1.0,1,0.02
work-2,M50O0D1,2801,2.801,1.2,49,0.98,0.98,1,0.02,1.0,1,0.02
work-2,M50O0D1,2801,2.801,1.4,49,0.98,0.98,1,0.02,1.0,1,0.02
work-2,M50O0D1,2901,2.901,1.0,48,0.96,0.96,1,0.02,1.0,1,0.04
work-2,M50O0D1,2901,2.901,1.2,48,0.96,0.96,1,0.02,1.0,1,0.04
work-2,M50O0D1,2901,2.901,1.4,48,0.96,0.96,1,0.02,1.0,1,0.04
work-2,M50O0D1,3001,3.001,1.0,50,1.0,1.0,0,0.0,,1,0.0
work-2,M50O0D1,3001,3.001,1.2,50,1.0,1.0,0,0.0,,1,0.0
work-2,M50O0D1,3001,3.001,1.4,50,1.0,1.0,0,0.0,,1,0.0
work-2,M50O0D1,3101,3.101,1.0,50,1.0,1.0,0,0.0,,1,0.0
work-2,M50O0D1,3101,3.101,1.2,50,1.0,1.0,0,0.0,,1,0.0
work-2,M50O0D1,3101,3.101,1.4,50,1.0,1.0,0,0.0,,1,0.0
work-2,M50O0D1,3201,3.201,1.0,50,1.0,1.0,0,0.0,,1,0.0
work-2,M50O0D1,3201,3.201,1.2,50,1.0,1.0,0,0.0,,1,0.0
work-2,M50O0D1,3201,3.201,1.4,50,1.0,1.0,0,0.0,,1,0.0
work-2,M50O0D1,3301,3.301,1.0,50,1.0,1.0,0,0.0,,1,0.0
work-2,M50O0D1,3301,3.301,1.2,50,1.0,1.0,0,0.0,,1,0.0
work-2,M50O0D1,3301,3.301,1.4,50,1.0,1.0,0,0.0,,1,0.0
work-2,M50O0D1,3401,3.401,1.0,50,1.0,1.0,0,0.0,,1,0.0
work-2,M50O0D1,3401,3.401,1.2,50,1.0,1.0,0,0.0,,1,0.0
work-2,M50O0D1,3401,3.401,1.4,50,1.0,1.0,0,0.0,,1,0.0
work-2,M50O0D1,3501,3.501,1.0,47,0.94,0.94,1,0.02,1.0,1,0.06
work-2,M50O0D1,3501,3.501,1.2,49,0.98,0.98,1,0.02,1.0,1,0.02
work-2,M50O0D1,3501,3.501,1.4,50,1.0,1.0,0,0.0,,1,0.0
work-2,M50O0D1,3601,3.601,1.0,47,0.94,0.94,3,0.06,3.0,2,0.0
work-2,M50O0D1,3601,3.601,1.2,47,0.94,0.94,3,0.06,3.0,2,0.0
work-2,M50O0D1,3601,3.601,1.4,50,1.0,1.0,0,0.0,,1,0.0
work-2,M50O0D1,3701,3.701,1.0,50,1.0,1.0,0,0.0,,1,0.0
work-2,M50O0D1,3701,3.701,1.2,50,1.0,1.0,0,0.0,,1,0.0
work-2,M50O0D1,3701,3.701,1.4,50,1.0,1.0,0,0.0,,1,0.0
work-2,M50O0D1,3801,3.801,1.0,49,0.98,0.98,1,0.02,1.0,1,0.02
work-2,M50O0D1,3801,3.801,1.2,50,1.0,1.0,0,0.0,,1,0.0
work-2,M50O0D1,3801,3.801,1.4,50,1.0,1.0,0,0.0,,1,0.0
work-2,M50O0D1,3901,3.901,1.0,49,0.98,0.98,1,0.02,1.0,1,0.02
work-2,M50O0D1,3901,3.901,1.2,49,0.98,0.98,1,0.02,1.0,1,0.02
work-2,M50O0D1,3901,3.901,1.4,50,1.0,1.0,0,0.0,,1,0.0
work-2,M50O0D1,4001,4.001,1.0,50,1.0,1.0,0,0.0,,1,0.0
work-2,M50O0D1,4001,4.001,1.2,50,1.0,1.0,0,0.0,,1,0.0
work-2,M50O0D1,4001,4.001,1.4,50,1.0,1.0,0,0.0,,1,0.0
work-2,M50O0D1,4101,4.101,1.0,48,0.96,0.96,1,0.02,1.0,1,0.04
work-2,M50O0D1,4101,4.101,1.2,48,0.96,0.96,1,0.02,1.0,1,0.04
work-2,M50O0D1,4101,4.101,1.4,48,0.96,0.96,1,0.02,1.0,1,0.04
work-2,M50O0D1,4201,4.2010000000000005,1.0,50,1.0,1.0,0,0.0,,1,0.0
work-2,M50O0D1,4201,4.2010000000000005,1.2,50,1.0,1.0,0,0.0,,1,0.0
work-2,M50O0D1,4201,4.2010000000000005,1.4,50,1.0,1.0,0,0.0,,1,0.0
work-2,M50O0D1,4301,4.301,1.0,50,1.0,1.0,0,0.0,,1,0.0
work-2,M50O0D1,4301,4.301,1.2,50,1.0,1.0,0,0.0,,1,0.0
work-2,M50O0D1,4301,4.301,1.4,50,1.0,1.0,0,0.0,,1,0.0
work-2,M50O0D1,4401,4.401,1.0,48,0.96,0.96,1,0.02,1.0,1,0.04
work-2,M50O0D1,4401,4.401,1.2,48,0.96,0.96,1,0.02,1.0,1,0.04
work-2,M50O0D1,4401,4.401,1.4,48,0.96,0.96,1,0.02,1.0,1,0.04
work-2,M50O0D1,4501,4.501,1.0,48,0.96,0.96,1,0.02,1.0,1,0.04
work-2,M50O0D1,4501,4.501,1.2,48,0.96,0.96,1,0.02,1.0,1,0.04
work-2,M50O0D1,4501,4.501,1.4,48,0.96,0.96,1,0.02,1.0,1,0.04
work-2,M50O0D1,4601,4.601,1.0,47,0.94,0.94,1,0.02,1.0,1,0.06
work-2,M50O0D1,4601,4.601,1.2,47,0.94,0.94,1,0.02,1.0,1,0.06
work-2,M50O0D1,4601,4.601,1.4,48,0.96,0.96,1,0.02,1.0,1,0.04
work-2,M50O0D1,4701,4.7010000000000005,1.0,49,0.98,0.98,1,0.02,1.0,1,0.02
work-2,M50O0D1,4701,4.7010000000000005,1.2,49,0.98,0.98,1,0.02,1.0,1,0.02
work-2,M50O0D1,4701,4.7010000000000005,1.4,49,0.98,0.98,1,0.02,1.0,1,0.02
work-2,M50O0D1,4801,4.801,1.0,50,1.0,1.0,0,0.0,,1,0.0
work-2,M50O0D1,4801,4.801,1.2,50,1.0,1.0,0,0.0,,1,0.0
work-2,M50O0D1,4801,4.801,1.4,50,1.0,1.0,0,0.0,,1,0.0
work-2,M50O0D1,4901,4.901,1.0,49,0.98,0.98,1,0.02,1.0,1,0.02
work-2,M50O0D1,4901,4.901,1.2,49,0.98,0.98,1,0.02,1.0,1,0.02
work-2,M50O0D1,4901,4.901,1.4,49,0.98,0.98,1,0.02,1.0,1,0.02
work,M10O90-S2,1001,1.001,1.0,12,0.109090909090909,0.125326695706285,6,0.0545454545454545,2.4285714285714284,22,0.3454545454545454
work,M10O90-S2,1001,1.001,1.2,12,0.109090909090909,0.125326695706285,6,0.0545454545454545,2.5306122448979598,22,0.3272727272727272
work,M10O90-S2,1001,1.001,1.4,12,0.109090909090909,0.125326695706285,7,0.0636363636363636,2.836734693877551,22,0.3
work,M10O90-S2,1101,1.101,1.0,5,0.0454545454545454,0.0459240821406347,5,0.0454545454545454,2.619047619047619,30,0.2181818181818181
work,M10O90-S2,1101,1.101,1.2,10,0.0909090909090909,0.0918481642812694,5,0.0454545454545454,2.9,27,0.1909090909090909
work,M10O90-S2,1101,1.101,1.4,10,0.0909090909090909,0.0918481642812694,5,0.0454545454545454,2.98,27,0.1818181818181818
work,M10O90-S2,1201,1.201,1.0,8,0.0727272727272727,0.0769135034225264,7,0.0636363636363636,2.5294117647058822,25,0.3272727272727272
work,M10O90-S2,1201,1.201,1.2,8,0.0727272727272727,0.0769135034225264,7,0.0636363636363636,2.5686274509803924,25,0.3181818181818182
work,M10O90-S2,1201,1.201,1.4,8,0.0727272727272727,0.0769135034225264,7,0.0636363636363636,2.784313725490196,24,0.3
work,M10O90-S2,1301,1.301,1.0,12,0.109090909090909,0.125326695706285,8,0.0727272727272727,2.7551020408163267,19,0.3818181818181818
work,M10O90-S2,1301,1.301,1.2,12,0.109090909090909,0.125326695706285,8,0.0727272727272727,2.877551020408163,21,0.3272727272727272
work,M10O90-S2,1301,1.301,1.4,12,0.109090909090909,0.125326695706285,8,0.0727272727272727,3.142857142857143,21,0.2909090909090909
work,M10O90-S2,1401,1.401,1.0,8,0.0727272727272727,0.0868699439950217,8,0.0727272727272727,2.9607843137254903,25,0.2636363636363636
work,M10O90-S2,1401,1.401,1.2,8,0.0727272727272727,0.0868699439950217,8,0.0727272727272727,2.9607843137254903,25,0.2636363636363636
work,M10O90-S2,1401,1.401,1.4,12,0.109090909090909,0.1167392657125077,8,0.0727272727272727,2.9183673469387754,24,0.2636363636363636
work,M10O90-S2,1501,1.501,1.0,8,0.0727272727272727,0.0861854387056627,7,0.0636363636363636,3.07843137254902,23,0.2636363636363636
work,M10O90-S2,1501,1.501,1.2,8,0.0727272727272727,0.0861854387056627,7,0.0636363636363636,3.176470588235294,24,0.2363636363636363
work,M10O90-S2,1501,1.501,1.4,10,0.0909090909090909,0.110392034847542,7,0.0636363636363636,3.22,24,0.2181818181818181
work,M10O90-S2,1601,1.601,1.0,30,0.2727272727272727,0.3047293092719352,9,0.0818181818181818,3.45,18,0.2272727272727272
work,M10O90-S2,1601,1.601,1.2,31,0.2818181818181818,0.3121966397013068,11,0.1,4.0886075949367084,16,0.2181818181818181
work,M10O90-S2,1601,1.601,1.4,31,0.2818181818181818,0.3121966397013068,13,0.1181818181818181,4.772151898734177,15,0.209090909090909
work,M10O90-S2,1701,1.701,1.0,9,0.0818181818181818,0.1036092097075295,9,0.0818181818181818,2.643564356435644,24,0.3363636363636363
work,M10O90-S2,1701,1.701,1.2,10,0.0909090909090909,0.1090230242688238,9,0.0818181818181818,2.84,24,0.3090909090909091
work,M10O90-S2,1701,1.701,1.4,12,0.109090909090909,0.1332296204107032,9,0.0818181818181818,3.510204081632653,22,0.2727272727272727
work,M10O90-S2,1801,1.801,1.0,6,0.0545454545454545,0.0633478531425015,6,0.0545454545454545,2.6923076923076925,23,0.3272727272727272
work,M10O90-S2,1801,1.801,1.2,6,0.0545454545454545,0.0633478531425015,6,0.0545454545454545,2.8076923076923075,24,0.3
work,M10O90-S2,1801,1.801,1.4,6,0.0545454545454545,0.0633478531425015,6,0.0545454545454545,3.0961538461538463,25,0.2454545454545454
work,M10O90-S2,1901,1.901,1.0,18,0.1636363636363636,0.1794026135656503,6,0.0545454545454545,2.260869565217391,23,0.3090909090909091
work,M10O90-S2,1901,1.901,1.2,18,0.1636363636363636,0.1794026135656503,8,0.0727272727272727,2.5869565217391304,22,0.3
work,M10O90-S2,1901,1.901,1.4,18,0.1636363636363636,0.1794026135656503,8,0.0727272727272727,2.8043478260869565,22,0.2636363636363636
work,M10O90-S2,2001,2.001,1.0,8,0.0727272727272727,0.096141879278158,7,0.0636363636363636,2.607843137254902,27,0.2818181818181818
work,M10O90-S2,2001,2.001,1.2,10,0.0909090909090909,0.111076540136901,7,0.0636363636363636,2.72,26,0.2636363636363636
work,M10O90-S2,2001,2.001,1.4,10,0.0909090909090909,0.111076540136901,7,0.0636363636363636,3.16,24,0.2454545454545454
work,M10O90-S2,2101,2.101,1.0,13,0.1181818181818181,0.1248911014312383,8,0.0727272727272727,2.814432989690722,19,0.3636363636363636
work,M10O90-S2,2101,2.101,1.2,13,0.1181818181818181,0.1248911014312383,8,0.0727272727272727,3.020618556701031,20,0.3272727272727272
work,M10O90-S2,2101,2.101,1.4,13,0.1181818181818181,0.1248911014312383,8,0.0727272727272727,3.0412371134020617,21,0.3090909090909091
work,M10O90-S2,2201,2.201,1.0,9,0.0818181818181818,0.1036092097075295,8,0.0727272727272727,2.4653465346534653,21,0.4
work,M10O90-S2,2201,2.201,1.2,13,0.1181818181818181,0.1334785314250155,11,0.1,2.9381443298969074,19,0.3909090909090909
work,M10O90-S2,2201,2.201,1.4,14,0.1272727272727272,0.140945861854387,11,0.1,3.520833333333333,17,0.3545454545454545
work,M10O90-S2,2301,2.301,1.0,13,0.1181818181818181,0.1341630367143746,7,0.0636363636363636,2.443298969072165,22,0.3454545454545454
work,M10O90-S2,2301,2.301,1.2,13,0.1181818181818181,0.1341630367143746,8,0.0727272727272727,2.855670103092784,21,0.3363636363636363
work,M10O90-S2,2301,2.301,1.4,13,0.1181818181818181,0.1341630367143746,8,0.0727272727272727,2.8762886597938144,22,0.3181818181818182
work,M10O90-S2,2401,2.401,1.0,8,0.0727272727272727,0.0683260734287492,6,0.0545454545454545,2.6666666666666665,22,0.3363636363636363
work,M10O90-S2,2401,2.401,1.2,8,0.0727272727272727,0.0683260734287492,6,0.0545454545454545,2.803921568627451,22,0.3181818181818182
work,M10O90-S2,2401,2.401,1.4,8,0.0727272727272727,0.0683260734287492,6,0.0545454545454545,3.0,23,0.2818181818181818
work,M10O90-S2,2501,2.501,1.0,10,0.0909090909090909,0.0925326695706285,8,0.0727272727272727,2.94,25,0.2818181818181818
work,M10O90-S2,2501,2.501,1.2,10,0.0909090909090909,0.0925326695706285,8,0.0727272727272727,3.16,24,0.2727272727272727
work,M10O90-S2,2501,2.501,1.4,13,0.1181818181818181,0.114934660858743,12,0.109090909090909,3.948453608247423,23,0.2363636363636363
work,M10O90-S2,2601,2.601,1.0,7,0.0636363636363636,0.0787181082762912,7,0.0636363636363636,2.883495145631068,24,0.2909090909090909
work,M10O90-S2,2601,2.601,1.2,9,0.0818181818181818,0.0936527691350342,9,0.0818181818181818,3.297029702970297,22,0.2818181818181818
work,M10O90-S2,2601,2.601,1.4,9,0.0818181818181818,0.0936527691350342,9,0.0818181818181818,3.3168316831683167,23,0.2636363636363636
work,M10O90-S2,2701,2.701,1.0,13,0.1181818181818181,0.1056627255756067,8,0.0727272727272727,3.247422680412371,22,0.2636363636363636
work,M10O90-S2,2701,2.701,1.2,18,0.1636363636363636,0.1515868077162414,8,0.0727272727272727,3.152173913043478,21,0.2636363636363636
work,M10O90-S2,2701,2.701,1.4,18,0.1636363636363636,0.1515868077162414,8,0.0727272727272727,3.391304347826087,21,0.2363636363636363
work,M10O90-S2,2801,2.801,1.0,10,0.0909090909090909,0.111076540136901,7,0.0636363636363636,2.92,23,0.2818181818181818
work,M10O90-S2,2801,2.801,1.2,10,0.0909090909090909,0.111076540136901,9,0.0818181818181818,3.44,23,0.2363636363636363
work,M10O90-S2,2801,2.801,1.4,15,0.1363636363636363,0.1563161169881767,10,0.0909090909090909,3.610526315789474,22,0.2181818181818181
work,M10O90-S2,2901,2.901,1.0,11,0.1,0.1092719352831362,7,0.0636363636363636,2.878787878787879,25,0.2454545454545454
work,M10O90-S2,2901,2.901,1.2,15,0.1363636363636363,0.1391412570006222,8,0.0727272727272727,3.168421052631579,24,0.2272727272727272
work,M10O90-S2,2901,2.901,1.4,18,0.1636363636363636,0.170130678282514,8,0.0727272727272727,3.5,22,0.2272727272727272
work,M10O90-S2,3001,3.001,1.0,7,0.0636363636363636,0.0608587429993777,6,0.0545454545454545,2.8640776699029127,26,0.2636363636363636
work,M10O90-S2,3001,3.001,1.2,7,0.0636363636363636,0.0608587429993777,6,0.0545454545454545,2.8640776699029127,26,0.2636363636363636
work,M10O90-S2,3001,3.001,1.4,7,0.0636363636363636,0.0694461729931549,7,0.0636363636363636,2.9805825242718447,26,0.2545454545454545
work,M10O90-S2,3101,3.101,1.0,8,0.0727272727272727,0.0782825140012445,5,0.0454545454545454,2.215686274509804,24,0.3727272727272727
work,M10O90-S2,3101,3.101,1.2,9,0.0818181818181818,0.085749844430616,6,0.0545454545454545,2.3465346534653464,25,0.3363636363636363
work,M10O90-S2,3101,3.101,1.4,10,0.0909090909090909,0.0746733042937149,9,0.0818181818181818,3.08,22,0.3090909090909091
work,M10O90-S2,3201,3.201,1.0,6,0.0545454545454545,0.0533914125700062,5,0.0454545454545454,2.480769230769231,25,0.3090909090909091
work,M10O90-S2,3201,3.201,1.2,9,0.0818181818181818,0.085065339141257,6,0.0545454545454545,2.584158415841584,24,0.3
work,M10O90-S2,3201,3.201,1.4,9,0.0818181818181818,0.085065339141257,6,0.0545454545454545,2.6831683168316838,24,0.2909090909090909
work,M10O90-S2,3301,3.301,1.0,7,0.0636363636363636,0.0615432482887367,6,0.0545454545454545,2.650485436893204,19,0.4
work,M10O90-S2,3301,3.301,1.2,10,0.0909090909090909,0.1011200995644057,7,0.0636363636363636,2.8,18,0.3909090909090909
work,M10O90-S2,3301,3.301,1.4,10,0.0909090909090909,0.1011200995644057,7,0.0636363636363636,2.98,18,0.3727272727272727
work,M10O90-S2,3401,3.401,1.0,9,0.0818181818181818,0.1029247044181705,7,0.0636363636363636,2.98019801980198,22,0.3
work,M10O90-S2,3401,3.401,1.2,9,0.0818181818181818,0.1029247044181705,7,0.0636363636363636,2.98019801980198,22,0.3
work,M10O90-S2,3401,3.401,1.4,11,0.1,0.1178593652769135,7,0.0636363636363636,3.121212121212121,20,0.2909090909090909
work,M10O90-S2,3501,3.501,1.0,8,0.0727272727272727,0.0769135034225264,8,0.0727272727272727,2.980392156862745,22,0.3090909090909091
work,M10O90-S2,3501,3.501,1.2,15,0.1363636363636363,0.1556316116988176,8,0.0727272727272727,3.1894736842105265,19,0.2909090909090909
work,M10O90-S2,3501,3.501,1.4,20,0.1818181818181818,0.2015556938394524,10,0.0909090909090909,3.733333333333333,19,0.2272727272727272
work,M10O90-S2,3601,3.601,1.0,15,0.1363636363636363,0.1563161169881767,11,0.1,3.273684210526316,21,0.3
work,M10O90-S2,3601,3.601,1.2,16,0.1454545454545454,0.1637834474175482,11,0.1,3.3617021276595747,21,0.2818181818181818
work,M10O90-S2,3601,3.601,1.4,16,0.1454545454545454,0.1637834474175482,11,0.1,3.425531914893617,22,0.2545454545454545
work,M10O90-S2,3701,3.701,1.0,7,0.0636363636363636,0.0615432482887367,6,0.0545454545454545,2.4563106796116503,24,0.3454545454545454
work,M10O90-S2,3701,3.701,1.2,7,0.0636363636363636,0.0615432482887367,6,0.0545454545454545,2.5533980582524274,24,0.3363636363636363
work,M10O90-S2,3701,3.701,1.4,8,0.0727272727272727,0.0775980087118855,7,0.0636363636363636,2.823529411764706,25,0.2909090909090909
work,M10O90-S2,3801,3.801,1.0,11,0.1,0.1171748599875544,6,0.0545454545454545,2.737373737373737,20,0.3363636363636363
work,M10O90-S2,3801,3.801,1.2,11,0.1,0.1171748599875544,8,0.0727272727272727,3.060606060606061,19,0.3363636363636363
work,M10O90-S2,3801,3.801,1.4,11,0.1,0.1171748599875544,8,0.0727272727272727,3.282828282828283,18,0.3272727272727272
work,M10O90-S2,3901,3.901,1.0,8,0.0727272727272727,0.0690105787181082,8,0.0727272727272727,3.392156862745098,26,0.209090909090909
work,M10O90-S2,3901,3.901,1.2,14,0.1272727272727272,0.1474797759800871,10,0.0909090909090909,4.395833333333333,22,0.1909090909090909
work,M10O90-S2,3901,3.901,1.4,14,0.1272727272727272,0.1474797759800871,10,0.0909090909090909,4.395833333333333,22,0.1909090909090909
work,M10O90-S2,4001,4.001,1.0,8,0.0727272727272727,0.0769135034225264,8,0.0727272727272727,2.372549019607843,21,0.4181818181818181
work,M10O90-S2,4001,4.001,1.2,9,0.0818181818181818,0.0843808338518979,8,0.0727272727272727,2.4653465346534653,20,0.4090909090909091
work,M10O90-S2,4001,4.001,1.4,9,0.0818181818181818,0.0843808338518979,8,0.0727272727272727,2.603960396039604,21,0.3727272727272727
work,M10O90-S2,4101,4.101,1.0,16,0.1454545454545454,0.155196017423771,13,0.1181818181818181,4.361702127659575,16,0.3363636363636363
work,M10O90-S2,4101,4.101,1.2,16,0.1454545454545454,0.155196017423771,16,0.1454545454545454,5.914893617021277,16,0.2818181818181818
work,M10O90-S2,4101,4.101,1.4,17,0.1545454545454545,0.1719352831362788,16,0.1454545454545454,6.075268817204301,16,0.2636363636363636
work,M10O90-S2,4201,4.2010000000000005,1.0,9,0.0818181818181818,0.085065339141257,7,0.0636363636363636,2.762376237623762,20,0.3636363636363636
work,M10O90-S2,4201,4.2010000000000005,1.2,9,0.0818181818181818,0.085065339141257,7,0.0636363636363636,2.900990099009901,20,0.3454545454545454
work,M10O90-S2,4201,4.2010000000000005,1.4,12,0.109090909090909,0.1081518357187305,9,0.0818181818181818,3.4081632653061225,18,0.3272727272727272
work,M10O90-S2,4301,4.301,1.0,8,0.0727272727272727,0.059738643434972,7,0.0636363636363636,2.6666666666666665,23,0.3272727272727272
work,M10O90-S2,4301,4.301,1.2,11,0.1,0.0907280647168637,8,0.0727272727272727,2.95959595959596,21,0.3
work,M10O90-S2,4301,4.301,1.4,11,0.1,0.0907280647168637,8,0.0727272727272727,2.95959595959596,21,0.3
work,M10O90-S2,4401,4.401,1.0,31,0.2818181818181818,0.3022401991288114,5,0.0454545454545454,2.392405063291139,18,0.2818181818181818
work,M10O90-S2,4401,4.401,1.2,35,0.3181818181818182,0.3321095208462974,6,0.0545454545454545,2.546666666666667,16,0.2727272727272727
work,M10O90-S2,4401,4.401,1.4,35,0.3181818181818182,0.3321095208462974,7,0.0636363636363636,2.893333333333333,16,0.2454545454545454
work,M10O90-S2,4501,4.501,1.0,19,0.1727272727272727,0.1855009334163036,6,0.0545454545454545,2.142857142857143,20,0.3727272727272727
work,M10O90-S2,4501,4.501,1.2,24,0.2181818181818181,0.2492843808338519,6,0.0545454545454545,2.116279069767442,21,0.3272727272727272
work,M10O90-S2,4501,4.501,1.4,25,0.2272727272727272,0.2567517112632234,6,0.0545454545454545,2.294117647058824,20,0.3090909090909091
work,M10O90-S2,4601,4.601,1.0,10,0.0909090909090909,0.1011200995644057,9,0.0818181818181818,2.78,17,0.4272727272727272
work,M10O90-S2,4601,4.601,1.2,10,0.0909090909090909,0.1011200995644057,9,0.0818181818181818,2.9,18,0.3909090909090909
work,M10O90-S2,4601,4.601,1.4,13,0.1181818181818181,0.1235220908525202,9,0.0818181818181818,2.9587628865979383,18,0.3636363636363636
work,M10O90-S2,4701,4.7010000000000005,1.0,9,0.0818181818181818,0.0936527691350342,6,0.0545454545454545,3.03960396039604,24,0.2545454545454545
work,M10O90-S2,4701,4.7010000000000005,1.2,13,0.1181818181818181,0.1327940261356565,6,0.0545454545454545,3.0412371134020617,23,0.2454545454545454
work,M10O90-S2,4701,4.7010000000000005,1.4,13,0.1181818181818181,0.1327940261356565,7,0.0636363636363636,3.1649484536082477,23,0.2363636363636363
work,M10O90-S2,4801,4.801,1.0,14,0.1272727272727272,0.140261356565028,6,0.0545454545454545,2.520833333333333,22,0.3181818181818182
work,M10O90-S2,4801,4.801,1.2,17,0.1545454545454545,0.1626633478531425,6,0.0545454545454545,2.634408602150537,20,0.3181818181818182
work,M10O90-S2,4801,4.801,1.4,18,0.1636363636363636,0.170130678282514,11,0.1,3.5434782608695654,18,0.3
work,M10O90-S2,4901,4.901,1.0,8,0.0727272727272727,0.0690105787181082,7,0.0636363636363636,2.784313725490196,22,0.3272727272727272
work,M10O90-S2,4901,4.901,1.2,10,0.0909090909090909,0.0839452395768512,8,0.0727272727272727,3.06,23,0.2727272727272727
work,M10O90-S2,4901,4.901,1.4,10,0.0909090909090909,0.0839452395768512,8,0.0727272727272727,3.14,22,0.2727272727272727
work-1,M10O90-S2,1001,1.001,1.0,9,0.0818181818181818,0.1015556938394524,6,0.0545454545454545,2.485148514851485,29,0.2454545454545454
work-1,M10O90-S2,1001,1.001,1.2,15,0.1363636363636363,0.1642190416925949,5,0.0454545454545454,2.305263157894737,28,0.2363636363636363
work-1,M10O90-S2,1001,1.001,1.4,16,0.1454545454545454,0.1716863721219663,5,0.0454545454545454,2.4468085106382977,27,0.2272727272727272
work-1,M10O90-S2,1101,1.101,1.0,13,0.1181818181818181,0.1142501555693839,8,0.0727272727272727,2.731958762886598,18,0.3909090909090909
work-1,M10O90-S2,1101,1.101,1.2,13,0.1181818181818181,0.1142501555693839,8,0.0727272727272727,2.8969072164948453,17,0.3818181818181818
work-1,M10O90-S2,1101,1.101,1.4,13,0.1181818181818181,0.1142501555693839,8,0.0727272727272727,2.9381443298969074,17,0.3727272727272727
work-1,M10O90-S2,1201,1.201,1.0,17,0.1545454545454545,0.1540759178593652,5,0.0454545454545454,2.290322580645161,20,0.3545454545454545
work-1,M10O90-S2,1201,1.201,1.2,17,0.1545454545454545,0.1540759178593652,5,0.0454545454545454,2.376344086021505,19,0.3545454545454545
work-1,M10O90-S2,1201,1.201,1.4,18,0.1636363636363636,0.1615432482887367,7,0.0636363636363636,2.8043478260869565,18,0.3272727272727272
work-1,M10O90-S2,1301,1.301,1.0,11,0.1,0.1092719352831362,8,0.0727272727272727,3.525252525252525,21,0.2454545454545454
work-1,M10O90-S2,1301,1.301,1.2,12,0.109090909090909,0.0988799004355942,11,0.1,4.387755102040816,20,0.209090909090909
work-1,M10O90-S2,1301,1.301,1.4,14,0.1272727272727272,0.1224019912881144,11,0.1,4.458333333333333,20,0.1909090909090909
work-1,M10O90-S2,1401,1.401,1.0,12,0.109090909090909,0.0988799004355942,10,0.0909090909090909,3.5510204081632653,19,0.3272727272727272
work-1,M10O90-S2,1401,1.401,1.2,12,0.109090909090909,0.0988799004355942,10,0.0909090909090909,3.653061224489796,19,0.3090909090909091
work-1,M10O90-S2,1401,1.401,1.4,14,0.1272727272727272,0.1488487865588052,12,0.109090909090909,4.0625,18,0.3
work-1,M10O90-S2,1501,1.501,1.0,6,0.0545454545454545,0.0633478531425015,5,0.0454545454545454,2.019230769230769,27,0.3727272727272727
work-1,M10O90-S2,1501,1.501,1.2,7,0.0636363636363636,0.0694461729931549,6,0.0545454545454545,2.3980582524271843,26,0.3272727272727272
work-1,M10O90-S2,1501,1.501,1.4,10,0.0909090909090909,0.1011200995644057,8,0.0727272727272727,2.62,24,0.3272727272727272
work-1,M10O90-S2,1601,1.601,1.0,13,0.1181818181818181,0.114934660858743,7,0.0636363636363636,3.206185567010309,22,0.2636363636363636
work-1,M10O90-S2,1601,1.601,1.2,13,0.1181818181818181,0.114934660858743,7,0.0636363636363636,3.4329896907216493,22,0.2454545454545454
work-1,M10O90-S2,1601,1.601,1.4,13,0.1181818181818181,0.114934660858743,10,0.0909090909090909,4.010309278350515,21,0.2363636363636363
work-1,M10O90-S2,1701,1.701,1.0,14,0.1272727272727272,0.1488487865588052,9,0.0818181818181818,3.3541666666666665,25,0.2272727272727272
work-1,M10O90-S2,1701,1.701,1.2,14,0.1272727272727272,0.1488487865588052,9,0.0818181818181818,3.4375,24,0.2272727272727272
work-1,M10O90-S2,1701,1.701,1.4,14,0.1272727272727272,0.1488487865588052,9,0.0818181818181818,3.6458333333333335,23,0.2272727272727272
work-1,M10O90-S2,1801,1.801,1.0,9,0.0818181818181818,0.0764779091474797,8,0.0727272727272727,2.8217821782178216,22,0.3363636363636363
work-1,M10O90-S2,1801,1.801,1.2,9,0.0818181818181818,0.0764779091474797,8,0.0727272727272727,2.881188118811881,23,0.3090909090909091
work-1,M10O90-S2,1801,1.801,1.4,10,0.0909090909090909,0.0839452395768512,8,0.0727272727272727,3.22,23,0.2727272727272727
work-1,M10O90-S2,1901,1.901,1.0,12,0.109090909090909,0.125326695706285,9,0.0818181818181818,3.306122448979592,19,0.3363636363636363
work-1,M10O90-S2,1901,1.901,1.2,13,0.1181818181818181,0.1413814561294337,11,0.1,3.845360824742268,19,0.3090909090909091
work-1,M10O90-S2,1901,1.901,1.4,13,0.1181818181818181,0.1413814561294337,11,0.1,4.216494845360825,18,0.3090909090909091
work-1,M10O90-S2,2001,2.001,1.0,7,0.0636363636363636,0.0608587429993777,6,0.0545454545454545,2.3592233009708736,24,0.3545454545454545
work-1,M10O90-S2,2001,2.001,1.2,7,0.0636363636363636,0.0608587429993777,6,0.0545454545454545,2.6893203883495147,22,0.3363636363636363
work-1,M10O90-S2,2001,2.001,1.4,8,0.0727272727272727,0.0782825140012445,7,0.0636363636363636,2.9411764705882355,21,0.3272727272727272
work-1,M10O90-S2,2101,2.101,1.0,17,0.1545454545454545,0.1798382078406969,9,0.0818181818181818,3.4301075268817205,20,0.2727272727272727
work-1,M10O90-S2,2101,2.101,1.2,19,0.1727272727272727,0.1947728686994399,9,0.0818181818181818,3.505494505494505,19,0.2636363636363636
work-1,M10O90-S2,2101,2.101,1.4,19,0.1727272727272727,0.1947728686994399,9,0.0818181818181818,3.505494505494505,19,0.2636363636363636
work-1,M10O90-S2,2201,2.201,1.0,10,0.0909090909090909,0.0832607342874922,5,0.0454545454545454,2.02,21,0.4272727272727272
work-1,M10O90-S2,2201,2.201,1.2,10,0.0909090909090909,0.0832607342874922,5,0.0454545454545454,2.16,22,0.3909090909090909
work-1,M10O90-S2,2201,2.201,1.4,10,0.0909090909090909,0.0832607342874922,5,0.0454545454545454,2.22,23,0.3636363636363636
work-1,M10O90-S2,2301,2.301,1.0,7,0.0636363636363636,0.0608587429993777,6,0.0545454545454545,2.650485436893204,29,0.2363636363636363
work-1,M10O90-S2,2301,2.301,1.2,8,0.0727272727272727,0.0683260734287492,6,0.0545454545454545,2.764705882352941,29,0.2181818181818181
work-1,M10O90-S2,2301,2.301,1.4,11,0.1,0.0993154947106409,8,0.0727272727272727,3.242424242424242,25,0.209090909090909
work-1,M10O90-S2,2401,2.401,1.0,8,0.0727272727272727,0.0683260734287492,5,0.0454545454545454,2.2549019607843137,26,0.3363636363636363
work-1,M10O90-S2,2401,2.401,1.2,8,0.0727272727272727,0.0683260734287492,7,0.0636363636363636,2.627450980392157,25,0.3181818181818182
work-1,M10O90-S2,2401,2.401,1.4,9,0.0818181818181818,0.0929682638456751,9,0.0818181818181818,3.217821782178218,24,0.2818181818181818
work-1,M10O90-S2,2501,2.501,1.0,11,0.1,0.1,6,0.0545454545454545,2.4343434343434343,24,0.3181818181818182
work-1,M10O90-S2,2501,2.501,1.2,11,0.1,0.1,7,0.0636363636363636,2.676767676767677,23,0.3090909090909091
work-1,M10O90-S2,2501,2.501,1.4,12,0.109090909090909,0.1074673304293715,7,0.0636363636363636,2.7755102040816326,23,0.2909090909090909
work-1,M10O90-S2,2601,2.601,1.0,7,0.0636363636363636,0.0780336029869321,6,0.0545454545454545,2.7281553398058254,23,0.3272727272727272
work-1,M10O90-S2,2601,2.601,1.2,11,0.1,0.1085874299937772,9,0.0818181818181818,3.5656565656565657,21,0.2636363636363636
work-1,M10O90-S2,2601,2.601,1.4,11,0.1,0.1085874299937772,9,0.0818181818181818,3.646464646464647,20,0.2636363636363636
work-1,M10O90-S2,2701,2.701,1.0,10,0.0909090909090909,0.1018046048537647,5,0.0454545454545454,2.48,27,0.2636363636363636
work-1,M10O90-S2,2701,2.701,1.2,13,0.1181818181818181,0.1242065961418792,8,0.0727272727272727,2.917525773195876,24,0.2545454545454545
work-1,M10O90-S2,2701,2.701,1.4,17,0.1545454545454545,0.1626633478531425,8,0.0727272727272727,3.043010752688172,23,0.2272727272727272
work-1,M10O90-S2,2801,2.801,1.0,8,0.0727272727272727,0.0690105787181082,7,0.0636363636363636,3.0392156862745097,25,0.2636363636363636
work-1,M10O90-S2,2801,2.801,1.2,12,0.109090909090909,0.1160547604231487,8,0.0727272727272727,3.346938775510204,23,0.2454545454545454
work-1,M10O90-S2,2801,2.801,1.4,15,0.1363636363636363,0.1384567517112632,9,0.0818181818181818,3.673684210526316,22,0.2272727272727272
work-1,M10O90-S2,2901,2.901,1.0,7,0.0636363636363636,0.070130678282514,7,0.0636363636363636,3.271844660194174,24,0.2454545454545454
work-1,M10O90-S2,2901,2.901,1.2,9,0.0818181818181818,0.0943372744243932,7,0.0636363636363636,3.4554455445544554,23,0.2272727272727272
work-1,M10O90-S2,2901,2.901,1.4,9,0.0818181818181818,0.0943372744243932,8,0.0727272727272727,3.792079207920792,22,0.2181818181818181
work-1,M10O90-S2,3001,3.001,1.0,6,0.0545454545454545,0.0533914125700062,6,0.0545454545454545,2.3653846153846154,26,0.3363636363636363
work-1,M10O90-S2,3001,3.001,1.2,6,0.0545454545454545,0.0533914125700062,6,0.0545454545454545,2.4038461538461537,26,0.3272727272727272
work-1,M10O90-S2,3001,3.001,1.4,7,0.0636363636363636,0.070130678282514,6,0.0545454545454545,2.5728155339805827,26,0.3
work-1,M10O90-S2,3101,3.101,1.0,11,0.1,0.1171748599875544,6,0.0545454545454545,3.4444444444444446,19,0.2727272727272727
work-1,M10O90-S2,3101,3.101,1.2,12,0.109090909090909,0.1246421904169259,12,0.109090909090909,4.612244897959184,17,0.2545454545454545
work-1,M10O90-S2,3101,3.101,1.4,15,0.1363636363636363,0.1470441817050404,12,0.109090909090909,4.663157894736842,16,0.2545454545454545
work-1,M10O90-S2,3201,3.201,1.0,16,0.1454545454545454,0.15588052271313,8,0.0727272727272727,2.425531914893617,18,0.4
work-1,M10O90-S2,3201,3.201,1.2,16,0.1454545454545454,0.15588052271313,9,0.0818181818181818,2.74468085106383,18,0.3636363636363636
work-1,M10O90-S2,3201,3.201,1.4,16,0.1454545454545454,0.15588052271313,9,0.0818181818181818,2.978723404255319,20,0.3
work-1,M10O90-S2,3301,3.301,1.0,8,0.0727272727272727,0.0683260734287492,8,0.0727272727272727,2.7450980392156863,20,0.3727272727272727
work-1,M10O90-S2,3301,3.301,1.2,17,0.1545454545454545,0.1619788425637834,8,0.0727272727272727,2.677419354838709,20,0.3272727272727272
work-1,M10O90-S2,3301,3.301,1.4,17,0.1545454545454545,0.1619788425637834,8,0.0727272727272727,2.956989247311828,20,0.3090909090909091
work-1,M10O90-S2,3401,3.401,1.0,14,0.1272727272727272,0.1316739265712507,8,0.0727272727272727,2.833333333333333,21,0.3272727272727272
work-1,M10O90-S2,3401,3.401,1.2,14,0.1272727272727272,0.1316739265712507,8,0.0727272727272727,3.25,23,0.2545454545454545
work-1,M10O90-S2,3401,3.401,1.4,15,0.1363636363636363,0.1391412570006222,9,0.0818181818181818,3.694736842105263,22,0.2272727272727272
work-1,M10O90-S2,3501,3.501,1.0,11,0.1,0.1178593652769135,7,0.0636363636363636,2.797979797979798,21,0.3090909090909091
work-1,M10O90-S2,3501,3.501,1.2,11,0.1,0.1178593652769135,7,0.0636363636363636,2.898989898989899,23,0.2636363636363636
work-1,M10O90-S2,3501,3.501,1.4,11,0.1,0.1178593652769135,7,0.0636363636363636,2.898989898989899,23,0.2636363636363636
work-1,M10O90-S2,3601,3.601,1.0,13,0.1181818181818181,0.1413814561294337,6,0.0545454545454545,2.711340206185567,25,0.2454545454545454
work-1,M10O90-S2,3601,3.601,1.2,13,0.1181818181818181,0.1413814561294337,6,0.0545454545454545,2.711340206185567,25,0.2454545454545454
work-1,M10O90-S2,3601,3.601,1.4,13,0.1181818181818181,0.1413814561294337,6,0.0545454545454545,2.8762886597938144,24,0.2363636363636363
work-1,M10O90-S2,3701,3.701,1.0,18,0.1636363636363636,0.1794026135656503,4,0.0363636363636363,2.0217391304347827,20,0.3727272727272727
work-1,M10O90-S2,3701,3.701,1.2,18,0.1636363636363636,0.1794026135656503,4,0.0363636363636363,2.130434782608696,20,0.3545454545454545
work-1,M10O90-S2,3701,3.701,1.4,21,0.1909090909090909,0.2018046048537647,5,0.0454545454545454,2.191011235955056,19,0.3454545454545454
work-1,M10O90-S2,3801,3.801,1.0,12,0.109090909090909,0.0981953951462352,5,0.0454545454545454,2.306122448979592,23,0.3454545454545454
work-1,M10O90-S2,3801,3.801,1.2,12,0.109090909090909,0.0981953951462352,7,0.0636363636363636,2.591836734693877,22,0.3363636363636363
work-1,M10O90-S2,3801,3.801,1.4,12,0.109090909090909,0.0981953951462352,8,0.0727272727272727,3.122448979591837,22,0.2909090909090909
work-1,M10O90-S2,3901,3.901,1.0,14,0.1272727272727272,0.1217174859987554,12,0.109090909090909,4.9375,18,0.2818181818181818
work-1,M10O90-S2,3901,3.901,1.2,14,0.1272727272727272,0.1217174859987554,13,0.1181818181818181,5.604166666666667,17,0.2727272727272727
work-1,M10O90-S2,3901,3.901,1.4,14,0.1272727272727272,0.1217174859987554,14,0.1272727272727272,6.333333333333333,16,0.2636363636363636
work-1,M10O90-S2,4001,4.001,1.0,14,0.1272727272727272,0.1316739265712507,11,0.1,3.25,25,0.2363636363636363
work-1,M10O90-S2,4001,4.001,1.2,14,0.1272727272727272,0.1316739265712507,11,0.1,3.5416666666666665,25,0.2
work-1,M10O90-S2,4001,4.001,1.4,17,0.1545454545454545,0.1626633478531425,11,0.1,3.5591397849462365,24,0.2
work-1,M10O90-S2,4101,4.101,1.0,11,0.1,0.1,9,0.0818181818181818,3.3434343434343434,25,0.2
work-1,M10O90-S2,4101,4.101,1.2,14,0.1272727272727272,0.140261356565028,11,0.1,3.6041666666666665,24,0.2
work-1,M10O90-S2,4101,4.101,1.4,14,0.1272727272727272,0.140261356565028,11,0.1,3.9583333333333335,23,0.1818181818181818
work-1,M10O90-S2,4201,4.2010000000000005,1.0,4,0.0363636363636363,0.0391412570006222,4,0.0363636363636363,2.1132075471698117,27,0.3545454545454545
work-1,M10O90-S2,4201,4.2010000000000005,1.2,4,0.0363636363636363,0.0391412570006222,4,0.0363636363636363,2.2641509433962264,30,0.2818181818181818
work-1,M10O90-S2,4201,4.2010000000000005,1.4,5,0.0454545454545454,0.0373366521468574,4,0.0363636363636363,2.333333333333333,30,0.2636363636363636
work-1,M10O90-S2,4301,4.301,1.0,10,0.0909090909090909,0.110392034847542,5,0.0454545454545454,2.06,26,0.3545454545454545
work-1,M10O90-S2,4301,4.301,1.2,10,0.0909090909090909,0.110392034847542,5,0.0454545454545454,2.14,26,0.3363636363636363
work-1,M10O90-S2,4301,4.301,1.4,11,0.1,0.1178593652769135,5,0.0454545454545454,2.1515151515151514,26,0.3272727272727272
work-1,M10O90-S2,4401,4.401,1.0,14,0.1272727272727272,0.1316739265712507,7,0.0636363636363636,2.75,18,0.3545454545454545
work-1,M10O90-S2,4401,4.401,1.2,19,0.1727272727272727,0.1775980087118855,9,0.0818181818181818,3.241758241758242,16,0.3272727272727272
work-1,M10O90-S2,4401,4.401,1.4,19,0.1727272727272727,0.1775980087118855,10,0.0909090909090909,4.010989010989011,15,0.2818181818181818
work-1,M10O90-S2,4501,4.501,1.0,6,0.0545454545454545,0.0533914125700062,6,0.0545454545454545,2.5576923076923075,23,0.3454545454545454
work-1,M10O90-S2,4501,4.501,1.2,7,0.0636363636363636,0.070130678282514,6,0.0545454545454545,2.650485436893204,22,0.3454545454545454
work-1,M10O90-S2,4501,4.501,1.4,7,0.0636363636363636,0.0608587429993777,7,0.0636363636363636,2.883495145631068,22,0.3181818181818182
work-1,M10O90-S2,4601,4.601,1.0,15,0.1363636363636363,0.165588052271313,8,0.0727272727272727,2.9157894736842107,20,0.3363636363636363
work-1,M10O90-S2,4601,4.601,1.2,16,0.1454545454545454,0.1730553827006845,8,0.0727272727272727,3.0851063829787235,21,0.2909090909090909
work-1,M10O90-S2,4601,4.601,1.4,17,0.1545454545454545,0.180522713130056,8,0.0727272727272727,3.2580645161290325,20,0.2727272727272727
work-1,M10O90-S2,4701,4.7010000000000005,1.0,12,0.109090909090909,0.1067828251400124,8,0.0727272727272727,2.795918367346939,21,0.3545454545454545
work-1,M10O90-S2,4701,4.7010000000000005,1.2,20,0.1818181818181818,0.1929682638456751,7,0.0636363636363636,2.333333333333333,20,0.3545454545454545
work-1,M10O90-S2,4701,4.7010000000000005,1.4,20,0.1818181818181818,0.1929682638456751,7,0.0636363636363636,2.3777777777777778,20,0.3454545454545454
work-1,M10O90-S2,4801,4.801,1.0,10,0.0909090909090909,0.0918481642812694,6,0.0545454545454545,2.7,22,0.3090909090909091
work-1,M10O90-S2,4801,4.801,1.2,10,0.0909090909090909,0.0918481642812694,6,0.0545454545454545,2.7,22,0.3090909090909091
work-1,M10O90-S2,4801,4.801,1.4,10,0.0909090909090909,0.0918481642812694,6,0.0545454545454545,2.8,22,0.2909090909090909
work-1,M10O90-S2,4901,4.901,1.0,8,0.0727272727272727,0.0775980087118855,6,0.0545454545454545,2.8823529411764706,24,0.2636363636363636
work-1,M10O90-S2,4901,4.901,1.2,8,0.0727272727272727,0.0775980087118855,6,0.0545454545454545,2.92156862745098,24,0.2545454545454545
work-1,M10O90-S2,4901,4.901,1.4,8,0.0727272727272727,0.0775980087118855,6,0.0545454545454545,2.92156862745098,24,0.2545454545454545
work-2,M10O90-S2,1001,1.001,1.0,6,0.0545454545454545,0.0705662725575606,6,0.0545454545454545,3.1153846153846154,23,0.2727272727272727
work-2,M10O90-S2,1001,1.001,1.2,12,0.109090909090909,0.1332296204107032,6,0.0545454545454545,3.142857142857143,22,0.2545454545454545
work-2,M10O90-S2,1001,1.001,1.4,12,0.109090909090909,0.1332296204107032,6,0.0545454545454545,3.204081632653061,23,0.2272727272727272
work-2,M10O90-S2,1101,1.101,1.0,7,0.0636363636363636,0.0794026135656502,7,0.0636363636363636,2.8446601941747574,26,0.2909090909090909
work-2,M10O90-S2,1101,1.101,1.2,13,0.1181818181818181,0.1235220908525202,9,0.0818181818181818,3.4329896907216493,23,0.2454545454545454
work-2,M10O90-S2,1101,1.101,1.4,14,0.1272727272727272,0.1309894212818917,9,0.0818181818181818,3.4791666666666665,24,0.2181818181818181
work-2,M10O90-S2,1201,1.201,1.0,6,0.0545454545454545,0.0626633478531425,5,0.0454545454545454,2.4615384615384617,25,0.3272727272727272
work-2,M10O90-S2,1201,1.201,1.2,10,0.0909090909090909,0.0925326695706285,6,0.0545454545454545,2.5,25,0.3
work-2,M10O90-S2,1201,1.201,1.4,10,0.0909090909090909,0.0925326695706285,6,0.0545454545454545,2.66,25,0.2727272727272727
work-2,M10O90-S2,1301,1.301,1.0,7,0.0636363636363636,0.070130678282514,6,0.0545454545454545,2.3398058252427183,27,0.3181818181818182
work-2,M10O90-S2,1301,1.301,1.2,8,0.0727272727272727,0.0769135034225264,7,0.0636363636363636,2.7450980392156863,26,0.2909090909090909
work-2,M10O90-S2,1301,1.301,1.4,8,0.0727272727272727,0.0947728686994399,8,0.0727272727272727,3.2549019607843137,24,0.2818181818181818
work-2,M10O90-S2,1401,1.401,1.0,8,0.0727272727272727,0.059738643434972,6,0.0545454545454545,2.4901960784313726,25,0.3181818181818182
work-2,M10O90-S2,1401,1.401,1.2,8,0.0727272727272727,0.059738643434972,6,0.0545454545454545,2.607843137254902,26,0.2818181818181818
work-2,M10O90-S2,1401,1.401,1.4,8,0.0727272727272727,0.059738643434972,7,0.0636363636363636,2.823529411764706,29,0.209090909090909
work-2,M10O90-S2,1501,1.501,1.0,8,0.0727272727272727,0.0769135034225264,7,0.0636363636363636,2.843137254901961,22,0.3272727272727272
work-2,M10O90-S2,1501,1.501,1.2,8,0.0727272727272727,0.0769135034225264,8,0.0727272727272727,3.156862745098039,22,0.3
work-2,M10O90-S2,1501,1.501,1.4,9,0.0818181818181818,0.0936527691350342,9,0.0818181818181818,3.5544554455445545,21,0.2727272727272727
work-2,M10O90-S2,1601,1.601,1.0,8,0.0727272727272727,0.0775980087118855,6,0.0545454545454545,2.5098039215686274,24,0.3272727272727272
work-2,M10O90-S2,1601,1.601,1.2,8,0.0727272727272727,0.0775980087118855,6,0.0545454545454545,2.6666666666666665,25,0.2909090909090909
work-2,M10O90-S2,1601,1.601,1.4,9,0.0818181818181818,0.0936527691350342,6,0.0545454545454545,3.03960396039604,25,0.2363636363636363
work-2,M10O90-S2,1701,1.701,1.0,6,0.0545454545454545,0.0726197884256378,4,0.0363636363636363,1.9230769230769231,27,0.3818181818181818
work-2,M10O90-S2,1701,1.701,1.2,6,0.0545454545454545,0.0726197884256378,4,0.0363636363636363,1.9615384615384612,27,0.3727272727272727
work-2,M10O90-S2,1701,1.701,1.4,6,0.0545454545454545,0.0726197884256378,4,0.0363636363636363,2.0961538461538463,27,0.3454545454545454
work-2,M10O90-S2,1801,1.801,1.0,9,0.0818181818181818,0.0936527691350342,9,0.0818181818181818,3.277227722772277,23,0.3090909090909091
work-2,M10O90-S2,1801,1.801,1.2,9,0.0818181818181818,0.0936527691350342,9,0.0818181818181818,3.277227722772277,23,0.3090909090909091
work-2,M10O90-S2,1801,1.801,1.4,9,0.0818181818181818,0.0936527691350342,9,0.0818181818181818,3.3168316831683167,25,0.2727272727272727
work-2,M10O90-S2,1901,1.901,1.0,17,0.1545454545454545,0.1719352831362788,6,0.0545454545454545,2.5268817204301075,22,0.3090909090909091
work-2,M10O90-S2,1901,1.901,1.2,18,0.1636363636363636,0.1794026135656503,9,0.0818181818181818,3.1956521739130435,20,0.3
work-2,M10O90-S2,1901,1.901,1.4,18,0.1636363636363636,0.1794026135656503,9,0.0818181818181818,3.369565217391304,20,0.2909090909090909
work-2,M10O90-S2,2001,2.001,1.0,8,0.0727272727272727,0.059738643434972,7,0.0636363636363636,3.156862745098039,19,0.3272727272727272
work-2,M10O90-S2,2001,2.001,1.2,8,0.0727272727272727,0.059738643434972,7,0.0636363636363636,3.156862745098039,19,0.3272727272727272
work-2,M10O90-S2,2001,2.001,1.4,8,0.0727272727272727,0.059738643434972,7,0.0636363636363636,3.156862745098039,19,0.3272727272727272
work-2,M10O90-S2,2101,2.101,1.0,11,0.1,0.1,8,0.0727272727272727,3.2626262626262625,20,0.3181818181818182
work-2,M10O90-S2,2101,2.101,1.2,11,0.1,0.1,8,0.0727272727272727,3.383838383838384,21,0.2909090909090909
work-2,M10O90-S2,2101,2.101,1.4,11,0.1,0.1,8,0.0727272727272727,3.484848484848485,21,0.2727272727272727
work-2,M10O90-S2,2201,2.201,1.0,16,0.1454545454545454,0.1459240821406347,7,0.0636363636363636,2.425531914893617,19,0.3909090909090909
work-2,M10O90-S2,2201,2.201,1.2,16,0.1454545454545454,0.1459240821406347,7,0.0636363636363636,2.574468085106383,19,0.3727272727272727
work-2,M10O90-S2,2201,2.201,1.4,16,0.1454545454545454,0.1459240821406347,7,0.0636363636363636,2.574468085106383,19,0.3727272727272727
work-2,M10O90-S2,2301,2.301,1.0,11,0.1,0.1099564405724953,7,0.0636363636363636,2.4545454545454546,28,0.2636363636363636
work-2,M10O90-S2,2301,2.301,1.2,13,0.1181818181818181,0.1248911014312383,8,0.0727272727272727,2.6907216494845363,27,0.2363636363636363
work-2,M10O90-S2,2301,2.301,1.4,13,0.1181818181818181,0.1248911014312383,8,0.0727272727272727,2.855670103092784,26,0.2272727272727272
work-2,M10O90-S2,2401,2.401,1.0,10,0.0909090909090909,0.0925326695706285,8,0.0727272727272727,2.88,25,0.2727272727272727
work-2,M10O90-S2,2401,2.401,1.2,10,0.0909090909090909,0.0925326695706285,8,0.0727272727272727,3.02,25,0.2545454545454545
work-2,M10O90-S2,2401,2.401,1.4,10,0.0909090909090909,0.0925326695706285,10,0.0909090909090909,3.4,24,0.2454545454545454
work-2,M10O90-S2,2501,2.501,1.0,6,0.0545454545454545,0.0540759178593652,6,0.0545454545454545,2.5,25,0.3272727272727272
work-2,M10O90-S2,2501,2.501,1.2,8,0.0727272727272727,0.0769135034225264,6,0.0545454545454545,2.607843137254902,24,0.3181818181818182
work-2,M10O90-S2,2501,2.501,1.4,8,0.0727272727272727,0.0769135034225264,6,0.0545454545454545,2.647058823529412,26,0.2818181818181818
work-2,M10O90-S2,2601,2.601,1.0,11,0.1,0.1185438705662725,8,0.0727272727272727,3.323232323232323,18,0.3272727272727272
work-2,M10O90-S2,2601,2.601,1.2,11,0.1,0.1185438705662725,8,0.0727272727272727,3.4242424242424243,19,0.3
work-2,M10O90-S2,2601,2.601,1.4,11,0.1,0.1185438705662725,8,0.0727272727272727,3.4242424242424243,19,0.3
work-2,M10O90-S2,2701,2.701,1.0,8,0.0727272727272727,0.0868699439950217,7,0.0636363636363636,2.6862745098039214,23,0.3272727272727272
work-2,M10O90-S2,2701,2.701,1.2,8,0.0727272727272727,0.0868699439950217,7,0.0636363636363636,3.07843137254902,22,0.3
work-2,M10O90-S2,2701,2.701,1.4,8,0.0727272727272727,0.0868699439950217,7,0.0636363636363636,3.235294117647059,24,0.2545454545454545
work-2,M10O90-S2,2801,2.801,1.0,5,0.0454545454545454,0.0459240821406347,5,0.0454545454545454,2.4857142857142858,26,0.3090909090909091
work-2,M10O90-S2,2801,2.801,1.2,7,0.0636363636363636,0.0787181082762912,5,0.0454545454545454,2.5145631067961167,26,0.2909090909090909
work-2,M10O90-S2,2801,2.801,1.4,7,0.0636363636363636,0.0787181082762912,5,0.0454545454545454,2.6893203883495147,25,0.2818181818181818
work-2,M10O90-S2,2901,2.901,1.0,6,0.0545454545454545,0.0626633478531425,5,0.0454545454545454,2.2115384615384617,22,0.4090909090909091
work-2,M10O90-S2,2901,2.901,1.2,9,0.0818181818181818,0.0757934038581207,6,0.0545454545454545,2.742574257425743,19,0.3818181818181818
work-2,M10O90-S2,2901,2.901,1.4,9,0.0818181818181818,0.0757934038581207,6,0.0545454545454545,2.742574257425743,19,0.3818181818181818
work-2,M10O90-S2,3001,3.001,1.0,12,0.109090909090909,0.1345986309894213,9,0.0818181818181818,2.897959183673469,23,0.2909090909090909
work-2,M10O90-S2,3001,3.001,1.2,12,0.109090909090909,0.1345986309894213,9,0.0818181818181818,3.122448979591837,22,0.2818181818181818
work-2,M10O90-S2,3001,3.001,1.4,12,0.109090909090909,0.1345986309894213,12,0.109090909090909,3.979591836734694,19,0.2727272727272727
work-2,M10O90-S2,3101,3.101,1.0,6,0.0545454545454545,0.0719352831362787,4,0.0363636363636363,2.0,29,0.3363636363636363
work-2,M10O90-S2,3101,3.101,1.2,6,0.0545454545454545,0.0719352831362787,4,0.0363636363636363,2.0576923076923075,29,0.3272727272727272
work-2,M10O90-S2,3101,3.101,1.4,6,0.0545454545454545,0.0719352831362787,6,0.0545454545454545,2.423076923076923,27,0.3
work-2,M10O90-S2,3201,3.201,1.0,6,0.0545454545454545,0.0626633478531425,6,0.0545454545454545,2.5384615384615383,22,0.3636363636363636
work-2,M10O90-S2,3201,3.201,1.2,7,0.0636363636363636,0.0615432482887367,6,0.0545454545454545,2.766990291262136,21,0.3454545454545454
work-2,M10O90-S2,3201,3.201,1.4,7,0.0636363636363636,0.0615432482887367,6,0.0545454545454545,2.766990291262136,21,0.3454545454545454
work-2,M10O90-S2,3301,3.301,1.0,7,0.0636363636363636,0.0694461729931549,5,0.0454545454545454,2.4563106796116503,22,0.3545454545454545
work-2,M10O90-S2,3301,3.301,1.2,7,0.0636363636363636,0.0694461729931549,5,0.0454545454545454,2.5728155339805827,22,0.3363636363636363
work-2,M10O90-S2,3301,3.301,1.4,7,0.0636363636363636,0.0694461729931549,5,0.0454545454545454,2.766990291262136,21,0.3272727272727272
work-2,M10O90-S2,3401,3.401,1.0,10,0.0909090909090909,0.1024891101431238,9,0.0818181818181818,2.68,21,0.3818181818181818
work-2,M10O90-S2,3401,3.401,1.2,10,0.0909090909090909,0.1024891101431238,9,0.0818181818181818,2.72,21,0.3727272727272727
work-2,M10O90-S2,3401,3.401,1.4,10,0.0909090909090909,0.1024891101431238,9,0.0818181818181818,2.98,22,0.3272727272727272
work-2,M10O90-S2,3501,3.501,1.0,8,0.0727272727272727,0.059738643434972,7,0.0636363636363636,3.019607843137255,20,0.3272727272727272
work-2,M10O90-S2,3501,3.501,1.2,9,0.0818181818181818,0.0672059738643435,7,0.0636363636363636,3.118811881188119,19,0.3181818181818182
work-2,M10O90-S2,3501,3.501,1.4,9,0.0818181818181818,0.0672059738643435,8,0.0727272727272727,3.891089108910891,20,0.2454545454545454
work-2,M10O90-S2,3601,3.601,1.0,11,0.1,0.1171748599875544,10,0.0909090909090909,3.282828282828283,19,0.3272727272727272
work-2,M10O90-S2,3601,3.601,1.2,11,0.1,0.1171748599875544,10,0.0909090909090909,3.282828282828283,19,0.3272727272727272
work-2,M10O90-S2,3601,3.601,1.4,14,0.1272727272727272,0.1395768512756689,10,0.0909090909090909,3.3125,19,0.3090909090909091
work-2,M10O90-S2,3701,3.701,1.0,10,0.0909090909090909,0.0918481642812694,9,0.0818181818181818,3.26,20,0.3090909090909091
work-2,M10O90-S2,3701,3.701,1.2,10,0.0909090909090909,0.0918481642812694,9,0.0818181818181818,3.56,19,0.3
work-2,M10O90-S2,3701,3.701,1.4,15,0.1363636363636363,0.1470441817050404,10,0.0909090909090909,3.568421052631579,18,0.3
work-2,M10O90-S2,3801,3.801,1.0,7,0.0636363636363636,0.0615432482887367,6,0.0545454545454545,2.786407766990292,27,0.2454545454545454
work-2,M10O90-S2,3801,3.801,1.2,7,0.0636363636363636,0.0615432482887367,6,0.0545454545454545,2.941747572815534,28,0.209090909090909
work-2,M10O90-S2,3801,3.801,1.4,8,0.0727272727272727,0.0775980087118855,6,0.0545454545454545,3.019607843137255,29,0.1727272727272727
work-2,M10O90-S2,3901,3.901,1.0,12,0.109090909090909,0.125326695706285,7,0.0636363636363636,2.897959183673469,17,0.4
work-2,M10O90-S2,3901,3.901,1.2,19,0.1727272727272727,0.195457373988799,7,0.0636363636363636,2.6483516483516483,17,0.3727272727272727
work-2,M10O90-S2,3901,3.901,1.4,20,0.1818181818181818,0.2029247044181705,7,0.0636363636363636,2.6666666666666665,17,0.3636363636363636
work-2,M10O90-S2,4001,4.001,1.0,9,0.0818181818181818,0.0757934038581207,6,0.0545454545454545,2.366336633663366,19,0.4272727272727272
work-2,M10O90-S2,4001,4.001,1.2,9,0.0818181818181818,0.0757934038581207,6,0.0545454545454545,2.5247524752475248,20,0.3818181818181818
work-2,M10O90-S2,4001,4.001,1.4,12,0.109090909090909,0.1067828251400124,7,0.0636363636363636,2.795918367346939,19,0.3545454545454545
work-2,M10O90-S2,4101,4.101,1.0,28,0.2545454545454545,0.2705662725575606,7,0.0636363636363636,2.5609756097560976,14,0.3727272727272727
work-2,M10O90-S2,4101,4.101,1.2,30,0.2727272727272727,0.2855009334163036,7,0.0636363636363636,2.7,15,0.3272727272727272
work-2,M10O90-S2,4101,4.101,1.4,31,0.2818181818181818,0.2929682638456751,8,0.0727272727272727,3.0253164556962027,15,0.2909090909090909
work-2,M10O90-S2,4201,4.2010000000000005,1.0,11,0.1,0.135718730553827,10,0.0909090909090909,3.404040404040404,23,0.2454545454545454
work-2,M10O90-S2,4201,4.2010000000000005,1.2,17,0.1545454545454545,0.1897946484131923,10,0.0909090909090909,3.4301075268817205,21,0.2363636363636363
work-2,M10O90-S2,4201,4.2010000000000005,1.4,17,0.1545454545454545,0.1897946484131923,10,0.0909090909090909,3.5591397849462365,21,0.2181818181818181
work-2,M10O90-S2,4301,4.301,1.0,9,0.0818181818181818,0.085065339141257,6,0.0545454545454545,2.405940594059406,22,0.3727272727272727
work-2,M10O90-S2,4301,4.301,1.2,9,0.0818181818181818,0.085065339141257,7,0.0636363636363636,2.9207920792079207,23,0.3090909090909091
work-2,M10O90-S2,4301,4.301,1.4,9,0.0818181818181818,0.085065339141257,8,0.0727272727272727,3.396039603960396,21,0.2818181818181818
work-2,M10O90-S2,4401,4.401,1.0,19,0.1727272727272727,0.2040448039825762,8,0.0727272727272727,2.7362637362637363,21,0.2818181818181818
work-2,M10O90-S2,4401,4.401,1.2,20,0.1818181818181818,0.2115121344119477,8,0.0727272727272727,2.7555555555555555,21,0.2727272727272727
work-2,M10O90-S2,4401,4.401,1.4,20,0.1818181818181818,0.2115121344119477,8,0.0727272727272727,3.1333333333333333,20,0.2454545454545454
work-2,M10O90-S2,4501,4.501,1.0,10,0.0909090909090909,0.110392034847542,8,0.0727272727272727,2.58,19,0.4090909090909091
work-2,M10O90-S2,4501,4.501,1.2,20,0.1818181818181818,0.2029247044181705,8,0.0727272727272727,2.311111111111111,18,0.3909090909090909
work-2,M10O90-S2,4501,4.501,1.4,22,0.2,0.2178593652769135,8,0.0727272727272727,2.7045454545454546,18,0.3272727272727272
work-2,M10O90-S2,4601,4.601,1.0,9,0.0818181818181818,0.0936527691350342,5,0.0454545454545454,2.5445544554455446,25,0.2909090909090909
work-2,M10O90-S2,4601,4.601,1.2,9,0.0818181818181818,0.0936527691350342,7,0.0636363636363636,2.782178217821782,24,0.2818181818181818
work-2,M10O90-S2,4601,4.601,1.4,9,0.0818181818181818,0.0936527691350342,7,0.0636363636363636,2.9207920792079207,25,0.2454545454545454
work-2,M10O90-S2,4701,4.7010000000000005,1.0,16,0.1454545454545454,0.1459240821406347,10,0.0909090909090909,2.872340425531915,19,0.3545454545454545
work-2,M10O90-S2,4701,4.7010000000000005,1.2,16,0.1454545454545454,0.1459240821406347,10,0.0909090909090909,2.9574468085106385,19,0.3454545454545454
work-2,M10O90-S2,4701,4.7010000000000005,1.4,16,0.1454545454545454,0.1459240821406347,10,0.0909090909090909,3.2127659574468086,18,0.3363636363636363
work-2,M10O90-S2,4801,4.801,1.0,21,0.1909090909090909,0.2196639701306783,14,0.1272727272727272,4.213483146067416,23,0.1909090909090909
work-2,M10O90-S2,4801,4.801,1.2,21,0.1909090909090909,0.2196639701306783,15,0.1363636363636363,4.573033707865169,23,0.1727272727272727
work-2,M10O90-S2,4801,4.801,1.4,24,0.2181818181818181,0.2599253266957063,15,0.1363636363636363,4.674418604651163,22,0.1636363636363636
work-2,M10O90-S2,4901,4.901,1.0,14,0.1272727272727272,0.1131300560049782,9,0.0818181818181818,3.270833333333333,21,0.2818181818181818
work-2,M10O90-S2,4901,4.901,1.2,14,0.1272727272727272,0.1131300560049782,9,0.0818181818181818,3.270833333333333,21,0.2818181818181818
work-2,M10O90-S2,4901,4.901,1.4,15,0.1363636363636363,0.1205973864343497,9,0.0818181818181818,3.631578947368421,19,0.2727272727272727
work,M10O90-S4,1001,1.001,1.0,13,0.1,0.1002696535988384,11,0.0846153846153846,4.316239316239316,23,0.2461538461538461
work,M10O90-S4,1001,1.001,1.2,13,0.1,0.1002696535988384,11,0.0846153846153846,4.521367521367521,22,0.2384615384615384
work,M10O90-S4,1001,1.001,1.4,15,0.1153846153846153,0.1152872847956855,11,0.0846153846153846,4.582608695652174,22,0.2230769230769231
work,M10O90-S4,1101,1.101,1.0,12,0.0923076923076923,0.0950217797137523,8,0.0615384615384615,3.610169491525424,23,0.2769230769230769
work,M10O90-S4,1101,1.101,1.2,12,0.0923076923076923,0.0950217797137523,8,0.0615384615384615,3.610169491525424,23,0.2769230769230769
work,M10O90-S4,1101,1.101,1.4,12,0.0923076923076923,0.0950217797137523,12,0.0923076923076923,4.47457627118644,21,0.2692307692307692
work,M10O90-S4,1201,1.201,1.0,13,0.1,0.1017216345156606,5,0.0384615384615384,2.247863247863248,29,0.3230769230769231
work,M10O90-S4,1201,1.201,1.2,14,0.1076923076923077,0.1091889649450321,5,0.0384615384615384,2.293103448275862,29,0.3076923076923077
work,M10O90-S4,1201,1.201,1.4,14,0.1076923076923077,0.1091889649450321,7,0.0538461538461538,2.9482758620689653,26,0.2769230769230769
work,M10O90-S4,1301,1.301,1.0,7,0.0538461538461538,0.0540759178593652,6,0.0461538461538461,2.83739837398374,29,0.2846153846153846
work,M10O90-S4,1301,1.301,1.2,7,0.0538461538461538,0.0540759178593652,6,0.0461538461538461,3.016260162601626,31,0.2307692307692307
work,M10O90-S4,1301,1.301,1.4,7,0.0538461538461538,0.0540759178593652,6,0.0461538461538461,3.113821138211382,31,0.2153846153846154
work,M10O90-S4,1401,1.401,1.0,14,0.1076923076923077,0.1099564405724953,8,0.0615384615384615,3.103448275862069,25,0.3076923076923077
work,M10O90-S4,1401,1.401,1.2,14,0.1076923076923077,0.1092719352831362,14,0.1076923076923077,3.931034482758621,24,0.3076923076923077
work,M10O90-S4,1401,1.401,1.4,14,0.1076923076923077,0.1092719352831362,14,0.1076923076923077,3.9655172413793114,26,0.2769230769230769
work,M10O90-S4,1501,1.501,1.0,17,0.1307692307692307,0.1354698195395146,14,0.1076923076923077,3.884955752212389,23,0.2846153846153846
work,M10O90-S4,1501,1.501,1.2,17,0.1307692307692307,0.1354698195395146,14,0.1076923076923077,4.221238938053097,21,0.2846153846153846
work,M10O90-S4,1501,1.501,1.4,17,0.1307692307692307,0.1354698195395146,14,0.1076923076923077,4.221238938053097,21,0.2846153846153846
work,M10O90-S4,1601,1.601,1.0,11,0.0846153846153846,0.0875544492843808,9,0.0692307692307692,3.638655462184874,18,0.3538461538461538
work,M10O90-S4,1601,1.601,1.2,11,0.0846153846153846,0.0875544492843808,10,0.0769230769230769,3.823529411764706,20,0.3153846153846154
work,M10O90-S4,1601,1.601,1.4,14,0.1076923076923077,0.1099564405724953,10,0.0769230769230769,4.293103448275862,19,0.2769230769230769
work,M10O90-S4,1701,1.701,1.0,9,0.0692307692307692,0.070815183571873,9,0.0692307692307692,3.0991735537190084,31,0.2461538461538461
work,M10O90-S4,1701,1.701,1.2,9,0.0692307692307692,0.070815183571873,9,0.0692307692307692,3.2975206611570247,30,0.2461538461538461
work,M10O90-S4,1701,1.701,1.4,12,0.0923076923076923,0.0942543040862891,9,0.0692307692307692,3.8135593220338975,27,0.2307692307692307
work,M10O90-S4,1801,1.801,1.0,9,0.0692307692307692,0.070815183571873,6,0.0461538461538461,2.669421487603306,28,0.3230769230769231
work,M10O90-S4,1801,1.801,1.2,9,0.0692307692307692,0.070815183571873,6,0.0461538461538461,2.851239669421488,27,0.3153846153846154
work,M10O90-S4,1801,1.801,1.4,9,0.0692307692307692,0.0693632026550508,9,0.0692307692307692,3.2975206611570247,28,0.2692307692307692
work,M10O90-S4,1901,1.901,1.0,13,0.1,0.1018875751918689,11,0.0846153846153846,3.905982905982906,21,0.3
work,M10O90-S4,1901,1.901,1.2,13,0.1,0.1018875751918689,11,0.0846153846153846,3.957264957264957,21,0.2923076923076923
work,M10O90-S4,1901,1.901,1.4,13,0.1,0.1018875751918689,11,0.0846153846153846,4.982905982905983,19,0.2692307692307692
work,M10O90-S4,2001,2.001,1.0,9,0.0692307692307692,0.0690105787181082,7,0.0538461538461538,2.8181818181818183,27,0.3230769230769231
work,M10O90-S4,2001,2.001,1.2,9,0.0692307692307692,0.0690105787181082,9,0.0692307692307692,3.4297520661157024,28,0.2692307692307692
work,M10O90-S4,2001,2.001,1.4,16,0.123076923076923,0.1231694669155776,9,0.0692307692307692,3.473684210526316,27,0.2461538461538461
work,M10O90-S4,2101,2.101,1.0,14,0.1076923076923077,0.1081518357187305,10,0.0769230769230769,3.0517241379310347,23,0.3230769230769231
work,M10O90-S4,2101,2.101,1.2,14,0.1076923076923077,0.1081518357187305,10,0.0769230769230769,3.0517241379310347,23,0.3230769230769231
work,M10O90-S4,2101,2.101,1.4,14,0.1076923076923077,0.1081518357187305,10,0.0769230769230769,3.0689655172413794,24,0.3076923076923077
work,M10O90-S4,2201,2.201,1.0,12,0.0923076923076923,0.0970960381663555,8,0.0615384615384615,3.135593220338983,28,0.2538461538461538
work,M10O90-S4,2201,2.201,1.2,12,0.0923076923076923,0.0970960381663555,8,0.0615384615384615,3.23728813559322,29,0.2230769230769231
work,M10O90-S4,2201,2.201,1.4,12,0.0923076923076923,0.0970960381663555,8,0.0615384615384615,3.3559322033898304,29,0.2076923076923077
work,M10O90-S4,2301,2.301,1.0,11,0.0846153846153846,0.0875544492843808,9,0.0692307692307692,3.033613445378151,25,0.3384615384615385
work,M10O90-S4,2301,2.301,1.2,11,0.0846153846153846,0.0875544492843808,9,0.0692307692307692,3.134453781512605,26,0.3076923076923077
work,M10O90-S4,2301,2.301,1.4,11,0.0846153846153846,0.0875544492843808,9,0.0692307692307692,3.2184873949579837,27,0.2769230769230769
work,M10O90-S4,2401,2.401,1.0,6,0.0461538461538461,0.0466085874299937,6,0.0461538461538461,2.790322580645161,33,0.2461538461538461
work,M10O90-S4,2401,2.401,1.2,10,0.0769230769230769,0.0785521676000829,7,0.0538461538461538,2.966666666666667,31,0.2384615384615384
work,M10O90-S4,2401,2.401,1.4,10,0.0769230769230769,0.0785521676000829,7,0.0538461538461538,3.083333333333333,32,0.2153846153846154
work,M10O90-S4,2501,2.501,1.0,14,0.1076923076923077,0.1092304501140842,10,0.0769230769230769,3.603448275862069,25,0.2615384615384615
work,M10O90-S4,2501,2.501,1.2,14,0.1076923076923077,0.1092304501140842,10,0.0769230769230769,4.051724137931035,24,0.2461538461538461
work,M10O90-S4,2501,2.501,1.4,15,0.1153846153846153,0.1167807508815598,13,0.1,4.6347826086956525,23,0.2307692307692307
work,M10O90-S4,2601,2.601,1.0,16,0.123076923076923,0.1248911014312383,9,0.0692307692307692,3.473684210526316,23,0.2692307692307692
work,M10O90-S4,2601,2.601,1.2,16,0.123076923076923,0.1248911014312383,9,0.0692307692307692,3.543859649122807,25,0.2307692307692307
work,M10O90-S4,2601,2.601,1.4,16,0.123076923076923,0.1248911014312383,9,0.0692307692307692,3.719298245614035,24,0.2307692307692307
work,M10O90-S4,2701,2.701,1.0,19,0.1461538461538461,0.149367351171956,11,0.0846153846153846,3.36036036036036,20,0.3461538461538461
work,M10O90-S4,2701,2.701,1.2,26,0.2,0.2037129226301597,12,0.0923076923076923,3.3846153846153846,20,0.3153846153846154
work,M10O90-S4,2701,2.701,1.4,28,0.2153846153846154,0.2186475834889027,12,0.0923076923076923,3.5098039215686274,19,0.3076923076923077
work,M10O90-S4,2801,2.801,1.0,9,0.0692307692307692,0.070130678282514,8,0.0615384615384615,3.2148760330578514,26,0.3
work,M10O90-S4,2801,2.801,1.2,9,0.0692307692307692,0.070130678282514,8,0.0615384615384615,3.347107438016529,25,0.2923076923076923
work,M10O90-S4,2801,2.801,1.4,11,0.0846153846153846,0.0830533084422319,9,0.0692307692307692,3.638655462184874,24,0.2769230769230769
work,M10O90-S4,2901,2.901,1.0,10,0.0769230769230769,0.0800871188550093,9,0.0692307692307692,3.683333333333333,24,0.2769230769230769
work,M10O90-S4,2901,2.901,1.2,10,0.0769230769230769,0.0800871188550093,9,0.0692307692307692,3.816666666666667,24,0.2692307692307692
work,M10O90-S4,2901,2.901,1.4,12,0.0923076923076923,0.0960589089400539,10,0.0769230769230769,4.016949152542373,24,0.2461538461538461
work,M10O90-S4,3001,3.001,1.0,11,0.0846153846153846,0.0851483094793611,11,0.0846153846153846,3.4201680672268906,29,0.2230769230769231
work,M10O90-S4,3001,3.001,1.2,11,0.0846153846153846,0.0851483094793611,11,0.0846153846153846,3.638655462184874,28,0.2153846153846154
work,M10O90-S4,3001,3.001,1.4,11,0.0846153846153846,0.0851483094793611,11,0.0846153846153846,3.689075630252101,29,0.1923076923076923
work,M10O90-S4,3101,3.101,1.0,8,0.0615384615384615,0.0615432482887367,8,0.0615384615384615,3.1475409836065573,24,0.3076923076923077
work,M10O90-S4,3101,3.101,1.2,8,0.0615384615384615,0.0615432482887367,8,0.0615384615384615,3.2295081967213117,24,0.2923076923076923
work,M10O90-S4,3101,3.101,1.4,8,0.0615384615384615,0.0615432482887367,8,0.0615384615384615,3.360655737704918,23,0.2923076923076923
work,M10O90-S4,3201,3.201,1.0,11,0.0846153846153846,0.0878241028832192,6,0.0461538461538461,2.831932773109244,25,0.3307692307692307
work,M10O90-S4,3201,3.201,1.2,11,0.0846153846153846,0.0878241028832192,7,0.0538461538461538,3.0,24,0.3230769230769231
work,M10O90-S4,3201,3.201,1.4,11,0.0846153846153846,0.0878241028832192,7,0.0538461538461538,3.184873949579832,24,0.3
work,M10O90-S4,3301,3.301,1.0,15,0.1153846153846153,0.115619166148102,8,0.0615384615384615,3.034782608695652,23,0.3153846153846154
work,M10O90-S4,3301,3.301,1.2,15,0.1153846153846153,0.115619166148102,9,0.0692307692307692,3.208695652173913,23,0.3
work,M10O90-S4,3301,3.301,1.4,15,0.1153846153846153,0.115619166148102,9,0.0692307692307692,3.313043478260869,22,0.3
work,M10O90-S4,3401,3.401,1.0,23,0.1769230769230769,0.1801286040240614,7,0.0538461538461538,2.588785046728972,23,0.3230769230769231
work,M10O90-S4,3401,3.401,1.2,24,0.1846153846153846,0.1875959344534329,8,0.0615384615384615,2.7358490566037736,23,0.3076923076923077
work,M10O90-S4,3401,3.401,1.4,24,0.1846153846153846,0.1875959344534329,10,0.0769230769230769,3.358490566037736,21,0.3
work,M10O90-S4,3501,3.501,1.0,10,0.0769230769230769,0.0775150383737813,6,0.0461538461538461,3.216666666666667,24,0.2846153846153846
work,M10O90-S4,3501,3.501,1.2,10,0.0769230769230769,0.0775150383737813,6,0.0461538461538461,3.216666666666667,24,0.2846153846153846
work,M10O90-S4,3501,3.501,1.4,10,0.0769230769230769,0.0775150383737813,7,0.0538461538461538,3.316666666666667,24,0.2769230769230769
work,M10O90-S4,3601,3.601,1.0,12,0.0923076923076923,0.0933001451980916,8,0.0615384615384615,2.949152542372881,27,0.2769230769230769
work,M10O90-S4,3601,3.601,1.2,12,0.0923076923076923,0.0933001451980916,8,0.0615384615384615,3.1186440677966103,27,0.2615384615384615
work,M10O90-S4,3601,3.601,1.4,12,0.0923076923076923,0.0933001451980916,8,0.0615384615384615,3.440677966101695,27,0.2384615384615384
work,M10O90-S4,3701,3.701,1.0,13,0.1,0.1020742584526031,8,0.0615384615384615,2.982905982905983,24,0.3230769230769231
work,M10O90-S4,3701,3.701,1.2,13,0.1,0.1020742584526031,8,0.0615384615384615,3.2905982905982905,23,0.3
work,M10O90-S4,3701,3.701,1.4,13,0.1,0.1020742584526031,8,0.0615384615384615,3.341880341880342,24,0.2769230769230769
work,M10O90-S4,3801,3.801,1.0,11,0.0846153846153846,0.0878241028832192,8,0.0615384615384615,3.0,30,0.2384615384615384
work,M10O90-S4,3801,3.801,1.2,11,0.0846153846153846,0.0878241028832192,8,0.0615384615384615,3.0672268907563027,31,0.2153846153846154
work,M10O90-S4,3801,3.801,1.4,16,0.123076923076923,0.1252437253681808,8,0.0615384615384615,3.1403508771929824,30,0.1923076923076923
work,M10O90-S4,3901,3.901,1.0,8,0.0615384615384615,0.0615432482887367,8,0.0615384615384615,3.0,32,0.2461538461538461
work,M10O90-S4,3901,3.901,1.2,8,0.0615384615384615,0.0615432482887367,8,0.0615384615384615,3.3114754098360657,31,0.2384615384615384
work,M10O90-S4,3901,3.901,1.4,12,0.0923076923076923,0.0906450943787595,10,0.0769230769230769,4.220338983050848,28,0.2076923076923077
work,M10O90-S4,4001,4.001,1.0,16,0.123076923076923,0.1270483302219456,7,0.0538461538461538,2.8771929824561404,28,0.2461538461538461
work,M10O90-S4,4001,4.001,1.2,16,0.123076923076923,0.1270483302219456,7,0.0538461538461538,2.982456140350877,27,0.2384615384615384
work,M10O90-S4,4001,4.001,1.4,16,0.123076923076923,0.1270483302219456,10,0.0769230769230769,3.649122807017544,25,0.2153846153846154
work,M10O90-S4,4101,4.101,1.0,8,0.0615384615384615,0.0615432482887367,8,0.0615384615384615,3.5081967213114758,22,0.3076923076923077
work,M10O90-S4,4101,4.101,1.2,13,0.1,0.1035262393694254,8,0.0615384615384615,3.8205128205128207,22,0.2692307692307692
work,M10O90-S4,4101,4.101,1.4,13,0.1,0.1035262393694254,8,0.0615384615384615,4.0085470085470085,23,0.2384615384615384
work,M10O90-S4,4201,4.2010000000000005,1.0,8,0.0615384615384615,0.0625803775150383,7,0.0538461538461538,3.065573770491804,26,0.2769230769230769
work,M10O90-S4,4201,4.2010000000000005,1.2,8,0.0615384615384615,0.0625803775150383,7,0.0538461538461538,3.081967213114754,27,0.2615384615384615
work,M10O90-S4,4201,4.2010000000000005,1.4,8,0.0615384615384615,0.0625803775150383,7,0.0538461538461538,3.1639344262295084,28,0.2384615384615384
work,M10O90-S4,4301,4.301,1.0,12,0.0923076923076923,0.0932171748599875,12,0.0923076923076923,3.4237288135593222,27,0.2769230769230769
work,M10O90-S4,4301,4.301,1.2,12,0.0923076923076923,0.0932171748599875,12,0.0923076923076923,3.4745762711864407,28,0.2538461538461538
work,M10O90-S4,4301,4.301,1.4,12,0.0923076923076923,0.0932171748599875,12,0.0923076923076923,3.4745762711864407,28,0.2538461538461538
work,M10O90-S4,4401,4.401,1.0,9,0.0692307692307692,0.0700477079444098,7,0.0538461538461538,3.2479338842975207,25,0.2769230769230769
work,M10O90-S4,4401,4.401,1.2,12,0.0923076923076923,0.0942543040862891,9,0.0692307692307692,3.593220338983051,25,0.2461538461538461
work,M10O90-S4,4401,4.401,1.4,12,0.0923076923076923,0.0942543040862891,9,0.0692307692307692,3.864406779661017,24,0.2384615384615384
work,M10O90-S4,4501,4.501,1.0,10,0.0769230769230769,0.0775150383737813,8,0.0615384615384615,3.183333333333333,24,0.3307692307692307
work,M10O90-S4,4501,4.501,1.2,10,0.0769230769230769,0.0775150383737813,9,0.0692307692307692,3.45,23,0.3230769230769231
work,M10O90-S4,4501,4.501,1.4,12,0.0923076923076923,0.0925326695706285,10,0.0769230769230769,3.864406779661017,23,0.2846153846153846
work,M10O90-S4,4601,4.601,1.0,22,0.1692307692307692,0.1725368180875337,14,0.1076923076923077,3.888888888888889,22,0.2846153846153846
work,M10O90-S4,4601,4.601,1.2,25,0.1923076923076923,0.1950217797137523,14,0.1076923076923077,4.0095238095238095,21,0.2692307692307692
work,M10O90-S4,4601,4.601,1.4,31,0.2384615384615384,0.2408628915162829,15,0.1153846153846153,4.555555555555555,18,0.2615384615384615
work,M10O90-S4,4701,4.7010000000000005,1.0,14,0.1076923076923077,0.1099564405724953,12,0.0923076923076923,4.258620689655173,21,0.3153846153846154
work,M10O90-S4,4701,4.7010000000000005,1.2,26,0.2,0.2043352001659406,12,0.0923076923076923,3.826923076923077,19,0.3
work,M10O90-S4,4701,4.7010000000000005,1.4,27,0.2076923076923077,0.2118025305953121,14,0.1076923076923077,4.339805825242719,19,0.2769230769230769
work,M10O90-S4,4801,4.801,1.0,11,0.0846153846153846,0.0848579132959966,9,0.0692307692307692,3.554621848739496,20,0.3307692307692307
work,M10O90-S4,4801,4.801,1.2,11,0.0846153846153846,0.0848579132959966,10,0.0769230769230769,3.7058823529411766,20,0.3230769230769231
work,M10O90-S4,4801,4.801,1.4,11,0.0846153846153846,0.0848579132959966,10,0.0769230769230769,3.907563025210084,21,0.2846153846153846
work,M10O90-S4,4901,4.901,1.0,10,0.0769230769230769,0.0775150383737813,7,0.0538461538461538,2.683333333333333,26,0.3307692307692307
work,M10O90-S4,4901,4.901,1.2,10,0.0769230769230769,0.0775150383737813,7,0.0538461538461538,2.75,26,0.3230769230769231
work,M10O90-S4,4901,4.901,1.4,12,0.0923076923076923,0.0923252437253681,7,0.0538461538461538,2.76271186440678,25,0.3230769230769231
work-1,M10O90-S4,1001,1.001,1.0,9,0.0692307692307692,0.070815183571873,8,0.0615384615384615,3.0826446280991737,27,0.2846153846153846
work-1,M10O90-S4,1001,1.001,1.2,9,0.0692307692307692,0.070815183571873,8,0.0615384615384615,3.1818181818181817,28,0.2615384615384615
work-1,M10O90-S4,1001,1.001,1.4,9,0.0692307692307692,0.070815183571873,8,0.0615384615384615,3.56198347107438,27,0.2384615384615384
work-1,M10O90-S4,1101,1.101,1.0,9,0.0692307692307692,0.070815183571873,9,0.0692307692307692,3.31404958677686,25,0.2923076923076923
work-1,M10O90-S4,1101,1.101,1.2,10,0.0769230769230769,0.0803567724538477,9,0.0692307692307692,3.333333333333333,25,0.2846153846153846
work-1,M10O90-S4,1101,1.101,1.4,10,0.0769230769230769,0.0803567724538477,9,0.0692307692307692,3.6666666666666665,25,0.2461538461538461
work-1,M10O90-S4,1201,1.201,1.0,10,0.0769230769230769,0.0776809790499896,9,0.0692307692307692,3.05,29,0.2769230769230769
work-1,M10O90-S4,1201,1.201,1.2,10,0.0769230769230769,0.0776809790499896,9,0.0692307692307692,3.083333333333333,31,0.2461538461538461
work-1,M10O90-S4,1201,1.201,1.4,10,0.0769230769230769,0.0776809790499896,9,0.0692307692307692,3.083333333333333,31,0.2461538461538461
work-1,M10O90-S4,1301,1.301,1.0,11,0.0846153846153846,0.0839452395768512,7,0.0538461538461538,2.8487394957983194,24,0.3461538461538461
work-1,M10O90-S4,1301,1.301,1.2,13,0.1,0.0988799004355942,8,0.0615384615384615,3.324786324786325,21,0.3384615384615385
work-1,M10O90-S4,1301,1.301,1.4,14,0.1076923076923077,0.1063472308649657,9,0.0692307692307692,3.706896551724138,20,0.3153846153846154
work-1,M10O90-S4,1401,1.401,1.0,15,0.1153846153846153,0.1166562953744036,12,0.0923076923076923,4.147826086956521,22,0.2769230769230769
work-1,M10O90-S4,1401,1.401,1.2,17,0.1307692307692307,0.1337481850238539,17,0.1307692307692307,6.380530973451328,20,0.2538461538461538
work-1,M10O90-S4,1401,1.401,1.4,17,0.1307692307692307,0.1337481850238539,17,0.1307692307692307,6.575221238938053,20,0.2307692307692307
work-1,M10O90-S4,1501,1.501,1.0,7,0.0538461538461538,0.0559634930512341,5,0.0384615384615384,2.707317073170732,29,0.2923076923076923
work-1,M10O90-S4,1501,1.501,1.2,7,0.0538461538461538,0.0559634930512341,7,0.0538461538461538,3.0813008130081303,28,0.2615384615384615
work-1,M10O90-S4,1501,1.501,1.4,7,0.0538461538461538,0.0559634930512341,7,0.0538461538461538,3.097560975609756,29,0.2461538461538461
work-1,M10O90-S4,1601,1.601,1.0,8,0.0615384615384615,0.0615432482887367,8,0.0615384615384615,3.3114754098360657,28,0.2615384615384615
work-1,M10O90-S4,1601,1.601,1.2,8,0.0615384615384615,0.0615432482887367,8,0.0615384615384615,3.459016393442623,28,0.2461538461538461
work-1,M10O90-S4,1601,1.601,1.4,10,0.0769230769230769,0.0776809790499896,8,0.0615384615384615,3.733333333333333,26,0.2461538461538461
work-1,M10O90-S4,1701,1.701,1.0,11,0.0846153846153846,0.0878241028832192,8,0.0615384615384615,3.302521008403361,25,0.2846153846153846
work-1,M10O90-S4,1701,1.701,1.2,11,0.0846153846153846,0.0878241028832192,9,0.0692307692307692,3.638655462184874,24,0.2769230769230769
work-1,M10O90-S4,1701,1.701,1.4,11,0.0846153846153846,0.0878241028832192,9,0.0692307692307692,3.957983193277311,23,0.2615384615384615
work-1,M10O90-S4,1801,1.801,1.0,15,0.1153846153846153,0.1175067413399709,8,0.0615384615384615,2.860869565217391,26,0.2923076923076923
work-1,M10O90-S4,1801,1.801,1.2,16,0.123076923076923,0.1249740717693424,8,0.0615384615384615,3.0701754385964914,25,0.2769230769230769
work-1,M10O90-S4,1801,1.801,1.4,19,0.1461538461538461,0.1491806679112217,8,0.0615384615384615,3.09009009009009,25,0.2615384615384615
work-1,M10O90-S4,1901,1.901,1.0,10,0.0769230769230769,0.0783654843393486,9,0.0692307692307692,3.6,28,0.2384615384615384
work-1,M10O90-S4,1901,1.901,1.2,10,0.0769230769230769,0.0783654843393486,9,0.0692307692307692,3.6,28,0.2384615384615384
work-1,M10O90-S4,1901,1.901,1.4,12,0.0923076923076923,0.0925326695706285,10,0.0769230769230769,3.8813559322033897,27,0.2307692307692307
work-1,M10O90-S4,2001,2.001,1.0,12,0.0923076923076923,0.0914125700062227,10,0.0769230769230769,3.9491525423728815,21,0.3
work-1,M10O90-S4,2001,2.001,1.2,12,0.0923076923076923,0.0914125700062227,10,0.0769230769230769,4.101694915254237,21,0.2923076923076923
work-1,M10O90-S4,2001,2.001,1.4,28,0.2153846153846154,0.2192283758556316,12,0.0923076923076923,3.92156862745098,19,0.2692307692307692
work-1,M10O90-S4,2101,2.101,1.0,9,0.0692307692307692,0.0690105787181082,8,0.0615384615384615,3.049586776859504,23,0.3538461538461538
work-1,M10O90-S4,2101,2.101,1.2,9,0.0692307692307692,0.0690105787181082,8,0.0615384615384615,3.4297520661157024,21,0.3461538461538461
work-1,M10O90-S4,2101,2.101,1.4,9,0.0692307692307692,0.0690105787181082,8,0.0615384615384615,3.479338842975207,22,0.3230769230769231
work-1,M10O90-S4,2201,2.201,1.0,23,0.1769230769230769,0.1838830118232731,8,0.0615384615384615,3.2242990654205608,19,0.3153846153846154
work-1,M10O90-S4,2201,2.201,1.2,24,0.1846153846153846,0.1914333125907488,8,0.0615384615384615,3.547169811320755,19,0.2846153846153846
work-1,M10O90-S4,2201,2.201,1.4,25,0.1923076923076923,0.1999377722464219,10,0.0769230769230769,4.123809523809523,18,0.2615384615384615
work-1,M10O90-S4,2301,2.301,1.0,13,0.1,0.1036092097075295,10,0.0769230769230769,3.5641025641025643,20,0.3384615384615385
work-1,M10O90-S4,2301,2.301,1.2,24,0.1846153846153846,0.1879070732213233,9,0.0692307692307692,3.30188679245283,18,0.3153846153846154
work-1,M10O90-S4,2301,2.301,1.4,27,0.2076923076923077,0.2103090645094378,9,0.0692307692307692,3.5825242718446604,16,0.3076923076923077
work-1,M10O90-S4,2401,2.401,1.0,7,0.0538461538461538,0.053308442231902,6,0.0461538461538461,2.6260162601626016,25,0.3538461538461538
work-1,M10O90-S4,2401,2.401,1.2,7,0.0538461538461538,0.053308442231902,6,0.0461538461538461,2.7235772357723578,26,0.3307692307692307
work-1,M10O90-S4,2401,2.401,1.4,7,0.0538461538461538,0.0540759178593652,7,0.0538461538461538,3.1951219512195124,27,0.2615384615384615
work-1,M10O90-S4,2501,2.501,1.0,13,0.1,0.0988799004355942,8,0.0615384615384615,3.2222222222222223,22,0.3230769230769231
work-1,M10O90-S4,2501,2.501,1.2,15,0.1153846153846153,0.1138975316324414,10,0.0769230769230769,3.660869565217392,20,0.3076923076923077
work-1,M10O90-S4,2501,2.501,1.4,15,0.1153846153846153,0.1138975316324414,10,0.0769230769230769,3.817391304347826,21,0.2769230769230769
work-1,M10O90-S4,2601,2.601,1.0,11,0.0846153846153846,0.0868699439950217,9,0.0692307692307692,3.319327731092437,22,0.3384615384615385
work-1,M10O90-S4,2601,2.601,1.2,11,0.0846153846153846,0.0868699439950217,11,0.0846153846153846,3.7899159663865545,21,0.3307692307692307
work-1,M10O90-S4,2601,2.601,1.4,14,0.1076923076923077,0.111076540136901,11,0.0846153846153846,3.8793103448275854,20,0.3230769230769231
work-1,M10O90-S4,2701,2.701,1.0,22,0.1692307692307692,0.1728894420244762,5,0.0384615384615384,2.6296296296296298,25,0.2692307692307692
work-1,M10O90-S4,2701,2.701,1.2,22,0.1692307692307692,0.1728894420244762,6,0.0461538461538461,2.759259259259259,25,0.2538461538461538
work-1,M10O90-S4,2701,2.701,1.4,22,0.1692307692307692,0.1728894420244762,7,0.0538461538461538,3.203703703703704,24,0.2230769230769231
work-1,M10O90-S4,2801,2.801,1.0,14,0.1076923076923077,0.1091889649450321,9,0.0692307692307692,3.086206896551724,29,0.2307692307692307
work-1,M10O90-S4,2801,2.801,1.2,14,0.1076923076923077,0.1091889649450321,9,0.0692307692307692,3.2241379310344827,28,0.2307692307692307
work-1,M10O90-S4,2801,2.801,1.4,14,0.1076923076923077,0.1091889649450321,9,0.0692307692307692,3.3793103448275863,28,0.2153846153846154
work-1,M10O90-S4,2901,2.901,1.0,21,0.1615384615384615,0.1632648828043974,7,0.0538461538461538,2.4311926605504586,23,0.3538461538461538
work-1,M10O90-S4,2901,2.901,1.2,21,0.1615384615384615,0.1632648828043974,8,0.0615384615384615,2.889908256880734,22,0.3230769230769231
work-1,M10O90-S4,2901,2.901,1.4,21,0.1615384615384615,0.1632648828043974,9,0.0692307692307692,3.3486238532110093,21,0.2769230769230769
work-1,M10O90-S4,3001,3.001,1.0,17,0.1307692307692307,0.1310723916199958,7,0.0538461538461538,3.0,28,0.2230769230769231
work-1,M10O90-S4,3001,3.001,1.2,17,0.1307692307692307,0.1310723916199958,8,0.0615384615384615,3.15929203539823,28,0.2076923076923077
work-1,M10O90-S4,3001,3.001,1.4,17,0.1307692307692307,0.1310723916199958,8,0.0615384615384615,3.5132743362831858,28,0.1769230769230769
work-1,M10O90-S4,3101,3.101,1.0,10,0.0769230769230769,0.0783654843393486,7,0.0538461538461538,2.6666666666666665,28,0.3153846153846154
work-1,M10O90-S4,3101,3.101,1.2,10,0.0769230769230769,0.0783654843393486,8,0.0615384615384615,3.0166666666666666,28,0.2846153846153846
work-1,M10O90-S4,3101,3.101,1.4,10,0.0769230769230769,0.0783654843393486,8,0.0615384615384615,3.083333333333333,28,0.2769230769230769
work-1,M10O90-S4,3201,3.201,1.0,10,0.0769230769230769,0.0784484546774528,8,0.0615384615384615,3.6166666666666663,21,0.2923076923076923
work-1,M10O90-S4,3201,3.201,1.2,15,0.1153846153846153,0.1159717900850446,10,0.0769230769230769,4.113043478260869,19,0.2846153846153846
work-1,M10O90-S4,3201,3.201,1.4,16,0.123076923076923,0.1235220908525202,10,0.0769230769230769,4.228070175438597,20,0.2538461538461538
work-1,M10O90-S4,3301,3.301,1.0,13,0.1,0.1017216345156606,10,0.0769230769230769,3.8376068376068377,24,0.2538461538461538
work-1,M10O90-S4,3301,3.301,1.2,13,0.1,0.1017216345156606,10,0.0769230769230769,3.871794871794872,24,0.2461538461538461
work-1,M10O90-S4,3301,3.301,1.4,15,0.1153846153846153,0.1166562953744036,10,0.0769230769230769,4.321739130434783,23,0.2230769230769231
work-1,M10O90-S4,3401,3.401,1.0,29,0.2230769230769231,0.2252437253681808,8,0.0615384615384615,3.0792079207920797,18,0.3
work-1,M10O90-S4,3401,3.401,1.2,29,0.2230769230769231,0.2252437253681808,10,0.0769230769230769,3.6732673267326734,17,0.2923076923076923
work-1,M10O90-S4,3401,3.401,1.4,29,0.2230769230769231,0.2252437253681808,10,0.0769230769230769,3.6732673267326734,17,0.2923076923076923
work-1,M10O90-S4,3501,3.501,1.0,9,0.0692307692307692,0.070815183571873,6,0.0461538461538461,2.652892561983471,26,0.3230769230769231
work-1,M10O90-S4,3501,3.501,1.2,9,0.0692307692307692,0.070815183571873,6,0.0461538461538461,2.7355371900826446,27,0.3
work-1,M10O90-S4,3501,3.501,1.4,14,0.1076923076923077,0.1099564405724953,6,0.0461538461538461,2.862068965517241,25,0.2846153846153846
work-1,M10O90-S4,3601,3.601,1.0,19,0.1461538461538461,0.1478323999170296,12,0.0923076923076923,3.3963963963963963,20,0.3384615384615385
work-1,M10O90-S4,3601,3.601,1.2,20,0.1538461538461538,0.1553827006845053,12,0.0923076923076923,3.709090909090909,20,0.3076923076923077
work-1,M10O90-S4,3601,3.601,1.4,22,0.1692307692307692,0.1703173615432482,12,0.0923076923076923,3.740740740740741,19,0.3076923076923077
work-1,M10O90-S4,3701,3.701,1.0,9,0.0692307692307692,0.0690105787181082,8,0.0615384615384615,3.462809917355372,29,0.2230769230769231
work-1,M10O90-S4,3701,3.701,1.2,9,0.0692307692307692,0.0690105787181082,8,0.0615384615384615,3.462809917355372,29,0.2230769230769231
work-1,M10O90-S4,3701,3.701,1.4,10,0.0769230769230769,0.0775980087118855,9,0.0692307692307692,3.85,29,0.1846153846153846
work-1,M10O90-S4,3801,3.801,1.0,10,0.0769230769230769,0.0775980087118855,9,0.0692307692307692,3.25,25,0.2769230769230769
work-1,M10O90-S4,3801,3.801,1.2,16,0.123076923076923,0.1246421904169259,10,0.0769230769230769,3.631578947368421,22,0.2692307692307692
work-1,M10O90-S4,3801,3.801,1.4,16,0.123076923076923,0.1246421904169259,10,0.0769230769230769,3.842105263157895,21,0.2692307692307692
work-1,M10O90-S4,3901,3.901,1.0,9,0.0692307692307692,0.0693632026550508,7,0.0538461538461538,3.28099173553719,28,0.2230769230769231
work-1,M10O90-S4,3901,3.901,1.2,9,0.0692307692307692,0.0693632026550508,7,0.0538461538461538,3.363636363636364,28,0.2153846153846154
work-1,M10O90-S4,3901,3.901,1.4,9,0.0692307692307692,0.0693632026550508,7,0.0538461538461538,3.363636363636364,28,0.2153846153846154
work-1,M10O90-S4,4001,4.001,1.0,15,0.1153846153846153,0.1150176311968471,7,0.0538461538461538,2.9478260869565216,24,0.3076923076923077
work-1,M10O90-S4,4001,4.001,1.2,15,0.1153846153846153,0.1150176311968471,7,0.0538461538461538,3.017391304347826,24,0.3
work-1,M10O90-S4,4001,4.001,1.4,16,0.123076923076923,0.1224849616262186,7,0.0538461538461538,3.087719298245614,24,0.2846153846153846
work-1,M10O90-S4,4101,4.101,1.0,10,0.0769230769230769,0.0757104335200165,9,0.0692307692307692,3.9166666666666665,24,0.2538461538461538
work-1,M10O90-S4,4101,4.101,1.2,11,0.0846153846153846,0.0832607342874922,9,0.0692307692307692,3.974789915966386,24,0.2384615384615384
work-1,M10O90-S4,4101,4.101,1.4,11,0.0846153846153846,0.0832607342874922,9,0.0692307692307692,4.092436974789916,24,0.2230769230769231
work-1,M10O90-S4,4201,4.2010000000000005,1.0,9,0.0692307692307692,0.072121966397013,8,0.0615384615384615,3.0,27,0.3076923076923077
work-1,M10O90-S4,4201,4.2010000000000005,1.2,10,0.0769230769230769,0.0795892968263845,8,0.0615384615384615,3.0166666666666666,27,0.3
work-1,M10O90-S4,4201,4.2010000000000005,1.4,10,0.0769230769230769,0.0795892968263845,8,0.0615384615384615,3.083333333333333,27,0.2846153846153846
work-1,M10O90-S4,4301,4.301,1.0,12,0.0923076923076923,0.0943372744243932,9,0.0692307692307692,3.4745762711864407,24,0.2846153846153846
work-1,M10O90-S4,4301,4.301,1.2,17,0.1307692307692307,0.1337481850238539,10,0.0769230769230769,3.743362831858407,22,0.2769230769230769
work-1,M10O90-S4,4301,4.301,1.4,17,0.1307692307692307,0.1337481850238539,10,0.0769230769230769,3.7787610619469034,22,0.2692307692307692
work-1,M10O90-S4,4401,4.401,1.0,11,0.0846153846153846,0.0868699439950217,11,0.0846153846153846,3.2521008403361344,26,0.3076923076923077
work-1,M10O90-S4,4401,4.401,1.2,11,0.0846153846153846,0.0868699439950217,11,0.0846153846153846,3.302521008403361,27,0.2846153846153846
work-1,M10O90-S4,4401,4.401,1.4,11,0.0846153846153846,0.0868699439950217,11,0.0846153846153846,3.302521008403361,27,0.2846153846153846
work-1,M10O90-S4,4501,4.501,1.0,9,0.0692307692307692,0.0684090437668533,8,0.0615384615384615,3.413223140495868,29,0.2153846153846154
work-1,M10O90-S4,4501,4.501,1.2,9,0.0692307692307692,0.0684090437668533,8,0.0615384615384615,3.6942148760330578,28,0.2076923076923077
work-1,M10O90-S4,4501,4.501,1.4,10,0.0769230769230769,0.0757934038581207,9,0.0692307692307692,3.8333333333333335,27,0.2076923076923077
work-1,M10O90-S4,4601,4.601,1.0,20,0.1538461538461538,0.1578718108276291,11,0.0846153846153846,3.945454545454545,24,0.2230769230769231
work-1,M10O90-S4,4601,4.601,1.2,20,0.1538461538461538,0.1578718108276291,11,0.0846153846153846,4.454545454545454,21,0.2153846153846154
work-1,M10O90-S4,4601,4.601,1.4,20,0.1538461538461538,0.1578718108276291,11,0.0846153846153846,4.709090909090909,20,0.2
work-1,M10O90-S4,4701,4.7010000000000005,1.0,15,0.1153846153846153,0.1203484754200373,14,0.1076923076923077,4.147826086956521,23,0.2923076923076923
work-1,M10O90-S4,4701,4.7010000000000005,1.2,23,0.1769230769230769,0.1830947936112839,14,0.1076923076923077,4.121495327102804,21,0.2769230769230769
work-1,M10O90-S4,4701,4.7010000000000005,1.4,23,0.1769230769230769,0.1830947936112839,14,0.1076923076923077,4.140186915887851,22,0.2615384615384615
work-1,M10O90-S4,4801,4.801,1.0,17,0.1307692307692307,0.1309064509437875,7,0.0538461538461538,2.5398230088495577,22,0.3692307692307692
work-1,M10O90-S4,4801,4.801,1.2,18,0.1384615384615384,0.1383737813731591,7,0.0538461538461538,2.642857142857143,23,0.3307692307692307
work-1,M10O90-S4,4801,4.801,1.4,20,0.1538461538461538,0.1533084422319021,7,0.0538461538461538,2.763636363636364,21,0.3307692307692307
work-1,M10O90-S4,4901,4.901,1.0,13,0.1,0.1025720804812279,8,0.0615384615384615,3.2051282051282053,24,0.3153846153846154
work-1,M10O90-S4,4901,4.901,1.2,13,0.1,0.1025720804812279,8,0.0615384615384615,3.3076923076923075,24,0.3
work-1,M10O90-S4,4901,4.901,1.4,14,0.1076923076923077,0.1100394109105994,14,0.1076923076923077,4.5,22,0.2769230769230769
work-2,M10O90-S4,1001,1.001,1.0,14,0.1076923076923077,0.1091889649450321,9,0.0692307692307692,3.086206896551724,26,0.2923076923076923
work-2,M10O90-S4,1001,1.001,1.2,14,0.1076923076923077,0.1091889649450321,9,0.0692307692307692,3.2758620689655173,26,0.2769230769230769
work-2,M10O90-S4,1001,1.001,1.4,15,0.1153846153846153,0.1176934246007052,10,0.0769230769230769,3.991304347826087,23,0.2461538461538461
work-2,M10O90-S4,1101,1.101,1.0,8,0.0615384615384615,0.0634308234806056,8,0.0615384615384615,2.8524590163934427,25,0.3384615384615385
work-2,M10O90-S4,1101,1.101,1.2,9,0.0692307692307692,0.0700477079444098,8,0.0615384615384615,3.28099173553719,25,0.2923076923076923
work-2,M10O90-S4,1101,1.101,1.4,12,0.0923076923076923,0.0933831155361958,9,0.0692307692307692,3.440677966101695,23,0.2923076923076923
work-2,M10O90-S4,1201,1.201,1.0,19,0.1461538461538461,0.1504044803982576,10,0.0769230769230769,3.018018018018018,28,0.2461538461538461
work-2,M10O90-S4,1201,1.201,1.2,19,0.1461538461538461,0.1504044803982576,12,0.0923076923076923,3.468468468468469,27,0.2384615384615384
work-2,M10O90-S4,1201,1.201,1.4,19,0.1461538461538461,0.1504044803982576,15,0.1153846153846153,4.117117117117117,26,0.2384615384615384
work-2,M10O90-S4,1301,1.301,1.0,12,0.0923076923076923,0.0952914333125907,8,0.0615384615384615,3.0847457627118646,27,0.2692307692307692
work-2,M10O90-S4,1301,1.301,1.2,12,0.0923076923076923,0.0952914333125907,8,0.0615384615384615,3.2711864406779663,28,0.2384615384615384
work-2,M10O90-S4,1301,1.301,1.4,15,0.1153846153846153,0.1176934246007052,9,0.0692307692307692,3.5391304347826087,27,0.2230769230769231
work-2,M10O90-S4,1401,1.401,1.0,14,0.1076923076923077,0.1100394109105994,12,0.0923076923076923,3.2586206896551726,29,0.2615384615384615
work-2,M10O90-S4,1401,1.401,1.2,14,0.1076923076923077,0.1100394109105994,14,0.1076923076923077,3.672413793103448,28,0.2615384615384615
work-2,M10O90-S4,1401,1.401,1.4,20,0.1538461538461538,0.1561501763119684,14,0.1076923076923077,3.8,27,0.2307692307692307
work-2,M10O90-S4,1501,1.501,1.0,9,0.0692307692307692,0.0718523127981746,9,0.0692307692307692,3.2975206611570247,26,0.2846153846153846
work-2,M10O90-S4,1501,1.501,1.2,10,0.0769230769230769,0.0793196432275461,9,0.0692307692307692,3.316666666666667,26,0.2769230769230769
work-2,M10O90-S4,1501,1.501,1.4,10,0.0769230769230769,0.0793196432275461,9,0.0692307692307692,3.5166666666666666,25,0.2692307692307692
work-2,M10O90-S4,1601,1.601,1.0,12,0.0923076923076923,0.0968263845675171,8,0.0615384615384615,3.0,22,0.3615384615384615
work-2,M10O90-S4,1601,1.601,1.2,12,0.0923076923076923,0.0968263845675171,9,0.0692307692307692,3.305084745762712,22,0.3384615384615385
work-2,M10O90-S4,1601,1.601,1.4,12,0.0923076923076923,0.0968263845675171,10,0.0769230769230769,3.542372881355932,22,0.3230769230769231
work-2,M10O90-S4,1701,1.701,1.0,10,0.0769230769230769,0.0811242480813109,7,0.0538461538461538,2.6,24,0.3692307692307692
work-2,M10O90-S4,1701,1.701,1.2,10,0.0769230769230769,0.0811242480813109,9,0.0692307692307692,2.85,24,0.3538461538461538
work-2,M10O90-S4,1701,1.701,1.4,11,0.0846153846153846,0.0831777639493881,10,0.0769230769230769,3.0,23,0.3538461538461538
work-2,M10O90-S4,1801,1.801,1.0,9,0.0692307692307692,0.0708981539099771,8,0.0615384615384615,3.347107438016529,27,0.2692307692307692
work-2,M10O90-S4,1801,1.801,1.2,17,0.1307692307692307,0.1324414021987139,10,0.0769230769230769,3.743362831858407,24,0.2615384615384615
work-2,M10O90-S4,1801,1.801,1.4,17,0.1307692307692307,0.1324414021987139,11,0.0846153846153846,3.938053097345133,25,0.2384615384615384
work-2,M10O90-S4,1901,1.901,1.0,10,0.0769230769230769,0.0775980087118855,8,0.0615384615384615,3.25,23,0.3230769230769231
work-2,M10O90-S4,1901,1.901,1.2,11,0.0846153846153846,0.085065339141257,9,0.0692307692307692,3.53781512605042,22,0.3076923076923077
work-2,M10O90-S4,1901,1.901,1.4,17,0.1307692307692307,0.1309064509437875,9,0.0692307692307692,3.5309734513274336,22,0.2846153846153846
work-2,M10O90-S4,2001,2.001,1.0,10,0.0769230769230769,0.0765608794855839,7,0.0538461538461538,2.783333333333333,25,0.3538461538461538
work-2,M10O90-S4,2001,2.001,1.2,12,0.0923076923076923,0.091578510682431,7,0.0538461538461538,2.8983050847457625,25,0.3230769230769231
work-2,M10O90-S4,2001,2.001,1.4,13,0.1,0.0990458411118025,8,0.0615384615384615,3.051282051282051,26,0.2923076923076923
work-2,M10O90-S4,2101,2.101,1.0,9,0.0692307692307692,0.0700477079444098,8,0.0615384615384615,3.2644628099173554,23,0.3076923076923077
work-2,M10O90-S4,2101,2.101,1.2,9,0.0692307692307692,0.0700477079444098,8,0.0615384615384615,3.2644628099173554,23,0.3076923076923077
work-2,M10O90-S4,2101,2.101,1.4,9,0.0692307692307692,0.0700477079444098,8,0.0615384615384615,3.3801652892561984,24,0.2846153846153846
work-2,M10O90-S4,2201,2.201,1.0,13,0.1,0.1018046048537647,8,0.0615384615384615,3.1538461538461537,23,0.3230769230769231
work-2,M10O90-S4,2201,2.201,1.2,14,0.1076923076923077,0.1092719352831362,8,0.0615384615384615,3.2758620689655173,24,0.2846153846153846
work-2,M10O90-S4,2201,2.201,1.4,16,0.123076923076923,0.1242065961418792,9,0.0692307692307692,3.456140350877193,24,0.2615384615384615
work-2,M10O90-S4,2301,2.301,1.0,11,0.0846153846153846,0.0840282099149554,7,0.0538461538461538,2.7983193277310923,24,0.3384615384615385
work-2,M10O90-S4,2301,2.301,1.2,11,0.0846153846153846,0.0840282099149554,7,0.0538461538461538,2.831932773109244,24,0.3307692307692307
work-2,M10O90-S4,2301,2.301,1.4,11,0.0846153846153846,0.0840282099149554,7,0.0538461538461538,2.899159663865546,25,0.3076923076923077
work-2,M10O90-S4,2401,2.401,1.0,11,0.0846153846153846,0.0867869736569176,10,0.0769230769230769,2.8487394957983194,22,0.4076923076923077
work-2,M10O90-S4,2401,2.401,1.2,14,0.1076923076923077,0.1073843600912673,12,0.0923076923076923,3.362068965517241,20,0.4
work-2,M10O90-S4,2401,2.401,1.4,16,0.123076923076923,0.1259282306575399,14,0.1076923076923077,3.807017543859649,21,0.3615384615384615
work-2,M10O90-S4,2501,2.501,1.0,8,0.0615384615384615,0.0615432482887367,8,0.0615384615384615,3.2295081967213117,24,0.3
work-2,M10O90-S4,2501,2.501,1.2,8,0.0615384615384615,0.0615432482887367,8,0.0615384615384615,3.5081967213114758,23,0.2769230769230769
work-2,M10O90-S4,2501,2.501,1.4,9,0.0692307692307692,0.0690935490562124,9,0.0692307692307692,3.925619834710744,22,0.2615384615384615
work-2,M10O90-S4,2601,2.601,1.0,10,0.0769230769230769,0.0782825140012445,8,0.0615384615384615,2.9166666666666665,23,0.3615384615384615
work-2,M10O90-S4,2601,2.601,1.2,10,0.0769230769230769,0.0782825140012445,8,0.0615384615384615,3.433333333333333,25,0.2923076923076923
work-2,M10O90-S4,2601,2.601,1.4,12,0.0923076923076923,0.091578510682431,12,0.0923076923076923,4.491525423728813,23,0.2769230769230769
work-2,M10O90-S4,2701,2.701,1.0,21,0.1615384615384615,0.1635345364032358,12,0.0923076923076923,3.5871559633027523,26,0.2307692307692307
work-2,M10O90-S4,2701,2.701,1.2,23,0.1769230769230769,0.1784691972619788,12,0.0923076923076923,3.616822429906542,25,0.2307692307692307
work-2,M10O90-S4,2701,2.701,1.4,23,0.1769230769230769,0.1784691972619788,12,0.0923076923076923,3.747663551401869,25,0.2076923076923077
work-2,M10O90-S4,2801,2.801,1.0,17,0.1307692307692307,0.1324414021987139,10,0.0769230769230769,3.690265486725664,22,0.2769230769230769
work-2,M10O90-S4,2801,2.801,1.2,17,0.1307692307692307,0.1324414021987139,10,0.0769230769230769,3.7787610619469034,22,0.2615384615384615
work-2,M10O90-S4,2801,2.801,1.4,17,0.1307692307692307,0.1324414021987139,10,0.0769230769230769,4.150442477876106,19,0.2615384615384615
work-2,M10O90-S4,2901,2.901,1.0,11,0.0846153846153846,0.0839452395768512,7,0.0538461538461538,3.117647058823529,25,0.2923076923076923
work-2,M10O90-S4,2901,2.901,1.2,11,0.0846153846153846,0.0839452395768512,7,0.0538461538461538,3.436974789915966,24,0.2615384615384615
work-2,M10O90-S4,2901,2.901,1.4,11,0.0846153846153846,0.0839452395768512,7,0.0538461538461538,3.453781512605042,25,0.2461538461538461
work-2,M10O90-S4,3001,3.001,1.0,9,0.0692307692307692,0.0690105787181082,6,0.0461538461538461,2.5867768595041323,29,0.3076923076923077
work-2,M10O90-S4,3001,3.001,1.2,16,0.123076923076923,0.1241236258037751,6,0.0461538461538461,2.6666666666666665,31,0.2230769230769231
work-2,M10O90-S4,3001,3.001,1.4,16,0.123076923076923,0.1241236258037751,6,0.0461538461538461,2.912280701754386,30,0.2076923076923077
work-2,M10O90-S4,3101,3.101,1.0,10,0.0769230769230769,0.0782825140012445,10,0.0769230769230769,3.05,28,0.2846153846153846
work-2,M10O90-S4,3101,3.101,1.2,10,0.0769230769230769,0.0782825140012445,10,0.0769230769230769,3.25,27,0.2692307692307692
work-2,M10O90-S4,3101,3.101,1.4,13,0.1,0.1017216345156606,13,0.1,4.0256410256410255,24,0.2461538461538461
work-2,M10O90-S4,3201,3.201,1.0,16,0.123076923076923,0.1259282306575399,9,0.0692307692307692,3.2280701754385963,21,0.3307692307692307
work-2,M10O90-S4,3201,3.201,1.2,16,0.123076923076923,0.1259282306575399,9,0.0692307692307692,3.298245614035088,22,0.3076923076923077
work-2,M10O90-S4,3201,3.201,1.4,16,0.123076923076923,0.1259282306575399,13,0.1,4.87719298245614,20,0.2769230769230769
work-2,M10O90-S4,3301,3.301,1.0,18,0.1384615384615384,0.1381041277743206,13,0.1,4.428571428571429,18,0.3461538461538461
work-2,M10O90-S4,3301,3.301,1.2,19,0.1461538461538461,0.1456544285417963,13,0.1,4.45945945945946,18,0.3384615384615385
work-2,M10O90-S4,3301,3.301,1.4,43,0.3307692307692307,0.3343289773905828,11,0.0846153846153846,3.0,15,0.3230769230769231
work-2,M10O90-S4,3401,3.401,1.0,16,0.123076923076923,0.1269653598838415,12,0.0923076923076923,4.543859649122807,23,0.2384615384615384
work-2,M10O90-S4,3401,3.401,1.2,16,0.123076923076923,0.1269653598838415,13,0.1,4.754385964912281,23,0.2307692307692307
work-2,M10O90-S4,3401,3.401,1.4,16,0.123076923076923,0.1269653598838415,13,0.1,4.807017543859649,23,0.2230769230769231
work-2,M10O90-S4,3501,3.501,1.0,10,0.0769230769230769,0.0758763741962248,10,0.0769230769230769,3.65,21,0.3461538461538461
work-2,M10O90-S4,3501,3.501,1.2,11,0.0846153846153846,0.0831777639493881,10,0.0769230769230769,3.80672268907563,22,0.3
work-2,M10O90-S4,3501,3.501,1.4,11,0.0846153846153846,0.0878241028832192,11,0.0846153846153846,4.126050420168068,22,0.2846153846153846
work-2,M10O90-S4,3601,3.601,1.0,12,0.0923076923076923,0.0932171748599875,11,0.0846153846153846,3.9491525423728815,26,0.2384615384615384
work-2,M10O90-S4,3601,3.601,1.2,12,0.0923076923076923,0.0932171748599875,11,0.0846153846153846,4.033898305084746,26,0.2230769230769231
work-2,M10O90-S4,3601,3.601,1.4,12,0.0923076923076923,0.0932171748599875,11,0.0846153846153846,4.033898305084746,26,0.2230769230769231
work-2,M10O90-S4,3701,3.701,1.0,10,0.0769230769230769,0.0793196432275461,9,0.0692307692307692,2.55,28,0.3461538461538461
work-2,M10O90-S4,3701,3.701,1.2,10,0.0769230769230769,0.0793196432275461,9,0.0692307692307692,2.716666666666667,27,0.3307692307692307
work-2,M10O90-S4,3701,3.701,1.4,10,0.0769230769230769,0.0793196432275461,9,0.0692307692307692,2.816666666666667,26,0.3230769230769231
work-2,M10O90-S4,3801,3.801,1.0,12,0.0923076923076923,0.0932171748599875,7,0.0538461538461538,2.610169491525424,25,0.3538461538461538
work-2,M10O90-S4,3801,3.801,1.2,15,0.1153846153846153,0.115619166148102,7,0.0538461538461538,2.6,24,0.3538461538461538
work-2,M10O90-S4,3801,3.801,1.4,15,0.1153846153846153,0.115619166148102,7,0.0538461538461538,2.7043478260869565,24,0.3461538461538461
work-2,M10O90-S4,3901,3.901,1.0,12,0.0923076923076923,0.0933831155361958,8,0.0615384615384615,3.406779661016949,21,0.3461538461538461
work-2,M10O90-S4,3901,3.901,1.2,12,0.0923076923076923,0.0933831155361958,8,0.0615384615384615,3.457627118644068,22,0.3230769230769231
work-2,M10O90-S4,3901,3.901,1.4,12,0.0923076923076923,0.0933831155361958,8,0.0615384615384615,3.847457627118644,22,0.2769230769230769
work-2,M10O90-S4,4001,4.001,1.0,10,0.0769230769230769,0.0783654843393486,8,0.0615384615384615,3.433333333333333,25,0.2769230769230769
work-2,M10O90-S4,4001,4.001,1.2,14,0.1076923076923077,0.1113461937357394,8,0.0615384615384615,3.413793103448276,24,0.2769230769230769
work-2,M10O90-S4,4001,4.001,1.4,14,0.1076923076923077,0.1113461937357394,8,0.0615384615384615,3.793103448275862,23,0.2384615384615384
work-2,M10O90-S4,4101,4.101,1.0,11,0.0846153846153846,0.0867869736569176,8,0.0615384615384615,2.6638655462184877,26,0.3384615384615385
work-2,M10O90-S4,4101,4.101,1.2,11,0.0846153846153846,0.0867869736569176,8,0.0615384615384615,2.680672268907563,27,0.3230769230769231
work-2,M10O90-S4,4101,4.101,1.4,11,0.0846153846153846,0.0867869736569176,11,0.0846153846153846,3.0840336134453783,26,0.3230769230769231
work-2,M10O90-S4,4201,4.2010000000000005,1.0,11,0.0846153846153846,0.0858328147687201,8,0.0615384615384615,2.7815126050420167,29,0.2846153846153846
work-2,M10O90-S4,4201,4.2010000000000005,1.2,11,0.0846153846153846,0.0858328147687201,8,0.0615384615384615,2.8823529411764706,29,0.2692307692307692
work-2,M10O90-S4,4201,4.2010000000000005,1.4,11,0.0846153846153846,0.0858328147687201,8,0.0615384615384615,3.184873949579832,29,0.2384615384615384
work-2,M10O90-S4,4301,4.301,1.0,9,0.0692307692307692,0.0700477079444098,6,0.0461538461538461,2.7851239669421486,30,0.2769230769230769
work-2,M10O90-S4,4301,4.301,1.2,10,0.0769230769230769,0.0775980087118855,6,0.0461538461538461,2.9,31,0.2384615384615384
work-2,M10O90-S4,4301,4.301,1.4,17,0.1307692307692307,0.129869321717486,6,0.0461538461538461,2.858407079646017,29,0.2307692307692307
work-2,M10O90-S4,4401,4.401,1.0,13,0.1,0.1035262393694254,10,0.0769230769230769,3.632478632478633,21,0.3076923076923077
work-2,M10O90-S4,4401,4.401,1.2,13,0.1,0.1035262393694254,10,0.0769230769230769,4.435897435897436,19,0.2846153846153846
work-2,M10O90-S4,4401,4.401,1.4,13,0.1,0.1035262393694254,11,0.0846153846153846,4.606837606837607,19,0.2769230769230769
work-2,M10O90-S4,4501,4.501,1.0,21,0.1615384615384615,0.1636175067413399,6,0.0461538461538461,2.467889908256881,26,0.2923076923076923
work-2,M10O90-S4,4501,4.501,1.2,21,0.1615384615384615,0.1636175067413399,8,0.0615384615384615,2.834862385321101,26,0.2692307692307692
work-2,M10O90-S4,4501,4.501,1.4,28,0.2153846153846154,0.21949802945447,8,0.0615384615384615,2.8823529411764706,25,0.2384615384615384
work-2,M10O90-S4,4601,4.601,1.0,16,0.123076923076923,0.1288529350757104,14,0.1076923076923077,4.666666666666667,21,0.2692307692307692
work-2,M10O90-S4,4601,4.601,1.2,16,0.123076923076923,0.1288529350757104,14,0.1076923076923077,4.7368421052631575,21,0.2615384615384615
work-2,M10O90-S4,4601,4.601,1.4,16,0.123076923076923,0.1288529350757104,14,0.1076923076923077,4.859649122807017,21,0.2461538461538461
work-2,M10O90-S4,4701,4.7010000000000005,1.0,11,0.0846153846153846,0.085749844430616,8,0.0615384615384615,2.8823529411764706,25,0.3153846153846154
work-2,M10O90-S4,4701,4.7010000000000005,1.2,11,0.0846153846153846,0.085749844430616,9,0.0692307692307692,3.26890756302521,24,0.2923076923076923
work-2,M10O90-S4,4701,4.7010000000000005,1.4,14,0.1076923076923077,0.110392034847542,11,0.0846153846153846,3.6379310344827593,23,0.2769230769230769
work-2,M10O90-S4,4801,4.801,1.0,8,0.0615384615384615,0.0633478531425015,8,0.0615384615384615,2.8524590163934427,23,0.3769230769230769
work-2,M10O90-S4,4801,4.801,1.2,12,0.0923076923076923,0.0933001451980916,9,0.0692307692307692,3.0338983050847457,22,0.3538461538461538
work-2,M10O90-S4,4801,4.801,1.4,12,0.0923076923076923,0.0933001451980916,9,0.0692307692307692,3.457627118644068,23,0.3076923076923077
work-2,M10O90-S4,4901,4.901,1.0,23,0.1769230769230769,0.1773283551130471,11,0.0846153846153846,3.5233644859813085,25,0.2230769230769231
work-2,M10O90-S4,4901,4.901,1.2,23,0.1769230769230769,0.1773283551130471,11,0.0846153846153846,3.747663551401869,24,0.2153846153846154
work-2,M10O90-S4,4901,4.901,1.4,23,0.1769230769230769,0.1773283551130471,11,0.0846153846153846,3.803738317757009,24,0.2076923076923077
work,M10O90D1-S2,1001,1.001,1.0,38,0.3454545454545454,0.3723708774113254,5,0.0454545454545454,2.4166666666666665,19,0.209090909090909
work,M10O90D1-S2,1001,1.001,1.2,38,0.3454545454545454,0.3723708774113254,5,0.0454545454545454,2.5,19,0.2
work,M10O90D1-S2,1001,1.001,1.4,40,0.3636363636363636,0.3873055382700685,11,0.1,3.857142857142857,16,0.1909090909090909
work,M10O90D1-S2,1101,1.101,1.0,40,0.3636363636363636,0.3866210329807094,4,0.0363636363636363,1.9428571428571428,16,0.2909090909090909
work,M10O90D1-S2,1101,1.101,1.2,40,0.3636363636363636,0.3866210329807094,4,0.0363636363636363,1.9428571428571428,16,0.2909090909090909
work,M10O90D1-S2,1101,1.101,1.4,43,0.3909090909090909,0.4090230242688239,5,0.0454545454545454,2.3134328358208958,14,0.2636363636363636
work,M10O90D1-S2,1201,1.201,1.0,42,0.3818181818181818,0.3929682638456752,6,0.0545454545454545,2.235294117647059,18,0.2272727272727272
work,M10O90D1-S2,1201,1.201,1.2,42,0.3818181818181818,0.3929682638456752,7,0.0636363636363636,2.411764705882353,18,0.2181818181818181
work,M10O90D1-S2,1201,1.201,1.4,42,0.3818181818181818,0.3929682638456752,7,0.0636363636363636,2.4705882352941178,18,0.209090909090909
work,M10O90D1-S2,1301,1.301,1.0,38,0.3454545454545454,0.3538270068450529,5,0.0454545454545454,2.2777777777777777,15,0.2909090909090909
work,M10O90D1-S2,1301,1.301,1.2,43,0.3909090909090909,0.4182949595519601,6,0.0545454545454545,2.4029850746268657,13,0.2818181818181818
work,M10O90D1-S2,1301,1.301,1.4,44,0.4,0.4350342252644679,6,0.0545454545454545,2.484848484848485,13,0.2636363636363636
work,M10O90D1-S2,1401,1.401,1.0,42,0.3818181818181818,0.3929682638456752,5,0.0454545454545454,2.264705882352941,16,0.2454545454545454
work,M10O90D1-S2,1401,1.401,1.2,48,0.4363636363636363,0.4549471064094586,4,0.0363636363636363,2.064516129032258,15,0.2363636363636363
work,M10O90D1-S2,1401,1.401,1.4,50,0.4545454545454545,0.4698817672682016,4,0.0363636363636363,2.2,15,0.209090909090909
work,M10O90D1-S2,1501,1.501,1.0,37,0.3363636363636363,0.3556316116988177,6,0.0545454545454545,2.589041095890411,13,0.2909090909090909
work,M10O90D1-S2,1501,1.501,1.2,37,0.3363636363636363,0.3556316116988177,6,0.0545454545454545,2.589041095890411,13,0.2909090909090909
work,M10O90D1-S2,1501,1.501,1.4,37,0.3363636363636363,0.3556316116988177,6,0.0545454545454545,2.671232876712329,13,0.2818181818181818
work,M10O90D1-S2,1601,1.601,1.0,44,0.4,0.3807716241443684,4,0.0363636363636363,1.606060606060606,16,0.3090909090909091
work,M10O90D1-S2,1601,1.601,1.2,44,0.4,0.3807716241443684,4,0.0363636363636363,1.6666666666666667,16,0.3
work,M10O90D1-S2,1601,1.601,1.4,46,0.4181818181818181,0.4049782202862477,4,0.0363636363636363,1.78125,14,0.3
work,M10O90D1-S2,1701,1.701,1.0,45,0.4090909090909091,0.3889234598630989,6,0.0545454545454545,2.0153846153846158,13,0.3090909090909091
work,M10O90D1-S2,1701,1.701,1.2,45,0.4090909090909091,0.3889234598630989,6,0.0545454545454545,2.076923076923077,13,0.3
work,M10O90D1-S2,1701,1.701,1.4,45,0.4090909090909091,0.3889234598630989,6,0.0545454545454545,2.5384615384615383,12,0.2818181818181818
work,M10O90D1-S2,1801,1.801,1.0,45,0.4090909090909091,0.3803360298693217,5,0.0454545454545454,2.0153846153846158,14,0.2818181818181818
work,M10O90D1-S2,1801,1.801,1.2,45,0.4090909090909091,0.3803360298693217,5,0.0454545454545454,2.0153846153846158,14,0.2818181818181818
work,M10O90D1-S2,1801,1.801,1.4,47,0.4272727272727272,0.404542626011201,7,0.0636363636363636,2.492063492063492,12,0.2636363636363636
work,M10O90D1-S2,1901,1.901,1.0,50,0.4545454545454545,0.4176726820161792,9,0.0818181818181818,2.933333333333333,10,0.2636363636363636
work,M10O90D1-S2,1901,1.901,1.2,51,0.4636363636363636,0.434411947728687,9,0.0818181818181818,3.0,11,0.2363636363636363
work,M10O90D1-S2,1901,1.901,1.4,51,0.4636363636363636,0.434411947728687,9,0.0818181818181818,3.3389830508474576,10,0.2272727272727272
work,M10O90D1-S2,2001,2.001,1.0,65,0.5909090909090909,0.5667703795892969,4,0.0363636363636363,2.2888888888888888,11,0.1545454545454545
work,M10O90D1-S2,2001,2.001,1.2,65,0.5909090909090909,0.5667703795892969,4,0.0363636363636363,2.2888888888888888,11,0.1545454545454545
work,M10O90D1-S2,2001,2.001,1.4,65,0.5909090909090909,0.5667703795892969,4,0.0363636363636363,2.2888888888888888,11,0.1545454545454545
work,M10O90D1-S2,2101,2.101,1.0,47,0.4272727272727272,0.3767268201617921,7,0.0636363636363636,3.4444444444444446,12,0.1909090909090909
work,M10O90D1-S2,2101,2.101,1.2,51,0.4636363636363636,0.4065961418792782,7,0.0636363636363636,3.711864406779661,11,0.1727272727272727
work,M10O90D1-S2,2101,2.101,1.4,51,0.4636363636363636,0.4065961418792782,7,0.0636363636363636,3.711864406779661,11,0.1727272727272727
work,M10O90D1-S2,2201,2.201,1.0,43,0.3909090909090909,0.3554449284380834,5,0.0454545454545454,2.4029850746268657,14,0.2545454545454545
work,M10O90D1-S2,2201,2.201,1.2,43,0.3909090909090909,0.3554449284380834,5,0.0454545454545454,2.4029850746268657,14,0.2545454545454545
work,M10O90D1-S2,2201,2.201,1.4,43,0.3909090909090909,0.3554449284380834,5,0.0454545454545454,2.4029850746268657,14,0.2545454545454545
work,M10O90D1-S2,2301,2.301,1.0,44,0.4,0.3728686994399502,7,0.0636363636363636,2.333333333333333,13,0.2818181818181818
work,M10O90D1-S2,2301,2.301,1.2,44,0.4,0.3728686994399502,7,0.0636363636363636,2.333333333333333,13,0.2818181818181818
work,M10O90D1-S2,2301,2.301,1.4,44,0.4,0.3728686994399502,7,0.0636363636363636,2.606060606060606,12,0.2818181818181818
work,M10O90D1-S2,2401,2.401,1.0,49,0.4454545454545454,0.4095208462974486,4,0.0363636363636363,1.9508196721311477,13,0.2727272727272727
work,M10O90D1-S2,2401,2.401,1.2,49,0.4454545454545454,0.4095208462974486,4,0.0363636363636363,1.9508196721311477,13,0.2727272727272727
work,M10O90D1-S2,2401,2.401,1.4,53,0.4818181818181818,0.4486621032980709,4,0.0363636363636363,1.947368421052632,11,0.2727272727272727
work,M10O90D1-S2,2501,2.501,1.0,48,0.4363636363636363,0.4113254511512134,6,0.0545454545454545,2.7096774193548385,15,0.1909090909090909
work,M10O90D1-S2,2501,2.501,1.2,48,0.4363636363636363,0.4113254511512134,7,0.0636363636363636,3.032258064516129,14,0.1909090909090909
work,M10O90D1-S2,2501,2.501,1.4,48,0.4363636363636363,0.4113254511512134,7,0.0636363636363636,3.129032258064516,15,0.1636363636363636
work,M10O90D1-S2,2601,2.601,1.0,48,0.4363636363636363,0.3927815805849409,6,0.0545454545454545,2.3870967741935485,17,0.1909090909090909
work,M10O90D1-S2,2601,2.601,1.2,48,0.4363636363636363,0.3927815805849409,6,0.0545454545454545,2.3870967741935485,17,0.1909090909090909
work,M10O90D1-S2,2601,2.601,1.4,48,0.4363636363636363,0.3927815805849409,6,0.0545454545454545,2.5161290322580645,16,0.1909090909090909
work,M10O90D1-S2,2701,2.701,1.0,47,0.4272727272727272,0.3859987554449284,4,0.0363636363636363,1.6349206349206349,12,0.3363636363636363
work,M10O90D1-S2,2701,2.701,1.2,48,0.4363636363636363,0.3934660858742999,4,0.0363636363636363,1.6451612903225807,12,0.3272727272727272
work,M10O90D1-S2,2701,2.701,1.4,50,0.4545454545454545,0.4084007467330429,4,0.0363636363636363,1.7,11,0.3181818181818182
work,M10O90D1-S2,2801,2.801,1.0,56,0.509090909090909,0.4810205351586807,4,0.0363636363636363,2.111111111111111,13,0.2
work,M10O90D1-S2,2801,2.801,1.2,56,0.509090909090909,0.4810205351586807,4,0.0363636363636363,2.1481481481481484,14,0.1818181818181818
work,M10O90D1-S2,2801,2.801,1.4,58,0.5272727272727272,0.5052271313005601,4,0.0363636363636363,2.1923076923076925,14,0.1636363636363636
work,M10O90D1-S2,2901,2.901,1.0,36,0.3272727272727272,0.2859987554449284,4,0.0363636363636363,2.081081081081081,18,0.2727272727272727
work,M10O90D1-S2,2901,2.901,1.2,36,0.3272727272727272,0.2859987554449284,5,0.0454545454545454,2.3513513513513518,17,0.2636363636363636
work,M10O90D1-S2,2901,2.901,1.4,36,0.3272727272727272,0.2859987554449284,5,0.0454545454545454,2.4054054054054053,17,0.2545454545454545
work,M10O90D1-S2,3001,3.001,1.0,48,0.4363636363636363,0.3756067205973864,8,0.0727272727272727,2.4838709677419355,11,0.2909090909090909
work,M10O90D1-S2,3001,3.001,1.2,48,0.4363636363636363,0.3756067205973864,9,0.0818181818181818,2.870967741935484,11,0.2727272727272727
work,M10O90D1-S2,3001,3.001,1.4,48,0.4363636363636363,0.3756067205973864,9,0.0818181818181818,2.870967741935484,11,0.2727272727272727
work,M10O90D1-S2,3101,3.101,1.0,44,0.4,0.3914125700062227,3,0.0272727272727272,1.606060606060606,13,0.3454545454545454
work,M10O90D1-S2,3101,3.101,1.2,45,0.4090909090909091,0.4081518357187305,4,0.0363636363636363,1.8615384615384616,13,0.3090909090909091
work,M10O90D1-S2,3101,3.101,1.4,45,0.4090909090909091,0.4081518357187305,4,0.0363636363636363,2.0153846153846158,13,0.2909090909090909
work,M10O90D1-S2,3201,3.201,1.0,50,0.4545454545454545,0.4169881767268201,3,0.0272727272727272,1.6666666666666667,13,0.2909090909090909
work,M10O90D1-S2,3201,3.201,1.2,50,0.4545454545454545,0.4169881767268201,3,0.0272727272727272,1.6666666666666667,13,0.2909090909090909
work,M10O90D1-S2,3201,3.201,1.4,50,0.4545454545454545,0.4169881767268201,3,0.0272727272727272,1.7,14,0.2727272727272727
work,M10O90D1-S2,3301,3.301,1.0,52,0.4727272727272727,0.4312383322962041,5,0.0454545454545454,2.034482758620689,11,0.2727272727272727
work,M10O90D1-S2,3301,3.301,1.2,55,0.5,0.4536403235843186,5,0.0454545454545454,2.0545454545454547,10,0.2636363636363636
work,M10O90D1-S2,3301,3.301,1.4,55,0.5,0.4536403235843186,5,0.0454545454545454,2.090909090909091,11,0.2454545454545454
work,M10O90D1-S2,3401,3.401,1.0,51,0.4636363636363636,0.4151835718730554,7,0.0636363636363636,2.1864406779661016,12,0.2727272727272727
work,M10O90D1-S2,3401,3.401,1.2,52,0.4727272727272727,0.4226509023024268,7,0.0636363636363636,2.3448275862068964,12,0.2454545454545454
work,M10O90D1-S2,3401,3.401,1.4,52,0.4727272727272727,0.4226509023024268,7,0.0636363636363636,2.3793103448275863,13,0.2272727272727272
work,M10O90D1-S2,3501,3.501,1.0,47,0.4272727272727272,0.411076540136901,6,0.0545454545454545,1.7936507936507935,8,0.3909090909090909
work,M10O90D1-S2,3501,3.501,1.2,47,0.4272727272727272,0.411076540136901,8,0.0727272727272727,2.3015873015873014,8,0.3636363636363636
work,M10O90D1-S2,3501,3.501,1.4,47,0.4272727272727272,0.411076540136901,8,0.0727272727272727,2.3015873015873014,8,0.3636363636363636
work,M10O90D1-S2,3601,3.601,1.0,51,0.4636363636363636,0.4251400124455507,6,0.0545454545454545,2.0508474576271185,12,0.2727272727272727
work,M10O90D1-S2,3601,3.601,1.2,51,0.4636363636363636,0.4251400124455507,7,0.0636363636363636,2.254237288135593,12,0.2636363636363636
work,M10O90D1-S2,3601,3.601,1.4,55,0.5,0.464281269446173,7,0.0636363636363636,2.272727272727273,12,0.2363636363636363
work,M10O90D1-S2,3701,3.701,1.0,47,0.4272727272727272,0.3774113254511512,4,0.0363636363636363,2.0476190476190474,14,0.2545454545454545
work,M10O90D1-S2,3701,3.701,1.2,48,0.4363636363636363,0.3934660858742999,4,0.0363636363636363,2.064516129032258,14,0.2454545454545454
work,M10O90D1-S2,3701,3.701,1.4,49,0.4454545454545454,0.4009334163036714,4,0.0363636363636363,2.081967213114754,14,0.2363636363636363
work,M10O90D1-S2,3801,3.801,1.0,49,0.4454545454545454,0.4273802115743622,6,0.0545454545454545,2.5737704918032787,10,0.2727272727272727
work,M10O90D1-S2,3801,3.801,1.2,56,0.509090909090909,0.4796515245799627,6,0.0545454545454545,2.2222222222222223,9,0.2636363636363636
work,M10O90D1-S2,3801,3.801,1.4,56,0.509090909090909,0.4796515245799627,6,0.0545454545454545,2.2222222222222223,9,0.2636363636363636
work,M10O90D1-S2,3901,3.901,1.0,63,0.5727272727272728,0.5504667081518357,3,0.0272727272727272,1.5957446808510638,13,0.2
work,M10O90D1-S2,3901,3.901,1.2,63,0.5727272727272728,0.5504667081518357,3,0.0272727272727272,1.5957446808510638,13,0.2
work,M10O90D1-S2,3901,3.901,1.4,63,0.5727272727272728,0.5504667081518357,3,0.0272727272727272,1.5957446808510638,13,0.2
work,M10O90D1-S2,4001,4.001,1.0,48,0.4363636363636363,0.3934660858742999,5,0.0454545454545454,2.129032258064516,11,0.2909090909090909
work,M10O90D1-S2,4001,4.001,1.2,49,0.4454545454545454,0.4009334163036714,5,0.0454545454545454,2.3114754098360657,12,0.2545454545454545
work,M10O90D1-S2,4001,4.001,1.4,49,0.4454545454545454,0.4009334163036714,5,0.0454545454545454,2.3114754098360657,12,0.2545454545454545
work,M10O90D1-S2,4101,4.101,1.0,52,0.4727272727272727,0.4233354075917859,8,0.0727272727272727,3.3793103448275863,9,0.2454545454545454
work,M10O90D1-S2,4101,4.101,1.2,53,0.4818181818181818,0.4308027380211574,9,0.0818181818181818,3.701754385964912,9,0.2272727272727272
work,M10O90D1-S2,4101,4.101,1.4,53,0.4818181818181818,0.4308027380211574,9,0.0818181818181818,3.982456140350877,9,0.2181818181818181
work,M10O90D1-S2,4201,4.2010000000000005,1.0,48,0.4363636363636363,0.4113254511512134,4,0.0363636363636363,1.8064516129032255,13,0.2909090909090909
work,M10O90D1-S2,4201,4.2010000000000005,1.2,48,0.4363636363636363,0.4113254511512134,4,0.0363636363636363,1.8064516129032255,13,0.2909090909090909
work,M10O90D1-S2,4201,4.2010000000000005,1.4,48,0.4363636363636363,0.4113254511512134,4,0.0363636363636363,1.8064516129032255,13,0.2909090909090909
work,M10O90D1-S2,4301,4.301,1.0,40,0.3636363636363636,0.3165525824517735,11,0.1,4.142857142857143,16,0.1909090909090909
work,M10O90D1-S2,4301,4.301,1.2,41,0.3727272727272727,0.3332918481642812,24,0.2181818181818181,9.46376811594203,14,0.1727272727272727
work,M10O90D1-S2,4301,4.301,1.4,41,0.3727272727272727,0.3332918481642812,25,0.2272727272727272,10.217391304347826,14,0.1545454545454545
work,M10O90D1-S2,4401,4.401,1.0,55,0.5,0.4920970752955818,7,0.0636363636363636,2.7454545454545456,9,0.2636363636363636
work,M10O90D1-S2,4401,4.401,1.2,55,0.5,0.4920970752955818,7,0.0636363636363636,2.7818181818181817,10,0.2454545454545454
work,M10O90D1-S2,4401,4.401,1.4,55,0.5,0.4920970752955818,7,0.0636363636363636,2.8181818181818183,11,0.2272727272727272
work,M10O90D1-S2,4501,4.501,1.0,40,0.3636363636363636,0.3165525824517735,9,0.0818181818181818,3.142857142857143,15,0.2181818181818181
work,M10O90D1-S2,4501,4.501,1.2,40,0.3636363636363636,0.3165525824517735,9,0.0818181818181818,3.1714285714285717,16,0.2
work,M10O90D1-S2,4501,4.501,1.4,40,0.3636363636363636,0.3165525824517735,10,0.0909090909090909,3.4285714285714284,16,0.1909090909090909
work,M10O90D1-S2,4601,4.601,1.0,39,0.3545454545454545,0.3276291225886745,10,0.0909090909090909,4.042253521126761,16,0.1636363636363636
work,M10O90D1-S2,4601,4.601,1.2,41,0.3727272727272727,0.3518357187305538,10,0.0909090909090909,4.6231884057971016,14,0.1636363636363636
work,M10O90D1-S2,4601,4.601,1.4,41,0.3727272727272727,0.3518357187305538,10,0.0909090909090909,4.6231884057971016,14,0.1636363636363636
work,M10O90D1-S2,4701,4.7010000000000005,1.0,45,0.4090909090909091,0.389607965152458,4,0.0363636363636363,2.1384615384615384,18,0.2
work,M10O90D1-S2,4701,4.7010000000000005,1.2,45,0.4090909090909091,0.389607965152458,4,0.0363636363636363,2.3230769230769237,19,0.1636363636363636
work,M10O90D1-S2,4701,4.7010000000000005,1.4,45,0.4090909090909091,0.389607965152458,4,0.0363636363636363,2.3230769230769237,19,0.1636363636363636
work,M10O90D1-S2,4801,4.801,1.0,48,0.4363636363636363,0.394835096453018,4,0.0363636363636363,1.903225806451613,15,0.2545454545454545
work,M10O90D1-S2,4801,4.801,1.2,48,0.4363636363636363,0.394835096453018,4,0.0363636363636363,1.903225806451613,15,0.2545454545454545
work,M10O90D1-S2,4801,4.801,1.4,52,0.4727272727272727,0.424704418170504,4,0.0363636363636363,1.862068965517241,14,0.2454545454545454
work,M10O90D1-S2,4901,4.901,1.0,45,0.4090909090909091,0.353889234598631,5,0.0454545454545454,2.507692307692308,14,0.2363636363636363
work,M10O90D1-S2,4901,4.901,1.2,45,0.4090909090909091,0.353889234598631,5,0.0454545454545454,2.6923076923076925,13,0.2363636363636363
work,M10O90D1-S2,4901,4.901,1.4,45,0.4090909090909091,0.353889234598631,5,0.0454545454545454,2.6923076923076925,13,0.2363636363636363
work-1,M10O90D1-S2,1001,1.001,1.0,46,0.4181818181818181,0.4042937149968886,7,0.0636363636363636,2.84375,11,0.2636363636363636
work-1,M10O90D1-S2,1001,1.001,1.2,46,0.4181818181818181,0.4042937149968886,7,0.0636363636363636,2.84375,11,0.2636363636363636
work-1,M10O90D1-S2,1001,1.001,1.4,47,0.4272727272727272,0.4117610454262601,7,0.0636363636363636,2.9047619047619047,12,0.2363636363636363
work-1,M10O90D1-S2,1101,1.101,1.0,43,0.3909090909090909,0.4011200995644057,5,0.0454545454545454,2.1044776119402986,18,0.2272727272727272
work-1,M10O90D1-S2,1101,1.101,1.2,43,0.3909090909090909,0.4011200995644057,5,0.0454545454545454,2.1044776119402986,18,0.2272727272727272
work-1,M10O90D1-S2,1101,1.101,1.4,46,0.4181818181818181,0.4235220908525202,5,0.0454545454545454,2.0625,17,0.2272727272727272
work-1,M10O90D1-S2,1201,1.201,1.0,49,0.4454545454545454,0.4545115121344119,5,0.0454545454545454,2.2459016393442623,12,0.2636363636363636
work-1,M10O90D1-S2,1201,1.201,1.2,53,0.4818181818181818,0.4843808338518979,5,0.0454545454545454,2.298245614035088,11,0.2454545454545454
work-1,M10O90D1-S2,1201,1.201,1.4,56,0.509090909090909,0.524642190416926,6,0.0545454545454545,2.4444444444444446,10,0.2363636363636363
work-1,M10O90D1-S2,1301,1.301,1.0,56,0.509090909090909,0.525326695706285,4,0.0363636363636363,1.9259259259259256,13,0.2181818181818181
work-1,M10O90D1-S2,1301,1.301,1.2,56,0.509090909090909,0.525326695706285,4,0.0363636363636363,2.037037037037037,13,0.209090909090909
work-1,M10O90D1-S2,1301,1.301,1.4,56,0.509090909090909,0.525326695706285,7,0.0636363636363636,2.703703703703704,11,0.209090909090909
work-1,M10O90D1-S2,1401,1.401,1.0,49,0.4454545454545454,0.4373366521468575,3,0.0272727272727272,1.819672131147541,16,0.2363636363636363
work-1,M10O90D1-S2,1401,1.401,1.2,53,0.4818181818181818,0.4757934038581207,3,0.0272727272727272,1.7719298245614037,15,0.2272727272727272
work-1,M10O90D1-S2,1401,1.401,1.4,53,0.4818181818181818,0.4757934038581207,3,0.0272727272727272,1.7719298245614037,15,0.2272727272727272
work-1,M10O90D1-S2,1501,1.501,1.0,62,0.5636363636363636,0.5601742377100186,5,0.0454545454545454,1.7916666666666667,9,0.2545454545454545
work-1,M10O90D1-S2,1501,1.501,1.2,64,0.5818181818181818,0.5751088985687617,5,0.0454545454545454,1.7826086956521738,8,0.2545454545454545
work-1,M10O90D1-S2,1501,1.501,1.4,66,0.6,0.5900435594275046,5,0.0454545454545454,1.818181818181818,8,0.2363636363636363
work-1,M10O90D1-S2,1601,1.601,1.0,48,0.4363636363636363,0.4391412570006223,8,0.0727272727272727,2.4516129032258065,10,0.3090909090909091
work-1,M10O90D1-S2,1601,1.601,1.2,48,0.4363636363636363,0.4391412570006223,8,0.0727272727272727,2.4516129032258065,10,0.3090909090909091
work-1,M10O90D1-S2,1601,1.601,1.4,48,0.4363636363636363,0.4391412570006223,8,0.0727272727272727,2.4516129032258065,10,0.3090909090909091
work-1,M10O90D1-S2,1701,1.701,1.0,49,0.4454545454545454,0.4445550715619166,5,0.0454545454545454,2.1475409836065573,14,0.2363636363636363
work-1,M10O90D1-S2,1701,1.701,1.2,52,0.4727272727272727,0.4755444928438083,5,0.0454545454545454,2.103448275862069,13,0.2363636363636363
work-1,M10O90D1-S2,1701,1.701,1.4,54,0.4909090909090909,0.4904791537025513,5,0.0454545454545454,2.107142857142857,12,0.2363636363636363
work-1,M10O90D1-S2,1801,1.801,1.0,42,0.3818181818181818,0.384380833851898,5,0.0454545454545454,1.7647058823529411,14,0.3363636363636363
work-1,M10O90D1-S2,1801,1.801,1.2,44,0.4,0.3993154947106409,5,0.0454545454545454,1.818181818181818,15,0.3
work-1,M10O90D1-S2,1801,1.801,1.4,45,0.4090909090909091,0.4067828251400124,5,0.0454545454545454,1.8307692307692307,15,0.2909090909090909
work-1,M10O90D1-S2,1901,1.901,1.0,48,0.4363636363636363,0.4285003111387679,4,0.0363636363636363,1.903225806451613,16,0.2363636363636363
work-1,M10O90D1-S2,1901,1.901,1.2,48,0.4363636363636363,0.4285003111387679,5,0.0454545454545454,2.161290322580645,15,0.2272727272727272
work-1,M10O90D1-S2,1901,1.901,1.4,48,0.4363636363636363,0.4285003111387679,5,0.0454545454545454,2.225806451612903,15,0.2181818181818181
work-1,M10O90D1-S2,2001,2.001,1.0,38,0.3454545454545454,0.3181082762912259,3,0.0272727272727272,1.75,18,0.3
work-1,M10O90D1-S2,2001,2.001,1.2,38,0.3454545454545454,0.3181082762912259,5,0.0454545454545454,1.9444444444444444,18,0.2818181818181818
work-1,M10O90D1-S2,2001,2.001,1.4,38,0.3454545454545454,0.3181082762912259,5,0.0454545454545454,2.055555555555556,18,0.2636363636363636
work-1,M10O90D1-S2,2101,2.101,1.0,43,0.3909090909090909,0.3640323584318606,6,0.0545454545454545,2.343283582089552,12,0.3
work-1,M10O90D1-S2,2101,2.101,1.2,49,0.4454545454545454,0.4266957062850031,5,0.0454545454545454,2.0163934426229506,12,0.2818181818181818
work-1,M10O90D1-S2,2101,2.101,1.4,49,0.4454545454545454,0.4266957062850031,5,0.0454545454545454,2.0491803278688523,13,0.2636363636363636
work-1,M10O90D1-S2,2201,2.201,1.0,50,0.4545454545454545,0.4434349719975108,6,0.0545454545454545,2.1333333333333333,10,0.3
work-1,M10O90D1-S2,2201,2.201,1.2,50,0.4545454545454545,0.4434349719975108,6,0.0545454545454545,2.1333333333333333,10,0.3
work-1,M10O90D1-S2,2201,2.201,1.4,50,0.4545454545454545,0.4434349719975108,9,0.0818181818181818,2.7333333333333334,9,0.3
work-1,M10O90D1-S2,2301,2.301,1.0,49,0.4454545454545454,0.4366521468574984,6,0.0545454545454545,2.2459016393442623,14,0.2454545454545454
work-1,M10O90D1-S2,2301,2.301,1.2,49,0.4454545454545454,0.4366521468574984,6,0.0545454545454545,2.2459016393442623,14,0.2454545454545454
work-1,M10O90D1-S2,2301,2.301,1.4,64,0.5818181818181818,0.5929682638456751,4,0.0363636363636363,1.6956521739130437,10,0.2272727272727272
work-1,M10O90D1-S2,2401,2.401,1.0,48,0.4363636363636363,0.4199128811449906,4,0.0363636363636363,1.7096774193548387,10,0.3454545454545454
work-1,M10O90D1-S2,2401,2.401,1.2,50,0.4545454545454545,0.4441194772868699,4,0.0363636363636363,1.7333333333333334,10,0.3272727272727272
work-1,M10O90D1-S2,2401,2.401,1.4,50,0.4545454545454545,0.4441194772868699,5,0.0454545454545454,1.8666666666666667,10,0.3181818181818182
work-1,M10O90D1-S2,2501,2.501,1.0,50,0.4545454545454545,0.4427504667081518,9,0.0818181818181818,2.7,11,0.2727272727272727
work-1,M10O90D1-S2,2501,2.501,1.2,50,0.4545454545454545,0.4427504667081518,9,0.0818181818181818,2.7333333333333334,12,0.2545454545454545
work-1,M10O90D1-S2,2501,2.501,1.4,50,0.4545454545454545,0.4427504667081518,9,0.0818181818181818,2.933333333333333,11,0.2545454545454545
work-1,M10O90D1-S2,2601,2.601,1.0,42,0.3818181818181818,0.3757934038581207,6,0.0545454545454545,2.4705882352941178,15,0.2454545454545454
work-1,M10O90D1-S2,2601,2.601,1.2,42,0.3818181818181818,0.3757934038581207,6,0.0545454545454545,2.647058823529412,14,0.2454545454545454
work-1,M10O90D1-S2,2601,2.601,1.4,43,0.3909090909090909,0.3832607342874922,6,0.0545454545454545,2.701492537313433,15,0.2181818181818181
work-1,M10O90D1-S2,2701,2.701,1.0,51,0.4636363636363636,0.4522713130056005,5,0.0454545454545454,2.152542372881356,13,0.2363636363636363
work-1,M10O90D1-S2,2701,2.701,1.2,51,0.4636363636363636,0.4522713130056005,6,0.0545454545454545,2.3220338983050848,13,0.2272727272727272
work-1,M10O90D1-S2,2701,2.701,1.4,51,0.4636363636363636,0.4522713130056005,6,0.0545454545454545,2.3220338983050848,13,0.2272727272727272
work-1,M10O90D1-S2,2801,2.801,1.0,43,0.3909090909090909,0.3825762289981331,10,0.0909090909090909,2.9402985074626864,13,0.2818181818181818
work-1,M10O90D1-S2,2801,2.801,1.2,45,0.4090909090909091,0.3975108898568761,10,0.0909090909090909,3.0,13,0.2636363636363636
work-1,M10O90D1-S2,2801,2.801,1.4,45,0.4090909090909091,0.3975108898568761,11,0.1,3.3076923076923075,13,0.2545454545454545
work-1,M10O90D1-S2,2901,2.901,1.0,48,0.4363636363636363,0.4384567517112632,7,0.0636363636363636,2.5161290322580645,13,0.2454545454545454
work-1,M10O90D1-S2,2901,2.901,1.2,48,0.4363636363636363,0.4384567517112632,7,0.0636363636363636,2.5161290322580645,13,0.2454545454545454
work-1,M10O90D1-S2,2901,2.901,1.4,48,0.4363636363636363,0.4384567517112632,7,0.0636363636363636,2.870967741935484,12,0.2363636363636363
work-1,M10O90D1-S2,3001,3.001,1.0,45,0.4090909090909091,0.4067828251400124,4,0.0363636363636363,1.984615384615385,17,0.2363636363636363
work-1,M10O90D1-S2,3001,3.001,1.2,47,0.4272727272727272,0.4217174859987554,4,0.0363636363636363,2.015873015873016,17,0.2181818181818181
work-1,M10O90D1-S2,3001,3.001,1.4,51,0.4636363636363636,0.4608587429993777,5,0.0454545454545454,2.1186440677966103,16,0.2
work-1,M10O90D1-S2,3101,3.101,1.0,46,0.4181818181818181,0.4228375855631611,5,0.0454545454545454,1.96875,19,0.209090909090909
work-1,M10O90D1-S2,3101,3.101,1.2,48,0.4363636363636363,0.4377722464219041,5,0.0454545454545454,1.967741935483871,18,0.209090909090909
work-1,M10O90D1-S2,3101,3.101,1.4,51,0.4636363636363636,0.4773490976975731,5,0.0454545454545454,2.1186440677966103,16,0.2
work-1,M10O90D1-S2,3201,3.201,1.0,39,0.3545454545454545,0.3705662725575607,11,0.1,3.2253521126760565,15,0.2636363636363636
work-1,M10O90D1-S2,3201,3.201,1.2,39,0.3545454545454545,0.3705662725575607,11,0.1,3.2253521126760565,15,0.2636363636363636
work-1,M10O90D1-S2,3201,3.201,1.4,50,0.4545454545454545,0.4612943372744243,4,0.0363636363636363,1.9333333333333331,13,0.2636363636363636
work-1,M10O90D1-S2,3301,3.301,1.0,53,0.4818181818181818,0.5280024891101431,3,0.0272727272727272,1.7017543859649122,17,0.209090909090909
work-1,M10O90D1-S2,3301,3.301,1.2,54,0.4909090909090909,0.5354698195395147,3,0.0272727272727272,1.7857142857142858,17,0.1909090909090909
work-1,M10O90D1-S2,3301,3.301,1.4,58,0.5272727272727272,0.5653391412570006,3,0.0272727272727272,1.7692307692307692,15,0.1909090909090909
work-1,M10O90D1-S2,3401,3.401,1.0,51,0.4636363636363636,0.5137523335407592,4,0.0363636363636363,1.6779661016949152,12,0.3
work-1,M10O90D1-S2,3401,3.401,1.2,53,0.4818181818181818,0.5286869943995022,4,0.0363636363636363,1.7719298245614037,12,0.2727272727272727
work-1,M10O90D1-S2,3401,3.401,1.4,54,0.4909090909090909,0.5361543248288737,4,0.0363636363636363,1.7857142857142858,12,0.2636363636363636
work-1,M10O90D1-S2,3501,3.501,1.0,39,0.3545454545454545,0.3798382078406969,5,0.0454545454545454,2.323943661971831,12,0.3272727272727272
work-1,M10O90D1-S2,3501,3.501,1.2,39,0.3545454545454545,0.3798382078406969,5,0.0454545454545454,2.323943661971831,12,0.3272727272727272
work-1,M10O90D1-S2,3501,3.501,1.4,39,0.3545454545454545,0.3798382078406969,5,0.0454545454545454,2.352112676056338,13,0.3090909090909091
work-1,M10O90D1-S2,3601,3.601,1.0,45,0.4090909090909091,0.4246421904169259,5,0.0454545454545454,1.984615384615385,14,0.2818181818181818
work-1,M10O90D1-S2,3601,3.601,1.2,47,0.4272727272727272,0.4395768512756689,6,0.0545454545454545,2.3968253968253967,12,0.2636363636363636
work-1,M10O90D1-S2,3601,3.601,1.4,48,0.4363636363636363,0.4470441817050404,6,0.0545454545454545,2.5161290322580645,12,0.2454545454545454
work-1,M10O90D1-S2,3701,3.701,1.0,44,0.4,0.3986309894212819,6,0.0545454545454545,2.575757575757576,12,0.2636363636363636
work-1,M10O90D1-S2,3701,3.701,1.2,44,0.4,0.3986309894212819,6,0.0545454545454545,2.575757575757576,12,0.2636363636363636
work-1,M10O90D1-S2,3701,3.701,1.4,51,0.4636363636363636,0.4601742377100186,7,0.0636363636363636,2.593220338983051,10,0.2545454545454545
work-1,M10O90D1-S2,3801,3.801,1.0,39,0.3545454545454545,0.3441194772868699,5,0.0454545454545454,2.126760563380281,14,0.3090909090909091
work-1,M10O90D1-S2,3801,3.801,1.2,39,0.3545454545454545,0.3441194772868699,5,0.0454545454545454,2.126760563380281,14,0.3090909090909091
work-1,M10O90D1-S2,3801,3.801,1.4,39,0.3545454545454545,0.3441194772868699,5,0.0454545454545454,2.323943661971831,14,0.2909090909090909
work-1,M10O90D1-S2,3901,3.901,1.0,45,0.4090909090909091,0.3975108898568761,4,0.0363636363636363,2.2,20,0.1636363636363636
work-1,M10O90D1-S2,3901,3.901,1.2,48,0.4363636363636363,0.4199128811449906,4,0.0363636363636363,2.3870967741935485,19,0.1363636363636363
work-1,M10O90D1-S2,3901,3.901,1.4,48,0.4363636363636363,0.4199128811449906,4,0.0363636363636363,2.3870967741935485,19,0.1363636363636363
work-1,M10O90D1-S2,4001,4.001,1.0,40,0.3636363636363636,0.3608587429993777,7,0.0636363636363636,2.5142857142857142,14,0.2818181818181818
work-1,M10O90D1-S2,4001,4.001,1.2,40,0.3636363636363636,0.3608587429993777,7,0.0636363636363636,2.6,15,0.2545454545454545
work-1,M10O90D1-S2,4001,4.001,1.4,40,0.3636363636363636,0.3608587429993777,7,0.0636363636363636,2.6,15,0.2545454545454545
work-1,M10O90D1-S2,4101,4.101,1.0,41,0.3727272727272727,0.3683260734287492,4,0.0363636363636363,1.8695652173913044,17,0.2818181818181818
work-1,M10O90D1-S2,4101,4.101,1.2,41,0.3727272727272727,0.3683260734287492,4,0.0363636363636363,1.8985507246376807,18,0.2636363636363636
work-1,M10O90D1-S2,4101,4.101,1.4,41,0.3727272727272727,0.3683260734287492,5,0.0454545454545454,2.072463768115942,18,0.2454545454545454
work-1,M10O90D1-S2,4201,4.2010000000000005,1.0,48,0.4363636363636363,0.4563161169881767,5,0.0454545454545454,1.935483870967742,13,0.2818181818181818
work-1,M10O90D1-S2,4201,4.2010000000000005,1.2,48,0.4363636363636363,0.4563161169881767,7,0.0636363636363636,2.3870967741935485,11,0.2818181818181818
work-1,M10O90D1-S2,4201,4.2010000000000005,1.4,48,0.4363636363636363,0.4563161169881767,7,0.0636363636363636,2.5161290322580645,11,0.2727272727272727
work-1,M10O90D1-S2,4301,4.301,1.0,45,0.4090909090909091,0.4067828251400124,6,0.0545454545454545,2.3230769230769237,14,0.2545454545454545
work-1,M10O90D1-S2,4301,4.301,1.2,45,0.4090909090909091,0.4067828251400124,8,0.0727272727272727,2.753846153846154,13,0.2454545454545454
work-1,M10O90D1-S2,4301,4.301,1.4,46,0.4181818181818181,0.4142501555693839,8,0.0727272727272727,2.78125,13,0.2363636363636363
work-1,M10O90D1-S2,4401,4.401,1.0,49,0.4454545454545454,0.4459240821406347,7,0.0636363636363636,2.4754098360655736,13,0.2454545454545454
work-1,M10O90D1-S2,4401,4.401,1.2,49,0.4454545454545454,0.4459240821406347,7,0.0636363636363636,2.80327868852459,12,0.2454545454545454
work-1,M10O90D1-S2,4401,4.401,1.4,49,0.4454545454545454,0.4459240821406347,7,0.0636363636363636,2.80327868852459,12,0.2454545454545454
work-1,M10O90D1-S2,4501,4.501,1.0,54,0.4909090909090909,0.4925326695706285,9,0.0818181818181818,2.642857142857143,12,0.2454545454545454
work-1,M10O90D1-S2,4501,4.501,1.2,54,0.4909090909090909,0.4925326695706285,9,0.0818181818181818,2.642857142857143,12,0.2454545454545454
work-1,M10O90D1-S2,4501,4.501,1.4,54,0.4909090909090909,0.4925326695706285,9,0.0818181818181818,2.642857142857143,12,0.2454545454545454
work-1,M10O90D1-S2,4601,4.601,1.0,51,0.4636363636363636,0.4608587429993777,5,0.0454545454545454,1.9491525423728813,12,0.2727272727272727
work-1,M10O90D1-S2,4601,4.601,1.2,54,0.4909090909090909,0.4918481642812694,5,0.0454545454545454,2.0,12,0.2454545454545454
work-1,M10O90D1-S2,4601,4.601,1.4,54,0.4909090909090909,0.4918481642812694,5,0.0454545454545454,2.0,12,0.2454545454545454
work-1,M10O90D1-S2,4701,4.7010000000000005,1.0,49,0.4454545454545454,0.4009334163036714,5,0.0454545454545454,1.786885245901639,12,0.3090909090909091
work-1,M10O90D1-S2,4701,4.7010000000000005,1.2,51,0.4636363636363636,0.4244555071561917,5,0.0454545454545454,1.847457627118644,13,0.2727272727272727
work-1,M10O90D1-S2,4701,4.7010000000000005,1.4,52,0.4727272727272727,0.4319228375855631,5,0.0454545454545454,1.862068965517241,13,0.2636363636363636
work-1,M10O90D1-S2,4801,4.801,1.0,56,0.509090909090909,0.4896079651524579,5,0.0454545454545454,2.4444444444444446,8,0.2545454545454545
work-1,M10O90D1-S2,4801,4.801,1.2,61,0.5545454545454546,0.5355320472930927,5,0.0454545454545454,2.26530612244898,7,0.2454545454545454
work-1,M10O90D1-S2,4801,4.801,1.4,62,0.5636363636363636,0.5429993777224642,5,0.0454545454545454,2.333333333333333,8,0.2181818181818181
work-1,M10O90D1-S2,4901,4.901,1.0,50,0.4545454545454545,0.4533914125700062,8,0.0727272727272727,2.9,13,0.209090909090909
work-1,M10O90D1-S2,4901,4.901,1.2,50,0.4545454545454545,0.4533914125700062,8,0.0727272727272727,3.033333333333333,12,0.209090909090909
work-1,M10O90D1-S2,4901,4.901,1.4,50,0.4545454545454545,0.4533914125700062,9,0.0818181818181818,3.3,12,0.2
work-2,M10O90D1-S2,1001,1.001,1.0,50,0.4545454545454545,0.4619788425637834,6,0.0545454545454545,2.3,13,0.2454545454545454
work-2,M10O90D1-S2,1001,1.001,1.2,52,0.4727272727272727,0.4769135034225264,6,0.0545454545454545,2.310344827586207,12,0.2454545454545454
work-2,M10O90D1-S2,1001,1.001,1.4,53,0.4818181818181818,0.4936527691350342,6,0.0545454545454545,2.333333333333333,12,0.2363636363636363
work-2,M10O90D1-S2,1101,1.101,1.0,43,0.3909090909090909,0.3911636589919104,5,0.0454545454545454,2.194029850746269,13,0.2909090909090909
work-2,M10O90D1-S2,1101,1.101,1.2,43,0.3909090909090909,0.3911636589919104,5,0.0454545454545454,2.194029850746269,13,0.2909090909090909
work-2,M10O90D1-S2,1101,1.101,1.4,43,0.3909090909090909,0.3911636589919104,5,0.0454545454545454,2.253731343283582,13,0.2818181818181818
work-2,M10O90D1-S2,1201,1.201,1.0,37,0.3363636363636363,0.3384567517112632,4,0.0363636363636363,1.7945205479452055,21,0.2636363636363636
work-2,M10O90D1-S2,1201,1.201,1.2,43,0.3909090909090909,0.3832607342874922,5,0.0454545454545454,1.8656716417910448,19,0.2454545454545454
work-2,M10O90D1-S2,1201,1.201,1.4,43,0.3909090909090909,0.3832607342874922,5,0.0454545454545454,1.8656716417910448,19,0.2454545454545454
work-2,M10O90D1-S2,1301,1.301,1.0,51,0.4636363636363636,0.4615432482887368,6,0.0545454545454545,2.288135593220339,13,0.2363636363636363
work-2,M10O90D1-S2,1301,1.301,1.2,54,0.4909090909090909,0.4932171748599875,7,0.0636363636363636,2.5,13,0.209090909090909
work-2,M10O90D1-S2,1301,1.301,1.4,55,0.5,0.5092719352831363,7,0.0636363636363636,2.527272727272728,13,0.2
work-2,M10O90D1-S2,1401,1.401,1.0,45,0.4090909090909091,0.4167392657125078,5,0.0454545454545454,2.230769230769231,13,0.2727272727272727
work-2,M10O90D1-S2,1401,1.401,1.2,45,0.4090909090909091,0.4167392657125078,5,0.0454545454545454,2.230769230769231,13,0.2727272727272727
work-2,M10O90D1-S2,1401,1.401,1.4,45,0.4090909090909091,0.4167392657125078,7,0.0636363636363636,2.6,12,0.2727272727272727
work-2,M10O90D1-S2,1501,1.501,1.0,38,0.3454545454545454,0.3366521468574984,6,0.0545454545454545,2.2222222222222223,18,0.2636363636363636
work-2,M10O90D1-S2,1501,1.501,1.2,38,0.3454545454545454,0.3366521468574984,6,0.0545454545454545,2.2222222222222223,18,0.2636363636363636
work-2,M10O90D1-S2,1501,1.501,1.4,41,0.3727272727272727,0.3683260734287492,6,0.0545454545454545,2.36231884057971,18,0.2272727272727272
work-2,M10O90D1-S2,1601,1.601,1.0,40,0.3636363636363636,0.3522713130056005,4,0.0363636363636363,1.8,15,0.3272727272727272
work-2,M10O90D1-S2,1601,1.601,1.2,40,0.3636363636363636,0.3522713130056005,8,0.0727272727272727,2.685714285714285,12,0.3181818181818182
work-2,M10O90D1-S2,1601,1.601,1.4,40,0.3636363636363636,0.3522713130056005,8,0.0727272727272727,2.8285714285714287,12,0.3
work-2,M10O90D1-S2,1701,1.701,1.0,59,0.5363636363636364,0.5377722464219041,3,0.0272727272727272,1.7843137254901962,13,0.209090909090909
work-2,M10O90D1-S2,1701,1.701,1.2,59,0.5363636363636364,0.5377722464219041,4,0.0363636363636363,1.9803921568627447,13,0.1909090909090909
work-2,M10O90D1-S2,1701,1.701,1.4,64,0.5818181818181818,0.5751088985687617,4,0.0363636363636363,1.9130434782608696,11,0.1909090909090909
work-2,M10O90D1-S2,1801,1.801,1.0,44,0.4,0.3907280647168637,5,0.0454545454545454,2.090909090909091,14,0.2818181818181818
work-2,M10O90D1-S2,1801,1.801,1.2,48,0.4363636363636363,0.4291848164281269,5,0.0454545454545454,1.967741935483871,13,0.2818181818181818
work-2,M10O90D1-S2,1801,1.801,1.4,50,0.4545454545454545,0.4441194772868699,5,0.0454545454545454,2.0,13,0.2636363636363636
work-2,M10O90D1-S2,1901,1.901,1.0,52,0.4727272727272727,0.4782825140012445,4,0.0363636363636363,2.103448275862069,15,0.2
work-2,M10O90D1-S2,1901,1.901,1.2,52,0.4727272727272727,0.4782825140012445,5,0.0454545454545454,2.3448275862068964,15,0.1818181818181818
work-2,M10O90D1-S2,1901,1.901,1.4,52,0.4727272727272727,0.4782825140012445,5,0.0454545454545454,2.5517241379310347,14,0.1818181818181818
work-2,M10O90D1-S2,2001,2.001,1.0,39,0.3545454545454545,0.3540759178593652,5,0.0454545454545454,2.211267605633803,17,0.2545454545454545
work-2,M10O90D1-S2,2001,2.001,1.2,39,0.3545454545454545,0.3540759178593652,5,0.0454545454545454,2.211267605633803,17,0.2545454545454545
work-2,M10O90D1-S2,2001,2.001,1.4,39,0.3545454545454545,0.3540759178593652,5,0.0454545454545454,2.23943661971831,18,0.2363636363636363
work-2,M10O90D1-S2,2101,2.101,1.0,54,0.4909090909090909,0.509707529558183,5,0.0454545454545454,1.9285714285714288,11,0.2727272727272727
work-2,M10O90D1-S2,2101,2.101,1.2,54,0.4909090909090909,0.509707529558183,7,0.0636363636363636,2.2857142857142856,10,0.2727272727272727
work-2,M10O90D1-S2,2101,2.101,1.4,54,0.4909090909090909,0.509707529558183,7,0.0636363636363636,2.2857142857142856,10,0.2727272727272727
work-2,M10O90D1-S2,2201,2.201,1.0,46,0.4181818181818181,0.4235220908525202,5,0.0454545454545454,2.1875,17,0.2181818181818181
work-2,M10O90D1-S2,2201,2.201,1.2,46,0.4181818181818181,0.4235220908525202,6,0.0545454545454545,2.34375,17,0.209090909090909
work-2,M10O90D1-S2,2201,2.201,1.4,46,0.4181818181818181,0.4235220908525202,6,0.0545454545454545,2.5625,16,0.2
work-2,M10O90D1-S2,2301,2.301,1.0,51,0.4636363636363636,0.4522713130056005,4,0.0363636363636363,1.88135593220339,11,0.2909090909090909
work-2,M10O90D1-S2,2301,2.301,1.2,52,0.4727272727272727,0.4690105787181082,4,0.0363636363636363,1.9310344827586208,12,0.2636363636363636
work-2,M10O90D1-S2,2301,2.301,1.4,52,0.4727272727272727,0.4690105787181082,8,0.0727272727272727,2.586206896551724,11,0.2545454545454545
work-2,M10O90D1-S2,2401,2.401,1.0,44,0.4,0.3993154947106409,10,0.0909090909090909,3.1515151515151514,12,0.2818181818181818
work-2,M10O90D1-S2,2401,2.401,1.2,55,0.5,0.4993154947106409,6,0.0545454545454545,2.018181818181818,13,0.2363636363636363
work-2,M10O90D1-S2,2401,2.401,1.4,58,0.5272727272727272,0.5217174859987554,6,0.0545454545454545,2.1153846153846154,12,0.2181818181818181
work-2,M10O90D1-S2,2501,2.501,1.0,60,0.5454545454545454,0.5466085874299937,4,0.0363636363636363,2.04,10,0.2272727272727272
work-2,M10O90D1-S2,2501,2.501,1.2,61,0.5545454545454546,0.5540759178593653,4,0.0363636363636363,2.1020408163265305,11,0.2
work-2,M10O90D1-S2,2501,2.501,1.4,62,0.5636363636363636,0.5615432482887368,4,0.0363636363636363,2.25,11,0.1818181818181818
work-2,M10O90D1-S2,2601,2.601,1.0,51,0.4636363636363636,0.4522713130056005,4,0.0363636363636363,1.6779661016949152,10,0.3272727272727272
work-2,M10O90D1-S2,2601,2.601,1.2,52,0.4727272727272727,0.4690105787181082,4,0.0363636363636363,1.793103448275862,10,0.3090909090909091
work-2,M10O90D1-S2,2601,2.601,1.4,54,0.4909090909090909,0.4839452395768512,4,0.0363636363636363,1.7857142857142858,9,0.3090909090909091
work-2,M10O90D1-S2,2701,2.701,1.0,48,0.4363636363636363,0.4477286869943995,4,0.0363636363636363,1.967741935483871,13,0.2727272727272727
work-2,M10O90D1-S2,2701,2.701,1.2,50,0.4545454545454545,0.4712507778469197,4,0.0363636363636363,2.0,13,0.2545454545454545
work-2,M10O90D1-S2,2701,2.701,1.4,50,0.4545454545454545,0.4712507778469197,4,0.0363636363636363,2.0,13,0.2545454545454545
work-2,M10O90D1-S2,2801,2.801,1.0,38,0.3454545454545454,0.3273802115743621,6,0.0545454545454545,2.638888888888889,17,0.2272727272727272
work-2,M10O90D1-S2,2801,2.801,1.2,38,0.3454545454545454,0.3273802115743621,6,0.0545454545454545,2.6944444444444446,17,0.2181818181818181
work-2,M10O90D1-S2,2801,2.801,1.4,39,0.3545454545454545,0.3348475420037337,7,0.0636363636363636,3.056338028169014,16,0.2
work-2,M10O90D1-S2,2901,2.901,1.0,48,0.4363636363636363,0.4291848164281269,5,0.0454545454545454,2.193548387096774,13,0.2545454545454545
work-2,M10O90D1-S2,2901,2.901,1.2,48,0.4363636363636363,0.4291848164281269,8,0.0727272727272727,2.7096774193548385,12,0.2545454545454545
work-2,M10O90D1-S2,2901,2.901,1.4,48,0.4363636363636363,0.4291848164281269,8,0.0727272727272727,2.7096774193548385,12,0.2545454545454545
work-2,M10O90D1-S2,3001,3.001,1.0,53,0.4818181818181818,0.4843808338518979,5,0.0454545454545454,2.263157894736842,11,0.2454545454545454
work-2,M10O90D1-S2,3001,3.001,1.2,53,0.4818181818181818,0.4843808338518979,5,0.0454545454545454,2.298245614035088,12,0.2272727272727272
work-2,M10O90D1-S2,3001,3.001,1.4,53,0.4818181818181818,0.4843808338518979,5,0.0454545454545454,2.298245614035088,12,0.2272727272727272
work-2,M10O90D1-S2,3101,3.101,1.0,50,0.4545454545454545,0.4533914125700062,4,0.0363636363636363,1.8,14,0.2636363636363636
work-2,M10O90D1-S2,3101,3.101,1.2,50,0.4545454545454545,0.4533914125700062,4,0.0363636363636363,1.8,14,0.2636363636363636
work-2,M10O90D1-S2,3101,3.101,1.4,50,0.4545454545454545,0.4533914125700062,4,0.0363636363636363,1.8,14,0.2636363636363636
work-2,M10O90D1-S2,3201,3.201,1.0,46,0.4181818181818181,0.4042937149968886,4,0.0363636363636363,1.8125,12,0.3181818181818182
work-2,M10O90D1-S2,3201,3.201,1.2,46,0.4181818181818181,0.4042937149968886,4,0.0363636363636363,1.90625,12,0.3090909090909091
work-2,M10O90D1-S2,3201,3.201,1.4,47,0.4272727272727272,0.4203484754200373,4,0.0363636363636363,2.015873015873016,12,0.2909090909090909
work-2,M10O90D1-S2,3301,3.301,1.0,46,0.4181818181818181,0.3950217797137523,7,0.0636363636363636,2.3125,16,0.2363636363636363
work-2,M10O90D1-S2,3301,3.301,1.2,51,0.4636363636363636,0.4509023024268824,7,0.0636363636363636,2.288135593220339,14,0.2363636363636363
work-2,M10O90D1-S2,3301,3.301,1.4,51,0.4636363636363636,0.4509023024268824,7,0.0636363636363636,2.389830508474576,15,0.209090909090909
work-2,M10O90D1-S2,3401,3.401,1.0,46,0.4181818181818181,0.414934660858743,6,0.0545454545454545,2.90625,13,0.209090909090909
work-2,M10O90D1-S2,3401,3.401,1.2,46,0.4181818181818181,0.414934660858743,6,0.0545454545454545,2.90625,13,0.209090909090909
work-2,M10O90D1-S2,3401,3.401,1.4,53,0.4818181818181818,0.5036092097075295,11,0.1,3.877192982456141,12,0.1727272727272727
work-2,M10O90D1-S2,3501,3.501,1.0,42,0.3818181818181818,0.3836963285625389,5,0.0454545454545454,2.176470588235294,16,0.2636363636363636
work-2,M10O90D1-S2,3501,3.501,1.2,43,0.3909090909090909,0.3911636589919104,5,0.0454545454545454,2.194029850746269,16,0.2545454545454545
work-2,M10O90D1-S2,3501,3.501,1.4,44,0.4,0.3986309894212819,5,0.0454545454545454,2.363636363636364,17,0.2181818181818181
work-2,M10O90D1-S2,3601,3.601,1.0,39,0.3545454545454545,0.3441194772868699,9,0.0818181818181818,3.112676056338028,14,0.2545454545454545
work-2,M10O90D1-S2,3601,3.601,1.2,39,0.3545454545454545,0.3441194772868699,9,0.0818181818181818,3.2816901408450705,15,0.2272727272727272
work-2,M10O90D1-S2,3601,3.601,1.4,39,0.3545454545454545,0.3441194772868699,9,0.0818181818181818,3.563380281690141,14,0.2272727272727272
work-2,M10O90D1-S2,3701,3.701,1.0,43,0.3909090909090909,0.3733042937149969,5,0.0454545454545454,2.3134328358208958,13,0.2727272727272727
work-2,M10O90D1-S2,3701,3.701,1.2,43,0.3909090909090909,0.3733042937149969,5,0.0454545454545454,2.462686567164179,14,0.2454545454545454
work-2,M10O90D1-S2,3701,3.701,1.4,43,0.3909090909090909,0.3733042937149969,5,0.0454545454545454,2.462686567164179,14,0.2454545454545454
work-2,M10O90D1-S2,3801,3.801,1.0,44,0.4,0.3907280647168637,8,0.0727272727272727,2.9696969696969697,14,0.2363636363636363
work-2,M10O90D1-S2,3801,3.801,1.2,44,0.4,0.3907280647168637,8,0.0727272727272727,2.9696969696969697,14,0.2363636363636363
work-2,M10O90D1-S2,3801,3.801,1.4,44,0.4,0.3907280647168637,8,0.0727272727272727,3.1818181818181817,14,0.2181818181818181
work-2,M10O90D1-S2,3901,3.901,1.0,39,0.3545454545454545,0.3520224019912881,15,0.1363636363636363,4.661971830985915,12,0.2727272727272727
work-2,M10O90D1-S2,3901,3.901,1.2,39,0.3545454545454545,0.3520224019912881,15,0.1363636363636363,4.661971830985915,12,0.2727272727272727
work-2,M10O90D1-S2,3901,3.901,1.4,39,0.3545454545454545,0.3520224019912881,15,0.1363636363636363,4.746478873239437,12,0.2636363636363636
work-2,M10O90D1-S2,4001,4.001,1.0,39,0.3545454545454545,0.3527069072806472,5,0.0454545454545454,2.0704225352112675,15,0.3090909090909091
work-2,M10O90D1-S2,4001,4.001,1.2,43,0.3909090909090909,0.3825762289981331,5,0.0454545454545454,2.074626865671642,14,0.3
work-2,M10O90D1-S2,4001,4.001,1.4,52,0.4727272727272727,0.4676415681393902,7,0.0636363636363636,2.034482758620689,11,0.3
work-2,M10O90D1-S2,4101,4.101,1.0,41,0.3727272727272727,0.3497822028624767,5,0.0454545454545454,2.246376811594203,18,0.2181818181818181
work-2,M10O90D1-S2,4101,4.101,1.2,41,0.3727272727272727,0.3497822028624767,6,0.0545454545454545,2.5942028985507246,18,0.1909090909090909
work-2,M10O90D1-S2,4101,4.101,1.4,41,0.3727272727272727,0.3497822028624767,6,0.0545454545454545,2.6231884057971016,19,0.1727272727272727
work-2,M10O90D1-S2,4201,4.2010000000000005,1.0,46,0.4181818181818181,0.3963907902924704,4,0.0363636363636363,1.84375,14,0.2909090909090909
work-2,M10O90D1-S2,4201,4.2010000000000005,1.2,47,0.4272727272727272,0.4038581207218419,6,0.0545454545454545,2.2698412698412698,14,0.2545454545454545
work-2,M10O90D1-S2,4201,4.2010000000000005,1.4,49,0.4454545454545454,0.4187927815805849,6,0.0545454545454545,2.377049180327869,14,0.2272727272727272
work-2,M10O90D1-S2,4301,4.301,1.0,42,0.3818181818181818,0.3757934038581207,3,0.0272727272727272,1.7647058823529411,15,0.3090909090909091
work-2,M10O90D1-S2,4301,4.301,1.2,44,0.4,0.3907280647168637,4,0.0363636363636363,1.878787878787879,15,0.2818181818181818
work-2,M10O90D1-S2,4301,4.301,1.4,46,0.4181818181818181,0.4056627255756067,4,0.0363636363636363,1.90625,15,0.2636363636363636
work-2,M10O90D1-S2,4401,4.401,1.0,49,0.4454545454545454,0.4637834474175482,10,0.0909090909090909,3.2295081967213117,14,0.2
work-2,M10O90D1-S2,4401,4.401,1.2,50,0.4545454545454545,0.4712507778469197,10,0.0909090909090909,3.2666666666666666,14,0.1909090909090909
work-2,M10O90D1-S2,4401,4.401,1.4,51,0.4636363636363636,0.4787181082762912,10,0.0909090909090909,3.305084745762712,14,0.1818181818181818
work-2,M10O90D1-S2,4501,4.501,1.0,37,0.3363636363636363,0.3291848164281269,4,0.0363636363636363,1.9863013698630136,18,0.2727272727272727
work-2,M10O90D1-S2,4501,4.501,1.2,40,0.3636363636363636,0.3608587429993777,6,0.0545454545454545,2.2,16,0.2727272727272727
work-2,M10O90D1-S2,4501,4.501,1.4,40,0.3636363636363636,0.3608587429993777,6,0.0545454545454545,2.2,16,0.2727272727272727
work-2,M10O90D1-S2,4601,4.601,1.0,39,0.3545454545454545,0.3441194772868699,6,0.0545454545454545,2.6338028169014085,13,0.2818181818181818
work-2,M10O90D1-S2,4601,4.601,1.2,39,0.3545454545454545,0.3441194772868699,7,0.0636363636363636,3.028169014084507,12,0.2727272727272727
work-2,M10O90D1-S2,4601,4.601,1.4,39,0.3545454545454545,0.3441194772868699,7,0.0636363636363636,3.197183098591549,12,0.2636363636363636
work-2,M10O90D1-S2,4701,4.7010000000000005,1.0,38,0.3454545454545454,0.3359676415681394,5,0.0454545454545454,2.083333333333333,15,0.3090909090909091
work-2,M10O90D1-S2,4701,4.7010000000000005,1.2,40,0.3636363636363636,0.3509023024268823,5,0.0454545454545454,2.1714285714285717,17,0.2545454545454545
work-2,M10O90D1-S2,4701,4.7010000000000005,1.4,41,0.3727272727272727,0.3583696328562539,5,0.0454545454545454,2.246376811594203,17,0.2363636363636363
work-2,M10O90D1-S2,4801,4.801,1.0,37,0.3363636363636363,0.3106409458618543,4,0.0363636363636363,2.095890410958904,19,0.2454545454545454
work-2,M10O90D1-S2,4801,4.801,1.2,37,0.3363636363636363,0.3106409458618543,5,0.0454545454545454,2.4246575342465757,18,0.2272727272727272
work-2,M10O90D1-S2,4801,4.801,1.4,37,0.3363636363636363,0.3106409458618543,6,0.0545454545454545,2.5616438356164384,18,0.2181818181818181
work-2,M10O90D1-S2,4901,4.901,1.0,44,0.4,0.4072184194150591,5,0.0454545454545454,2.303030303030303,15,0.2454545454545454
work-2,M10O90D1-S2,4901,4.901,1.2,44,0.4,0.4072184194150591,5,0.0454545454545454,2.303030303030303,15,0.2454545454545454
work-2,M10O90D1-S2,4901,4.901,1.4,51,0.4636363636363636,0.4687616677037959,7,0.0636363636363636,2.4237288135593222,12,0.2454545454545454
work,M10O90D1-S4,1001,1.001,1.0,56,0.4307692307692308,0.4314665007259904,5,0.0384615384615384,2.0,14,0.3
work,M10O90D1-S4,1001,1.001,1.2,57,0.4384615384615384,0.4389338311553619,5,0.0384615384615384,2.0136986301369864,14,0.2923076923076923
work,M10O90D1-S4,1001,1.001,1.4,57,0.4384615384615384,0.4389338311553619,6,0.0461538461538461,2.150684931506849,14,0.2846153846153846
work,M10O90D1-S4,1101,1.101,1.0,69,0.5307692307692308,0.5348682845882597,6,0.0461538461538461,2.3114754098360657,11,0.2307692307692307
work,M10O90D1-S4,1101,1.101,1.2,69,0.5307692307692308,0.5348682845882597,6,0.0461538461538461,2.442622950819672,11,0.2153846153846154
work,M10O90D1-S4,1101,1.101,1.4,70,0.5384615384615384,0.5424185853557353,7,0.0538461538461538,2.6666666666666665,11,0.2
work,M10O90D1-S4,1201,1.201,1.0,56,0.4307692307692308,0.4314250155569384,10,0.0769230769230769,3.675675675675676,13,0.2384615384615384
work,M10O90D1-S4,1201,1.201,1.2,56,0.4307692307692308,0.4314250155569384,10,0.0769230769230769,3.675675675675676,13,0.2384615384615384
work,M10O90D1-S4,1201,1.201,1.4,56,0.4307692307692308,0.4314250155569384,10,0.0769230769230769,3.783783783783784,12,0.2384615384615384
work,M10O90D1-S4,1301,1.301,1.0,47,0.3615384615384615,0.3589296826384567,11,0.0846153846153846,3.5783132530120483,15,0.2384615384615384
work,M10O90D1-S4,1301,1.301,1.2,47,0.3615384615384615,0.3589296826384567,11,0.0846153846153846,3.5783132530120483,15,0.2384615384615384
work,M10O90D1-S4,1301,1.301,1.4,47,0.3615384615384615,0.3589296826384567,11,0.0846153846153846,3.746987951807229,15,0.2230769230769231
work,M10O90D1-S4,1401,1.401,1.0,53,0.4076923076923077,0.4066583696328562,6,0.0461538461538461,2.116883116883117,16,0.2769230769230769
work,M10O90D1-S4,1401,1.401,1.2,53,0.4076923076923077,0.4066583696328562,6,0.0461538461538461,2.142857142857143,17,0.2615384615384615
work,M10O90D1-S4,1401,1.401,1.4,59,0.4538461538461538,0.4543040862891516,6,0.0461538461538461,2.211267605633803,15,0.2461538461538461
work,M10O90D1-S4,1501,1.501,1.0,48,0.3692307692307692,0.3670815183571873,6,0.0461538461538461,2.609756097560976,19,0.2230769230769231
work,M10O90D1-S4,1501,1.501,1.2,48,0.3692307692307692,0.3670815183571873,6,0.0461538461538461,2.707317073170732,18,0.2230769230769231
work,M10O90D1-S4,1501,1.501,1.4,48,0.3692307692307692,0.3670815183571873,6,0.0461538461538461,2.756097560975609,20,0.1923076923076923
work,M10O90D1-S4,1601,1.601,1.0,51,0.3923076923076923,0.3949802945447003,12,0.0923076923076923,4.79746835443038,11,0.2538461538461538
work,M10O90D1-S4,1601,1.601,1.2,51,0.3923076923076923,0.3949802945447003,12,0.0923076923076923,5.075949367088608,12,0.2307692307692307
work,M10O90D1-S4,1601,1.601,1.4,51,0.3923076923076923,0.3949802945447003,12,0.0923076923076923,5.075949367088608,12,0.2307692307692307
work,M10O90D1-S4,1701,1.701,1.0,39,0.3,0.2997510889856876,10,0.0769230769230769,4.516483516483516,15,0.2538461538461538
work,M10O90D1-S4,1701,1.701,1.2,50,0.3846153846153846,0.3838207840696951,11,0.0846153846153846,4.15,15,0.2230769230769231
work,M10O90D1-S4,1701,1.701,1.4,51,0.3923076923076923,0.3913710848371707,11,0.0846153846153846,4.2405063291139244,15,0.2076923076923077
work,M10O90D1-S4,1801,1.801,1.0,52,0.4,0.4015971790085044,6,0.0461538461538461,2.230769230769231,15,0.2923076923076923
work,M10O90D1-S4,1801,1.801,1.2,52,0.4,0.4015971790085044,7,0.0538461538461538,2.8461538461538463,12,0.2846153846153846
work,M10O90D1-S4,1801,1.801,1.4,54,0.4153846153846154,0.4165318398672474,7,0.0538461538461538,3.0789473684210527,14,0.2307692307692307
work,M10O90D1-S4,1901,1.901,1.0,43,0.3307692307692307,0.3297448662103298,6,0.0461538461538461,2.839080459770115,22,0.1769230769230769
work,M10O90D1-S4,1901,1.901,1.2,48,0.3692307692307692,0.3669570628500311,7,0.0538461538461538,3.097560975609756,20,0.1538461538461538
work,M10O90D1-S4,1901,1.901,1.4,48,0.3692307692307692,0.3669570628500311,8,0.0615384615384615,3.4878048780487805,20,0.1384615384615384
work,M10O90D1-S4,2001,2.001,1.0,60,0.4615384615384615,0.4604646338933831,8,0.0615384615384615,3.0285714285714285,16,0.1692307692307692
work,M10O90D1-S4,2001,2.001,1.2,62,0.4769230769230769,0.4764364239784277,8,0.0615384615384615,3.0588235294117645,15,0.1692307692307692
work,M10O90D1-S4,2001,2.001,1.4,64,0.4923076923076923,0.4913710848371707,9,0.0692307692307692,3.363636363636364,15,0.1461538461538461
work,M10O90D1-S4,2101,2.101,1.0,48,0.3692307692307692,0.3671644886952914,6,0.0461538461538461,2.8536585365853657,17,0.2384615384615384
work,M10O90D1-S4,2101,2.101,1.2,48,0.3692307692307692,0.3671644886952914,8,0.0615384615384615,3.292682926829268,17,0.2153846153846154
work,M10O90D1-S4,2101,2.101,1.4,48,0.3692307692307692,0.3671644886952914,8,0.0615384615384615,3.341463414634146,17,0.2076923076923077
work,M10O90D1-S4,2201,2.201,1.0,44,0.3384615384615385,0.3372951669778054,8,0.0615384615384615,2.8372093023255816,17,0.2615384615384615
work,M10O90D1-S4,2201,2.201,1.2,44,0.3384615384615385,0.3372951669778054,8,0.0615384615384615,2.86046511627907,18,0.2461538461538461
work,M10O90D1-S4,2201,2.201,1.4,45,0.3461538461538461,0.3448454677452811,8,0.0615384615384615,2.929411764705882,18,0.2307692307692307
work,M10O90D1-S4,2301,2.301,1.0,52,0.4,0.401327525409666,7,0.0538461538461538,2.6153846153846154,17,0.2384615384615384
work,M10O90D1-S4,2301,2.301,1.2,52,0.4,0.401327525409666,8,0.0615384615384615,2.923076923076923,17,0.2230769230769231
work,M10O90D1-S4,2301,2.301,1.4,53,0.4076923076923077,0.4087948558390375,8,0.0615384615384615,2.948051948051948,17,0.2153846153846154
work,M10O90D1-S4,2401,2.401,1.0,58,0.4461538461538462,0.4472101223812487,6,0.0461538461538461,2.75,15,0.2076923076923077
work,M10O90D1-S4,2401,2.401,1.2,61,0.4692307692307692,0.4696121136693632,6,0.0461538461538461,2.739130434782609,14,0.2076923076923077
work,M10O90D1-S4,2401,2.401,1.4,66,0.5076923076923077,0.5087533706699855,6,0.0461538461538461,2.71875,13,0.2
work,M10O90D1-S4,2501,2.501,1.0,56,0.4307692307692308,0.437025513378967,6,0.0461538461538461,2.4054054054054053,15,0.2538461538461538
work,M10O90D1-S4,2501,2.501,1.2,56,0.4307692307692308,0.437025513378967,13,0.1,3.8378378378378377,14,0.2384615384615384
work,M10O90D1-S4,2501,2.501,1.4,57,0.4384615384615384,0.4445758141464426,13,0.1,3.8767123287671232,14,0.2307692307692307
work,M10O90D1-S4,2601,2.601,1.0,44,0.3384615384615385,0.3362580377515038,14,0.1076923076923077,4.511627906976744,16,0.2230769230769231
work,M10O90D1-S4,2601,2.601,1.2,44,0.3384615384615385,0.3362580377515038,15,0.1153846153846153,5.069767441860465,15,0.2153846153846154
work,M10O90D1-S4,2601,2.601,1.4,45,0.3461538461538461,0.3438083385189794,20,0.1538461538461538,7.564705882352941,14,0.1769230769230769
work,M10O90D1-S4,2701,2.701,1.0,48,0.3692307692307692,0.3696121136693632,9,0.0692307692307692,3.2439024390243905,18,0.2
work,M10O90D1-S4,2701,2.701,1.2,48,0.3692307692307692,0.3696121136693632,9,0.0692307692307692,3.5365853658536586,16,0.2
work,M10O90D1-S4,2701,2.701,1.4,48,0.3692307692307692,0.3696121136693632,9,0.0692307692307692,3.5853658536585367,16,0.1923076923076923
work,M10O90D1-S4,2801,2.801,1.0,59,0.4538461538461538,0.4528728479568554,7,0.0538461538461538,2.943661971830986,16,0.1769230769230769
work,M10O90D1-S4,2801,2.801,1.2,59,0.4538461538461538,0.4528728479568554,10,0.0769230769230769,3.676056338028169,15,0.1692307692307692
work,M10O90D1-S4,2801,2.801,1.4,59,0.4538461538461538,0.4528728479568554,10,0.0769230769230769,3.676056338028169,15,0.1692307692307692
work,M10O90D1-S4,2901,2.901,1.0,47,0.3615384615384615,0.3602572080481228,11,0.0846153846153846,4.614457831325301,16,0.1846153846153846
work,M10O90D1-S4,2901,2.901,1.2,49,0.3769230769230769,0.3751918689068658,11,0.0846153846153846,4.679012345679013,15,0.1846153846153846
work,M10O90D1-S4,2901,2.901,1.4,53,0.4076923076923077,0.4060983198506533,11,0.0846153846153846,5.285714285714286,13,0.1692307692307692
work,M10O90D1-S4,3001,3.001,1.0,58,0.4461538461538462,0.4488487865588052,4,0.0307692307692307,1.9166666666666667,17,0.2461538461538461
work,M10O90D1-S4,3001,3.001,1.2,58,0.4461538461538462,0.4488487865588052,4,0.0307692307692307,1.9722222222222223,17,0.2384615384615384
work,M10O90D1-S4,3001,3.001,1.4,58,0.4461538461538462,0.4488487865588052,4,0.0307692307692307,1.9722222222222223,17,0.2384615384615384
work,M10O90D1-S4,3101,3.101,1.0,50,0.3846153846153846,0.3848579132959966,5,0.0384615384615384,2.1,14,0.3153846153846154
work,M10O90D1-S4,3101,3.101,1.2,50,0.3846153846153846,0.3848579132959966,5,0.0384615384615384,2.175,15,0.2923076923076923
work,M10O90D1-S4,3101,3.101,1.4,50,0.3846153846153846,0.3848579132959966,6,0.0461538461538461,2.45,16,0.2615384615384615
work,M10O90D1-S4,3201,3.201,1.0,50,0.3846153846153846,0.3849408836341008,7,0.0538461538461538,2.775,16,0.2461538461538461
work,M10O90D1-S4,3201,3.201,1.2,50,0.3846153846153846,0.3849408836341008,7,0.0538461538461538,2.775,16,0.2461538461538461
work,M10O90D1-S4,3201,3.201,1.4,50,0.3846153846153846,0.3849408836341008,7,0.0538461538461538,2.775,16,0.2461538461538461
work,M10O90D1-S4,3301,3.301,1.0,54,0.4153846153846154,0.4172578303256585,9,0.0692307692307692,3.1578947368421053,12,0.2615384615384615
work,M10O90D1-S4,3301,3.301,1.2,54,0.4153846153846154,0.4172578303256585,9,0.0692307692307692,3.236842105263158,12,0.2538461538461538
work,M10O90D1-S4,3301,3.301,1.4,54,0.4153846153846154,0.4172578303256585,9,0.0692307692307692,3.3947368421052637,12,0.2461538461538461
work,M10O90D1-S4,3401,3.401,1.0,49,0.3769230769230769,0.3754615225057042,3,0.023076923076923,1.7160493827160497,16,0.3384615384615385
work,M10O90D1-S4,3401,3.401,1.2,49,0.3769230769230769,0.3754615225057042,3,0.023076923076923,1.7654320987654322,18,0.3076923076923077
work,M10O90D1-S4,3401,3.401,1.4,49,0.3769230769230769,0.3754615225057042,4,0.0307692307692307,1.9135802469135803,19,0.2769230769230769
work,M10O90D1-S4,3501,3.501,1.0,47,0.3615384615384615,0.3602572080481228,10,0.0769230769230769,3.891566265060241,13,0.2846153846153846
work,M10O90D1-S4,3501,3.501,1.2,47,0.3615384615384615,0.3602572080481228,10,0.0769230769230769,3.891566265060241,13,0.2846153846153846
work,M10O90D1-S4,3501,3.501,1.4,47,0.3615384615384615,0.3602572080481228,10,0.0769230769230769,3.9397590361445785,13,0.2769230769230769
work,M10O90D1-S4,3601,3.601,1.0,50,0.3846153846153846,0.3829495955196017,7,0.0538461538461538,2.525,16,0.2538461538461538
work,M10O90D1-S4,3601,3.601,1.2,58,0.4461538461538462,0.4455299730346401,7,0.0538461538461538,2.4444444444444446,15,0.2307692307692307
work,M10O90D1-S4,3601,3.601,1.4,61,0.4692307692307692,0.4697365691765194,7,0.0538461538461538,2.420289855072464,14,0.2307692307692307
work,M10O90D1-S4,3701,3.701,1.0,60,0.4615384615384615,0.4651524579962663,5,0.0384615384615384,2.085714285714286,14,0.2615384615384615
work,M10O90D1-S4,3701,3.701,1.2,63,0.4846153846153846,0.4876374196224849,6,0.0461538461538461,2.4328358208955225,14,0.2230769230769231
work,M10O90D1-S4,3701,3.701,1.4,68,0.5230769230769231,0.5267786766231073,6,0.0461538461538461,2.290322580645161,13,0.2153846153846154
work,M10O90D1-S4,3801,3.801,1.0,51,0.3923076923076923,0.3930927193528313,5,0.0384615384615384,2.2911392405063293,16,0.2615384615384615
work,M10O90D1-S4,3801,3.801,1.2,54,0.4153846153846154,0.41557768097905,5,0.0384615384615384,2.263157894736842,15,0.2615384615384615
work,M10O90D1-S4,3801,3.801,1.4,55,0.4230769230769231,0.4230450114084215,5,0.0384615384615384,2.36,15,0.2461538461538461
work,M10O90D1-S4,3901,3.901,1.0,70,0.5384615384615384,0.5394523957685128,5,0.0384615384615384,1.9666666666666663,10,0.2615384615384615
work,M10O90D1-S4,3901,3.901,1.2,73,0.5615384615384615,0.5619373573947314,5,0.0384615384615384,2.017543859649123,10,0.2384615384615384
work,M10O90D1-S4,3901,3.901,1.4,78,0.6,0.6021157436216552,4,0.0307692307692307,1.7692307692307692,10,0.2230769230769231
work,M10O90D1-S4,4001,4.001,1.0,56,0.4307692307692308,0.4371499688861232,6,0.0461538461538461,2.45945945945946,16,0.2307692307692307
work,M10O90D1-S4,4001,4.001,1.2,56,0.4307692307692308,0.4371499688861232,6,0.0461538461538461,2.5675675675675675,16,0.2230769230769231
work,M10O90D1-S4,4001,4.001,1.4,56,0.4307692307692308,0.4371499688861232,6,0.0461538461538461,2.675675675675676,16,0.2153846153846154
work,M10O90D1-S4,4101,4.101,1.0,61,0.4692307692307692,0.4709396390790292,5,0.0384615384615384,2.36231884057971,14,0.2307692307692307
work,M10O90D1-S4,4101,4.101,1.2,63,0.4846153846153846,0.4858742999377722,5,0.0384615384615384,2.4029850746268657,14,0.2153846153846154
work,M10O90D1-S4,4101,4.101,1.4,64,0.4923076923076923,0.4934246007052478,9,0.0692307692307692,3.0303030303030303,13,0.2076923076923077
work,M10O90D1-S4,4201,4.2010000000000005,1.0,47,0.3615384615384615,0.3671022609417133,6,0.0461538461538461,2.180722891566265,16,0.3153846153846154
work,M10O90D1-S4,4201,4.2010000000000005,1.2,51,0.3923076923076923,0.3980087118855009,6,0.0461538461538461,2.189873417721519,17,0.2769230769230769
work,M10O90D1-S4,4201,4.2010000000000005,1.4,51,0.3923076923076923,0.3980087118855009,6,0.0461538461538461,2.189873417721519,17,0.2769230769230769
work,M10O90D1-S4,4301,4.301,1.0,62,0.4769230769230769,0.4827214270898154,5,0.0384615384615384,1.9705882352941175,14,0.2615384615384615
work,M10O90D1-S4,4301,4.301,1.2,63,0.4846153846153846,0.4901887575191869,5,0.0384615384615384,2.014925373134328,15,0.2384615384615384
work,M10O90D1-S4,4301,4.301,1.4,63,0.4846153846153846,0.4901887575191869,5,0.0384615384615384,2.044776119402985,16,0.2230769230769231
work,M10O90D1-S4,4401,4.401,1.0,53,0.4076923076923077,0.4112217382285832,7,0.0538461538461538,2.5844155844155843,17,0.2230769230769231
work,M10O90D1-S4,4401,4.401,1.2,53,0.4076923076923077,0.4112217382285832,7,0.0538461538461538,2.6103896103896105,18,0.2076923076923077
work,M10O90D1-S4,4401,4.401,1.4,53,0.4076923076923077,0.4112217382285832,7,0.0538461538461538,2.6623376623376624,18,0.2
work,M10O90D1-S4,4501,4.501,1.0,46,0.3538461538461538,0.3562331466500726,7,0.0538461538461538,2.595238095238096,21,0.2153846153846154
work,M10O90D1-S4,4501,4.501,1.2,46,0.3538461538461538,0.3562331466500726,8,0.0615384615384615,2.761904761904762,21,0.2076923076923077
work,M10O90D1-S4,4501,4.501,1.4,47,0.3615384615384615,0.3637004770794441,8,0.0615384615384615,2.783132530120482,21,0.2
work,M10O90D1-S4,4601,4.601,1.0,48,0.3692307692307692,0.3690313213026343,9,0.0692307692307692,3.024390243902439,20,0.1923076923076923
work,M10O90D1-S4,4601,4.601,1.2,48,0.3692307692307692,0.3690313213026343,9,0.0692307692307692,3.1707317073170733,19,0.1923076923076923
work,M10O90D1-S4,4601,4.601,1.4,48,0.3692307692307692,0.3690313213026343,9,0.0692307692307692,3.1707317073170733,19,0.1923076923076923
work,M10O90D1-S4,4701,4.7010000000000005,1.0,49,0.3769230769230769,0.3786973656917652,5,0.0384615384615384,2.6049382716049383,18,0.2230769230769231
work,M10O90D1-S4,4701,4.7010000000000005,1.2,49,0.3769230769230769,0.3786973656917652,6,0.0461538461538461,2.802469135802469,17,0.2230769230769231
work,M10O90D1-S4,4701,4.7010000000000005,1.4,49,0.3769230769230769,0.3786973656917652,6,0.0461538461538461,2.876543209876543,17,0.2153846153846154
work,M10O90D1-S4,4801,4.801,1.0,55,0.4230769230769231,0.4278780336029869,6,0.0461538461538461,2.306666666666666,17,0.2307692307692307
work,M10O90D1-S4,4801,4.801,1.2,57,0.4384615384615384,0.4428126944617299,6,0.0461538461538461,2.315068493150685,16,0.2307692307692307
work,M10O90D1-S4,4801,4.801,1.4,57,0.4384615384615384,0.4428126944617299,7,0.0538461538461538,2.4794520547945207,16,0.2230769230769231
work,M10O90D1-S4,4901,4.901,1.0,50,0.3846153846153846,0.3875751918689069,7,0.0538461538461538,2.25,20,0.2461538461538461
work,M10O90D1-S4,4901,4.901,1.2,50,0.3846153846153846,0.3875751918689069,7,0.0538461538461538,2.275,21,0.2307692307692307
work,M10O90D1-S4,4901,4.901,1.4,50,0.3846153846153846,0.3875751918689069,7,0.0538461538461538,2.375,21,0.2153846153846154
work-1,M10O90D1-S4,1001,1.001,1.0,55,0.4230769230769231,0.4242273387264053,8,0.0615384615384615,2.466666666666667,15,0.2615384615384615
work-1,M10O90D1-S4,1001,1.001,1.2,55,0.4230769230769231,0.4242273387264053,8,0.0615384615384615,2.6,15,0.2461538461538461
work-1,M10O90D1-S4,1001,1.001,1.4,56,0.4307692307692308,0.4316946691557768,8,0.0615384615384615,2.6486486486486487,16,0.2230769230769231
work-1,M10O90D1-S4,1101,1.101,1.0,57,0.4384615384615384,0.437004770794441,8,0.0615384615384615,2.9452054794520546,15,0.2230769230769231
work-1,M10O90D1-S4,1101,1.101,1.2,61,0.4692307692307692,0.4669570628500311,8,0.0615384615384615,3.0,15,0.2
work-1,M10O90D1-S4,1101,1.101,1.4,62,0.4769230769230769,0.4744243932794026,8,0.0615384615384615,3.0294117647058822,15,0.1923076923076923
work-1,M10O90D1-S4,1201,1.201,1.0,57,0.4384615384615384,0.4374403650694876,5,0.0384615384615384,2.315068493150685,18,0.2
work-1,M10O90D1-S4,1201,1.201,1.2,57,0.4384615384615384,0.4374403650694876,5,0.0384615384615384,2.315068493150685,18,0.2
work-1,M10O90D1-S4,1201,1.201,1.4,57,0.4384615384615384,0.4374403650694876,6,0.0461538461538461,2.452054794520548,18,0.1923076923076923
work-1,M10O90D1-S4,1301,1.301,1.0,53,0.4076923076923077,0.4074051026757934,5,0.0384615384615384,2.142857142857143,17,0.2615384615384615
work-1,M10O90D1-S4,1301,1.301,1.2,53,0.4076923076923077,0.4074051026757934,6,0.0461538461538461,2.3766233766233764,17,0.2461538461538461
work-1,M10O90D1-S4,1301,1.301,1.4,54,0.4153846153846154,0.414955403443269,6,0.0461538461538461,2.473684210526316,18,0.2153846153846154
work-1,M10O90D1-S4,1401,1.401,1.0,43,0.3307692307692307,0.3278987761875129,6,0.0461538461538461,2.4482758620689653,26,0.1692307692307692
work-1,M10O90D1-S4,1401,1.401,1.2,44,0.3384615384615385,0.3353661066168845,6,0.0461538461538461,2.697674418604651,25,0.1538461538461538
work-1,M10O90D1-S4,1401,1.401,1.4,44,0.3384615384615385,0.3353661066168845,6,0.0461538461538461,2.697674418604651,25,0.1538461538461538
work-1,M10O90D1-S4,1501,1.501,1.0,48,0.3692307692307692,0.3673096867869737,5,0.0384615384615384,2.3902439024390243,17,0.2615384615384615
work-1,M10O90D1-S4,1501,1.501,1.2,48,0.3692307692307692,0.3673096867869737,7,0.0538461538461538,2.902439024390244,15,0.2538461538461538
work-1,M10O90D1-S4,1501,1.501,1.4,49,0.3769230769230769,0.3747770172163451,7,0.0538461538461538,3.074074074074074,14,0.2461538461538461
work-1,M10O90D1-S4,1601,1.601,1.0,48,0.3692307692307692,0.3673096867869737,7,0.0538461538461538,2.5853658536585367,16,0.2692307692307692
work-1,M10O90D1-S4,1601,1.601,1.2,48,0.3692307692307692,0.3673096867869737,7,0.0538461538461538,2.5853658536585367,16,0.2692307692307692
work-1,M10O90D1-S4,1601,1.601,1.4,48,0.3692307692307692,0.3673096867869737,7,0.0538461538461538,2.6341463414634148,18,0.2384615384615384
work-1,M10O90D1-S4,1701,1.701,1.0,46,0.3538461538461538,0.3503007674756274,8,0.0615384615384615,3.523809523809524,15,0.2384615384615384
work-1,M10O90D1-S4,1701,1.701,1.2,46,0.3538461538461538,0.3503007674756274,8,0.0615384615384615,3.523809523809524,15,0.2384615384615384
work-1,M10O90D1-S4,1701,1.701,1.4,46,0.3538461538461538,0.3503007674756274,9,0.0692307692307692,4.095238095238095,14,0.2307692307692307
work-1,M10O90D1-S4,1801,1.801,1.0,51,0.3923076923076923,0.3885915785106824,6,0.0461538461538461,2.6455696202531644,18,0.2153846153846154
work-1,M10O90D1-S4,1801,1.801,1.2,53,0.4076923076923077,0.404563368595727,10,0.0769230769230769,3.5454545454545454,15,0.2153846153846154
work-1,M10O90D1-S4,1801,1.801,1.4,54,0.4153846153846154,0.4121136693632026,10,0.0769230769230769,3.8947368421052633,14,0.2076923076923077
work-1,M10O90D1-S4,1901,1.901,1.0,64,0.4923076923076923,0.494814353868492,5,0.0384615384615384,2.060606060606061,13,0.2538461538461538
work-1,M10O90D1-S4,1901,1.901,1.2,64,0.4923076923076923,0.494814353868492,5,0.0384615384615384,2.090909090909091,14,0.2384615384615384
work-1,M10O90D1-S4,1901,1.901,1.4,64,0.4923076923076923,0.494814353868492,5,0.0384615384615384,2.090909090909091,14,0.2384615384615384
work-1,M10O90D1-S4,2001,2.001,1.0,50,0.3846153846153846,0.3818917237087741,12,0.0923076923076923,3.55,15,0.2538461538461538
work-1,M10O90D1-S4,2001,2.001,1.2,50,0.3846153846153846,0.3818917237087741,12,0.0923076923076923,3.55,15,0.2538461538461538
work-1,M10O90D1-S4,2001,2.001,1.4,50,0.3846153846153846,0.3818917237087741,12,0.0923076923076923,3.55,15,0.2538461538461538
work-1,M10O90D1-S4,2101,2.101,1.0,54,0.4153846153846154,0.4135656502800249,7,0.0538461538461538,2.3947368421052637,19,0.2153846153846154
work-1,M10O90D1-S4,2101,2.101,1.2,54,0.4153846153846154,0.4135656502800249,7,0.0538461538461538,2.8684210526315788,17,0.2076923076923077
work-1,M10O90D1-S4,2101,2.101,1.4,56,0.4307692307692308,0.4295374403650694,11,0.0846153846153846,3.783783783783784,15,0.1923076923076923
work-1,M10O90D1-S4,2201,2.201,1.0,59,0.4538461538461538,0.4538270068450529,6,0.0461538461538461,2.464788732394366,13,0.2538461538461538
work-1,M10O90D1-S4,2201,2.201,1.2,60,0.4615384615384615,0.4612943372744243,6,0.0461538461538461,2.4857142857142858,13,0.2461538461538461
work-1,M10O90D1-S4,2201,2.201,1.4,60,0.4615384615384615,0.4612943372744243,6,0.0461538461538461,2.5142857142857142,14,0.2307692307692307
work-1,M10O90D1-S4,2301,2.301,1.0,54,0.4153846153846154,0.4154532254718938,6,0.0461538461538461,2.5,14,0.2615384615384615
work-1,M10O90D1-S4,2301,2.301,1.2,54,0.4153846153846154,0.4154532254718938,6,0.0461538461538461,2.5526315789473686,14,0.2538461538461538
work-1,M10O90D1-S4,2301,2.301,1.4,57,0.4384615384615384,0.4388923459863099,6,0.0461538461538461,2.780821917808219,13,0.2384615384615384
work-1,M10O90D1-S4,2401,2.401,1.0,52,0.4,0.4025305953121759,6,0.0461538461538461,2.2051282051282053,17,0.2615384615384615
work-1,M10O90D1-S4,2401,2.401,1.2,52,0.4,0.4025305953121759,10,0.0769230769230769,2.923076923076923,17,0.2384615384615384
work-1,M10O90D1-S4,2401,2.401,1.4,52,0.4,0.4025305953121759,10,0.0769230769230769,3.1538461538461537,17,0.2230769230769231
work-1,M10O90D1-S4,2501,2.501,1.0,55,0.4230769230769231,0.4264467952706907,7,0.0538461538461538,2.013333333333333,14,0.3230769230769231
work-1,M10O90D1-S4,2501,2.501,1.2,55,0.4230769230769231,0.4264467952706907,7,0.0538461538461538,2.04,15,0.3076923076923077
work-1,M10O90D1-S4,2501,2.501,1.4,55,0.4230769230769231,0.4264467952706907,7,0.0538461538461538,2.04,15,0.3076923076923077
work-1,M10O90D1-S4,2601,2.601,1.0,50,0.3846153846153846,0.3855839037544078,5,0.0384615384615384,2.225,15,0.3
work-1,M10O90D1-S4,2601,2.601,1.2,51,0.3923076923076923,0.3940883634100809,5,0.0384615384615384,2.240506329113924,15,0.2923076923076923
work-1,M10O90D1-S4,2601,2.601,1.4,51,0.3923076923076923,0.3940883634100809,5,0.0384615384615384,2.4430379746835444,17,0.2461538461538461
work-1,M10O90D1-S4,2701,2.701,1.0,52,0.4,0.4041277743206803,6,0.0461538461538461,2.333333333333333,13,0.3076923076923077
work-1,M10O90D1-S4,2701,2.701,1.2,52,0.4,0.4041277743206803,6,0.0461538461538461,2.333333333333333,13,0.3076923076923077
work-1,M10O90D1-S4,2701,2.701,1.4,52,0.4,0.4041277743206803,6,0.0461538461538461,2.333333333333333,13,0.3076923076923077
work-1,M10O90D1-S4,2801,2.801,1.0,65,0.5,0.5013275254096661,7,0.0538461538461538,2.876923076923077,14,0.1923076923076923
work-1,M10O90D1-S4,2801,2.801,1.2,67,0.5153846153846153,0.5172993154947106,7,0.0538461538461538,2.9365079365079363,14,0.1769230769230769
work-1,M10O90D1-S4,2801,2.801,1.4,68,0.5230769230769231,0.5247666459240822,7,0.0538461538461538,2.967741935483871,14,0.1692307692307692
work-1,M10O90D1-S4,2901,2.901,1.0,45,0.3461538461538461,0.3490562124040655,12,0.0923076923076923,3.447058823529412,16,0.2769230769230769
work-1,M10O90D1-S4,2901,2.901,1.2,47,0.3615384615384615,0.3639908732628085,12,0.0923076923076923,3.602409638554217,16,0.2538461538461538
work-1,M10O90D1-S4,2901,2.901,1.4,47,0.3615384615384615,0.3639908732628085,12,0.0923076923076923,3.602409638554217,16,0.2538461538461538
work-1,M10O90D1-S4,3001,3.001,1.0,48,0.3692307692307692,0.3696535988384152,4,0.0307692307692307,2.1219512195121952,21,0.2307692307692307
work-1,M10O90D1-S4,3001,3.001,1.2,48,0.3692307692307692,0.3696535988384152,5,0.0384615384615384,2.365853658536585,20,0.2230769230769231
work-1,M10O90D1-S4,3001,3.001,1.4,57,0.4384615384615384,0.4391827421696743,9,0.0692307692307692,2.9178082191780823,17,0.2
work-1,M10O90D1-S4,3101,3.101,1.0,50,0.3846153846153846,0.386351379381871,4,0.0307692307692307,2.125,16,0.2846153846153846
work-1,M10O90D1-S4,3101,3.101,1.2,50,0.3846153846153846,0.386351379381871,8,0.0615384615384615,2.525,15,0.2846153846153846
work-1,M10O90D1-S4,3101,3.101,1.4,51,0.3923076923076923,0.3939016801493466,8,0.0615384615384615,2.569620253164557,16,0.2615384615384615
work-1,M10O90D1-S4,3201,3.201,1.0,45,0.3461538461538461,0.3462974486621033,5,0.0384615384615384,2.0588235294117645,22,0.2538461538461538
work-1,M10O90D1-S4,3201,3.201,1.2,45,0.3461538461538461,0.3462974486621033,5,0.0384615384615384,2.0588235294117645,22,0.2538461538461538
work-1,M10O90D1-S4,3201,3.201,1.4,45,0.3461538461538461,0.3462974486621033,5,0.0384615384615384,2.1294117647058823,23,0.2307692307692307
work-1,M10O90D1-S4,3301,3.301,1.0,50,0.3846153846153846,0.3853142501555693,7,0.0538461538461538,2.625,18,0.2384615384615384
work-1,M10O90D1-S4,3301,3.301,1.2,52,0.4,0.401286040240614,7,0.0538461538461538,2.6923076923076925,17,0.2307692307692307
work-1,M10O90D1-S4,3301,3.301,1.4,52,0.4,0.401286040240614,7,0.0538461538461538,2.923076923076923,18,0.2
work-1,M10O90D1-S4,3401,3.401,1.0,50,0.3846153846153846,0.3871188550093342,5,0.0384615384615384,2.1,21,0.2307692307692307
work-1,M10O90D1-S4,3401,3.401,1.2,50,0.3846153846153846,0.3871188550093342,6,0.0461538461538461,2.225,21,0.2230769230769231
work-1,M10O90D1-S4,3401,3.401,1.4,53,0.4076923076923077,0.4096038166355528,9,0.0692307692307692,2.74025974025974,20,0.2
work-1,M10O90D1-S4,3501,3.501,1.0,51,0.3923076923076923,0.3938601949802945,9,0.0692307692307692,2.4430379746835444,15,0.3076923076923077
work-1,M10O90D1-S4,3501,3.501,1.2,51,0.3923076923076923,0.3938601949802945,9,0.0692307692307692,2.5443037974683542,17,0.2692307692307692
work-1,M10O90D1-S4,3501,3.501,1.4,51,0.3923076923076923,0.3938601949802945,9,0.0692307692307692,2.7468354430379747,18,0.2384615384615384
work-1,M10O90D1-S4,3601,3.601,1.0,51,0.3923076923076923,0.3938809375648205,4,0.0307692307692307,1.962025316455696,19,0.2615384615384615
work-1,M10O90D1-S4,3601,3.601,1.2,51,0.3923076923076923,0.3938809375648205,4,0.0307692307692307,2.0632911392405062,19,0.2461538461538461
work-1,M10O90D1-S4,3601,3.601,1.4,54,0.4153846153846154,0.418211989213856,4,0.0307692307692307,2.026315789473684,18,0.2461538461538461
work-1,M10O90D1-S4,3701,3.701,1.0,47,0.3615384615384615,0.362331466500726,5,0.0384615384615384,2.0120481927710845,16,0.3307692307692307
work-1,M10O90D1-S4,3701,3.701,1.2,47,0.3615384615384615,0.362331466500726,5,0.0384615384615384,2.156626506024097,18,0.2923076923076923
work-1,M10O90D1-S4,3701,3.701,1.4,48,0.3692307692307692,0.3697987969300975,6,0.0461538461538461,2.341463414634146,18,0.2692307692307692
work-1,M10O90D1-S4,3801,3.801,1.0,50,0.3846153846153846,0.3856253889234599,10,0.0769230769230769,3.15,18,0.2153846153846154
work-1,M10O90D1-S4,3801,3.801,1.2,50,0.3846153846153846,0.3856253889234599,10,0.0769230769230769,3.15,18,0.2153846153846154
work-1,M10O90D1-S4,3801,3.801,1.4,54,0.4153846153846154,0.4154947106409458,10,0.0769230769230769,3.210526315789474,16,0.2153846153846154
work-1,M10O90D1-S4,3901,3.901,1.0,56,0.4307692307692308,0.4311553619581,8,0.0615384615384615,2.4864864864864864,13,0.2769230769230769
work-1,M10O90D1-S4,3901,3.901,1.2,58,0.4461538461538462,0.4471271520431445,8,0.0615384615384615,2.5277777777777777,13,0.2615384615384615
work-1,M10O90D1-S4,3901,3.901,1.4,59,0.4538461538461538,0.4556316116988176,8,0.0615384615384615,2.5492957746478875,13,0.2538461538461538
work-1,M10O90D1-S4,4001,4.001,1.0,59,0.4538461538461538,0.4535158680771624,5,0.0384615384615384,2.0704225352112675,14,0.2769230769230769
work-1,M10O90D1-S4,4001,4.001,1.2,59,0.4538461538461538,0.4535158680771624,5,0.0384615384615384,2.0985915492957745,15,0.2615384615384615
work-1,M10O90D1-S4,4001,4.001,1.4,59,0.4538461538461538,0.4535158680771624,5,0.0384615384615384,2.126760563380281,16,0.2461538461538461
work-1,M10O90D1-S4,4101,4.101,1.0,54,0.4153846153846154,0.4147687201825347,8,0.0615384615384615,2.8684210526315788,14,0.2615384615384615
work-1,M10O90D1-S4,4101,4.101,1.2,54,0.4153846153846154,0.4147687201825347,8,0.0615384615384615,2.921052631578948,14,0.2538461538461538
work-1,M10O90D1-S4,4101,4.101,1.4,55,0.4230769230769231,0.4222360506119062,8,0.0615384615384615,3.1066666666666665,13,0.2461538461538461
work-1,M10O90D1-S4,4201,4.2010000000000005,1.0,49,0.3769230769230769,0.3751918689068658,11,0.0846153846153846,3.419753086419753,16,0.2307692307692307
work-1,M10O90D1-S4,4201,4.2010000000000005,1.2,50,0.3846153846153846,0.3827421696743414,11,0.0846153846153846,3.5,18,0.1923076923076923
work-1,M10O90D1-S4,4201,4.2010000000000005,1.4,51,0.3923076923076923,0.3902095001037129,13,0.1,4.139240506329114,19,0.1538461538461538
work-1,M10O90D1-S4,4301,4.301,1.0,57,0.4384615384615384,0.4399294752126115,10,0.0769230769230769,3.5205479452054798,14,0.2230769230769231
work-1,M10O90D1-S4,4301,4.301,1.2,58,0.4461538461538462,0.4484339348682846,10,0.0769230769230769,4.0,13,0.2153846153846154
work-1,M10O90D1-S4,4301,4.301,1.4,58,0.4461538461538462,0.4484339348682846,11,0.0846153846153846,4.277777777777778,13,0.2076923076923077
work-1,M10O90D1-S4,4401,4.401,1.0,45,0.3461538461538461,0.3453225471893797,7,0.0538461538461538,2.6,13,0.3230769230769231
work-1,M10O90D1-S4,4401,4.401,1.2,45,0.3461538461538461,0.3453225471893797,7,0.0538461538461538,2.6,13,0.3230769230769231
work-1,M10O90D1-S4,4401,4.401,1.4,45,0.3461538461538461,0.3453225471893797,7,0.0538461538461538,2.835294117647059,14,0.2846153846153846
work-1,M10O90D1-S4,4501,4.501,1.0,55,0.4230769230769231,0.4230864965774735,5,0.0384615384615384,2.3866666666666667,17,0.2230769230769231
work-1,M10O90D1-S4,4501,4.501,1.2,55,0.4230769230769231,0.4230864965774735,6,0.0461538461538461,2.7066666666666666,18,0.1769230769230769
work-1,M10O90D1-S4,4501,4.501,1.4,55,0.4230769230769231,0.4230864965774735,6,0.0461538461538461,2.813333333333333,18,0.1692307692307692
work-1,M10O90D1-S4,4601,4.601,1.0,56,0.4307692307692308,0.4321510060153495,4,0.0307692307692307,1.864864864864865,17,0.2692307692307692
work-1,M10O90D1-S4,4601,4.601,1.2,56,0.4307692307692308,0.4321510060153495,4,0.0307692307692307,1.891891891891892,18,0.2538461538461538
work-1,M10O90D1-S4,4601,4.601,1.4,58,0.4461538461538462,0.4470856668740925,4,0.0307692307692307,1.9444444444444444,17,0.2461538461538461
work-1,M10O90D1-S4,4701,4.7010000000000005,1.0,48,0.3692307692307692,0.3695291433312591,9,0.0692307692307692,3.317073170731707,14,0.2615384615384615
work-1,M10O90D1-S4,4701,4.7010000000000005,1.2,49,0.3769230769230769,0.3769964737606305,10,0.0769230769230769,3.938271604938272,14,0.2307692307692307
work-1,M10O90D1-S4,4701,4.7010000000000005,1.4,49,0.3769230769230769,0.3769964737606305,10,0.0769230769230769,4.160493827160494,14,0.2230769230769231
work-1,M10O90D1-S4,4801,4.801,1.0,49,0.3769230769230769,0.3755444928438083,7,0.0538461538461538,2.925925925925926,16,0.2384615384615384
work-1,M10O90D1-S4,4801,4.801,1.2,49,0.3769230769230769,0.3755444928438083,10,0.0769230769230769,3.469135802469136,16,0.2230769230769231
work-1,M10O90D1-S4,4801,4.801,1.4,49,0.3769230769230769,0.3755444928438083,10,0.0769230769230769,3.493827160493827,17,0.2076923076923077
work-1,M10O90D1-S4,4901,4.901,1.0,27,0.2076923076923077,0.2044596556730968,19,0.1461538461538461,5.757281553398058,17,0.2538461538461538
work-1,M10O90D1-S4,4901,4.901,1.2,27,0.2076923076923077,0.2044596556730968,20,0.1538461538461538,6.281553398058253,16,0.2461538461538461
work-1,M10O90D1-S4,4901,4.901,1.4,27,0.2076923076923077,0.2044596556730968,20,0.1538461538461538,6.592233009708738,15,0.2307692307692307
work-2,M10O90D1-S4,1001,1.001,1.0,50,0.3846153846153846,0.3857705870151421,11,0.0846153846153846,3.425,15,0.2615384615384615
work-2,M10O90D1-S4,1001,1.001,1.2,50,0.3846153846153846,0.3857705870151421,11,0.0846153846153846,3.725,13,0.2615384615384615
work-2,M10O90D1-S4,1001,1.001,1.4,52,0.4,0.400705247873885,11,0.0846153846153846,3.948717948717949,12,0.2461538461538461
work-2,M10O90D1-S4,1101,1.101,1.0,48,0.3692307692307692,0.3690313213026343,8,0.0615384615384615,2.731707317073171,17,0.2538461538461538
work-2,M10O90D1-S4,1101,1.101,1.2,48,0.3692307692307692,0.3690313213026343,8,0.0615384615384615,2.8292682926829267,17,0.2461538461538461
work-2,M10O90D1-S4,1101,1.101,1.4,48,0.3692307692307692,0.3690313213026343,8,0.0615384615384615,3.1463414634146343,17,0.2230769230769231
work-2,M10O90D1-S4,1201,1.201,1.0,63,0.4846153846153846,0.4840489524994814,5,0.0384615384615384,2.044776119402985,15,0.2384615384615384
work-2,M10O90D1-S4,1201,1.201,1.2,64,0.4923076923076923,0.4915992532669571,5,0.0384615384615384,2.121212121212121,15,0.2230769230769231
work-2,M10O90D1-S4,1201,1.201,1.4,65,0.5,0.4990665836963285,5,0.0384615384615384,2.1384615384615384,15,0.2153846153846154
work-2,M10O90D1-S4,1301,1.301,1.0,48,0.3692307692307692,0.3669570628500311,8,0.0615384615384615,3.024390243902439,15,0.2615384615384615
work-2,M10O90D1-S4,1301,1.301,1.2,48,0.3692307692307692,0.3669570628500311,8,0.0615384615384615,3.073170731707317,15,0.2538461538461538
work-2,M10O90D1-S4,1301,1.301,1.4,48,0.3692307692307692,0.3669570628500311,8,0.0615384615384615,3.073170731707317,15,0.2538461538461538
work-2,M10O90D1-S4,1401,1.401,1.0,47,0.3615384615384615,0.3594897324206596,12,0.0923076923076923,3.771084337349397,16,0.2153846153846154
work-2,M10O90D1-S4,1401,1.401,1.2,47,0.3615384615384615,0.3594897324206596,12,0.0923076923076923,3.819277108433735,16,0.2076923076923077
work-2,M10O90D1-S4,1401,1.401,1.4,47,0.3615384615384615,0.3594897324206596,12,0.0923076923076923,5.024096385542169,14,0.2
work-2,M10O90D1-S4,1501,1.501,1.0,47,0.3615384615384615,0.3578510682431031,10,0.0769230769230769,3.216867469879518,14,0.2923076923076923
work-2,M10O90D1-S4,1501,1.501,1.2,47,0.3615384615384615,0.3578510682431031,10,0.0769230769230769,3.240963855421686,15,0.2769230769230769
work-2,M10O90D1-S4,1501,1.501,1.4,47,0.3615384615384615,0.3578510682431031,10,0.0769230769230769,3.4578313253012047,15,0.2615384615384615
work-2,M10O90D1-S4,1601,1.601,1.0,54,0.4153846153846154,0.413648620618129,6,0.0461538461538461,2.5526315789473686,15,0.2461538461538461
work-2,M10O90D1-S4,1601,1.601,1.2,54,0.4153846153846154,0.413648620618129,6,0.0461538461538461,2.710526315789474,16,0.2230769230769231
work-2,M10O90D1-S4,1601,1.601,1.4,54,0.4153846153846154,0.413648620618129,6,0.0461538461538461,2.710526315789474,16,0.2230769230769231
work-2,M10O90D1-S4,1701,1.701,1.0,51,0.3923076923076923,0.3884048952499481,5,0.0384615384615384,2.1392405063291138,17,0.2692307692307692
work-2,M10O90D1-S4,1701,1.701,1.2,52,0.4,0.3958722256793196,6,0.0461538461538461,2.282051282051282,17,0.2538461538461538
work-2,M10O90D1-S4,1701,1.701,1.4,52,0.4,0.3958722256793196,6,0.0461538461538461,2.4615384615384617,18,0.2230769230769231
work-2,M10O90D1-S4,1801,1.801,1.0,58,0.4461538461538462,0.4428334370462559,6,0.0461538461538461,2.1666666666666665,10,0.3307692307692307
work-2,M10O90D1-S4,1801,1.801,1.2,58,0.4461538461538462,0.4428334370462559,6,0.0461538461538461,2.2777777777777777,14,0.2692307692307692
work-2,M10O90D1-S4,1801,1.801,1.4,58,0.4461538461538462,0.4428334370462559,6,0.0461538461538461,2.555555555555556,13,0.2615384615384615
work-2,M10O90D1-S4,1901,1.901,1.0,48,0.3692307692307692,0.3660029039618336,6,0.0461538461538461,2.5609756097560976,17,0.2461538461538461
work-2,M10O90D1-S4,1901,1.901,1.2,49,0.3769230769230769,0.3745073636175067,6,0.0461538461538461,2.6296296296296298,17,0.2307692307692307
work-2,M10O90D1-S4,1901,1.901,1.4,51,0.3923076923076923,0.3894420244762497,6,0.0461538461538461,2.7468354430379747,17,0.2076923076923077
work-2,M10O90D1-S4,2001,2.001,1.0,60,0.4615384615384615,0.4601742377100186,7,0.0538461538461538,2.857142857142857,17,0.1692307692307692
work-2,M10O90D1-S4,2001,2.001,1.2,62,0.4769230769230769,0.4751918689068658,7,0.0538461538461538,2.8823529411764706,16,0.1692307692307692
work-2,M10O90D1-S4,2001,2.001,1.4,62,0.4769230769230769,0.4751918689068658,7,0.0538461538461538,3.0294117647058822,16,0.1538461538461538
work-2,M10O90D1-S4,2101,2.101,1.0,65,0.5,0.4986309894212818,7,0.0538461538461538,3.0615384615384613,11,0.2153846153846154
work-2,M10O90D1-S4,2101,2.101,1.2,68,0.5230769230769231,0.5228375855631612,7,0.0538461538461538,3.290322580645161,11,0.1923076923076923
work-2,M10O90D1-S4,2101,2.101,1.4,72,0.5538461538461539,0.554511512134412,7,0.0538461538461538,3.2413793103448274,10,0.1923076923076923
work-2,M10O90D1-S4,2201,2.201,1.0,71,0.5461538461538461,0.5471271520431445,6,0.0461538461538461,2.1864406779661016,11,0.2307692307692307
work-2,M10O90D1-S4,2201,2.201,1.2,75,0.5769230769230769,0.5788010786143953,6,0.0461538461538461,2.2,11,0.2076923076923077
work-2,M10O90D1-S4,2201,2.201,1.4,75,0.5769230769230769,0.5788010786143953,6,0.0461538461538461,2.2,11,0.2076923076923077
work-2,M10O90D1-S4,2301,2.301,1.0,59,0.4538461538461538,0.4537440365069488,6,0.0461538461538461,1.9295774647887325,12,0.3153846153846154
work-2,M10O90D1-S4,2301,2.301,1.2,60,0.4615384615384615,0.4612113669363202,6,0.0461538461538461,1.9428571428571428,12,0.3076923076923077
work-2,M10O90D1-S4,2301,2.301,1.4,60,0.4615384615384615,0.4612113669363202,6,0.0461538461538461,1.9428571428571428,12,0.3076923076923077
work-2,M10O90D1-S4,2401,2.401,1.0,60,0.4615384615384615,0.4602572080481228,6,0.0461538461538461,2.4285714285714284,15,0.2153846153846154
work-2,M10O90D1-S4,2401,2.401,1.2,60,0.4615384615384615,0.4602572080481228,6,0.0461538461538461,2.571428571428572,17,0.1769230769230769
work-2,M10O90D1-S4,2401,2.401,1.4,60,0.4615384615384615,0.4602572080481228,6,0.0461538461538461,2.6,18,0.1615384615384615
work-2,M10O90D1-S4,2501,2.501,1.0,50,0.3846153846153846,0.3818917237087741,6,0.0461538461538461,2.425,20,0.2153846153846154
work-2,M10O90D1-S4,2501,2.501,1.2,50,0.3846153846153846,0.3818917237087741,6,0.0461538461538461,2.575,19,0.2153846153846154
work-2,M10O90D1-S4,2501,2.501,1.4,50,0.3846153846153846,0.3818917237087741,6,0.0461538461538461,2.675,19,0.2
work-2,M10O90D1-S4,2601,2.601,1.0,46,0.3538461538461538,0.351337896701929,9,0.0692307692307692,3.1666666666666665,20,0.2
work-2,M10O90D1-S4,2601,2.601,1.2,49,0.3769230769230769,0.3755444928438083,9,0.0692307692307692,3.2222222222222223,19,0.1923076923076923
work-2,M10O90D1-S4,2601,2.601,1.4,49,0.3769230769230769,0.3755444928438083,9,0.0692307692307692,3.2962962962962963,19,0.1846153846153846
work-2,M10O90D1-S4,2701,2.701,1.0,50,0.3846153846153846,0.3844638041900021,8,0.0615384615384615,3.45,15,0.2230769230769231
work-2,M10O90D1-S4,2701,2.701,1.2,52,0.4,0.3993984650487451,9,0.0692307692307692,3.717948717948718,15,0.2
work-2,M10O90D1-S4,2701,2.701,1.4,53,0.4076923076923077,0.4068657954781166,9,0.0692307692307692,3.961038961038961,14,0.1923076923076923
work-2,M10O90D1-S4,2801,2.801,1.0,45,0.3461538461538461,0.3446380419000207,6,0.0461538461538461,2.717647058823529,20,0.2153846153846154
work-2,M10O90D1-S4,2801,2.801,1.2,46,0.3538461538461538,0.3521053723293922,6,0.0461538461538461,2.857142857142857,20,0.2
work-2,M10O90D1-S4,2801,2.801,1.4,46,0.3538461538461538,0.3521053723293922,6,0.0461538461538461,2.880952380952381,21,0.1846153846153846
work-2,M10O90D1-S4,2901,2.901,1.0,52,0.4,0.3969093549056212,9,0.0692307692307692,3.717948717948718,15,0.2076923076923077
work-2,M10O90D1-S4,2901,2.901,1.2,52,0.4,0.3969093549056212,9,0.0692307692307692,3.743589743589744,16,0.1923076923076923
work-2,M10O90D1-S4,2901,2.901,1.4,52,0.4,0.3969093549056212,9,0.0692307692307692,4.0256410256410255,15,0.1769230769230769
work-2,M10O90D1-S4,3001,3.001,1.0,44,0.3384615384615385,0.332441402198714,27,0.2076923076923077,10.046511627906977,10,0.2538461538461538
work-2,M10O90D1-S4,3001,3.001,1.2,44,0.3384615384615385,0.332441402198714,28,0.2153846153846154,10.72093023255814,10,0.2384615384615384
work-2,M10O90D1-S4,3001,3.001,1.4,44,0.3384615384615385,0.332441402198714,28,0.2153846153846154,10.813953488372093,9,0.2384615384615384
work-2,M10O90D1-S4,3101,3.101,1.0,48,0.3692307692307692,0.362393694254304,7,0.0538461538461538,2.5853658536585367,17,0.2615384615384615
work-2,M10O90D1-S4,3101,3.101,1.2,49,0.3769230769230769,0.3698610246836756,7,0.0538461538461538,2.6790123456790123,18,0.2307692307692307
work-2,M10O90D1-S4,3101,3.101,1.4,49,0.3769230769230769,0.3698610246836756,7,0.0538461538461538,2.6790123456790123,18,0.2307692307692307
work-2,M10O90D1-S4,3201,3.201,1.0,51,0.3923076923076923,0.3875544492843808,6,0.0461538461538461,2.4430379746835444,17,0.2461538461538461
work-2,M10O90D1-S4,3201,3.201,1.2,51,0.3923076923076923,0.3875544492843808,6,0.0461538461538461,2.4430379746835444,17,0.2461538461538461
work-2,M10O90D1-S4,3201,3.201,1.4,57,0.4384615384615384,0.4359676415681394,5,0.0384615384615384,2.26027397260274,16,0.2307692307692307
work-2,M10O90D1-S4,3301,3.301,1.0,47,0.3615384615384615,0.3566479983405932,7,0.0538461538461538,2.63855421686747,14,0.3
work-2,M10O90D1-S4,3301,3.301,1.2,47,0.3615384615384615,0.3566479983405932,7,0.0538461538461538,2.7349397590361444,14,0.2923076923076923
work-2,M10O90D1-S4,3301,3.301,1.4,47,0.3615384615384615,0.3566479983405932,7,0.0538461538461538,2.7349397590361444,14,0.2923076923076923
work-2,M10O90D1-S4,3401,3.401,1.0,51,0.3923076923076923,0.3922837585563161,4,0.0307692307692307,2.240506329113924,17,0.2538461538461538
work-2,M10O90D1-S4,3401,3.401,1.2,51,0.3923076923076923,0.3922837585563161,4,0.0307692307692307,2.240506329113924,17,0.2538461538461538
work-2,M10O90D1-S4,3401,3.401,1.4,52,0.4,0.3998340593237917,4,0.0307692307692307,2.3076923076923075,17,0.2384615384615384
work-2,M10O90D1-S4,3501,3.501,1.0,50,0.3846153846153846,0.3812901887575192,8,0.0615384615384615,2.575,15,0.2846153846153846
work-2,M10O90D1-S4,3501,3.501,1.2,50,0.3846153846153846,0.3812901887575192,8,0.0615384615384615,2.7,15,0.2692307692307692
work-2,M10O90D1-S4,3501,3.501,1.4,50,0.3846153846153846,0.3812901887575192,8,0.0615384615384615,2.8,14,0.2692307692307692
work-2,M10O90D1-S4,3601,3.601,1.0,43,0.3307692307692307,0.3288321924911844,5,0.0384615384615384,2.5172413793103448,20,0.2384615384615384
work-2,M10O90D1-S4,3601,3.601,1.2,43,0.3307692307692307,0.3288321924911844,5,0.0384615384615384,2.5632183908045976,20,0.2307692307692307
work-2,M10O90D1-S4,3601,3.601,1.4,43,0.3307692307692307,0.3288321924911844,5,0.0384615384615384,2.862068965517241,20,0.2
work-2,M10O90D1-S4,3701,3.701,1.0,44,0.3384615384615385,0.3352831362787803,6,0.0461538461538461,2.86046511627907,20,0.2076923076923077
work-2,M10O90D1-S4,3701,3.701,1.2,46,0.3538461538461538,0.3503837378137316,6,0.0461538461538461,2.9047619047619047,20,0.1923076923076923
work-2,M10O90D1-S4,3701,3.701,1.4,51,0.3923076923076923,0.389607965152458,6,0.0461538461538461,3.075949367088608,18,0.1846153846153846
work-2,M10O90D1-S4,3801,3.801,1.0,61,0.4692307692307692,0.4702966189587222,6,0.0461538461538461,2.3043478260869565,14,0.2461538461538461
work-2,M10O90D1-S4,3801,3.801,1.2,64,0.4923076923076923,0.4947728686994399,6,0.0461538461538461,2.272727272727273,13,0.2461538461538461
work-2,M10O90D1-S4,3801,3.801,1.4,64,0.4923076923076923,0.4947728686994399,6,0.0461538461538461,2.333333333333333,13,0.2384615384615384
work-2,M10O90D1-S4,3901,3.901,1.0,38,0.2923076923076923,0.2904791537025513,8,0.0615384615384615,3.1739130434782608,20,0.2307692307692307
work-2,M10O90D1-S4,3901,3.901,1.2,38,0.2923076923076923,0.2904791537025513,8,0.0615384615384615,3.217391304347826,20,0.2230769230769231
work-2,M10O90D1-S4,3901,3.901,1.4,46,0.3538461538461538,0.3521883426674964,8,0.0615384615384615,2.9047619047619047,18,0.2230769230769231
work-2,M10O90D1-S4,4001,4.001,1.0,43,0.3307692307692307,0.3278158058494088,6,0.0461538461538461,2.67816091954023,19,0.2461538461538461
work-2,M10O90D1-S4,4001,4.001,1.2,43,0.3307692307692307,0.3278158058494088,6,0.0461538461538461,2.7471264367816093,20,0.2230769230769231
work-2,M10O90D1-S4,4001,4.001,1.4,43,0.3307692307692307,0.3278158058494088,6,0.0461538461538461,2.885057471264368,19,0.2153846153846154
work-2,M10O90D1-S4,4101,4.101,1.0,42,0.3230769230769231,0.3211159510475005,8,0.0615384615384615,2.909090909090909,20,0.2230769230769231
work-2,M10O90D1-S4,4101,4.101,1.2,45,0.3461538461538461,0.3445550715619166,8,0.0615384615384615,3.117647058823529,18,0.2230769230769231
work-2,M10O90D1-S4,4101,4.101,1.4,46,0.3538461538461538,0.3520224019912881,8,0.0615384615384615,3.238095238095238,18,0.2076923076923077
work-2,M10O90D1-S4,4201,4.2010000000000005,1.0,45,0.3461538461538461,0.3417963078199543,9,0.0692307692307692,3.4235294117647057,19,0.1846153846153846
work-2,M10O90D1-S4,4201,4.2010000000000005,1.2,45,0.3461538461538461,0.3417963078199543,9,0.0692307692307692,3.5176470588235293,19,0.1692307692307692
work-2,M10O90D1-S4,4201,4.2010000000000005,1.4,45,0.3461538461538461,0.3417963078199543,9,0.0692307692307692,3.5176470588235293,19,0.1692307692307692
work-2,M10O90D1-S4,4301,4.301,1.0,55,0.4230769230769231,0.4193113461937357,6,0.0461538461538461,2.493333333333333,14,0.2615384615384615
work-2,M10O90D1-S4,4301,4.301,1.2,55,0.4230769230769231,0.4193113461937357,7,0.0538461538461538,2.973333333333333,14,0.2307692307692307
work-2,M10O90D1-S4,4301,4.301,1.4,58,0.4461538461538462,0.4417133374818502,7,0.0538461538461538,3.083333333333333,15,0.1923076923076923
work-2,M10O90D1-S4,4401,4.401,1.0,48,0.3692307692307692,0.3643642397842771,6,0.0461538461538461,2.463414634146341,24,0.1769230769230769
work-2,M10O90D1-S4,4401,4.401,1.2,49,0.3769230769230769,0.3719145405517527,6,0.0461538461538461,2.703703703703704,24,0.1538461538461538
work-2,M10O90D1-S4,4401,4.401,1.4,49,0.3769230769230769,0.3719145405517527,6,0.0461538461538461,2.703703703703704,24,0.1538461538461538
work-2,M10O90D1-S4,4501,4.501,1.0,56,0.4307692307692308,0.4306575399294752,7,0.0538461538461538,2.5675675675675675,16,0.2307692307692307
work-2,M10O90D1-S4,4501,4.501,1.2,56,0.4307692307692308,0.4306575399294752,7,0.0538461538461538,2.783783783783784,15,0.2230769230769231
work-2,M10O90D1-S4,4501,4.501,1.4,56,0.4307692307692308,0.4306575399294752,7,0.0538461538461538,2.783783783783784,15,0.2230769230769231
work-2,M10O90D1-S4,4601,4.601,1.0,46,0.3538461538461538,0.3502177971375233,7,0.0538461538461538,3.1666666666666665,17,0.2230769230769231
work-2,M10O90D1-S4,4601,4.601,1.2,46,0.3538461538461538,0.3502177971375233,7,0.0538461538461538,3.1666666666666665,17,0.2230769230769231
work-2,M10O90D1-S4,4601,4.601,1.4,46,0.3538461538461538,0.3502177971375233,7,0.0538461538461538,3.1904761904761907,18,0.2076923076923077
work-2,M10O90D1-S4,4701,4.7010000000000005,1.0,65,0.5,0.5004355942750467,5,0.0384615384615384,2.3230769230769237,18,0.1615384615384615
work-2,M10O90D1-S4,4701,4.7010000000000005,1.2,65,0.5,0.5004355942750467,5,0.0384615384615384,2.4153846153846152,19,0.1384615384615384
work-2,M10O90D1-S4,4701,4.7010000000000005,1.4,68,0.5230769230769231,0.5229205559012653,5,0.0384615384615384,2.3870967741935485,18,0.1384615384615384
work-2,M10O90D1-S4,4801,4.801,1.0,45,0.3461538461538461,0.3419829910806886,7,0.0538461538461538,2.7411764705882358,21,0.2
work-2,M10O90D1-S4,4801,4.801,1.2,46,0.3538461538461538,0.3494503215100601,7,0.0538461538461538,2.857142857142857,21,0.1846153846153846
work-2,M10O90D1-S4,4801,4.801,1.4,47,0.3615384615384615,0.3569176519394316,7,0.0538461538461538,2.927710843373494,21,0.1692307692307692
work-2,M10O90D1-S4,4901,4.901,1.0,44,0.3384615384615385,0.3342460070524787,8,0.0615384615384615,2.697674418604651,18,0.2692307692307692
work-2,M10O90D1-S4,4901,4.901,1.2,44,0.3384615384615385,0.3342460070524787,8,0.0615384615384615,2.7674418604651163,19,0.2461538461538461
work-2,M10O90D1-S4,4901,4.901,1.4,45,0.3461538461538461,0.3417133374818502,8,0.0615384615384615,2.8823529411764706,19,0.2230769230769231
