system,replicate,frame,time_us,parent_n_nodes,parent_n_edges,parent_edge_density,parent_mean_partner_number,parent_largest_component_fraction,parent_free_chain_fraction,MED1_parent_mean_partner_number,OCT4_parent_mean_partner_number,block_n_nodes,block_n_eligible_external_pairs,block_n_edges,block_edge_density,block_mean_partner_number,block_largest_component_fraction,continuity_block_n_edges,continuity_block_n_covalent_edges,continuity_block_largest_component_fraction,continuity_block_residue_LCC_fraction,cross_parent_residue_contacts_per_100_residues,MED1_cross_parent_contact_incidences_per_100_residues,OCT4_cross_parent_contact_incidences_per_100_residues,n_sibling_MED1_fragment_edges_excluded,n_sibling_MED1_residue_pairs_excluded,DNA_direct_MED1_parent_count,DNA_direct_OCT4_parent_count,DNA_linked_physical_fraction,DNA_direct_physical_fraction,DNA_second_physical_fraction,DNA_third_plus_physical_fraction,DNA_linked_residue_fraction,DNA_direct_residue_fraction,DNA_second_residue_fraction,DNA_third_plus_residue_fraction,DNA_linked_parent_fraction,DNA_direct_parent_fraction,DNA_second_parent_fraction,DNA_third_plus_parent_fraction,DNA_linked_bead_all_count,DNA_linked_bead_all_total_weight,DNA_linked_bead_all_mean_nm,DNA_linked_bead_all_q90_nm,DNA_linked_bead_OCT4_count,DNA_linked_bead_OCT4_total_weight,DNA_linked_bead_OCT4_mean_nm,DNA_linked_bead_OCT4_q90_nm,DNA_linked_bead_MED1_count,DNA_linked_bead_MED1_total_weight,DNA_linked_bead_MED1_mean_nm,DNA_linked_bead_MED1_q90_nm,DNA_linked_parent_weighted_bead_all_count,DNA_linked_parent_weighted_bead_all_total_weight,DNA_linked_parent_weighted_bead_all_mean_nm,DNA_linked_parent_weighted_bead_all_q90_nm,DNA_linked_parent_weighted_bead_OCT4_count,DNA_linked_parent_weighted_bead_OCT4_total_weight,DNA_linked_parent_weighted_bead_OCT4_mean_nm,DNA_linked_parent_weighted_bead_OCT4_q90_nm,DNA_linked_parent_weighted_bead_MED1_count,DNA_linked_parent_weighted_bead_MED1_total_weight,DNA_linked_parent_weighted_bead_MED1_mean_nm,DNA_linked_parent_weighted_bead_MED1_q90_nm,DNA_linked_physical_chain_com_all_count,DNA_linked_physical_chain_com_all_total_weight,DNA_linked_physical_chain_com_all_mean_nm,DNA_linked_physical_chain_com_all_q90_nm,DNA_linked_physical_chain_com_OCT4_count,DNA_linked_physical_chain_com_OCT4_total_weight,DNA_linked_physical_chain_com_OCT4_mean_nm,DNA_linked_physical_chain_com_OCT4_q90_nm,DNA_linked_physical_chain_com_MED1_count,DNA_linked_physical_chain_com_MED1_total_weight,DNA_linked_physical_chain_com_MED1_mean_nm,DNA_linked_physical_chain_com_MED1_q90_nm,DNA_linked_block_com_all_count,DNA_linked_block_com_all_total_weight,DNA_linked_block_com_all_mean_nm,DNA_linked_block_com_all_q90_nm,DNA_linked_block_com_OCT4_count,DNA_linked_block_com_OCT4_total_weight,DNA_linked_block_com_OCT4_mean_nm,DNA_linked_block_com_OCT4_q90_nm,DNA_linked_block_com_MED1_count,DNA_linked_block_com_MED1_total_weight,DNA_linked_block_com_MED1_mean_nm,DNA_linked_block_com_MED1_q90_nm
M10O90,work,1001,1.001,100,72.0,0.0145454545454545,1.44,0.14,0.28,3.8,1.1777777777777778,130,8325.0,88.0,0.0105705705705705,1.353846153846154,0.1461538461538461,118,30,0.2,0.205849408836341,46.11491391827422,49.73434535104364,112.96604938271604,0,0,,,,,,,,,,,,,,,,,,,,,,,,,,,,,,,,,,,,,,,,,,,,,,,,,,,,,,,,,,,,,,
M10O90,work,1101,1.101,100,51.0,0.0103030303030303,1.02,0.12,0.37,2.0,0.9111111111111112,130,8325.0,59.0,0.007087087087087,0.9076923076923076,0.0769230769230769,89,30,0.1615384615384615,0.165588052271313,31.02260941713337,34.7944339025933,75.3425925925926,0,0,,,,,,,,,,,,,,,,,,,,,,,,,,,,,,,,,,,,,,,,,,,,,,,,,,,,,,,,,,,,,,
M10O90,work,1201,1.201,100,54.0,0.0109090909090909,1.08,0.07,0.34,2.4,0.9333333333333332,130,8325.0,63.0,0.0075675675675675,0.9692307692307692,0.0538461538461538,93,30,0.0846153846153846,0.0879900435594275,39.96681186475835,46.8437697659709,96.08024691358024,0,0,,,,,,,,,,,,,,,,,,,,,,,,,,,,,,,,,,,,,,,,,,,,,,,,,,,,,,,,,,,,,,
M10O90,work,1301,1.301,100,67.0,0.0135353535353535,1.34,0.15,0.25,3.6,1.0888888888888888,130,8325.0,75.0,0.009009009009009,1.1538461538461535,0.0846153846153846,105,30,0.2076923076923077,0.2133167392657125,55.43248288736777,58.40607210626186,136.46296296296296,0,0,,,,,,,,,,,,,,,,,,,,,,,,,,,,,,,,,,,,,,,,,,,,,,,,,,,,,,,,,,,,,,
M10O90,work,1401,1.401,100,64.0,0.0129292929292929,1.28,0.18,0.31,2.7,1.1222222222222222,130,8325.0,72.0,0.0086486486486486,1.1076923076923078,0.1076923076923077,102,30,0.2076923076923077,0.210392034847542,42.47044181705041,53.96584440227704,100.05555555555556,0,0,,,,,,,,,,,,,,,,,,,,,,,,,,,,,,,,,,,,,,,,,,,,,,,,,,,,,,,,,,,,,,
M10O90,work,1501,1.501,100,54.0,0.0109090909090909,1.08,0.16,0.44,2.5,0.9222222222222224,130,8325.0,64.0,0.0076876876876876,0.9846153846153848,0.0923076923076923,94,30,0.2153846153846154,0.220784069695084,32.5948973242066,51.018342820999365,72.10493827160494,0,0,,,,,,,,,,,,,,,,,,,,,,,,,,,,,,,,,,,,,,,,,,,,,,,,,,,,,,,,,,,,,,
M10O90,work,1601,1.601,100,60.0,0.0121212121212121,1.2,0.13,0.26,2.6,1.0444444444444445,130,8325.0,73.0,0.0087687687687687,1.123076923076923,0.0846153846153846,103,30,0.1461538461538461,0.1477286869943995,45.11926986102469,51.42947501581278,109.17592592592592,0,0,,,,,,,,,,,,,,,,,,,,,,,,,,,,,,,,,,,,,,,,,,,,,,,,,,,,,,,,,,,,,,
M10O90,work,1701,1.701,100,64.0,0.0129292929292929,1.28,0.13,0.27,2.8,1.1111111111111112,130,8325.0,72.0,0.0086486486486486,1.1076923076923078,0.0769230769230769,102,30,0.1692307692307692,0.1730553827006845,43.32088778261772,50.65781151170145,104.20061728395062,0,0,,,,,,,,,,,,,,,,,,,,,,,,,,,,,,,,,,,,,,,,,,,,,,,,,,,,,,,,,,,,,,
M10O90,work,1801,1.801,100,53.0,0.0107070707070707,1.06,0.16,0.39,3.1,0.8333333333333334,130,8325.0,66.0,0.0079279279279279,1.015384615384615,0.0692307692307692,96,30,0.2153846153846154,0.220784069695084,43.62787803360299,57.49525616698292,101.77777777777776,0,0,,,,,,,,,,,,,,,,,,,,,,,,,,,,,,,,,,,,,,,,,,,,,,,,,,,,,,,,,,,,,,
M10O90,work,1901,1.901,100,61.0,0.0123232323232323,1.22,0.1,0.3,3.0,1.022222222222222,130,8325.0,70.0,0.0084084084084084,1.0769230769230769,0.0538461538461538,100,30,0.123076923076923,0.125326695706285,50.38166355527899,54.73118279569893,123.2253086419753,0,0,,,,,,,,,,,,,,,,,,,,,,,,,,,,,,,,,,,,,,,,,,,,,,,,,,,,,,,,,,,,,,
M10O90,work,2001,2.001,100,58.0,0.0117171717171717,1.16,0.11,0.32,2.4,1.022222222222222,130,8325.0,66.0,0.0079279279279279,1.015384615384615,0.0846153846153846,96,30,0.1538461538461538,0.1581207218419415,40.35469819539514,43.156230234029096,99.03395061728396,0,0,,,,,,,,,,,,,,,,,,,,,,,,,,,,,,,,,,,,,,,,,,,,,,,,,,,,,,,,,,,,,,
M10O90,work,2101,2.101,100,77.0,0.0155555555555555,1.54,0.15,0.19,2.8,1.4,130,8325.0,84.0,0.01009009009009,1.2923076923076924,0.0769230769230769,114,30,0.1846153846153846,0.1879900435594275,45.198091682223605,37.37507906388362,116.26851851851852,0,0,,,,,,,,,,,,,,,,,,,,,,,,,,,,,,,,,,,,,,,,,,,,,,,,,,,,,,,,,,,,,,
M10O90,work,2201,2.201,100,62.0,0.0125252525252525,1.24,0.11,0.28,2.4,1.1111111111111112,130,8325.0,69.0,0.0082882882882882,1.0615384615384615,0.0615384615384615,99,30,0.1538461538461538,0.1581207218419415,42.83965982161377,32.51739405439595,111.62037037037037,0,0,,,,,,,,,,,,,,,,,,,,,,,,,,,,,,,,,,,,,,,,,,,,,,,,,,,,,,,,,,,,,,
M10O90,work,2301,2.301,100,70.0,0.0141414141414141,1.4,0.17,0.29,3.4,1.1777777777777778,130,8325.0,78.0,0.0093693693693693,1.2,0.0615384615384615,108,30,0.1846153846153846,0.190914747977598,46.27255756067206,50.53130929791271,113.04629629629628,0,0,,,,,,,,,,,,,,,,,,,,,,,,,,,,,,,,,,,,,,,,,,,,,,,,,,,,,,,,,,,,,,
M10O90,work,2401,2.401,100,58.0,0.0117171717171717,1.16,0.23,0.35,2.8,0.9777777777777776,130,8325.0,69.0,0.0082882882882882,1.0615384615384615,0.1461538461538461,99,30,0.2923076923076923,0.2983820784069695,39.313420452188346,34.813409234661606,100.00617283950618,0,0,,,,,,,,,,,,,,,,,,,,,,,,,,,,,,,,,,,,,,,,,,,,,,,,,,,,,,,,,,,,,,
M10O90,work,2501,2.501,100,58.0,0.0117171717171717,1.16,0.15,0.31,2.7,0.9888888888888888,130,8325.0,60.0,0.0072072072072072,0.9230769230769232,0.1076923076923077,90,30,0.1846153846153846,0.1879900435594275,32.752540966604435,28.34282099936749,83.63888888888889,0,0,,,,,,,,,,,,,,,,,,,,,,,,,,,,,,,,,,,,,,,,,,,,,,,,,,,,,,,,,,,,,,
M10O90,work,2601,2.601,100,75.0,0.0151515151515151,1.5,0.11,0.21,2.7,1.3666666666666667,130,8325.0,85.0,0.0102102102102102,1.3076923076923077,0.1076923076923077,115,30,0.1076923076923077,0.1074673304293715,51.829495955196016,45.88867805186591,131.84876543209876,0,0,,,,,,,,,,,,,,,,,,,,,,,,,,,,,,,,,,,,,,,,,,,,,,,,,,,,,,,,,,,,,,
M10O90,work,2701,2.701,100,65.0,0.0131313131313131,1.3,0.09,0.22,2.4,1.1777777777777778,130,8325.0,70.0,0.0084084084084084,1.0769230769230769,0.0615384615384615,100,30,0.1,0.1029247044181705,34.24600705247874,25.686274509803923,89.37962962962963,0,0,,,,,,,,,,,,,,,,,,,,,,,,,,,,,,,,,,,,,,,,,,,,,,,,,,,,,,,,,,,,,,
M10O90,work,2801,2.801,100,76.0,0.0153535353535353,1.52,0.33,0.32,3.3,1.3222222222222222,130,8325.0,87.0,0.0104504504504504,1.3384615384615384,0.1384615384615384,117,30,0.3692307692307692,0.3730553827006845,48.13939016801493,54.54775458570525,116.64197530864196,0,0,,,,,,,,,,,,,,,,,,,,,,,,,,,,,,,,,,,,,,,,,,,,,,,,,,,,,,,,,,,,,,
M10O90,work,2901,2.901,100,71.0,0.0143434343434343,1.42,0.12,0.21,1.8,1.3777777777777778,130,8325.0,80.0,0.0096096096096096,1.2307692307692308,0.0923076923076923,110,30,0.1153846153846153,0.1178593652769135,50.705247873885085,43.20683111954459,129.81172839506172,0,0,,,,,,,,,,,,,,,,,,,,,,,,,,,,,,,,,,,,,,,,,,,,,,,,,,,,,,,,,,,,,,
M10O90,work,3001,3.001,100,53.0,0.0107070707070707,1.06,0.24,0.42,2.7,0.8777777777777778,130,8325.0,62.0,0.0074474474474474,0.953846153846154,0.1846153846153846,92,30,0.3230769230769231,0.331176104542626,34.37668533499274,40.87286527514232,82.35802469135803,0,0,,,,,,,,,,,,,,,,,,,,,,,,,,,,,,,,,,,,,,,,,,,,,,,,,,,,,,,,,,,,,,
M10O90,work,3101,3.101,100,55.0,0.0111111111111111,1.1,0.14,0.41,2.9,0.9,130,8325.0,66.0,0.0079279279279279,1.015384615384615,0.1461538461538461,96,30,0.2230769230769231,0.231176104542626,36.7517112632234,35.439595192915874,92.07716049382717,0,0,,,,,,,,,,,,,,,,,,,,,,,,,,,,,,,,,,,,,,,,,,,,,,,,,,,,,,,,,,,,,,
M10O90,work,3201,3.201,100,74.0,0.0149494949494949,1.48,0.25,0.29,3.9,1.211111111111111,130,8325.0,87.0,0.0104504504504504,1.3384615384615384,0.1076923076923077,117,30,0.3307692307692307,0.3386434349719975,56.216552582451776,62.40354206198609,136.84567901234567,0,0,,,,,,,,,,,,,,,,,,,,,,,,,,,,,,,,,,,,,,,,,,,,,,,,,,,,,,,,,,,,,,
M10O90,work,3301,3.301,100,70.0,0.0141414141414141,1.4,0.21,0.35,3.6,1.1555555555555554,130,8325.0,78.0,0.0093693693693693,1.2,0.0769230769230769,108,30,0.2769230769230769,0.2834474175482265,38.31985065339141,44.86401012017711,92.14506172839506,0,0,,,,,,,,,,,,,,,,,,,,,,,,,,,,,,,,,,,,,,,,,,,,,,,,,,,,,,,,,,,,,,
M10O90,work,3401,3.401,100,57.0,0.0115151515151515,1.14,0.26,0.33,3.1,0.9222222222222224,130,8325.0,68.0,0.0081681681681681,1.0461538461538462,0.1384615384615384,98,30,0.3384615384615385,0.346110765401369,38.1207218419415,49.75964579380139,89.16358024691358,0,0,,,,,,,,,,,,,,,,,,,,,,,,,,,,,,,,,,,,,,,,,,,,,,,,,,,,,,,,,,,,,,
M10O90,work,3501,3.501,100,61.0,0.0123232323232323,1.22,0.12,0.34,3.5,0.9666666666666668,130,8325.0,69.0,0.0082882882882882,1.0615384615384615,0.0692307692307692,99,30,0.1615384615384615,0.165588052271313,41.22173822858328,51.758380771663504,97.41666666666669,0,0,,,,,,,,,,,,,,,,,,,,,,,,,,,,,,,,,,,,,,,,,,,,,,,,,,,,,,,,,,,,,,
M10O90,work,3601,3.601,100,55.0,0.0111111111111111,1.1,0.07,0.37,2.5,0.9444444444444444,130,8325.0,60.0,0.0072072072072072,0.9230769230769232,0.0538461538461538,90,30,0.0923076923076923,0.095457373988799,44.94710640945862,43.3270082226439,112.61728395061728,0,0,,,,,,,,,,,,,,,,,,,,,,,,,,,,,,,,,,,,,,,,,,,,,,,,,,,,,,,,,,,,,,
M10O90,work,3701,3.701,100,76.0,0.0153535353535353,1.52,0.23,0.33,3.0,1.3555555555555556,130,8325.0,84.0,0.01009009009009,1.2923076923076924,0.1,114,30,0.2461538461538461,0.2477286869943995,54.02198713959759,48.9753320683112,136.8672839506173,0,0,,,,,,,,,,,,,,,,,,,,,,,,,,,,,,,,,,,,,,,,,,,,,,,,,,,,,,,,,,,,,,
M10O90,work,3801,3.801,100,66.0,0.0133333333333333,1.32,0.17,0.28,3.1,1.1222222222222222,130,8325.0,77.0,0.0092492492492492,1.1846153846153846,0.1153846153846153,107,30,0.2,0.2029247044181705,42.52644679527069,45.63567362428842,104.28703703703704,0,0,,,,,,,,,,,,,,,,,,,,,,,,,,,,,,,,,,,,,,,,,,,,,,,,,,,,,,,,,,,,,,
M10O90,work,3901,3.901,100,67.0,0.0135353535353535,1.34,0.17,0.3,4.2,1.022222222222222,130,8325.0,78.0,0.0093693693693693,1.2,0.0615384615384615,108,30,0.2230769230769231,0.2282514001244555,47.9879693009749,61.05629348513599,113.01543209876544,0,0,,,,,,,,,,,,,,,,,,,,,,,,,,,,,,,,,,,,,,,,,,,,,,,,,,,,,,,,,,,,,,
M10O90,work,4001,4.001,100,59.0,0.0119191919191919,1.18,0.16,0.34,3.3,0.9444444444444444,130,8325.0,69.0,0.0082882882882882,1.0615384615384615,0.0846153846153846,99,30,0.2615384615384615,0.271437461107654,36.11906243517942,48.007590132827325,84.06172839506173,0,0,,,,,,,,,,,,,,,,,,,,,,,,,,,,,,,,,,,,,,,,,,,,,,,,,,,,,,,,,,,,,,
M10O90,work,4101,4.101,100,54.0,0.0109090909090909,1.08,0.17,0.4,3.8,0.7777777777777778,130,8325.0,64.0,0.0076876876876876,0.9846153846153848,0.0846153846153846,94,30,0.2692307692307692,0.2789047915370255,36.407384360091264,53.98481973434535,82.00308641975309,0,0,,,,,,,,,,,,,,,,,,,,,,,,,,,,,,,,,,,,,,,,,,,,,,,,,,,,,,,,,,,,,,
M10O90,work,4201,4.2010000000000005,100,56.0,0.0113131313131313,1.12,0.28,0.4,3.6,0.8444444444444444,130,8325.0,68.0,0.0081681681681681,1.0461538461538462,0.123076923076923,98,30,0.3538461538461538,0.361045426260112,36.74341422941298,51.695129664769134,84.12037037037037,0,0,,,,,,,,,,,,,,,,,,,,,,,,,,,,,,,,,,,,,,,,,,,,,,,,,,,,,,,,,,,,,,
M10O90,work,4301,4.301,100,65.0,0.0131313131313131,1.3,0.15,0.39,2.9,1.1222222222222222,130,8325.0,72.0,0.0086486486486486,1.1076923076923078,0.0769230769230769,102,30,0.1615384615384615,0.1626633478531425,38.78448454677453,33.80771663504111,98.92283950617283,0,0,,,,,,,,,,,,,,,,,,,,,,,,,,,,,,,,,,,,,,,,,,,,,,,,,,,,,,,,,,,,,,
M10O90,work,4401,4.401,100,66.0,0.0133333333333333,1.32,0.15,0.35,2.9,1.1444444444444444,130,8325.0,75.0,0.009009009009009,1.1538461538461535,0.0769230769230769,105,30,0.2076923076923077,0.2133167392657125,45.42418585355736,46.24288425047438,112.6141975308642,0,0,,,,,,,,,,,,,,,,,,,,,,,,,,,,,,,,,,,,,,,,,,,,,,,,,,,,,,,,,,,,,,
M10O90,work,4501,4.501,100,72.0,0.0145454545454545,1.44,0.32,0.27,3.6,1.2,130,8325.0,84.0,0.01009009009009,1.2923076923076924,0.0923076923076923,114,30,0.3846153846153846,0.390914747977598,44.49284380833852,51.48007590132827,107.28703703703704,0,0,,,,,,,,,,,,,,,,,,,,,,,,,,,,,,,,,,,,,,,,,,,,,,,,,,,,,,,,,,,,,,
M10O90,work,4601,4.601,100,59.0,0.0119191919191919,1.18,0.25,0.35,2.8,1.0,130,8325.0,66.0,0.0079279279279279,1.015384615384615,0.0692307692307692,96,30,0.2846153846153846,0.2879900435594275,43.36444721012238,61.2966476913346,99.13888888888889,0,0,,,,,,,,,,,,,,,,,,,,,,,,,,,,,,,,,,,,,,,,,,,,,,,,,,,,,,,,,,,,,,
M10O90,work,4701,4.7010000000000005,100,56.0,0.0113131313131313,1.12,0.11,0.43,2.4,0.9777777777777776,130,8325.0,72.0,0.0086486486486486,1.1076923076923078,0.0923076923076923,102,30,0.1769230769230769,0.1834474175482265,35.35158680771624,53.11195445920304,79.28703703703704,0,0,,,,,,,,,,,,,,,,,,,,,,,,,,,,,,,,,,,,,,,,,,,,,,,,,,,,,,,,,,,,,,
M10O90,work,4801,4.801,100,47.0,0.0094949494949494,0.94,0.08,0.4,1.7,0.8555555555555555,130,8325.0,53.0,0.0063663663663663,0.8153846153846154,0.0692307692307692,83,30,0.1,0.1029247044181705,30.21987139597594,31.499051233396585,74.56172839506173,0,0,,,,,,,,,,,,,,,,,,,,,,,,,,,,,,,,,,,,,,,,,,,,,,,,,,,,,,,,,,,,,,
M10O90,work,4901,4.901,100,68.0,0.0137373737373737,1.36,0.27,0.32,3.9,1.0777777777777775,130,8325.0,78.0,0.0093693693693693,1.2,0.0769230769230769,108,30,0.3461538461538461,0.3535780958307405,38.33851897946485,52.25806451612903,88.5925925925926,0,0,,,,,,,,,,,,,,,,,,,,,,,,,,,,,,,,,,,,,,,,,,,,,,,,,,,,,,,,,,,,,,
M0O100D1,work,1001,1.001,100,140.0,0.0282828282828282,2.8,0.42,0.31,,2.8,100,4950.0,140.0,0.0282828282828282,2.8,0.42,140,0,0.42,0.42,92.18333333333334,,184.36666666666667,0,0,0.0,36.0,0.42,0.36,0.05,0.01,0.42,0.36,0.05,0.01,0.42,0.36,0.05,0.01,15120.0,15120.0,4.979661834005776,10.280235474881904,15120.0,15120.0,4.979661834005776,10.280235474881904,0.0,0.0,,,15120.0,41.99999999999999,4.979661834005777,10.283913953895905,15120.0,41.99999999999999,4.979661834005777,10.283913953895905,0.0,0.0,,,42.0,42.0,3.1414002860090884,8.47813960919053,42.0,42.0,3.1414002860090884,8.47813960919053,0.0,0.0,,,42.0,42.0,3.1414002860090884,8.47813960919053,42.0,42.0,3.1414002860090884,8.47813960919053,0.0,0.0,,
M0O100D1,work,1101,1.101,100,135.0,0.0272727272727272,2.7,0.54,0.26,,2.7,100,4950.0,135.0,0.0272727272727272,2.7,0.54,135,0,0.54,0.54,79.0111111111111,,158.0222222222222,0,0,0.0,36.0,0.54,0.36,0.14,0.04,0.54,0.36,0.14,0.04,0.54,0.36,0.14,0.04,19440.0,19440.0,6.806473806830847,14.897227843996411,19440.0,19440.0,6.806473806830847,14.897227843996411,0.0,0.0,,,19440.0,54.00000000000001,6.806473806830846,14.899001615022971,19440.0,54.00000000000001,6.806473806830846,14.899001615022971,0.0,0.0,,,54.0,54.0,5.553009657521914,13.730288864343269,54.0,54.0,5.553009657521914,13.730288864343269,0.0,0.0,,,54.0,54.0,5.553009657521914,13.730288864343269,54.0,54.0,5.553009657521914,13.730288864343269,0.0,0.0,,
M0O100D1,work,1201,1.201,100,161.0,0.0325252525252525,3.22,0.41,0.25,,3.22,100,4950.0,161.0,0.0325252525252525,3.22,0.41,161,0,0.41,0.41,97.76944444444445,,195.5388888888889,0,0,0.0,37.0,0.41,0.37,0.04,0.0,0.41,0.37,0.04,0.0,0.41,0.37,0.04,0.0,14760.0,14760.0,4.685047791417736,9.747102026137384,14760.0,14760.0,4.685047791417736,9.747102026137384,0.0,0.0,,,14760.0,41.0,4.685047791417735,9.75260936550792,14760.0,41.0,4.685047791417735,9.75260936550792,0.0,0.0,,,41.0,41.0,3.0061004357207306,5.509958940702167,41.0,41.0,3.0061004357207306,5.509958940702167,0.0,0.0,,,41.0,41.0,3.0061004357207306,5.509958940702167,41.0,41.0,3.0061004357207306,5.509958940702167,0.0,0.0,,
M0O100D1,work,1301,1.301,100,155.0,0.0313131313131313,3.1,0.45,0.26,,3.1,100,4950.0,155.0,0.0313131313131313,3.1,0.45,155,0,0.45,0.45,105.21666666666668,,210.4333333333333,0,0,0.0,37.0,0.45,0.37,0.07,0.01,0.45,0.37,0.07,0.01,0.45,0.37,0.07,0.01,16200.0,16200.0,5.369901942541933,12.14058002470653,16200.0,16200.0,5.369901942541933,12.14058002470653,0.0,0.0,,,16200.0,44.99999999999999,5.369901942541935,12.145821861993596,16200.0,44.99999999999999,5.369901942541935,12.145821861993596,0.0,0.0,,,45.0,45.0,3.948439190116285,11.69345360873018,45.0,45.0,3.948439190116285,11.69345360873018,0.0,0.0,,,45.0,45.0,3.948439190116285,11.69345360873018,45.0,45.0,3.948439190116285,11.69345360873018,0.0,0.0,,
M0O100D1,work,1401,1.401,100,168.0,0.0339393939393939,3.36,0.52,0.22,,3.36,100,4950.0,168.0,0.0339393939393939,3.36,0.52,168,0,0.52,0.52,98.19166666666666,,196.38333333333333,0,0,0.0,37.0,0.52,0.37,0.11,0.04,0.52,0.37,0.11,0.04,0.52,0.37,0.11,0.04,18720.0,18720.0,6.538769196577775,14.153642785770533,18720.0,18720.0,6.538769196577775,14.153642785770533,0.0,0.0,,,18720.0,52.0,6.538769196577775,14.154686716801514,18720.0,52.0,6.538769196577775,14.154686716801514,0.0,0.0,,,52.0,52.0,5.300841493724818,13.031583275585287,52.0,52.0,5.300841493724818,13.031583275585287,0.0,0.0,,,52.0,52.0,5.300841493724818,13.031583275585287,52.0,52.0,5.300841493724818,13.031583275585287,0.0,0.0,,
M0O100D1,work,1501,1.501,100,157.0,0.0317171717171717,3.14,0.46,0.22,,3.14,100,4950.0,157.0,0.0317171717171717,3.14,0.46,157,0,0.46,0.46,92.18055555555556,,184.36111111111111,0,0,0.0,35.0,0.46,0.35,0.09,0.02,0.46,0.35,0.09,0.02,0.46,0.35,0.09,0.02,16560.0,16560.0,5.9962655080789045,12.094865725839217,16560.0,16560.0,5.9962655080789045,12.094865725839217,0.0,0.0,,,16560.0,45.99999999999999,5.996265508078906,12.097178678805216,16560.0,45.99999999999999,5.996265508078906,12.097178678805216,0.0,0.0,,,46.0,46.0,4.7505756353727495,12.163015423780124,46.0,46.0,4.7505756353727495,12.163015423780124,0.0,0.0,,,46.0,46.0,4.7505756353727495,12.163015423780124,46.0,46.0,4.7505756353727495,12.163015423780124,0.0,0.0,,
M0O100D1,work,1601,1.601,100,139.0,0.028080808080808,2.78,0.45,0.22,,2.78,100,4950.0,139.0,0.028080808080808,2.78,0.45,139,0,0.45,0.45,87.42222222222222,,174.84444444444443,0,0,0.0,35.0,0.45,0.35,0.07,0.03,0.45,0.35,0.07,0.03,0.45,0.35,0.07,0.03,16200.0,16200.0,5.958909753134345,13.075804498322666,16200.0,16200.0,5.958909753134345,13.075804498322666,0.0,0.0,,,16200.0,44.99999999999999,5.958909753134347,13.07912134789257,16200.0,44.99999999999999,5.958909753134347,13.07912134789257,0.0,0.0,,,45.0,45.0,4.435333340180881,13.837551720220745,45.0,45.0,4.435333340180881,13.837551720220745,0.0,0.0,,,45.0,45.0,4.435333340180881,13.837551720220745,45.0,45.0,4.435333340180881,13.837551720220745,0.0,0.0,,
M0O100D1,work,1701,1.701,100,167.0,0.0337373737373737,3.34,0.53,0.23,,3.34,100,4950.0,167.0,0.0337373737373737,3.34,0.53,167,0,0.53,0.53,92.65277777777776,,185.30555555555557,0,0,0.0,37.0,0.53,0.37,0.11,0.05,0.53,0.37,0.11,0.05,0.53,0.37,0.11,0.05,19080.0,19080.0,6.579891820019494,13.318848341380646,19080.0,19080.0,6.579891820019494,13.318848341380646,0.0,0.0,,,19080.0,53.000000000000014,6.579891820019491,13.321186265682368,19080.0,53.000000000000014,6.579891820019491,13.321186265682368,0.0,0.0,,,53.0,53.0,5.4459879444869,12.280619772768333,53.0,53.0,5.4459879444869,12.280619772768333,0.0,0.0,,,53.0,53.0,5.4459879444869,12.280619772768333,53.0,53.0,5.4459879444869,12.280619772768333,0.0,0.0,,
M0O100D1,work,1801,1.801,100,135.0,0.0272727272727272,2.7,0.48,0.25,,2.7,100,4950.0,135.0,0.0272727272727272,2.7,0.48,135,0,0.48,0.48,86.29722222222222,,172.59444444444443,0,0,0.0,38.0,0.48,0.38,0.08,0.02,0.48,0.38,0.08,0.02,0.48,0.38,0.08,0.02,17280.0,17280.0,5.578531586564326,11.9096540288481,17280.0,17280.0,5.578531586564326,11.9096540288481,0.0,0.0,,,17280.0,48.0,5.578531586564327,11.910007866536906,17280.0,48.0,5.578531586564327,11.910007866536906,0.0,0.0,,,48.0,48.0,4.2165140280721305,12.240499133047736,48.0,48.0,4.2165140280721305,12.240499133047736,0.0,0.0,,,48.0,48.0,4.2165140280721305,12.240499133047736,48.0,48.0,4.2165140280721305,12.240499133047736,0.0,0.0,,
M0O100D1,work,1901,1.901,100,153.0,0.0309090909090909,3.06,0.54,0.27,,3.06,100,4950.0,153.0,0.0309090909090909,3.06,0.54,153,0,0.54,0.54,91.69722222222222,,183.39444444444445,0,0,0.0,37.0,0.54,0.37,0.11,0.06,0.54,0.37,0.11,0.06,0.54,0.37,0.11,0.06,19440.0,19440.0,7.5909482674843645,16.549663938675643,19440.0,19440.0,7.5909482674843645,16.549663938675643,0.0,0.0,,,19440.0,54.00000000000001,7.590948267484364,16.556541435010363,19440.0,54.00000000000001,7.590948267484364,16.556541435010363,0.0,0.0,,,54.0,54.0,6.265584510646306,16.258133125759578,54.0,54.0,6.265584510646306,16.258133125759578,0.0,0.0,,,54.0,54.0,6.265584510646306,16.258133125759578,54.0,54.0,6.265584510646306,16.258133125759578,0.0,0.0,,
M0O100D1,work,2001,2.001,100,168.0,0.0339393939393939,3.36,0.43,0.2,,3.36,100,4950.0,168.0,0.0339393939393939,3.36,0.43,168,0,0.43,0.43,96.62222222222222,,193.24444444444444,0,0,0.0,38.0,0.43,0.38,0.03,0.02,0.43,0.38,0.03,0.02,0.43,0.38,0.03,0.02,15480.0,15480.0,5.038359058307734,9.968240734011012,15480.0,15480.0,5.038359058307734,9.968240734011012,0.0,0.0,,,15480.0,42.99999999999999,5.038359058307736,9.971426994341288,15480.0,42.99999999999999,5.038359058307736,9.971426994341288,0.0,0.0,,,43.0,43.0,3.406093166353625,9.890867975665827,43.0,43.0,3.406093166353625,9.890867975665827,0.0,0.0,,,43.0,43.0,3.406093166353625,9.890867975665827,43.0,43.0,3.406093166353625,9.890867975665827,0.0,0.0,,
M0O100D1,work,2101,2.101,100,149.0,0.0301010101010101,2.98,0.52,0.31,,2.98,100,4950.0,149.0,0.0301010101010101,2.98,0.52,149,0,0.52,0.52,81.60277777777777,,163.20555555555555,0,0,0.0,38.0,0.52,0.38,0.09,0.05,0.52,0.38,0.09,0.05,0.52,0.38,0.09,0.05,18720.0,18720.0,7.6065610174658,18.534590752554283,18720.0,18720.0,7.6065610174658,18.534590752554283,0.0,0.0,,,18720.0,52.0,7.606561017465801,18.536603598301813,18720.0,52.0,7.606561017465801,18.536603598301813,0.0,0.0,,,52.0,52.0,6.257165870071114,16.844009796019538,52.0,52.0,6.257165870071114,16.844009796019538,0.0,0.0,,,52.0,52.0,6.257165870071114,16.844009796019538,52.0,52.0,6.257165870071114,16.844009796019538,0.0,0.0,,
M0O100D1,work,2201,2.201,100,151.0,0.0305050505050505,3.02,0.49,0.35,,3.02,100,4950.0,151.0,0.0305050505050505,3.02,0.49,151,0,0.49,0.49,78.24444444444444,,156.48888888888888,0,0,0.0,38.0,0.49,0.38,0.1,0.01,0.49,0.38,0.1,0.01,0.49,0.38,0.1,0.01,17640.0,17640.0,6.040252841897607,12.869236177185323,17640.0,17640.0,6.040252841897607,12.869236177185323,0.0,0.0,,,17640.0,49.0,6.040252841897607,12.871483240679709,17640.0,49.0,6.040252841897607,12.871483240679709,0.0,0.0,,,49.0,49.0,4.639274328816748,13.226312271447188,49.0,49.0,4.639274328816748,13.226312271447188,0.0,0.0,,,49.0,49.0,4.639274328816748,13.226312271447188,49.0,49.0,4.639274328816748,13.226312271447188,0.0,0.0,,
M0O100D1,work,2301,2.301,100,155.0,0.0313131313131313,3.1,0.48,0.27,,3.1,100,4950.0,155.0,0.0313131313131313,3.1,0.48,155,0,0.48,0.48,92.79166666666669,,185.58333333333331,0,0,0.0,39.0,0.48,0.39,0.07,0.02,0.48,0.39,0.07,0.02,0.48,0.39,0.07,0.02,17280.0,17280.0,6.103267001376759,13.390830679233009,17280.0,17280.0,6.103267001376759,13.390830679233009,0.0,0.0,,,17280.0,48.0,6.10326700137676,13.393774972599772,17280.0,48.0,6.10326700137676,13.393774972599772,0.0,0.0,,,48.0,48.0,4.667757409001236,13.338212650596056,48.0,48.0,4.667757409001236,13.338212650596056,0.0,0.0,,,48.0,48.0,4.667757409001236,13.338212650596056,48.0,48.0,4.667757409001236,13.338212650596056,0.0,0.0,,
M0O100D1,work,2401,2.401,100,176.0,0.0355555555555555,3.52,0.55,0.19,,3.52,100,4950.0,176.0,0.0355555555555555,3.52,0.55,176,0,0.55,0.55,99.71666666666668,,199.4333333333333,0,0,0.0,37.0,0.55,0.37,0.11,0.07,0.55,0.37,0.11,0.07,0.55,0.37,0.11,0.07,19800.0,19800.0,7.459923476059614,17.082496164882357,19800.0,19800.0,7.459923476059614,17.082496164882357,0.0,0.0,,,19800.0,55.0,7.459923476059614,17.083986860403545,19800.0,55.0,7.459923476059614,17.083986860403545,0.0,0.0,,,55.0,55.0,6.228923034230112,16.595556653421745,55.0,55.0,6.228923034230112,16.595556653421745,0.0,0.0,,,55.0,55.0,6.228923034230112,16.595556653421745,55.0,55.0,6.228923034230112,16.595556653421745,0.0,0.0,,
M0O100D1,work,2501,2.501,100,140.0,0.0282828282828282,2.8,0.42,0.25,,2.8,100,4950.0,140.0,0.0282828282828282,2.8,0.42,140,0,0.42,0.42,95.60833333333332,,191.21666666666667,0,0,0.0,38.0,0.42,0.38,0.03,0.01,0.42,0.38,0.03,0.01,0.42,0.38,0.03,0.01,15120.0,15120.0,4.780796657955729,9.81981298984678,15120.0,15120.0,4.780796657955729,9.81981298984678,0.0,0.0,,,15120.0,41.99999999999999,4.7807966579557295,9.832554241396917,15120.0,41.99999999999999,4.7807966579557295,9.832554241396917,0.0,0.0,,,42.0,42.0,3.251882789689734,4.555717220125402,42.0,42.0,3.251882789689734,4.555717220125402,0.0,0.0,,,42.0,42.0,3.251882789689734,4.555717220125402,42.0,42.0,3.251882789689734,4.555717220125402,0.0,0.0,,
M0O100D1,work,2601,2.601,100,149.0,0.0301010101010101,2.98,0.44,0.24,,2.98,100,4950.0,149.0,0.0301010101010101,2.98,0.44,149,0,0.44,0.44,90.35277777777776,,180.70555555555555,0,0,0.0,37.0,0.44,0.37,0.07,0.0,0.44,0.37,0.07,0.0,0.44,0.37,0.07,0.0,15840.0,15840.0,5.593853848431816,12.244344068529058,15840.0,15840.0,5.593853848431816,12.244344068529058,0.0,0.0,,,15840.0,43.99999999999999,5.593853848431818,12.248617016539049,15840.0,43.99999999999999,5.593853848431818,12.248617016539049,0.0,0.0,,,44.0,44.0,4.180066392451997,10.110555724110132,44.0,44.0,4.180066392451997,10.110555724110132,0.0,0.0,,,44.0,44.0,4.180066392451997,10.110555724110132,44.0,44.0,4.180066392451997,10.110555724110132,0.0,0.0,,
M0O100D1,work,2701,2.701,100,148.0,0.0298989898989899,2.96,0.53,0.34,,2.96,100,4950.0,148.0,0.0298989898989899,2.96,0.53,148,0,0.53,0.53,79.775,,159.55,0,0,0.0,37.0,0.53,0.37,0.07,0.09,0.53,0.37,0.07,0.09,0.53,0.37,0.07,0.09,19080.0,19080.0,8.451714518575118,21.289579307669783,19080.0,19080.0,8.451714518575118,21.289579307669783,0.0,0.0,,,19080.0,53.000000000000014,8.451714518575116,21.289927774134984,19080.0,53.000000000000014,8.451714518575116,21.289927774134984,0.0,0.0,,,53.0,53.0,7.3225732477770205,21.80156504840992,53.0,53.0,7.3225732477770205,21.80156504840992,0.0,0.0,,,53.0,53.0,7.3225732477770205,21.80156504840992,53.0,53.0,7.3225732477770205,21.80156504840992,0.0,0.0,,
M0O100D1,work,2801,2.801,100,123.0,0.0248484848484848,2.46,0.48,0.25,,2.46,100,4950.0,123.0,0.0248484848484848,2.46,0.48,123,0,0.48,0.48,86.41111111111111,,172.82222222222222,0,0,0.0,36.0,0.48,0.36,0.09,0.03,0.48,0.36,0.09,0.03,0.48,0.36,0.09,0.03,17280.0,17280.0,6.7495173936324,15.064251419699447,17280.0,17280.0,6.7495173936324,15.064251419699447,0.0,0.0,,,17280.0,48.0,6.7495173936324,15.06534687943449,17280.0,48.0,6.7495173936324,15.06534687943449,0.0,0.0,,,48.0,48.0,5.365171616582276,14.118369600498312,48.0,48.0,5.365171616582276,14.118369600498312,0.0,0.0,,,48.0,48.0,5.365171616582276,14.118369600498312,48.0,48.0,5.365171616582276,14.118369600498312,0.0,0.0,,
M0O100D1,work,2901,2.901,100,146.0,0.0294949494949494,2.92,0.43,0.24,,2.92,100,4950.0,146.0,0.0294949494949494,2.92,0.43,146,0,0.43,0.43,89.74166666666666,,179.48333333333332,0,0,0.0,36.0,0.43,0.36,0.04,0.03,0.43,0.36,0.04,0.03,0.43,0.36,0.04,0.03,15480.0,15480.0,5.713734153739621,12.079746996464095,15480.0,15480.0,5.713734153739621,12.079746996464095,0.0,0.0,,,15480.0,42.99999999999999,5.713734153739623,12.083211309488544,15480.0,42.99999999999999,5.713734153739623,12.083211309488544,0.0,0.0,,,43.0,43.0,3.9931845839851294,12.04666892043279,43.0,43.0,3.9931845839851294,12.04666892043279,0.0,0.0,,,43.0,43.0,3.9931845839851294,12.04666892043279,43.0,43.0,3.9931845839851294,12.04666892043279,0.0,0.0,,
M0O100D1,work,3001,3.001,100,158.0,0.0319191919191919,3.16,0.47,0.26,,3.16,100,4950.0,158.0,0.0319191919191919,3.16,0.47,158,0,0.47,0.47,89.41111111111111,,178.82222222222222,0,0,0.0,36.0,0.47,0.36,0.09,0.02,0.47,0.36,0.09,0.02,0.47,0.36,0.09,0.02,16920.0,16920.0,5.703851918246129,11.413678800906393,16920.0,16920.0,5.703851918246129,11.413678800906393,0.0,0.0,,,16920.0,46.99999999999999,5.703851918246132,11.41383244214659,16920.0,46.99999999999999,5.703851918246132,11.41383244214659,0.0,0.0,,,47.0,47.0,4.3966184637239945,10.82518700918718,47.0,47.0,4.3966184637239945,10.82518700918718,0.0,0.0,,,47.0,47.0,4.3966184637239945,10.82518700918718,47.0,47.0,4.3966184637239945,10.82518700918718,0.0,0.0,,
M0O100D1,work,3101,3.101,100,170.0,0.0343434343434343,3.4,0.51,0.14,,3.4,100,4950.0,170.0,0.0343434343434343,3.4,0.51,170,0,0.51,0.51,96.13055555555556,,192.26111111111112,0,0,0.0,37.0,0.51,0.37,0.12,0.02,0.51,0.37,0.12,0.02,0.51,0.37,0.12,0.02,18360.0,18360.0,6.120108478435027,13.323984944271372,18360.0,18360.0,6.120108478435027,13.323984944271372,0.0,0.0,,,18360.0,51.0,6.120108478435026,13.324188476991086,18360.0,51.0,6.120108478435026,13.324188476991086,0.0,0.0,,,51.0,51.0,4.597201926442754,12.066286108781537,51.0,51.0,4.597201926442754,12.066286108781537,0.0,0.0,,,51.0,51.0,4.597201926442754,12.066286108781537,51.0,51.0,4.597201926442754,12.066286108781537,0.0,0.0,,
M0O100D1,work,3201,3.201,100,177.0,0.0357575757575757,3.54,0.45,0.17,,3.54,100,4950.0,177.0,0.0357575757575757,3.54,0.45,177,0,0.45,0.45,113.59722222222224,,227.19444444444449,0,0,0.0,40.0,0.45,0.4,0.05,0.0,0.45,0.4,0.05,0.0,0.45,0.4,0.05,0.0,16200.0,16200.0,4.658492440419805,9.597691412735015,16200.0,16200.0,4.658492440419805,9.597691412735015,0.0,0.0,,,16200.0,44.99999999999999,4.658492440419807,9.59878582349222,16200.0,44.99999999999999,4.658492440419807,9.59878582349222,0.0,0.0,,,45.0,45.0,3.24877207493671,7.689297942823444,45.0,45.0,3.24877207493671,7.689297942823444,0.0,0.0,,,45.0,45.0,3.24877207493671,7.689297942823444,45.0,45.0,3.24877207493671,7.689297942823444,0.0,0.0,,
M0O100D1,work,3301,3.301,100,158.0,0.0319191919191919,3.16,0.44,0.26,,3.16,100,4950.0,158.0,0.0319191919191919,3.16,0.44,158,0,0.44,0.44,87.3,,174.6,0,0,0.0,38.0,0.44,0.38,0.06,0.0,0.44,0.38,0.06,0.0,0.44,0.38,0.06,0.0,15840.0,15840.0,5.197217904611128,11.077529622706914,15840.0,15840.0,5.197217904611128,11.077529622706914,0.0,0.0,,,15840.0,43.99999999999999,5.19721790461113,11.081200652956152,15840.0,43.99999999999999,5.19721790461113,11.081200652956152,0.0,0.0,,,44.0,44.0,3.9745495608030392,10.770739647721108,44.0,44.0,3.9745495608030392,10.770739647721108,0.0,0.0,,,44.0,44.0,3.9745495608030392,10.770739647721108,44.0,44.0,3.9745495608030392,10.770739647721108,0.0,0.0,,
M0O100D1,work,3401,3.401,100,174.0,0.0351515151515151,3.48,0.53,0.25,,3.48,100,4950.0,174.0,0.0351515151515151,3.48,0.53,174,0,0.53,0.53,94.08888888888887,,188.17777777777775,0,0,0.0,38.0,0.53,0.38,0.12,0.03,0.53,0.38,0.12,0.03,0.53,0.38,0.12,0.03,19080.0,19080.0,6.089653249804503,12.55409509959338,19080.0,19080.0,6.089653249804503,12.55409509959338,0.0,0.0,,,19080.0,53.000000000000014,6.089653249804502,12.55458952710486,19080.0,53.000000000000014,6.089653249804502,12.55458952710486,0.0,0.0,,,53.0,53.0,4.808904317520272,11.78448237857862,53.0,53.0,4.808904317520272,11.78448237857862,0.0,0.0,,,53.0,53.0,4.808904317520272,11.78448237857862,53.0,53.0,4.808904317520272,11.78448237857862,0.0,0.0,,
M0O100D1,work,3501,3.501,100,161.0,0.0325252525252525,3.22,0.48,0.23,,3.22,100,4950.0,161.0,0.0325252525252525,3.22,0.48,161,0,0.48,0.48,99.88333333333334,,199.76666666666668,0,0,0.0,38.0,0.48,0.38,0.05,0.05,0.48,0.38,0.05,0.05,0.48,0.38,0.05,0.05,17280.0,17280.0,5.940142523781672,12.62187257680532,17280.0,17280.0,5.940142523781672,12.62187257680532,0.0,0.0,,,17280.0,48.0,5.940142523781671,12.624938336648992,17280.0,48.0,5.940142523781671,12.624938336648992,0.0,0.0,,,48.0,48.0,4.553141146650089,12.602408345858889,48.0,48.0,4.553141146650089,12.602408345858889,0.0,0.0,,,48.0,48.0,4.553141146650089,12.602408345858889,48.0,48.0,4.553141146650089,12.602408345858889,0.0,0.0,,
M0O100D1,work,3601,3.601,100,160.0,0.0323232323232323,3.2,0.52,0.23,,3.2,100,4950.0,160.0,0.0323232323232323,3.2,0.52,160,0,0.52,0.52,91.7611111111111,,183.5222222222222,0,0,0.0,37.0,0.52,0.37,0.12,0.03,0.52,0.37,0.12,0.03,0.52,0.37,0.12,0.03,18720.0,18720.0,6.041509360912946,12.046921622267297,18720.0,18720.0,6.041509360912946,12.046921622267297,0.0,0.0,,,18720.0,52.0,6.041509360912945,12.04919953748192,18720.0,52.0,6.041509360912945,12.04919953748192,0.0,0.0,,,52.0,52.0,4.859711284485117,10.087348859110971,52.0,52.0,4.859711284485117,10.087348859110971,0.0,0.0,,,52.0,52.0,4.859711284485117,10.087348859110971,52.0,52.0,4.859711284485117,10.087348859110971,0.0,0.0,,
M0O100D1,work,3701,3.701,100,172.0,0.0347474747474747,3.44,0.49,0.19,,3.44,100,4950.0,172.0,0.0347474747474747,3.44,0.49,172,0,0.49,0.49,105.19166666666666,,210.38333333333333,0,0,0.0,39.0,0.49,0.39,0.09,0.01,0.49,0.39,0.09,0.01,0.49,0.39,0.09,0.01,17640.0,17640.0,5.910701995636316,13.14057631219127,17640.0,17640.0,5.910701995636316,13.14057631219127,0.0,0.0,,,17640.0,49.0,5.910701995636317,13.140891345547605,17640.0,49.0,5.910701995636317,13.140891345547605,0.0,0.0,,,49.0,49.0,4.4908312842704925,11.4866078304792,49.0,49.0,4.4908312842704925,11.4866078304792,0.0,0.0,,,49.0,49.0,4.4908312842704925,11.4866078304792,49.0,49.0,4.4908312842704925,11.4866078304792,0.0,0.0,,
M0O100D1,work,3801,3.801,100,175.0,0.0353535353535353,3.5,0.51,0.33,,3.5,100,4950.0,175.0,0.0353535353535353,3.5,0.51,175,0,0.51,0.51,90.74444444444444,,181.48888888888888,0,0,0.0,39.0,0.51,0.39,0.1,0.02,0.51,0.39,0.1,0.02,0.51,0.39,0.1,0.02,18360.0,18360.0,5.822677361473596,12.658669376197508,18360.0,18360.0,5.822677361473596,12.658669376197508,0.0,0.0,,,18360.0,51.0,5.8226773614735965,12.659956785888175,18360.0,51.0,5.8226773614735965,12.659956785888175,0.0,0.0,,,51.0,51.0,4.341154979111009,11.69954216789514,51.0,51.0,4.341154979111009,11.69954216789514,0.0,0.0,,,51.0,51.0,4.341154979111009,11.69954216789514,51.0,51.0,4.341154979111009,11.69954216789514,0.0,0.0,,
M0O100D1,work,3901,3.901,100,167.0,0.0337373737373737,3.34,0.54,0.24,,3.34,100,4950.0,167.0,0.0337373737373737,3.34,0.54,167,0,0.54,0.54,97.01666666666668,,194.03333333333333,0,0,0.0,40.0,0.54,0.4,0.11,0.03,0.54,0.4,0.11,0.03,0.54,0.4,0.11,0.03,19440.0,19440.0,6.698622983917723,13.764841463602886,19440.0,19440.0,6.698622983917723,13.764841463602886,0.0,0.0,,,19440.0,54.00000000000001,6.698622983917722,13.767794819242331,19440.0,54.00000000000001,6.698622983917722,13.767794819242331,0.0,0.0,,,54.0,54.0,5.3171380997506255,12.275221547770228,54.0,54.0,5.3171380997506255,12.275221547770228,0.0,0.0,,,54.0,54.0,5.3171380997506255,12.275221547770228,54.0,54.0,5.3171380997506255,12.275221547770228,0.0,0.0,,
M0O100D1,work,4001,4.001,100,162.0,0.0327272727272727,3.24,0.52,0.27,,3.24,100,4950.0,162.0,0.0327272727272727,3.24,0.52,162,0,0.52,0.52,96.21944444444443,,192.4388888888889,0,0,0.0,40.0,0.52,0.4,0.12,0.0,0.52,0.4,0.12,0.0,0.52,0.4,0.12,0.0,18720.0,18720.0,5.895561173301173,12.423737513887785,18720.0,18720.0,5.895561173301173,12.423737513887785,0.0,0.0,,,18720.0,52.0,5.895561173301174,12.425133773515991,18720.0,52.0,5.895561173301174,12.425133773515991,0.0,0.0,,,52.0,52.0,4.507455555622546,11.8288748164705,52.0,52.0,4.507455555622546,11.8288748164705,0.0,0.0,,,52.0,52.0,4.507455555622546,11.8288748164705,52.0,52.0,4.507455555622546,11.8288748164705,0.0,0.0,,
M0O100D1,work,4101,4.101,100,157.0,0.0317171717171717,3.14,0.42,0.21,,3.14,100,4950.0,157.0,0.0317171717171717,3.14,0.42,157,0,0.42,0.42,97.58333333333331,,195.16666666666663,0,0,0.0,38.0,0.42,0.38,0.04,0.0,0.42,0.38,0.04,0.0,0.42,0.38,0.04,0.0,15120.0,15120.0,4.460396946750207,8.620696332010425,15120.0,15120.0,4.460396946750207,8.620696332010425,0.0,0.0,,,15120.0,41.99999999999999,4.460396946750209,8.624988161918909,15120.0,41.99999999999999,4.460396946750209,8.624988161918909,0.0,0.0,,,42.0,42.0,3.0767927632238186,4.886371904823073,42.0,42.0,3.0767927632238186,4.886371904823073,0.0,0.0,,,42.0,42.0,3.0767927632238186,4.886371904823073,42.0,42.0,3.0767927632238186,4.886371904823073,0.0,0.0,,
M0O100D1,work,4201,4.2010000000000005,100,159.0,0.0321212121212121,3.18,0.46,0.26,,3.18,100,4950.0,159.0,0.0321212121212121,3.18,0.46,159,0,0.46,0.46,96.72777777777776,,193.45555555555555,0,0,0.0,37.0,0.46,0.37,0.08,0.01,0.46,0.37,0.08,0.01,0.46,0.37,0.08,0.01,16560.0,16560.0,5.541432499670261,11.93566596745084,16560.0,16560.0,5.541432499670261,11.93566596745084,0.0,0.0,,,16560.0,45.99999999999999,5.541432499670262,11.936076555794596,16560.0,45.99999999999999,5.541432499670262,11.936076555794596,0.0,0.0,,,46.0,46.0,4.135624929923055,12.108783975180687,46.0,46.0,4.135624929923055,12.108783975180687,0.0,0.0,,,46.0,46.0,4.135624929923055,12.108783975180687,46.0,46.0,4.135624929923055,12.108783975180687,0.0,0.0,,
M0O100D1,work,4301,4.301,100,150.0,0.0303030303030303,3.0,0.43,0.2,,3.0,100,4950.0,150.0,0.0303030303030303,3.0,0.43,150,0,0.43,0.43,88.91388888888889,,177.82777777777778,0,0,0.0,35.0,0.43,0.35,0.07,0.01,0.43,0.35,0.07,0.01,0.43,0.35,0.07,0.01,15480.0,15480.0,5.3189981182954735,11.070832008803084,15480.0,15480.0,5.3189981182954735,11.070832008803084,0.0,0.0,,,15480.0,42.99999999999999,5.318998118295476,11.07130448763662,15480.0,42.99999999999999,5.318998118295476,11.07130448763662,0.0,0.0,,,43.0,43.0,3.764839982894647,9.61481392396555,43.0,43.0,3.764839982894647,9.61481392396555,0.0,0.0,,,43.0,43.0,3.764839982894647,9.61481392396555,43.0,43.0,3.764839982894647,9.61481392396555,0.0,0.0,,
M0O100D1,work,4401,4.401,100,139.0,0.028080808080808,2.78,0.42,0.26,,2.78,100,4950.0,139.0,0.028080808080808,2.78,0.42,139,0,0.42,0.42,89.85833333333333,,179.71666666666667,0,0,0.0,37.0,0.42,0.37,0.05,0.0,0.42,0.37,0.05,0.0,0.42,0.37,0.05,0.0,15120.0,15120.0,4.820611220782428,10.085745113689406,15120.0,15120.0,4.820611220782428,10.085745113689406,0.0,0.0,,,15120.0,41.99999999999999,4.820611220782429,10.093379883729058,15120.0,41.99999999999999,4.820611220782429,10.093379883729058,0.0,0.0,,,42.0,42.0,3.650382015581201,7.306995155783513,42.0,42.0,3.650382015581201,7.306995155783513,0.0,0.0,,,42.0,42.0,3.650382015581201,7.306995155783513,42.0,42.0,3.650382015581201,7.306995155783513,0.0,0.0,,
M0O100D1,work,4501,4.501,100,153.0,0.0309090909090909,3.06,0.53,0.24,,3.06,100,4950.0,153.0,0.0309090909090909,3.06,0.53,153,0,0.53,0.53,82.0,,164.0,0,0,0.0,39.0,0.53,0.39,0.12,0.02,0.53,0.39,0.12,0.02,0.53,0.39,0.12,0.02,19080.0,19080.0,6.240884249690383,13.50169909930833,19080.0,19080.0,6.240884249690383,13.50169909930833,0.0,0.0,,,19080.0,53.000000000000014,6.240884249690383,13.501748899708742,19080.0,53.000000000000014,6.240884249690383,13.501748899708742,0.0,0.0,,,53.0,53.0,4.956819731556756,12.753626507751989,53.0,53.0,4.956819731556756,12.753626507751989,0.0,0.0,,,53.0,53.0,4.956819731556756,12.753626507751989,53.0,53.0,4.956819731556756,12.753626507751989,0.0,0.0,,
M0O100D1,work,4601,4.601,100,189.0,0.0381818181818181,3.78,0.52,0.21,,3.78,100,4950.0,189.0,0.0381818181818181,3.78,0.52,189,0,0.52,0.52,109.6,,219.2,0,0,0.0,38.0,0.52,0.38,0.13,0.01,0.52,0.38,0.13,0.01,0.52,0.38,0.13,0.01,18720.0,18720.0,6.050166066539648,12.598570944627202,18720.0,18720.0,6.050166066539648,12.598570944627202,0.0,0.0,,,18720.0,52.0,6.05016606653965,12.59942971001455,18720.0,52.0,6.05016606653965,12.59942971001455,0.0,0.0,,,52.0,52.0,4.755480233334768,11.772833486173813,52.0,52.0,4.755480233334768,11.772833486173813,0.0,0.0,,,52.0,52.0,4.755480233334768,11.772833486173813,52.0,52.0,4.755480233334768,11.772833486173813,0.0,0.0,,
M0O100D1,work,4701,4.7010000000000005,100,132.0,0.0266666666666666,2.64,0.46,0.45,,2.64,100,4950.0,132.0,0.0266666666666666,2.64,0.46,132,0,0.46,0.46,71.46111111111111,,142.92222222222222,0,0,0.0,38.0,0.46,0.38,0.05,0.03,0.46,0.38,0.05,0.03,0.46,0.38,0.05,0.03,16560.0,16560.0,5.51544370837821,11.00004829973076,16560.0,16560.0,5.51544370837821,11.00004829973076,0.0,0.0,,,16560.0,45.99999999999999,5.515443708378212,11.000579835302084,16560.0,45.99999999999999,5.515443708378212,11.000579835302084,0.0,0.0,,,46.0,46.0,4.244525122548567,10.813015635539724,46.0,46.0,4.244525122548567,10.813015635539724,0.0,0.0,,,46.0,46.0,4.244525122548567,10.813015635539724,46.0,46.0,4.244525122548567,10.813015635539724,0.0,0.0,,
M0O100D1,work,4801,4.801,100,146.0,0.0294949494949494,2.92,0.43,0.31,,2.92,100,4950.0,146.0,0.0294949494949494,2.92,0.43,146,0,0.43,0.43,87.03333333333333,,174.06666666666666,0,0,0.0,37.0,0.43,0.37,0.05,0.01,0.43,0.37,0.05,0.01,0.43,0.37,0.05,0.01,15480.0,15480.0,5.256686703242433,11.501588319844943,15480.0,15480.0,5.256686703242433,11.501588319844943,0.0,0.0,,,15480.0,42.99999999999999,5.256686703242436,11.508437514916167,15480.0,42.99999999999999,5.256686703242436,11.508437514916167,0.0,0.0,,,43.0,43.0,3.870584123646188,10.861058589559802,43.0,43.0,3.870584123646188,10.861058589559802,0.0,0.0,,,43.0,43.0,3.870584123646188,10.861058589559802,43.0,43.0,3.870584123646188,10.861058589559802,0.0,0.0,,
M0O100D1,work,4901,4.901,100,159.0,0.0321212121212121,3.18,0.45,0.25,,3.18,100,4950.0,159.0,0.0321212121212121,3.18,0.45,159,0,0.45,0.45,83.71666666666667,,167.43333333333334,0,0,0.0,36.0,0.45,0.36,0.08,0.01,0.45,0.36,0.08,0.01,0.45,0.36,0.08,0.01,16200.0,16200.0,5.22196165392594,10.925445225499256,16200.0,16200.0,5.22196165392594,10.925445225499256,0.0,0.0,,,16200.0,44.99999999999999,5.221961653925941,10.926131576621916,16200.0,44.99999999999999,5.221961653925941,10.926131576621916,0.0,0.0,,,45.0,45.0,3.857753220746618,10.426410141077591,45.0,45.0,3.857753220746618,10.426410141077591,0.0,0.0,,,45.0,45.0,3.857753220746618,10.426410141077591,45.0,45.0,3.857753220746618,10.426410141077591,0.0,0.0,,
M10O90D1,work,1001,1.001,100,151.0,0.0305050505050505,3.02,0.51,0.31,5.5,2.7444444444444445,130,8325.0,167.0,0.02006006006006,2.569230769230769,0.4538461538461538,197,30,0.5538461538461539,0.5581207218419415,67.7929890064302,66.8437697659709,169.12962962962962,0,0,4.0,31.0,0.51,0.35,0.09,0.07,0.5581207218419415,0.3626633478531425,0.1431860609831985,0.0522713130056005,0.51,0.35,0.09,0.07,26907.0,26907.0,12.64760053980608,28.584730269289263,15840.0,15840.0,8.883571448955076,24.53919894783046,11067.0,11067.0,18.034988341295183,32.07651409814147,26907.0,50.99999999999999,10.139648277315484,25.634937019319626,15840.0,43.99999999999999,8.88357144895508,24.54007260902676,11067.0,6.999999999999999,18.03498834129519,32.07651409814147,51.0,51.0,9.056661775940004,24.342034015264293,44.0,44.0,7.6842751888922685,24.00447283115012,7.0,7.0,17.683091751668627,28.350538006352167,72.0,72.0,11.529808347442378,27.666570907222955,44.0,44.0,7.6842751888922685,24.00447283115012,28.0,28.0,17.572789025163978,30.47896515778218
M10O90D1,work,1101,1.101,100,157.0,0.0317171717171717,3.14,0.59,0.29,5.2,2.911111111111111,130,8325.0,162.0,0.0194594594594594,2.4923076923076923,0.3615384615384615,192,30,0.6384615384615384,0.6431860609831985,61.91868906865796,49.63946869070209,160.04320987654322,0,0,4.0,32.0,0.59,0.36,0.09,0.14,0.6431860609831985,0.370130678282514,0.0925326695706285,0.180522713130056,0.59,0.36,0.09,0.14,31008.0,31008.0,16.886177563510913,38.98818260939424,18360.0,18360.0,11.326898138446149,38.44931732707429,12648.0,12648.0,24.956099309572668,40.067093987071736,31008.0,58.99999999999999,13.17492541588704,38.6505185670142,18360.0,51.0,11.326898138446149,38.44958092080081,12648.0,7.999999999999997,24.95609930957267,40.067093987071736,59.0,59.0,12.379784585670391,39.08947541004824,51.0,51.0,10.331388967853576,38.25512981993361,8.0,8.0,25.438306649252585,42.96589100540541,83.0,83.0,15.925811536380506,38.84881358928821,51.0,51.0,10.331388967853576,38.25512981993361,32.0,32.0,24.8419225049703,38.84881358928821
M10O90D1,work,1201,1.201,100,150.0,0.0303030303030303,3.0,0.58,0.24,5.4,2.7333333333333334,130,8325.0,162.0,0.0194594594594594,2.4923076923076923,0.4538461538461538,192,30,0.6307692307692307,0.635718730553827,64.27504667081519,57.31182795698925,163.31172839506172,0,0,4.0,31.0,0.58,0.35,0.12,0.11,0.635718730553827,0.3626633478531425,0.165588052271313,0.1074673304293715,0.58,0.35,0.12,0.11,30648.0,30648.0,14.849820482773271,33.59902916945214,18000.0,18000.0,10.630820365684556,25.911440355787576,12648.0,12648.0,20.854090099123432,37.70051668276199,30648.0,57.99999999999999,12.04092653581406,27.95663996987992,18000.0,50.00000000000001,10.630820365684556,25.91201555256008,12648.0,7.999999999999997,20.85409009912344,37.70051668276199,58.0,58.0,11.052644511076586,26.67680194368197,50.0,50.0,9.4723796868012,24.2161944313692,8.0,8.0,20.92929966279776,38.69463114188272,82.0,82.0,13.833486484705896,31.532277430386696,50.0,50.0,9.4723796868012,24.2161944313692,32.0,32.0,20.647715856431983,38.09719459503283
M10O90D1,work,1301,1.301,100,148.0,0.0298989898989899,2.96,0.54,0.26,4.8,2.7555555555555555,130,8325.0,161.0,0.0193393393393393,2.476923076923077,0.3692307692307692,191,30,0.5769230769230769,0.580522713130056,66.70607757726613,60.61986084756483,168.9320987654321,0,0,4.0,31.0,0.54,0.35,0.12,0.07,0.580522713130056,0.3626633478531425,0.114934660858743,0.1029247044181705,0.54,0.35,0.12,0.07,27987.0,27987.0,14.438644524833368,32.427154628253,16920.0,16920.0,10.557067266326502,31.379883440010016,11067.0,11067.0,20.373070043396314,33.89016316436669,27987.0,53.99999999999999,11.82951207076148,31.71317395307495,16920.0,46.99999999999999,10.557067266326507,31.381854162461224,11067.0,6.999999999999999,20.37307004339632,33.89016316436669,54.0,54.0,10.707740149819736,30.74738199865119,47.0,47.0,9.418540082415008,31.469277471084816,7.0,7.0,19.36379774525147,30.124720727388542,75.0,75.0,13.392349622111706,31.88433847874716,47.0,47.0,9.418540082415008,31.469277471084816,28.0,28.0,20.06267277803116,34.85793541443122
M10O90D1,work,1401,1.401,100,139.0,0.028080808080808,2.78,0.46,0.25,3.6,2.688888888888889,130,8325.0,142.0,0.017057057057057,2.1846153846153844,0.3230769230769231,172,30,0.4692307692307692,0.470130678282514,68.94420244762497,30.68943706514864,190.19753086419752,0,0,4.0,32.0,0.46,0.36,0.08,0.02,0.470130678282514,0.370130678282514,0.085065339141257,0.014934660858743,0.46,0.36,0.08,0.02,22665.0,22665.0,14.08941566072988,36.74863303210809,14760.0,14760.0,7.951517355873301,19.68391893958109,7905.0,7905.0,25.54993166068979,40.289916790625824,22665.0,46.0,9.86438847596205,30.31745216591267,14760.0,41.0,7.951517355873302,19.695317323675404,7905.0,5.0,25.549931660689783,40.289916790625824,46.0,46.0,8.741508459136321,26.806837581950763,41.0,41.0,6.689020438966355,17.999376934450954,5.0,5.0,25.571910224530065,38.04630001203776,61.0,61.0,12.864172743067003,36.81049033252594,41.0,41.0,6.689020438966355,17.999376934450954,20.0,20.0,25.523234966473325,39.30701735641635
M10O90D1,work,1501,1.501,100,143.0,0.0288888888888888,2.86,0.44,0.3,4.5,2.6777777777777776,130,8325.0,152.0,0.0182582582582582,2.3384615384615386,0.3384615384615385,182,30,0.4538461538461538,0.455196017423771,68.23688031528728,42.58697027197976,182.28703703703704,0,0,4.0,30.0,0.44,0.34,0.09,0.01,0.455196017423771,0.355196017423771,0.0925326695706285,0.0074673304293715,0.44,0.34,0.09,0.01,21945.0,21945.0,11.968795101374104,31.48840706386534,14040.0,14040.0,7.295374589418429,16.659506970192275,7905.0,7905.0,20.26921559319671,36.40943797122487,21945.0,44.0,8.769674703484144,21.20489719976017,14040.0,38.99999999999999,7.295374589418432,16.661289821530794,7905.0,5.0,20.26921559319671,36.40943797122487,44.0,44.0,7.598922880432425,19.058203105006942,39.0,39.0,5.821496824975392,16.778133258449795,5.0,5.0,21.46284611299728,39.236281244852925,59.0,59.0,10.722920817228866,32.78540192394564,39.0,39.0,5.821496824975392,16.778133258449795,20.0,20.0,20.28069760212313,35.78661975158131
M10O90D1,work,1601,1.601,100,138.0,0.0278787878787878,2.76,0.51,0.24,4.6,2.555555555555556,130,8325.0,154.0,0.0184984984984984,2.3692307692307693,0.3307692307692307,184,30,0.5769230769230769,0.5834474175482265,71.95602572080482,63.776091081593925,183.01543209876544,0,0,5.0,30.0,0.51,0.35,0.13,0.03,0.5834474175482265,0.3879900435594275,0.1730553827006845,0.0224019912881145,0.51,0.35,0.13,0.03,28128.0,28128.0,15.29351949361128,34.17079967372901,15480.0,15480.0,10.025655864537349,28.29022282086848,12648.0,12648.0,21.74090477018184,36.53271353878908,28128.0,50.99999999999999,11.863341967383546,30.64353768022255,15480.0,42.99999999999999,10.02565586453735,28.303467810234924,12648.0,7.999999999999997,21.74090477018185,36.53271353878908,51.0,51.0,10.803380141262751,28.93449437161173,43.0,43.0,8.795480777886182,28.34206224910025,8.0,8.0,21.595839219411808,40.06184573383745,75.0,75.0,14.2458622237869,34.444330241775454,43.0,43.0,8.795480777886182,28.34206224910025,32.0,32.0,21.569812291715987,36.1011759936047
M10O90D1,work,1701,1.701,100,120.0,0.0242424242424242,2.4,0.51,0.35,5.2,2.088888888888889,130,8325.0,139.0,0.0166966966966966,2.1384615384615384,0.3692307692307692,169,30,0.5538461538461539,0.5581207218419415,62.161377307612526,60.30360531309298,155.56172839506172,0,0,5.0,29.0,0.51,0.34,0.08,0.09,0.5581207218419415,0.380522713130056,0.085065339141257,0.0925326695706285,0.51,0.34,0.08,0.09,26907.0,26907.0,15.269987281953195,39.06211152132307,15840.0,15840.0,10.35264862188107,27.807952333522227,11067.0,11067.0,22.30808652976584,42.62103298836287,26907.0,50.99999999999999,11.993591079826045,33.13619229916277,15840.0,43.99999999999999,10.352648621881077,27.81244692542732,11067.0,6.999999999999999,22.30808652976584,42.62103298836287,51.0,51.0,10.777144528110629,26.37661664803914,44.0,44.0,9.285145564714242,26.37661664803914,7.0,7.0,20.15542372660219,43.29525124391168,72.0,72.0,14.177461854701251,38.93744488728514,44.0,44.0,9.285145564714242,26.37661664803914,28.0,28.0,21.865387453252264,43.239462019343705
M10O90D1,work,1801,1.801,100,160.0,0.0323232323232323,3.2,0.57,0.26,5.3,2.966666666666667,130,8325.0,171.0,0.0205405405405405,2.6307692307692307,0.4076923076923077,201,30,0.5769230769230769,0.5775980087118855,70.02696535988385,63.06135357368754,177.62345679012347,0,0,5.0,32.0,0.57,0.37,0.11,0.09,0.5775980087118855,0.4029247044181705,0.1074673304293715,0.0672059738643435,0.57,0.37,0.11,0.09,27846.0,27846.0,14.158015173790846,32.959896222984376,18360.0,18360.0,10.738220862126695,26.626022304382044,9486.0,9486.0,20.77697190604404,34.296035308236185,27846.0,56.99999999999999,11.794931498328529,29.93269480403971,18360.0,51.0,10.738220862126695,26.62629778664424,9486.0,5.999999999999999,20.776971906044047,34.296035308236185,57.0,57.0,10.852716930342789,26.610380516515228,51.0,51.0,9.788635666244735,26.03813911763121,6.0,6.0,19.89740767517621,29.67823853932147,75.0,75.0,13.249370495851364,33.0840398629476,51.0,51.0,9.788635666244735,26.03813911763121,24.0,24.0,20.603432008765456,33.82158338997208
M10O90D1,work,1901,1.901,100,180.0,0.0363636363636363,3.6,0.54,0.16,5.6,3.3777777777777778,130,8325.0,188.0,0.0225825825825825,2.892307692307692,0.4,218,30,0.5538461538461539,0.555196017423771,75.04044803982576,56.36938646426312,195.80864197530863,0,0,6.0,31.0,0.54,0.37,0.15,0.02,0.555196017423771,0.4282514001244555,0.1120099564405724,0.014934660858743,0.54,0.37,0.15,0.02,26766.0,26766.0,13.899254519447778,36.11465213758034,17280.0,17280.0,9.980828085179237,31.878817564171765,9486.0,9486.0,21.037185025895223,37.59133124748928,26766.0,54.0,11.209312189703232,34.47094187721927,17280.0,48.0,9.980828085179237,31.879714718703863,9486.0,5.999999999999999,21.037185025895223,37.59133124748928,54.0,54.0,10.170114597581332,31.976633537125306,48.0,48.0,8.931729091083598,35.14846905039326,6.0,6.0,20.077198649563226,31.976633537125306,72.0,72.0,12.958437591162774,37.48521442822204,48.0,48.0,8.931729091083598,35.14846905039326,24.0,24.0,21.01185459132113,38.43917416183057
M10O90D1,work,2001,2.001,100,142.0,0.0286868686868686,2.84,0.44,0.25,4.8,2.6222222222222222,130,8325.0,151.0,0.0181381381381381,2.3230769230769237,0.3846153846153846,181,30,0.4307692307692308,0.429869321717486,63.71292263015972,45.18026565464896,167.55864197530863,0,0,4.0,29.0,0.44,0.33,0.1,0.01,0.429869321717486,0.3477286869943995,0.0746733042937149,0.0074673304293715,0.44,0.33,0.1,0.01,20724.0,20724.0,8.594914045034633,18.16167806058894,14400.0,14400.0,6.322817988738537,13.578127908447089,6324.0,6324.0,13.76856730415288,21.90123775924068,20724.0,44.0,6.9997042901398405,15.336772847753332,14400.0,40.0,6.322817988738537,13.5813717370479,6324.0,3.999999999999999,13.768567304152883,21.90123775924068,44.0,44.0,5.508382105719768,12.81644405434424,40.0,40.0,5.004380394448118,12.57654284461398,4.0,4.0,10.548399218436268,17.43347421971136,56.0,56.0,7.302471645927992,17.204680188206424,40.0,40.0,5.004380394448118,12.57654284461398,16.0,16.0,13.047699774627672,22.844468124313337
M10O90D1,work,2101,2.101,100,134.0,0.027070707070707,2.68,0.33,0.3,4.6,2.466666666666667,130,8325.0,149.0,0.0178978978978978,2.292307692307692,0.2923076923076923,179,30,0.3230769230769231,0.3224019912881145,62.04521883426675,63.08665401644529,153.85802469135805,0,0,4.0,29.0,0.42,0.33,0.08,0.01,0.414934660858743,0.3477286869943995,0.059738643434972,0.0074673304293715,0.42,0.33,0.08,0.01,20004.0,20004.0,8.863012845008756,21.488702132807003,13680.0,13680.0,5.550474326513739,10.822405794772385,6324.0,6324.0,16.02865594004541,34.97677901055714,20004.0,42.0,6.548396384945328,12.696612740954064,13680.0,37.99999999999999,5.550474326513741,10.82476544627957,6324.0,3.999999999999999,16.028655940045418,34.97677901055714,42.0,42.0,5.059585166738315,10.142166780194106,38.0,38.0,4.074950104628424,9.281724245410247,4.0,4.0,14.413618256782296,28.23897843142333,54.0,54.0,7.519225631590829,20.33029688205309,38.0,38.0,4.074950104628424,9.281724245410247,16.0,16.0,15.699380008126544,38.231247657690176
M10O90D1,work,2201,2.201,100,132.0,0.0266666666666666,2.64,0.48,0.25,4.5,2.433333333333333,130,8325.0,134.0,0.016096096096096,2.0615384615384613,0.3153846153846154,164,30,0.5769230769230769,0.586372121966397,63.573947313835305,44.85768500948767,167.30246913580248,0,0,5.0,28.0,0.48,0.33,0.1,0.05,0.586372121966397,0.3730553827006845,0.1,0.1133167392657125,0.48,0.33,0.1,0.05,28269.0,28269.0,16.29269319773387,37.4059605240854,14040.0,14040.0,7.445536583584442,17.823556180026063,14229.0,14229.0,25.0223353976536,41.14127201652044,28269.0,47.99999999999999,10.741186361222416,30.09186139042114,14040.0,38.99999999999999,7.445536583584446,17.825052086871885,14229.0,8.999999999999996,25.02233539765361,41.14127201652044,48.0,48.0,9.784024043340208,30.111788647235745,39.0,39.0,6.223625630284136,17.300135777736916,9.0,9.0,25.21241716658318,46.56888217510848,75.0,75.0,15.11626208360076,35.70376353329267,39.0,39.0,6.223625630284136,17.300135777736916,36.0,36.0,24.749951574693767,40.79441165951889
M10O90D1,work,2301,2.301,100,112.0,0.0226262626262626,2.24,0.49,0.28,4.6,1.9777777777777776,130,8325.0,117.0,0.014054054054054,1.8,0.3153846153846154,147,30,0.5615384615384615,0.5685127566894835,52.451773490976976,44.516129032258064,134.37037037037038,0,0,4.0,28.0,0.49,0.32,0.09,0.08,0.5685127566894835,0.340261356565028,0.1178593652769135,0.110392034847542,0.49,0.32,0.09,0.08,27408.0,27408.0,16.904819182818805,38.82966382159208,14760.0,14760.0,10.610035334487709,32.03378028419024,12648.0,12648.0,24.250724432768763,41.17619634200092,27408.0,48.99999999999999,12.837086615839722,36.690432786803854,14760.0,41.0,10.61003533448771,32.04762057633962,12648.0,7.999999999999997,24.25072443276877,41.17619634200092,49.0,49.0,11.916577057992413,38.47720362426867,41.0,41.0,9.619063587837651,29.73429774423344,8.0,8.0,23.69133359253556,39.35497984348408,73.0,73.0,16.060089792259518,39.092435956894064,41.0,41.0,9.619063587837651,29.73429774423344,32.0,32.0,24.312654616675022,41.64941962555234
M10O90D1,work,2401,2.401,100,124.0,0.025050505050505,2.48,0.42,0.34,4.2,2.2888888888888888,130,8325.0,130.0,0.0156156156156156,2.0,0.3538461538461538,160,30,0.4384615384615384,0.440261356565028,56.521468574984446,50.35420619860847,143.6327160493827,0,0,4.0,28.0,0.42,0.32,0.09,0.01,0.440261356565028,0.340261356565028,0.0925326695706285,0.0074673304293715,0.42,0.32,0.09,0.01,21225.0,21225.0,10.852214487065094,27.96201139888504,13320.0,13320.0,6.548477858827385,14.16874199980988,7905.0,7905.0,18.10405153806145,33.40920776998346,21225.0,42.0,7.924141392069538,16.19653981146553,13320.0,37.0,6.548477858827385,14.169550204517089,7905.0,5.0,18.10405153806146,33.40920776998346,42.0,42.0,6.684147741075316,14.943334140842014,37.0,37.0,5.363956766321801,14.017249472625664,5.0,5.0,16.453560954251337,27.02394511479344,57.0,57.0,9.722786601785192,27.98554121020662,37.0,37.0,5.363956766321801,14.017249472625664,20.0,20.0,17.786621797392463,30.80817861090402
M10O90D1,work,2501,2.501,100,139.0,0.028080808080808,2.78,0.5,0.21,3.6,2.688888888888889,130,8325.0,145.0,0.0174174174174174,2.230769230769231,0.3461538461538461,175,30,0.5,0.5,71.19062435179423,60.30993042378242,182.429012345679,0,0,4.0,29.0,0.5,0.33,0.1,0.07,0.5,0.3477286869943995,0.1,0.0522713130056005,0.5,0.33,0.1,0.07,24105.0,24105.0,14.535061639038522,34.99014563337025,16200.0,16200.0,10.328359997698293,34.7396051332536,7905.0,7905.0,23.15600617916652,35.07322565064154,24105.0,49.99999999999999,11.611124615845116,34.88133650652258,16200.0,44.99999999999999,10.328359997698294,34.75447044131968,7905.0,5.0,23.15600617916652,35.07322565064154,50.0,50.0,10.470291169667671,34.145603733945975,45.0,45.0,9.153061769021791,35.16880664520007,5.0,5.0,22.32535577548058,30.0972838277048,65.0,65.0,13.423424205106404,35.16880664520007,45.0,45.0,9.153061769021791,35.16880664520007,20.0,20.0,23.03173968629677,33.5090828613672
M10O90D1,work,2601,2.601,100,144.0,0.029090909090909,2.88,0.56,0.27,5.2,2.6222222222222222,130,8325.0,153.0,0.0183783783783783,2.353846153846154,0.4153846153846154,183,30,0.5923076923076923,0.595457373988799,63.378967019290606,49.91144845034788,164.25617283950618,0,0,4.0,31.0,0.56,0.35,0.13,0.08,0.595457373988799,0.3626633478531425,0.1477286869943995,0.085065339141257,0.56,0.35,0.13,0.08,28707.0,28707.0,13.93081985858551,34.52926145831691,17640.0,17640.0,9.781507651213886,30.250191781800783,11067.0,11067.0,20.54452432574332,35.976468788635145,28707.0,55.99999999999999,11.126884735530068,32.9546729041019,17640.0,49.0,9.781507651213886,30.258208436888324,11067.0,6.999999999999999,20.54452432574332,35.976468788635145,56.0,56.0,10.030235657034796,25.461743228244732,49.0,49.0,8.729422700904584,33.62986133458069,7.0,7.0,19.13592634994628,25.08909687700587,77.0,77.0,12.927870441931423,34.30099904716879,49.0,49.0,8.729422700904584,33.62986133458069,28.0,28.0,20.275153988728395,34.35352101542363
M10O90D1,work,2701,2.701,100,138.0,0.0278787878787878,2.76,0.42,0.28,4.4,2.577777777777778,130,8325.0,145.0,0.0174174174174174,2.230769230769231,0.3,175,30,0.4384615384615384,0.440261356565028,59.58307405102676,45.64199873497786,155.04320987654322,0,0,5.0,30.0,0.42,0.35,0.06,0.01,0.440261356565028,0.3879900435594275,0.044803982576229,0.0074673304293715,0.42,0.35,0.06,0.01,21225.0,21225.0,11.596224588287022,27.23159929367514,13320.0,13320.0,7.231227200259249,21.90609181916166,7905.0,7905.0,18.95128660075127,30.130921955548818,21225.0,42.0,8.626472366984489,24.98963295275736,13320.0,37.0,7.23122720025925,21.91333501435661,7905.0,5.0,18.951286600751278,30.130921955548818,42.0,42.0,7.187173651058755,23.395808651444472,37.0,37.0,5.9599962541687885,23.41406683275871,5.0,5.0,16.268286388044505,23.395808651444472,57.0,57.0,10.427661032219833,25.716003595644075,37.0,37.0,5.9599962541687885,23.41406683275871,20.0,20.0,18.692840871614266,28.25062504597511
M10O90D1,work,2801,2.801,100,158.0,0.0319191919191919,3.16,0.56,0.29,6.9,2.7444444444444445,130,8325.0,173.0,0.0207807807807807,2.6615384615384614,0.3846153846153846,203,30,0.6384615384615384,0.646110765401369,73.73573947313835,84.50347881087919,178.19753086419752,0,0,5.0,31.0,0.56,0.36,0.13,0.07,0.646110765401369,0.395457373988799,0.1983820784069695,0.0522713130056005,0.56,0.36,0.13,0.07,31149.0,31149.0,14.854984905163192,31.799161057351544,16920.0,16920.0,10.342524870082896,29.230507488422475,14229.0,14229.0,20.22084503542945,33.49634324542395,31149.0,55.99999999999999,11.930112039513595,30.367920792655383,16920.0,46.99999999999999,10.342524870082904,29.237001867424155,14229.0,8.999999999999996,20.22084503542946,33.49634324542395,56.0,56.0,10.607092870146143,30.840996244300356,47.0,47.0,9.053558897203452,28.624661427095983,9.0,9.0,18.71999250662465,33.364752476387096,83.0,83.0,13.880751362641158,32.007500939824055,47.0,47.0,9.053558897203452,28.624661427095983,36.0,36.0,20.18291930362928,34.63241322448028
M10O90D1,work,2901,2.901,100,137.0,0.0276767676767676,2.74,0.44,0.26,4.7,2.522222222222222,130,8325.0,144.0,0.0172972972972972,2.2153846153846155,0.3461538461538461,174,30,0.5,0.505849408836341,61.48102053515868,43.25110689437065,161.85802469135805,0,0,6.0,32.0,0.44,0.38,0.04,0.02,0.505849408836341,0.435718730553827,0.055196017423771,0.014934660858743,0.44,0.38,0.04,0.02,24387.0,24387.0,14.130089867182486,35.35173433922438,13320.0,13320.0,7.549542515894355,13.8317900713782,11067.0,11067.0,22.05029323929398,36.25263285955648,24387.0,43.99999999999999,9.85648013098066,33.71165775063093,13320.0,37.0,7.549542515894356,13.83691402076051,11067.0,6.999999999999999,22.050293239293985,36.25263285955648,44.0,44.0,8.546773731482277,29.99575783224972,37.0,37.0,6.147748961261601,14.24768298964382,7.0,7.0,21.227333231220143,31.242611168549644,65.0,65.0,12.893356240572428,34.83684826313462,37.0,37.0,6.147748961261601,14.24768298964382,28.0,28.0,21.807194431090306,36.24003665925046
M10O90D1,work,3001,3.001,100,161.0,0.0325252525252525,3.22,0.53,0.18,5.2,3.0,130,8325.0,171.0,0.0205405405405405,2.6307692307692307,0.3538461538461538,201,30,0.5461538461538461,0.5477286869943995,66.15432482887368,58.33017077798861,168.40740740740742,0,0,4.0,32.0,0.53,0.36,0.08,0.09,0.5477286869943995,0.370130678282514,0.110392034847542,0.0672059738643435,0.53,0.36,0.08,0.09,26406.0,26406.0,13.504026227658857,28.60469676321317,16920.0,16920.0,9.642997751202978,24.86468774599341,9486.0,9486.0,20.39087018945871,31.89771509958879,26406.0,52.99999999999999,10.859738027231932,26.5727091907662,16920.0,46.99999999999999,9.64299775120298,24.88611800730746,9486.0,5.999999999999999,20.39087018945871,31.89771509958879,53.0,53.0,9.755681413403469,24.63546772864332,47.0,47.0,8.428935436680788,25.825342904595427,6.0,6.0,20.148524897731097,24.63546772864332,71.0,71.0,12.330566339462514,27.232399168900145,47.0,47.0,8.428935436680788,25.825342904595427,24.0,24.0,19.97126019074339,31.613165982515834
M10O90D1,work,3101,3.101,100,151.0,0.0305050505050505,3.02,0.49,0.27,5.9,2.7,130,8325.0,165.0,0.0198198198198198,2.5384615384615383,0.4538461538461538,195,30,0.5384615384615384,0.5431860609831985,63.101016386641774,57.893738140417454,159.53395061728395,0,0,4.0,31.0,0.49,0.35,0.13,0.01,0.5431860609831985,0.3626633478531425,0.1477286869943995,0.0327940261356565,0.49,0.35,0.13,0.01,26187.0,26187.0,13.940209407794509,31.2743889026155,15120.0,15120.0,7.731091135068357,17.644813340457652,11067.0,11067.0,22.42325524529513,36.874742481991134,26187.0,48.99999999999999,9.829971722243611,26.97916513439985,15120.0,41.99999999999999,7.731091135068357,17.646275759501503,11067.0,6.999999999999999,22.42325524529513,36.874742481991134,49.0,49.0,9.15328344481769,29.867005268284263,42.0,42.0,6.638355347329648,15.994525845164953,7.0,7.0,24.242852029745958,43.07652701532686,70.0,70.0,12.93037354693498,29.867005268284263,42.0,42.0,6.638355347329648,15.994525845164953,28.0,28.0,22.36840084634298,39.01139648411523
M10O90D1,work,3201,3.201,100,160.0,0.0323232323232323,3.2,0.55,0.24,5.0,3.0,130,8325.0,168.0,0.0201801801801801,2.5846153846153848,0.3384615384615385,198,30,0.5615384615384615,0.5626633478531425,66.90935490562124,53.70651486401012,172.9104938271605,0,0,4.0,34.0,0.55,0.38,0.1,0.07,0.5626633478531425,0.385065339141257,0.1,0.0775980087118855,0.55,0.38,0.1,0.07,27126.0,27126.0,13.19983700498626,27.962573410246613,17640.0,17640.0,9.832491368285954,25.02111638983375,9486.0,9486.0,19.461694166212634,34.523711254515405,27126.0,54.99999999999999,10.882949855332503,26.00504926430937,17640.0,49.0,9.832491368285956,25.021136779403346,9486.0,5.999999999999999,19.461694166212634,34.523711254515405,55.0,55.0,9.494066765479465,24.04435479098016,49.0,49.0,8.5745096760352,24.04435479098016,6.0,6.0,17.00378299594095,27.248464615230105,73.0,73.0,12.019646151986176,26.89554920362956,49.0,49.0,8.5745096760352,24.04435479098016,24.0,24.0,19.053466457052743,35.57100963686997
M10O90D1,work,3301,3.301,100,155.0,0.0313131313131313,3.1,0.56,0.29,4.5,2.9444444444444446,130,8325.0,164.0,0.0196996996996997,2.523076923076923,0.3615384615384615,194,30,0.6153846153846154,0.620784069695084,64.4803982576229,45.50284629981024,169.6851851851852,0,0,4.0,34.0,0.56,0.38,0.12,0.06,0.620784069695084,0.385065339141257,0.190914747977598,0.044803982576229,0.56,0.38,0.12,0.06,29928.0,29928.0,13.177776194675593,28.390376994103896,17280.0,17280.0,8.65663043511029,23.050352106650568,12648.0,12648.0,19.35467362709878,33.26082130253034,29928.0,55.99999999999999,10.184922319680078,25.889615891923224,17280.0,48.0,8.65663043511029,23.063033157066368,12648.0,7.999999999999997,19.354673627098787,33.26082130253034,56.0,56.0,9.093552417039364,24.94006149207446,48.0,48.0,7.590712380849991,24.24839362979583,8.0,8.0,18.110592634175607,28.554814097843327,80.0,80.0,12.057589587258642,28.02415873576686,48.0,48.0,7.590712380849991,24.24839362979583,32.0,32.0,18.75790539687161,33.38208414946428
M10O90D1,work,3401,3.401,100,171.0,0.0345454545454545,3.42,0.56,0.23,5.6,3.1777777777777776,130,8325.0,178.0,0.0213813813813813,2.7384615384615385,0.4153846153846154,208,30,0.5461538461538461,0.544803982576229,67.39058286662518,39.4370651486401,181.30555555555557,0,0,4.0,35.0,0.56,0.39,0.13,0.04,0.544803982576229,0.3925326695706285,0.1224019912881144,0.029869321717486,0.56,0.39,0.13,0.04,26265.0,26265.0,12.289514836651144,31.72247475338926,18360.0,18360.0,9.104680019709164,22.852873875131444,7905.0,7905.0,19.6865505405164,34.904815101816475,26265.0,55.99999999999999,10.049489887638382,24.53040371442595,18360.0,51.0,9.104680019709164,22.855114927012696,7905.0,5.0,19.686550540516397,34.904815101816475,56.0,56.0,8.911188609170997,23.69989501943781,51.0,51.0,7.959695277573787,23.05822005727418,5.0,5.0,18.616420591462543,25.565879864649112,71.0,71.0,11.180781452978126,28.98717938245993,51.0,51.0,7.959695277573787,23.05822005727418,20.0,20.0,19.394551200259183,33.18081449170155
M10O90D1,work,3501,3.501,100,169.0,0.0341414141414141,3.38,0.55,0.23,4.5,3.2555555555555555,130,8325.0,176.0,0.0211411411411411,2.707692307692308,0.4,206,30,0.6307692307692307,0.6386434349719975,70.12030699025098,45.87602783048703,186.28703703703704,0,0,4.0,36.0,0.55,0.4,0.11,0.04,0.6386434349719975,0.4,0.1581207218419415,0.080522713130056,0.55,0.4,0.11,0.04,30789.0,30789.0,14.096978841311016,28.95953169537419,16560.0,16560.0,7.502837296912805,20.25798228786611,14229.0,14229.0,21.771375072615708,31.61493254467005,30789.0,54.99999999999999,9.83768893293692,25.3068044819922,16560.0,45.99999999999999,7.502837296912808,20.263150524380237,14229.0,8.999999999999996,21.77137507261572,31.61493254467005,55.0,55.0,8.826615186222908,24.087279807318133,46.0,46.0,6.176852292987885,18.75212636238972,9.0,9.0,22.36984775164636,34.17720261874415,82.0,82.0,13.005350380851922,28.53735528998019,46.0,46.0,6.176852292987885,18.75212636238972,36.0,36.0,21.730653493122635,31.864170400051904
M10O90D1,work,3601,3.601,100,203.0,0.041010101010101,4.06,0.54,0.2,6.2,3.8222222222222224,130,8325.0,215.0,0.0258258258258258,3.3076923076923075,0.4230769230769231,245,30,0.5538461538461539,0.555196017423771,73.65069487658162,54.34535104364326,192.6604938271605,0,0,4.0,36.0,0.54,0.4,0.12,0.02,0.555196017423771,0.4,0.140261356565028,0.014934660858743,0.54,0.4,0.12,0.02,26766.0,26766.0,10.748053400988136,24.562197451858676,17280.0,17280.0,6.966149728184288,15.631524203380811,9486.0,9486.0,17.637289693002746,28.497324381057748,26766.0,54.0,8.15183194649745,20.36047489288969,17280.0,48.0,6.966149728184288,15.632813929157974,9486.0,5.999999999999999,17.637289693002746,28.497324381057748,54.0,54.0,6.965967904645703,19.260110418991847,48.0,48.0,5.648026590938264,15.104808191830465,6.0,6.0,17.50949841430523,30.576580670019265,72.0,72.0,9.536663236800628,24.18576029694167,48.0,48.0,5.648026590938264,15.104808191830465,24.0,24.0,17.313936528525357,28.36174567950274
M10O90D1,work,3701,3.701,100,179.0,0.0361616161616161,3.58,0.65,0.22,6.1,3.3,130,8325.0,188.0,0.0225825825825825,2.892307692307692,0.3692307692307692,218,30,0.7307692307692307,0.7386434349719975,72.83551130470856,55.87602783048703,189.48765432098764,0,0,5.0,35.0,0.65,0.4,0.11,0.14,0.7386434349719975,0.425326695706285,0.1834474175482265,0.129869321717486,0.65,0.4,0.11,0.14,35610.0,35610.0,18.31024599290796,39.09846980586664,19800.0,19800.0,13.119655969596051,37.56022811503591,15810.0,15810.0,24.8107951682132,39.86870495204664,35610.0,64.99999999999999,14.91829276938331,38.32204979147075,19800.0,55.0,13.119655969596051,37.560621467656674,15810.0,10.0,24.810795168213208,39.86870495204664,65.0,65.0,13.907878283388738,38.91230826693395,55.0,55.0,11.929851610250669,38.91230826693395,10.0,10.0,24.787024985648134,37.33886862299832,95.0,95.0,17.252038054276827,39.5742546280764,55.0,55.0,11.929851610250669,38.91230826693395,40.0,40.0,24.57004441481281,39.80829738105572
M10O90D1,work,3801,3.801,100,177.0,0.0357575757575757,3.54,0.49,0.22,4.0,3.488888888888889,130,8325.0,180.0,0.0216216216216216,2.769230769230769,0.3538461538461538,210,30,0.4923076923076923,0.4925326695706285,68.20576643849823,32.81467425679949,186.96296296296296,0,0,5.0,35.0,0.49,0.4,0.07,0.02,0.4925326695706285,0.425326695706285,0.0522713130056005,0.014934660858743,0.49,0.4,0.07,0.02,23745.0,23745.0,11.30525869993572,26.807240447251345,15840.0,15840.0,7.210956073225213,18.5319134696598,7905.0,7905.0,19.50940210374273,28.665065613337664,23745.0,49.0,8.465899545727,23.395040438446863,15840.0,43.99999999999999,7.210956073225216,18.53929021373456,7905.0,5.0,19.50940210374273,28.665065613337664,49.0,49.0,7.33159669243421,21.48871149921455,44.0,44.0,5.936962299037086,17.187204085902263,5.0,5.0,19.604379354328906,25.184488867221173,64.0,64.0,10.115968535024171,26.17114663260644,44.0,44.0,5.936962299037086,17.187204085902263,20.0,20.0,19.30978225419577,27.286166342828427
M10O90D1,work,3901,3.901,100,160.0,0.0323232323232323,3.2,0.5,0.23,4.5,3.055555555555556,130,8325.0,172.0,0.0206606606606606,2.646153846153846,0.3692307692307692,202,30,0.5,0.5,74.21281891723709,61.79000632511069,190.7006172839506,0,0,5.0,34.0,0.5,0.39,0.11,0.0,0.5,0.4178593652769135,0.0821406347230865,0.0,0.5,0.39,0.11,0.0,24105.0,24105.0,10.468148366265716,26.497193561319403,16200.0,16200.0,6.823714911817102,14.436048533205946,7905.0,7905.0,17.936816546160408,30.93208343465228,24105.0,49.99999999999999,7.935025075251435,20.176257738751683,16200.0,44.99999999999999,6.823714911817104,14.449600335315289,7905.0,5.0,17.93681654616041,30.93208343465228,50.0,50.0,6.711191916725608,17.862912759250698,45.0,45.0,5.5725637987117285,11.947748106586326,5.0,5.0,16.958844978850514,26.115730390323403,65.0,65.0,9.295568921602236,27.814413264311444,45.0,45.0,5.5725637987117285,11.947748106586326,20.0,20.0,17.672330448105885,31.44660050221099
M10O90D1,work,4001,4.001,100,159.0,0.0321212121212121,3.18,0.57,0.16,5.1,2.966666666666667,130,8325.0,172.0,0.0206606606606606,2.646153846153846,0.4769230769230769,202,30,0.6461538461538462,0.6535780958307406,69.82576228998133,44.939911448450346,185.8672839506173,0,0,5.0,32.0,0.57,0.37,0.08,0.12,0.6535780958307406,0.4029247044181705,0.085065339141257,0.165588052271313,0.57,0.37,0.08,0.12,31509.0,31509.0,15.654308398696331,32.53676468787741,17280.0,17280.0,9.759480642484563,24.98061056192558,14229.0,14229.0,22.81311250491176,34.22851328541538,31509.0,56.99999999999999,11.82058041023623,30.07433627814621,17280.0,48.0,9.759480642484563,24.985788050170548,14229.0,8.999999999999996,22.81311250491177,34.22851328541538,57.0,57.0,10.89039768972844,29.82855502225657,48.0,48.0,8.653448951154049,23.91648504942094,9.0,9.0,22.820790962125187,37.63392179630424,84.0,84.0,14.64630209867752,32.05636731856846,48.0,48.0,8.653448951154049,23.91648504942094,36.0,36.0,22.636772962042144,34.047915898028904
M10O90D1,work,4101,4.101,100,140.0,0.0282828282828282,2.8,0.5,0.27,5.1,2.5444444444444443,130,8325.0,146.0,0.0175375375375375,2.246153846153846,0.2923076923076923,176,30,0.5230769230769231,0.525326695706285,65.07985895042522,59.601518026565465,164.5895061728395,0,0,5.0,31.0,0.5,0.36,0.13,0.01,0.525326695706285,0.395457373988799,0.1224019912881144,0.0074673304293715,0.5,0.36,0.13,0.01,25326.0,25326.0,14.584432577228585,31.01132609640153,15840.0,15840.0,10.430223344613864,29.711868521135933,9486.0,9486.0,21.52125254819814,31.48910585801381,25326.0,50.0,11.761146849043977,30.38226917413401,15840.0,43.99999999999999,10.430223344613864,29.71364886193229,9486.0,5.999999999999999,21.52125254819815,31.48910585801381,50.0,50.0,10.787533859359394,27.65931209244735,44.0,44.0,9.406587778371083,28.9931345166418,6.0,6.0,20.914471786606995,23.76279539598025,68.0,68.0,13.581281117239786,29.95781131230549,44.0,44.0,9.406587778371083,28.9931345166418,24.0,24.0,21.23488557183241,29.95781131230549
M10O90D1,work,4201,4.2010000000000005,100,154.0,0.0311111111111111,3.08,0.48,0.24,4.7,2.9,130,8325.0,163.0,0.0195795795795795,2.507692307692308,0.4076923076923077,193,30,0.4846153846153846,0.485065339141257,70.77162414436839,59.74067046173308,181.45987654320987,0,0,5.0,31.0,0.48,0.36,0.11,0.01,0.485065339141257,0.395457373988799,0.0821406347230865,0.0074673304293715,0.48,0.36,0.11,0.01,23385.0,23385.0,10.182932712013269,21.40407029361254,15480.0,15480.0,7.328262806287142,16.223270701666124,7905.0,7905.0,15.77310224277107,29.116530327092484,23385.0,47.99999999999999,8.207933580920885,17.807799904835676,15480.0,42.99999999999999,7.328262806287144,16.22506057606461,7905.0,5.0,15.773102242771069,29.116530327092484,48.0,48.0,6.9230705354312745,14.971691091415131,43.0,43.0,6.154177863199301,14.735679235654713,5.0,5.0,13.535547516626249,20.35433017845499,63.0,63.0,8.999659887202107,19.72780015200903,43.0,43.0,6.154177863199301,14.735679235654713,20.0,20.0,15.117446238808132,24.09224489662972
M10O90D1,work,4301,4.301,100,170.0,0.0343434343434343,3.4,0.54,0.22,5.7,3.1444444444444444,130,8325.0,176.0,0.0211411411411411,2.707692307692308,0.3461538461538461,206,30,0.6,0.605849408836341,65.30802738021157,51.29032258064516,169.32407407407408,0,0,6.0,30.0,0.54,0.36,0.09,0.09,0.605849408836341,0.420784069695084,0.0925326695706285,0.0925326695706285,0.54,0.36,0.09,0.09,29208.0,29208.0,14.821669738354146,33.31692914607101,16560.0,16560.0,10.92930960253675,31.616623524691903,12648.0,12648.0,19.91792873970899,35.169880439837165,29208.0,54.0,12.260956882117824,32.24825621765411,16560.0,45.99999999999999,10.929309602536753,31.62934525888682,12648.0,7.999999999999997,19.917928739709,35.169880439837165,54.0,54.0,11.166057104298902,30.394167695071467,46.0,46.0,9.790650963432968,30.394167695071467,8.0,8.0,19.074642414278,36.0875802726812,78.0,78.0,13.844474864100066,34.59344539414805,46.0,46.0,9.790650963432968,30.394167695071467,32.0,32.0,19.671846721309016,34.59344539414805
M10O90D1,work,4401,4.401,100,162.0,0.0327272727272727,3.24,0.57,0.26,7.2,2.8,130,8325.0,179.0,0.0215015015015015,2.753846153846154,0.4384615384615384,209,30,0.6230769230769231,0.6282514001244555,69.16822236050612,74.20619860847565,169.62962962962962,0,0,6.0,30.0,0.57,0.36,0.13,0.08,0.6282514001244555,0.420784069695084,0.1477286869943995,0.059738643434972,0.57,0.36,0.13,0.08,30288.0,30288.0,13.842893280633952,32.28800237356777,17640.0,17640.0,11.319216560538017,31.018328815806147,12648.0,12648.0,17.362632159705132,32.96163540985726,30288.0,56.99999999999999,12.167415241122878,31.519476407783262,17640.0,49.0,11.319216560538017,31.032207508050856,12648.0,7.999999999999997,17.36263215970514,32.96163540985726,57.0,57.0,11.10738851829742,29.39858856925619,49.0,49.0,10.275809754289943,31.737366448306812,8.0,8.0,16.200808447843233,28.988582127400875,81.0,81.0,12.93792561731918,31.737366448306812,49.0,49.0,10.275809754289943,31.737366448306812,32.0,32.0,17.01429053258269,32.42557857148623
M10O90D1,work,4501,4.501,100,161.0,0.0325252525252525,3.22,0.58,0.29,6.0,2.911111111111111,130,8325.0,183.0,0.0219819819819819,2.815384615384616,0.5076923076923077,213,30,0.6538461538461539,0.661045426260112,70.69487658162207,75.3763440860215,173.60185185185185,0,0,5.0,32.0,0.58,0.37,0.14,0.07,0.661045426260112,0.4029247044181705,0.180522713130056,0.0775980087118855,0.58,0.37,0.14,0.07,31869.0,31869.0,12.809959808016302,27.54708522963588,17640.0,17640.0,8.141445792147213,19.673141482114637,14229.0,14229.0,18.597617917506128,29.652984492656515,31869.0,57.99999999999998,9.763955259875326,24.419474838545508,17640.0,49.0,8.141445792147213,19.679184609313594,14229.0,8.999999999999996,18.59761791750613,29.652984492656515,58.0,58.0,8.694537476719432,23.348968637784616,49.0,49.0,7.0129744582007705,20.160526170593894,9.0,9.0,17.849713910876595,29.19061372567932,85.0,85.0,11.759273082543013,26.316938432153563,49.0,49.0,7.0129744582007705,20.160526170593894,36.0,36.0,18.21951287678662,29.00990281999393
M10O90D1,work,4601,4.601,100,150.0,0.0303030303030303,3.0,0.54,0.27,6.0,2.6666666666666665,130,8325.0,163.0,0.0195795795795795,2.507692307692308,0.4461538461538462,193,30,0.6230769230769231,0.631176104542626,60.06222775357809,66.53383934218849,146.27469135802468,0,0,6.0,32.0,0.54,0.38,0.1,0.06,0.631176104542626,0.435718730553827,0.1,0.095457373988799,0.54,0.38,0.1,0.06,30429.0,30429.0,14.23248816869897,32.53075297660644,16200.0,16200.0,9.83196513764728,28.871218620309644,14229.0,14229.0,19.2425713160064,33.8302548048525,30429.0,53.99999999999999,11.400399500707136,30.53731770993142,16200.0,44.99999999999999,9.831965137647284,28.872404813089105,14229.0,8.999999999999996,19.242571316006405,33.8302548048525,54.0,54.0,10.087622386961415,28.87493968439298,45.0,45.0,8.61579809674856,28.099573118914613,9.0,9.0,17.4467438380257,30.46821002775708,81.0,81.0,13.123393523208165,31.54631781057839,45.0,45.0,8.61579809674856,28.099573118914613,36.0,36.0,18.757887806282667,32.23327193226522
M10O90D1,work,4701,4.7010000000000005,100,179.0,0.0361616161616161,3.58,0.58,0.3,6.2,3.2888888888888888,130,8325.0,197.0,0.0236636636636636,3.0307692307692307,0.5307692307692308,227,30,0.5846153846153846,0.585065339141257,65.98008711885501,59.32321315623023,167.40432098765433,0,0,6.0,33.0,0.58,0.39,0.15,0.04,0.585065339141257,0.4431860609831985,0.1120099564405724,0.029869321717486,0.58,0.39,0.15,0.04,28206.0,28206.0,11.374972786574876,22.58415037619617,18720.0,18720.0,9.090006807400028,20.26853550934493,9486.0,9486.0,15.88420356141708,33.12394595085212,28206.0,57.99999999999998,9.792854747470765,20.965440722994103,18720.0,52.0,9.090006807400028,20.269501670924168,9486.0,5.999999999999999,15.884203561417085,33.12394595085212,58.0,58.0,8.575655862644004,19.633918181827863,52.0,52.0,8.064293743672959,19.239691151962727,6.0,6.0,13.007460893726416,28.54003394633041,76.0,76.0,10.370766756381933,22.183474551681005,52.0,52.0,8.064293743672959,19.239691151962727,24.0,24.0,15.368124950584706,31.013371644545845
M10O90D1,work,4801,4.801,100,178.0,0.0359595959595959,3.56,0.62,0.19,5.8,3.311111111111111,130,8325.0,187.0,0.0224624624624624,2.876923076923077,0.4846153846153846,217,30,0.6846153846153846,0.690914747977598,72.36672889442025,50.45540796963947,190.73765432098764,0,0,5.0,34.0,0.62,0.39,0.16,0.07,0.690914747977598,0.4178593652769135,0.220784069695084,0.0522713130056005,0.62,0.39,0.16,0.07,33309.0,33309.0,13.347674066226352,27.728822996841767,19080.0,19080.0,9.347225233558367,24.094872715486737,14229.0,14229.0,18.711969781125863,29.00323012025393,33309.0,61.99999999999999,10.70662363562462,25.55400097138656,19080.0,53.000000000000014,9.347225233558364,24.101912076940017,14229.0,8.999999999999996,18.711969781125877,29.00323012025393,62.0,62.0,9.71393814514255,23.490806239900564,53.0,53.0,8.456592469295966,23.490806239900564,9.0,9.0,17.118307125128,23.90980455227981,89.0,89.0,12.38456639261573,26.86362802183406,53.0,53.0,8.456592469295966,23.490806239900564,36.0,36.0,18.16741689083649,28.29085073637556
M10O90D1,work,4901,4.901,100,161.0,0.0325252525252525,3.22,0.43,0.24,5.6,2.955555555555556,130,8325.0,176.0,0.0211411411411411,2.707692307692308,0.3923076923076923,206,30,0.4461538461538462,0.4477286869943995,68.36755859780129,78.56419987349778,165.12037037037038,0,0,5.0,32.0,0.43,0.37,0.06,0.0,0.4477286869943995,0.4029247044181705,0.044803982576229,0.0,0.43,0.37,0.06,0.0,21585.0,21585.0,10.425552605897046,24.857733492825687,13680.0,13680.0,6.538290767221904,15.12677755314923,7905.0,7905.0,17.152654687247573,28.697502944142457,21585.0,43.0,7.772519130015586,20.57726189063286,13680.0,37.99999999999999,6.538290767221905,15.127219254363206,7905.0,5.0,17.152654687247576,28.697502944142457,43.0,43.0,6.232725873325194,20.21465098415862,38.0,38.0,5.153998176047572,16.225892916093706,5.0,5.0,14.431056372635126,20.870366864442936,58.0,58.0,9.099543073817712,25.374119001465488,38.0,38.0,5.153998176047572,16.225892916093706,20.0,20.0,16.59607837958098,28.64439389977374
M20O80D1,work,1001,1.001,100,143.0,0.0288888888888888,2.86,0.55,0.22,3.8,2.625,160,12600.0,169.0,0.0134126984126984,2.1125,0.28125,229,60,0.55,0.55,51.63356504468719,54.354838709677416,156.96875,0,0,7.0,28.0,0.55,0.35,0.07,0.13,0.55,0.35,0.0821251241310824,0.1178748758689175,0.55,0.35,0.07,0.13,33231.0,33231.0,16.404252428360113,32.89926867833266,15840.0,15840.0,11.813929477226354,33.176720720983056,17391.0,17391.0,20.58519173869068,32.75864740444616,33231.0,54.99999999999999,13.568181929519223,33.03818602335792,15840.0,43.99999999999999,11.813929477226358,33.18362607439741,17391.0,10.999999999999998,20.58519173869068,32.75864740444616,55.0,55.0,12.619037279393076,32.44675534960151,44.0,44.0,10.718283119502557,31.351527023098956,11.0,11.0,20.222053918955144,32.44675534960151,88.0,88.0,15.5427271969505,32.28475035093513,44.0,44.0,10.718283119502557,31.351527023098956,44.0,44.0,20.367171274398437,32.28475035093513
M20O80D1,work,1101,1.101,100,157.0,0.0317171717171717,3.14,0.55,0.21,3.6,3.025,160,12600.0,190.0,0.015079365079365,2.375,0.3375,250,60,0.53125,0.5297914597815293,60.98642833498842,63.26375711574953,186.43055555555557,0,0,6.0,29.0,0.55,0.35,0.08,0.12,0.5297914597815293,0.3297914597815293,0.1082919563058589,0.091708043694141,0.55,0.35,0.08,0.12,32010.0,32010.0,16.973407902599675,38.5122045537621,16200.0,16200.0,14.092710841412565,39.66619538979287,15810.0,15810.0,19.9251658021083,37.93687945979023,32010.0,54.99999999999999,15.1531571979027,39.11917188814668,16200.0,44.99999999999999,14.092710841412568,39.674578989809824,15810.0,10.0,19.925165802108296,37.93687945979023,55.0,55.0,14.076244297487332,38.73850706851523,45.0,45.0,13.077082200490857,39.09691234998969,10.0,10.0,18.57247373397148,28.96913079445214,85.0,85.0,16.206125137619246,39.09691234998969,45.0,45.0,13.077082200490857,39.09691234998969,40.0,40.0,19.726298441888684,39.05063005139437
M20O80D1,work,1201,1.201,100,164.0,0.0331313131313131,3.28,0.54,0.13,3.7,3.175,160,12600.0,183.0,0.0145238095238095,2.2875,0.3,243,60,0.525,0.5238331678252235,59.28997020854022,49.58570524984187,194.32986111111111,0,0,5.0,29.0,0.54,0.34,0.08,0.12,0.5238331678252235,0.3036246276067527,0.0880834160873882,0.1321251241310824,0.54,0.34,0.08,0.12,31650.0,31650.0,17.59108432071302,36.803087396314574,15840.0,15840.0,12.1122679173656,37.26877024191791,15810.0,15810.0,23.080296960119917,36.59912903582611,31650.0,53.99999999999999,14.143384406764554,37.02700791424076,15840.0,43.99999999999999,12.112267917365608,37.2787728520392,15810.0,10.0,23.08029696011992,36.59912903582611,54.0,54.0,12.761708381197383,31.93964903109211,44.0,44.0,10.789002018369953,37.90754146123094,10.0,10.0,21.44161637763808,31.40139579018629,84.0,84.0,16.572038897747813,37.82480452890875,44.0,44.0,10.789002018369953,37.90754146123094,40.0,40.0,22.933379465063464,36.82172195197259
M20O80D1,work,1301,1.301,100,166.0,0.0335353535353535,3.32,0.62,0.17,4.1,3.125,160,12600.0,185.0,0.0146825396825396,2.3125,0.35625,245,60,0.63125,0.6321251241310825,58.7471036080768,52.874762808349146,188.44097222222223,0,0,5.0,30.0,0.62,0.35,0.12,0.15,0.6321251241310825,0.3095829195630586,0.1321251241310824,0.1904170804369414,0.62,0.35,0.12,0.15,38193.0,38193.0,19.657365539576,41.65463078864944,17640.0,17640.0,12.328396765843808,37.23711696448226,20553.0,20553.0,25.94759125692314,48.24859775849716,38193.0,62.000000000000014,15.184034320424956,39.083241925583046,17640.0,49.0,12.328396765843808,37.24776243658499,20553.0,12.999999999999998,25.947591256923143,48.24859775849716,62.0,62.0,14.269651073866514,37.04353513261195,49.0,49.0,11.365487480237917,37.04353513261195,13.0,13.0,25.216113849851247,43.562067170405896,101.0,101.0,18.82448288382112,40.83745361642525,49.0,49.0,11.365487480237917,37.04353513261195,52.0,52.0,25.853151629505287,46.005674644145
M20O80D1,work,1401,1.401,100,138.0,0.0278787878787878,2.76,0.47,0.29,3.0,2.7,160,12600.0,158.0,0.0125396825396825,1.975,0.3,218,60,0.4625,0.4619165839126117,49.91559086395233,49.16508538899431,155.45833333333334,0,0,5.0,31.0,0.47,0.36,0.07,0.04,0.4619165839126117,0.3155412115193644,0.1023336643495531,0.0440417080436941,0.47,0.36,0.07,0.04,27909.0,27909.0,13.924793897682186,33.7242083403473,13680.0,13680.0,7.085412420593232,19.0891935261387,14229.0,14229.0,20.50029032094291,36.298878147918586,27909.0,46.99999999999999,9.654218827043175,28.238797936521628,13680.0,37.99999999999999,7.085412420593234,19.161706350616058,14229.0,8.999999999999996,20.50029032094292,36.298878147918586,47.0,47.0,8.535091149324993,25.518479105836988,38.0,38.0,5.970216331953499,19.873967595310003,9.0,9.0,19.364562600449077,39.56641424408653,74.0,74.0,12.916303809447324,34.16702533568132,38.0,38.0,5.970216331953499,19.873967595310003,36.0,36.0,20.24828503569081,36.5048612285378
M20O80D1,work,1501,1.501,100,150.0,0.0303030303030303,3.0,0.59,0.23,3.15,2.9625,160,12600.0,172.0,0.0136507936507936,2.15,0.325,232,60,0.6125,0.6142502482621649,51.880172128434296,36.79000632511069,177.28819444444446,0,0,4.0,31.0,0.59,0.35,0.12,0.12,0.6142502482621649,0.2893743793445879,0.1321251241310824,0.1927507447864945,0.59,0.35,0.12,0.12,37113.0,37113.0,19.05174701740328,40.40990412184434,16560.0,16560.0,9.368654443348667,26.042872042698523,20553.0,20553.0,26.85362572252391,42.78275934108915,37113.0,59.0,13.221275233675415,36.44699025682517,16560.0,45.99999999999999,9.36865444334867,26.04319992648077,20553.0,12.999999999999998,26.853625722523912,42.78275934108915,59.0,59.0,12.60435330555358,38.35020770370348,46.0,46.0,8.192463355929052,25.09346817814893,13.0,13.0,28.215656204224977,45.40827540231976,98.0,98.0,17.964135444297654,40.42038377647911,46.0,46.0,8.192463355929052,25.09346817814893,52.0,52.0,26.608306907085268,42.942231658429264
M20O80D1,work,1601,1.601,100,136.0,0.0274747474747474,2.72,0.45,0.25,3.0,2.65,160,12600.0,148.0,0.0117460317460317,1.85,0.2875,208,60,0.39375,0.3893743793445879,49.52168156239656,46.70777988614801,156.50347222222223,0,0,4.0,31.0,0.45,0.35,0.06,0.04,0.3893743793445879,0.2893743793445879,0.0559582919563058,0.0440417080436941,0.45,0.35,0.06,0.04,23526.0,23526.0,12.269104196330725,27.488186824275772,14040.0,14040.0,7.721551427973557,17.373089530896756,9486.0,9486.0,18.99982745879484,31.62546442759815,23526.0,45.0,9.225321565416396,22.74057382716444,14040.0,38.99999999999999,7.721551427973559,17.390388990010653,9486.0,5.999999999999999,18.999827458794844,31.62546442759815,45.0,45.0,8.073787575105856,19.58054690880677,39.0,39.0,6.508559291573548,19.39672667342178,6.0,6.0,18.24777141806587,32.76524618024895,63.0,63.0,11.105913591944894,26.41193209909998,39.0,39.0,6.508559291573548,19.39672667342178,24.0,24.0,18.576614330048333,30.99680978183813
M20O80D1,work,1701,1.701,100,147.0,0.0296969696969696,2.94,0.39,0.2,3.05,2.9125,160,12600.0,162.0,0.0128571428571428,2.025,0.25,222,60,0.31875,0.3132075471698113,50.0380668652764,38.8741302972802,167.27083333333334,0,0,4.0,32.0,0.39,0.36,0.03,0.0,0.3132075471698113,0.2953326713008937,0.0178748758689175,0.0,0.39,0.36,0.03,0.0,18924.0,18924.0,8.789792731671136,21.38664911802882,12600.0,12600.0,4.980923573822554,9.994490533298697,6324.0,6324.0,16.378621224538332,33.45216492293032,18924.0,39.0,6.149918204665196,13.78037902298363,12600.0,35.0,4.980923573822553,9.996854767334824,6324.0,3.999999999999999,16.37862122453834,33.45216492293032,39.0,39.0,4.893922045348759,16.832795416227142,35.0,35.0,3.5621741529563566,4.41809614255665,4.0,4.0,16.546716103782288,26.037838393048474,51.0,51.0,7.5032040761185,20.64642464095932,35.0,35.0,3.5621741529563566,4.41809614255665,16.0,16.0,16.124207033035688,31.519069619015905
M20O80D1,work,1801,1.801,100,169.0,0.0341414141414141,3.38,0.44,0.2,3.55,3.3375,160,12600.0,185.0,0.0146825396825396,2.3125,0.29375,245,60,0.3875,0.383416087388282,52.93942403177756,31.850094876660343,187.15625,0,0,4.0,33.0,0.44,0.37,0.07,0.0,0.383416087388282,0.3012909632571996,0.0821251241310824,0.0,0.44,0.37,0.07,0.0,23166.0,23166.0,10.542734591210763,26.060112250061263,13680.0,13680.0,5.075155122289572,10.851172003216131,9486.0,9486.0,18.427668929692945,31.608411324820505,23166.0,44.0,6.89595245966276,13.61707199982802,13680.0,37.99999999999999,5.075155122289574,10.851424545572137,9486.0,5.999999999999999,18.427668929692945,31.608411324820505,44.0,44.0,5.414258769961949,11.908165956601652,38.0,38.0,3.5587210262810074,9.476555814388256,6.0,6.0,17.165997813274572,31.218180380315207,62.0,62.0,9.116731770793008,25.10670635144172,38.0,38.0,3.5587210262810074,9.476555814388256,24.0,24.0,17.916915449603668,31.346333213684417
M20O80D1,work,1901,1.901,100,140.0,0.0282828282828282,2.8,0.44,0.22,2.6,2.85,160,12600.0,152.0,0.012063492063492,1.9,0.30625,212,60,0.3875,0.383416087388282,46.05759682224429,24.33270082226439,166.53472222222223,0,0,4.0,32.0,0.44,0.36,0.04,0.04,0.383416087388282,0.2953326713008937,0.0440417080436941,0.0440417080436941,0.44,0.36,0.04,0.04,23166.0,23166.0,11.185456766281614,24.57453653878358,13680.0,13680.0,6.685296432090155,17.199809150156835,9486.0,9486.0,17.67525155562793,25.43092630175044,23166.0,44.0,8.183926676208943,22.83696284177127,13680.0,37.99999999999999,6.685296432090157,17.307903811022047,9486.0,5.999999999999999,17.675251555627934,25.43092630175044,44.0,44.0,6.835666830280858,19.94695962757712,38.0,38.0,5.190881719271509,18.77850833071367,6.0,6.0,17.252639200006733,22.712947390911765,62.0,62.0,10.0430523519784,24.29803457320034,38.0,38.0,5.190881719271509,18.77850833071367,24.0,24.0,17.725655853764312,25.97131400477093
M20O80D1,work,2001,2.001,100,146.0,0.0294949494949494,2.92,0.44,0.19,3.2,2.85,160,12600.0,165.0,0.013095238095238,2.0625,0.29375,225,60,0.3875,0.383416087388282,53.09169149288315,42.82732447817837,175.74305555555554,0,0,4.0,31.0,0.44,0.35,0.09,0.0,0.383416087388282,0.2893743793445879,0.0940417080436941,0.0,0.44,0.35,0.09,0.0,23166.0,23166.0,11.675517538421628,27.5673642408968,13680.0,13680.0,6.821427966677552,16.278592248063337,9486.0,9486.0,18.67572261342258,34.736060852083284,23166.0,44.0,8.437922691233693,20.126388419710523,13680.0,37.99999999999999,6.821427966677553,16.281606771124828,9486.0,5.999999999999999,18.675722613422582,34.736060852083284,44.0,44.0,7.07461568225503,18.947886969594965,38.0,38.0,5.504858413583821,16.976405552579276,6.0,6.0,17.01641171717268,31.069502957651693,62.0,62.0,10.491258783563367,26.95688506522128,38.0,38.0,5.504858413583821,16.976405552579276,24.0,24.0,18.38639270269765,31.90429220668598
M20O80D1,work,2101,2.101,100,160.0,0.0323232323232323,3.2,0.5,0.27,3.25,3.1875,160,12600.0,179.0,0.0142063492063492,2.2375,0.25,239,60,0.48125,0.4797914597815293,47.25256537570341,35.59139784946237,159.1875,0,0,4.0,32.0,0.5,0.36,0.06,0.08,0.4797914597815293,0.2953326713008937,0.0963753723932472,0.0880834160873882,0.5,0.36,0.06,0.08,28989.0,28989.0,18.82403286796159,44.464949055068125,14760.0,14760.0,11.312917632223764,37.18484659886689,14229.0,14229.0,26.61544905177565,45.768901570235045,28989.0,50.0,14.067373287743102,40.9223642521628,14760.0,41.0,11.312917632223764,37.1880888348366,14229.0,8.999999999999996,26.615449051775663,45.768901570235045,50.0,50.0,12.9128015267902,39.727350541575326,41.0,41.0,10.027136756754656,37.35900324055397,9.0,9.0,26.058607701396568,45.95457083002668,77.0,77.0,17.7579249710751,45.38708608810786,41.0,41.0,10.027136756754656,37.35900324055397,36.0,36.0,26.56243377071783,46.1317980422442
M20O80D1,work,2201,2.201,100,150.0,0.0303030303030303,3.0,0.52,0.29,3.65,2.8375,160,12600.0,164.0,0.013015873015873,2.05,0.325,224,60,0.5125,0.5119165839126117,47.35683548493876,36.62239089184061,158.49305555555554,0,0,5.0,30.0,0.52,0.35,0.1,0.07,0.5119165839126117,0.3095829195630586,0.1202085402184707,0.0821251241310824,0.52,0.35,0.1,0.07,30930.0,30930.0,16.01762175138232,34.5956180872609,15120.0,15120.0,9.754977803780758,28.130082407102723,15810.0,15810.0,22.0069434773618,36.2154115661186,30930.0,51.99999999999999,12.111125048700192,32.89493704292042,15120.0,41.99999999999999,9.754977803780758,28.13043680703647,15810.0,10.0,22.0069434773618,36.2154115661186,52.0,52.0,10.853743177638954,32.94144134752617,42.0,42.0,8.255339462351227,26.02297776762698,10.0,10.0,21.767038781847408,36.28649459559213,82.0,82.0,14.779152909277595,34.480534291284606,42.0,42.0,8.255339462351227,26.02297776762698,40.0,40.0,21.62915702855028,36.10023374289298
M20O80D1,work,2301,2.301,100,156.0,0.0315151515151515,3.12,0.5,0.24,3.05,3.1375,160,12600.0,175.0,0.0138888888888888,2.1875,0.28125,235,60,0.44375,0.4393743793445879,59.24362793776895,51.44528779253637,192.09375,0,0,4.0,29.0,0.5,0.33,0.1,0.07,0.4393743793445879,0.2774577954319762,0.1,0.0619165839126117,0.5,0.33,0.1,0.07,26547.0,26547.0,14.193902149909867,31.984432678391823,15480.0,15480.0,9.5438120326128,31.49642408631431,11067.0,11067.0,20.698229882426237,32.36554836512816,26547.0,50.0,11.10543053158668,31.70989464950811,15480.0,42.99999999999999,9.543812032612806,31.502055902509245,11067.0,6.999999999999999,20.69822988242624,32.36554836512816,50.0,50.0,9.790208289374352,32.19133029240345,43.0,43.0,8.333106507528846,32.19133029240345,7.0,7.0,18.740976377853865,34.28823768044484,71.0,71.0,13.05469662689034,30.358928953814463,43.0,43.0,8.333106507528846,32.19133029240345,28.0,28.0,20.3057100244812,30.358928953814463
M20O80D1,work,2401,2.401,100,129.0,0.026060606060606,2.58,0.44,0.24,2.85,2.5125,160,12600.0,148.0,0.0117460317460317,1.85,0.275,208,60,0.3875,0.383416087388282,46.47136709698776,45.082226438962685,145.48958333333334,0,0,5.0,29.0,0.44,0.34,0.09,0.01,0.383416087388282,0.3036246276067527,0.0536246276067527,0.0261668321747765,0.44,0.34,0.09,0.01,23166.0,23166.0,12.221110637757077,33.32769867684997,13680.0,13680.0,8.393660140553505,30.104584552843026,9486.0,9486.0,17.740773593876074,35.48166375663908,23166.0,44.0,9.668266520552038,31.797497173915406,13680.0,37.99999999999999,8.393660140553507,30.125440835373954,9486.0,5.999999999999999,17.740773593876074,35.48166375663908,44.0,44.0,8.417381224076907,29.08684163413544,38.0,38.0,7.18287628643044,32.01554504162265,6.0,6.0,16.23591249583787,29.08684163413544,62.0,62.0,11.066064275506177,33.87378661786922,38.0,38.0,7.18287628643044,32.01554504162265,24.0,24.0,17.214445258209434,36.463692836520245
M20O80D1,work,2501,2.501,100,147.0,0.0296969696969696,2.94,0.45,0.18,3.3,2.85,160,12600.0,171.0,0.0135714285714285,2.1375,0.275,231,60,0.4125,0.4095829195630586,46.04601125455147,40.80961416824795,148.39583333333334,0,0,4.0,30.0,0.45,0.34,0.06,0.05,0.4095829195630586,0.283416087388282,0.0761668321747765,0.05,0.45,0.34,0.06,0.05,24747.0,24747.0,14.588378774744829,35.787924713333084,13680.0,13680.0,8.986041175791016,28.00335525909608,11067.0,11067.0,21.513469436503943,41.025949318142615,24747.0,45.00000000000001,10.93475223856858,30.78031722324989,13680.0,37.99999999999999,8.986041175791017,28.00429267771209,11067.0,6.999999999999999,21.513469436503957,41.025949318142615,45.0,45.0,9.845550299527137,30.140719496089208,38.0,38.0,7.6603916006518755,28.583422000586115,7.0,7.0,21.70784037913568,50.015916006923256,66.0,66.0,13.622017404679632,36.55484764939232,38.0,38.0,7.6603916006518755,28.583422000586115,28.0,28.0,21.712795281574447,41.69573646329823
M20O80D1,work,2601,2.601,100,163.0,0.0329292929292929,3.26,0.48,0.23,3.45,3.2125,160,12600.0,190.0,0.015079365079365,2.375,0.3125,250,60,0.45,0.4476663356504469,52.707712677921215,44.402277039848194,172.40277777777777,0,0,4.0,30.0,0.48,0.34,0.08,0.06,0.4476663356504469,0.283416087388282,0.1082919563058589,0.0559582919563058,0.48,0.34,0.08,0.06,27048.0,27048.0,14.118671167919858,33.53281431394985,14400.0,14400.0,9.025351809154747,28.616091812450904,12648.0,12648.0,19.91751673767141,36.31456235649311,27048.0,47.99999999999999,10.840712630574195,30.29720727841262,14400.0,40.0,9.02535180915475,28.631901616019324,12648.0,7.999999999999997,19.917516737671413,36.31456235649311,48.0,48.0,9.600082131994858,30.63360818360625,40.0,40.0,7.778761555251535,26.48173730536408,8.0,8.0,18.70668501571147,41.57234597355252,72.0,72.0,13.038932697367548,32.420464650052544,40.0,40.0,7.778761555251535,26.48173730536408,32.0,32.0,19.61414662501256,34.51916112467787
M20O80D1,work,2701,2.701,100,140.0,0.0282828282828282,2.8,0.65,0.21,3.3,2.675,160,12600.0,154.0,0.0122222222222222,1.925,0.24375,214,60,0.63125,0.6297914597815293,49.3164515061238,38.592662871600254,164.55208333333334,0,0,3.0,29.0,0.65,0.32,0.1,0.23,0.6297914597815293,0.2512909632571996,0.1202085402184707,0.258291956305859,0.65,0.32,0.1,0.23,38052.0,38052.0,20.92482798489673,38.42218295954323,19080.0,19080.0,15.541405465071364,36.86045570623452,18972.0,18972.0,26.33889617371541,39.43967845879308,38052.0,65.00000000000001,17.534788365128723,37.53797264358138,19080.0,53.000000000000014,15.541405465071357,36.86673312437865,18972.0,11.999999999999998,26.33889617371542,39.43967845879308,65.0,65.0,16.687450309140356,36.60648969790915,53.0,53.0,14.760283968947096,36.60648969790915,12.0,12.0,25.19910164499392,35.901358591481305,101.0,101.0,20.209616220204463,37.22850523524294,53.0,53.0,14.760283968947096,36.60648969790915,48.0,48.0,26.226587247634477,38.71964662328991
M20O80D1,work,2801,2.801,100,151.0,0.0305050505050505,3.02,0.37,0.26,3.3,2.95,160,12600.0,180.0,0.0142857142857142,2.25,0.2375,240,60,0.30625,0.3012909632571996,51.6964581264482,44.97153700189753,167.53472222222223,0,0,3.0,30.0,0.37,0.33,0.03,0.01,0.3012909632571996,0.2572492552135054,0.0380834160873882,0.0059582919563058,0.37,0.33,0.03,0.01,18204.0,18204.0,10.11126471980266,27.85916001379624,11880.0,11880.0,5.929445575737588,10.695537250522603,6324.0,6324.0,17.967054003719973,36.55074303799928,18204.0,37.0,7.230808649032979,21.17548727191873,11880.0,33.0,5.929445575737587,10.698710330308208,6324.0,3.999999999999999,17.96705400371998,36.55074303799928,37.0,37.0,5.817016678399815,16.087970169034428,33.0,33.0,4.510846919236335,4.519775713598802,4.0,4.0,16.592917191498525,33.83152746664365,49.0,49.0,8.735801365305276,28.43502440183773,33.0,33.0,4.510846919236335,4.519775713598802,16.0,16.0,17.44976991032247,35.921387280735175
M20O80D1,work,2901,2.901,100,129.0,0.026060606060606,2.58,0.48,0.28,2.85,2.5125,160,12600.0,152.0,0.012063492063492,1.9,0.3375,212,60,0.45,0.4476663356504469,49.79311486262827,37.956989247311824,167.25,0,0,3.0,30.0,0.48,0.33,0.04,0.11,0.4476663356504469,0.2572492552135054,0.0642502482621648,0.1261668321747765,0.48,0.33,0.04,0.11,27048.0,27048.0,15.699841477204096,36.704705253864105,14400.0,14400.0,9.409604386272015,28.79995129590838,12648.0,12648.0,22.86140173253473,38.22232866368571,27048.0,47.99999999999999,11.65157061064914,34.649580732567856,14400.0,40.0,9.409604386272015,28.80093698839796,12648.0,7.999999999999997,22.861401732534738,38.22232866368571,48.0,48.0,10.434969444932864,36.15610293013279,40.0,40.0,8.186754979651734,25.283629153010587,8.0,8.0,21.676041771338515,39.35360023488707,72.0,72.0,14.59981212057428,36.94745132191579,40.0,40.0,8.186754979651734,25.283629153010587,32.0,32.0,22.616133546727465,38.91377951515604
M20O80D1,work,3001,3.001,100,146.0,0.0294949494949494,2.92,0.55,0.18,3.65,2.7375,160,12600.0,174.0,0.0138095238095238,2.175,0.2875,234,60,0.55,0.55,57.97252565375703,48.62745098039216,189.85416666666663,0,0,4.0,29.0,0.55,0.33,0.08,0.14,0.55,0.2774577954319762,0.1285004965243296,0.1440417080436941,0.55,0.33,0.08,0.14,33231.0,33231.0,17.7950388385099,38.57366582804069,15840.0,15840.0,10.858224282097815,29.699019890902544,17391.0,17391.0,24.113200104312185,43.92790493153878,33231.0,54.99999999999999,13.509219446540694,31.48116479290812,15840.0,43.99999999999999,10.85822428209782,29.70075828792772,17391.0,10.999999999999998,24.113200104312188,43.92790493153878,55.0,55.0,12.6157416247322,31.030576271443817,44.0,44.0,9.793037014739422,29.1099423659425,11.0,11.0,23.90656006470331,40.30703663250862,88.0,88.0,16.857549048849133,37.53466564867437,44.0,44.0,9.793037014739422,29.1099423659425,44.0,44.0,23.92206108295884,42.02348106178288
M20O80D1,work,3101,3.101,100,146.0,0.0294949494949494,2.92,0.62,0.17,4.0,2.65,160,12600.0,166.0,0.0131746031746031,2.075,0.34375,226,60,0.66875,0.6725422045680238,55.13406156901688,45.48070841239722,181.39930555555557,0,0,5.0,29.0,0.62,0.34,0.1,0.18,0.6725422045680238,0.3036246276067527,0.1404170804369414,0.2285004965243297,0.62,0.34,0.1,0.18,40635.0,40635.0,18.708939213574016,37.5619863110682,16920.0,16920.0,11.478056501805264,30.90845262413733,23715.0,23715.0,23.867975076240143,39.72688171622211,40635.0,61.99999999999999,14.47561744723306,33.889081351353205,16920.0,46.99999999999999,11.478056501805268,30.909079759827243,23715.0,14.999999999999998,23.867975076240157,39.72688171622211,62.0,62.0,13.38341252414478,32.27176474499242,47.0,47.0,10.386826481483148,31.60231672907808,15.0,15.0,22.772715457817878,38.470148871566586,107.0,107.0,17.90441041577931,37.89947475399199,47.0,47.0,10.386826481483148,31.60231672907808,60.0,60.0,23.793184497644635,39.11743760526122
M20O80D1,work,3201,3.201,100,163.0,0.0329292929292929,3.26,0.55,0.25,4.1,3.05,160,12600.0,186.0,0.0147619047619047,2.325,0.29375,246,60,0.55,0.55,51.84707050645481,44.73434535104364,168.42708333333334,0,0,7.0,30.0,0.55,0.37,0.08,0.1,0.55,0.3619165839126117,0.0476663356504468,0.1404170804369414,0.55,0.37,0.08,0.1,33231.0,33231.0,17.620726811686566,39.79491184567564,15840.0,15840.0,9.936379614462522,30.863329433428543,17391.0,17391.0,24.619752721871656,48.031515519095095,33231.0,54.99999999999999,12.873054235944352,35.33605539403684,15840.0,43.99999999999999,9.936379614462524,30.895886247212964,17391.0,10.999999999999998,24.61975272187166,48.031515519095095,55.0,55.0,11.668348181598647,35.18668377841721,44.0,44.0,8.829895612359273,30.856918334615152,11.0,11.0,23.02215845855613,41.2957981618833,88.0,88.0,16.51615429806911,38.24041318266696,44.0,44.0,8.829895612359273,30.856918334615152,44.0,44.0,24.202412983778945,49.94478859053584
M20O80D1,work,3301,3.301,100,176.0,0.0355555555555555,3.52,0.68,0.2,3.85,3.4375,160,12600.0,194.0,0.0153968253968253,2.425,0.38125,254,60,0.725,0.7285004965243297,58.13803376365442,46.92283364958887,192.42013888888889,0,0,5.0,33.0,0.68,0.38,0.17,0.13,0.7285004965243297,0.3274577954319762,0.2225422045680238,0.1785004965243297,0.68,0.38,0.17,0.13,44016.0,44016.0,18.28477937126389,35.83157168715334,18720.0,18720.0,10.43921628848765,29.866300112857125,25296.0,25296.0,24.090793796847827,38.47451067486758,44016.0,68.0,13.651352172807693,33.17313998339032,18720.0,52.0,10.439216288487652,29.86633583994321,25296.0,15.999999999999996,24.09079379684784,38.47451067486758,68.0,68.0,12.794990356453408,32.38956075925606,52.0,52.0,9.44446406871296,29.604724489898462,16.0,16.0,23.68420079160986,38.74838777124137,116.0,116.0,17.50105836637271,36.78452142309492,52.0,52.0,9.44446406871296,29.604724489898462,64.0,64.0,24.04704123322125,38.367932915094094
M20O80D1,work,3401,3.401,100,153.0,0.0309090909090909,3.06,0.49,0.19,3.0,3.075,160,12600.0,164.0,0.013015873015873,2.05,0.25,224,60,0.475,0.4738331678252234,58.06190003310162,44.32953826691967,194.94791666666663,0,0,5.0,30.0,0.49,0.35,0.1,0.04,0.4738331678252234,0.3095829195630586,0.1,0.0642502482621648,0.49,0.35,0.1,0.04,28629.0,28629.0,15.77312152495285,35.24276497773918,14400.0,14400.0,7.690274170191089,16.284294624925916,14229.0,14229.0,23.953106197703523,38.91825525596141,28629.0,48.99999999999999,10.6773249507546,29.850474691823788,14400.0,40.0,7.690274170191088,16.28684071163734,14229.0,8.999999999999996,23.953106197703534,38.91825525596141,49.0,49.0,9.564106017089598,30.853909802417007,40.0,40.0,6.44698930666309,14.596715284490768,9.0,9.0,23.417958063429637,42.88877487539626,76.0,76.0,14.650764634299051,35.25423415458266,40.0,40.0,6.44698930666309,14.596715284490768,36.0,36.0,23.766070553894565,40.29880841898236
M20O80D1,work,3501,3.501,100,157.0,0.0317171717171717,3.14,0.59,0.15,3.25,3.1125,160,12600.0,171.0,0.0135714285714285,2.1375,0.375,231,60,0.5375,0.5334160873882821,55.09599470374048,36.2112586970272,191.41666666666663,0,0,5.0,32.0,0.59,0.37,0.16,0.06,0.5334160873882821,0.3214995034756703,0.1559582919563058,0.0559582919563058,0.59,0.37,0.16,0.06,32229.0,32229.0,15.718820111762533,35.861021021964866,18000.0,18000.0,9.578962570958645,24.718777620005373,14229.0,14229.0,23.485875824354416,38.59038787211988,32229.0,58.99999999999999,11.700356118086816,30.18870624061192,18000.0,50.00000000000001,9.578962570958645,24.720153068506956,14229.0,8.999999999999996,23.48587582435443,38.59038787211988,59.0,59.0,10.925504605694703,26.819094223482875,50.0,50.0,8.531801961413027,23.81506855356843,9.0,9.0,24.223852629481797,41.03453769091046,86.0,86.0,14.713125380372524,35.878774062028576,50.0,50.0,8.531801961413027,23.81506855356843,36.0,36.0,23.298296795594048,37.85593259236588
M20O80D1,work,3601,3.601,100,154.0,0.0311111111111111,3.08,0.54,0.26,3.35,3.0125,160,12600.0,171.0,0.0135714285714285,2.1375,0.29375,231,60,0.525,0.5238331678252235,51.41178417742469,38.070841239721695,173.91666666666666,0,0,6.0,31.0,0.54,0.37,0.1,0.07,0.5238331678252235,0.341708043694141,0.1202085402184707,0.0619165839126117,0.54,0.37,0.1,0.07,31650.0,31650.0,15.694874481166954,34.6371445328695,15840.0,15840.0,9.513974521299025,32.405036004989064,15810.0,15810.0,21.88750290395684,37.65087342777425,31650.0,53.99999999999999,11.80536866623566,33.39008224798225,15840.0,43.99999999999999,9.513974521299028,32.407483977029194,15810.0,10.0,21.887502903956836,37.65087342777425,54.0,54.0,10.545078555681062,32.63780234525039,44.0,44.0,8.30064961703807,32.36547904232161,10.0,10.0,20.420565885710207,36.072950396033136,84.0,84.0,14.598267136052208,34.06696444814212,44.0,44.0,8.30064961703807,32.36547904232161,40.0,40.0,21.52564640696776,35.53623167909034
M20O80D1,work,3701,3.701,100,133.0,0.0268686868686868,2.66,0.48,0.21,3.2,2.525,160,12600.0,155.0,0.0123015873015873,1.9375,0.30625,215,60,0.43125,0.4274577954319761,58.41939755047997,49.3864642631246,190.89583333333331,0,0,4.0,30.0,0.48,0.34,0.1,0.04,0.4274577954319761,0.283416087388282,0.1,0.0440417080436941,0.48,0.34,0.1,0.04,25827.0,25827.0,14.486426325708775,32.65257190549864,14760.0,14760.0,8.975368237427727,30.058064706916078,11067.0,11067.0,21.83649566546014,34.55123126484917,25827.0,48.0,10.850949320682451,31.12839093740341,14760.0,41.0,8.975368237427727,30.058467150723825,11067.0,6.999999999999999,21.836495665460134,34.55123126484917,48.0,48.0,9.562989548740932,31.15913267023262,41.0,41.0,7.666986287541885,29.3752911070411,7.0,7.0,20.668151507192487,34.01183468419569,69.0,69.0,13.246320451962708,32.00524442104627,41.0,41.0,7.666986287541885,29.3752911070411,28.0,28.0,21.416059764150344,33.62161285891945
M20O80D1,work,3801,3.801,100,151.0,0.0305050505050505,3.02,0.49,0.25,3.55,2.8875,160,12600.0,176.0,0.0139682539682539,2.2,0.3375,236,60,0.49375,0.4940417080436941,59.66732869910626,54.573055028463,190.4375,0,0,4.0,30.0,0.49,0.34,0.11,0.04,0.4940417080436941,0.283416087388282,0.1665839126117179,0.0440417080436941,0.49,0.34,0.11,0.04,29850.0,29850.0,15.515132916285612,37.77822915046908,14040.0,14040.0,7.347329365338032,15.011227900010878,15810.0,15810.0,22.76851443781021,42.24335469118317,29850.0,49.0,10.494509992373173,32.05620378572456,14040.0,38.99999999999999,7.347329365338035,15.02088993634399,15810.0,10.0,22.768514437810214,42.24335469118317,49.0,49.0,9.2573608440268,31.139689917233724,39.0,39.0,6.061885739030393,13.662701408493756,10.0,10.0,21.71971375351278,36.44236507177242,79.0,79.0,14.45658052317401,38.02214117794407,39.0,39.0,6.061885739030393,13.662701408493756,40.0,40.0,22.64140793771403,42.06124956265302
M20O80D1,work,3901,3.901,100,193.0,0.0389898989898989,3.86,0.67,0.12,5.4,3.475,160,12600.0,220.0,0.0174603174603174,2.75,0.50625,280,60,0.68125,0.6821251241310824,58.38298576630255,53.09930423782416,186.66666666666663,0,0,5.0,30.0,0.67,0.35,0.12,0.2,0.6821251241310824,0.3095829195630586,0.1725422045680238,0.2,0.67,0.35,0.12,0.2,41214.0,41214.0,16.519176263531985,35.58265096597007,19080.0,19080.0,11.20117442026602,25.634847814136997,22134.0,22134.0,21.10341206228118,39.1207528385854,41214.0,67.0,13.270298703672172,29.22508436091445,19080.0,53.000000000000014,11.201174420266016,25.635019335447303,22134.0,13.999999999999998,21.103412062281183,39.1207528385854,67.0,67.0,12.24355138174977,27.714250443031457,53.0,53.0,10.419069333263408,25.46766466441656,14.0,14.0,19.150519136733863,34.16784064720995,109.0,109.0,15.79208866676214,35.148806278542246,53.0,53.0,10.419069333263408,25.46766466441656,56.0,56.0,20.87726767882344,36.88827975902576
M20O80D1,work,4001,4.001,100,141.0,0.0284848484848484,2.82,0.51,0.3,3.15,2.7375,160,12600.0,163.0,0.0129365079365079,2.0375,0.275,223,60,0.58125,0.5867924528301887,49.18735518040384,35.15180265654649,167.78819444444446,0,0,5.0,28.0,0.51,0.33,0.11,0.07,0.5867924528301887,0.2976663356504468,0.2070009930486593,0.0821251241310824,0.51,0.33,0.11,0.07,35454.0,35454.0,19.70929259435928,36.3199061795714,13320.0,13320.0,8.894371151428047,26.0649013152365,22134.0,22134.0,26.2175944656814,37.93862603960024,35454.0,51.0,13.649765786713283,33.40010080118284,13320.0,37.0,8.894371151428048,26.075698907737436,22134.0,13.999999999999998,26.217594465681405,37.93862603960024,51.0,51.0,12.774433954904962,32.59778003477587,37.0,37.0,7.723648285706468,26.452653955598592,14.0,14.0,26.12293893778669,37.565436550727256,93.0,93.0,18.80725422010093,35.92523328530793,37.0,37.0,7.723648285706468,26.452653955598592,56.0,56.0,26.130350998182983,36.623225395950975
M20O80D1,work,4101,4.101,100,135.0,0.0272727272727272,2.7,0.53,0.2,3.2,2.575,160,12600.0,149.0,0.0118253968253968,1.8625,0.3,209,60,0.55625,0.558291956305859,49.794769943727246,45.37318153067679,159.11458333333334,0,0,5.0,28.0,0.53,0.33,0.11,0.09,0.558291956305859,0.2976663356504468,0.1463753723932472,0.1142502482621648,0.53,0.33,0.11,0.09,33732.0,33732.0,20.063371655476296,36.53285557353893,14760.0,14760.0,10.263558881847684,31.973674793784262,18972.0,18972.0,27.687514420538403,39.07796900044645,33732.0,52.99999999999999,14.208605418909732,34.46589941680841,14760.0,41.0,10.263558881847684,31.974804760074463,18972.0,11.999999999999998,27.68751442053841,39.07796900044645,53.0,53.0,13.064785591662616,33.16015024349096,41.0,41.0,9.06099824763092,33.16015024349096,12.0,12.0,26.74439235043758,28.72237371336855,89.0,89.0,19.03183185716657,35.95996716510163,41.0,41.0,9.06099824763092,33.16015024349096,48.0,48.0,27.548585565311587,39.69272635670978
M20O80D1,work,4201,4.2010000000000005,100,152.0,0.0307070707070707,3.04,0.56,0.3,4.0,2.8,160,12600.0,174.0,0.0138095238095238,2.175,0.3375,234,60,0.63125,0.6367924528301887,53.02879841112215,55.32574320050601,161.75694444444446,0,0,5.0,29.0,0.56,0.34,0.1,0.12,0.6367924528301887,0.3036246276067527,0.1404170804369414,0.1927507447864945,0.56,0.34,0.1,0.12,38475.0,38475.0,18.72780855487318,36.2523819240729,14760.0,14760.0,8.737344042209234,23.471314392044004,23715.0,23715.0,24.945782672812037,39.13036901077231,38475.0,56.00000000000001,13.07889010397784,30.35251398731742,14760.0,41.0,8.737344042209234,23.482670736944485,23715.0,14.999999999999998,24.945782672812037,39.13036901077231,56.0,56.0,12.017123270221637,31.01665880795067,41.0,41.0,7.347398221247206,22.418878831099452,15.0,15.0,24.781038404085088,42.22682506417343,101.0,101.0,17.737707882098206,35.81883773137036,41.0,41.0,7.347398221247206,22.418878831099452,60.0,60.0,24.83775281701306,38.22718449836746
M20O80D1,work,4301,4.301,100,165.0,0.0333333333333333,3.3,0.46,0.2,3.7,3.2,160,12600.0,189.0,0.015,2.3625,0.325,249,60,0.49375,0.4963753723932472,58.20423700761337,37.549019607843135,202.98958333333331,0,0,5.0,29.0,0.46,0.34,0.08,0.04,0.4963753723932472,0.3036246276067527,0.1487090367428004,0.0440417080436941,0.46,0.34,0.08,0.04,29991.0,29991.0,15.771013377321577,34.96276519772265,12600.0,12600.0,6.705825309247052,13.977904409188731,17391.0,17391.0,22.338857069906197,37.27385212093699,29991.0,45.99999999999999,10.444158991143803,29.80965880902033,12600.0,35.0,6.705825309247052,13.980259685034037,17391.0,10.999999999999998,22.338857069906197,37.27385212093699,46.0,46.0,8.979931755405746,27.10442015286773,35.0,35.0,5.1710293079171175,12.09191677309751,11.0,11.0,21.099166815596824,28.39826576179796,79.0,79.0,14.506137114291995,35.52082780076572,35.0,35.0,5.1710293079171175,12.09191677309751,44.0,44.0,21.931791051181108,36.6594995229266
M20O80D1,work,4401,4.401,100,170.0,0.0343434343434343,3.4,0.55,0.18,3.8,3.3,160,12600.0,191.0,0.0151587301587301,2.3875,0.30625,251,60,0.55,0.55,54.8543528632903,42.874762808349146,183.08680555555557,0,0,6.0,29.0,0.55,0.35,0.07,0.13,0.55,0.3297914597815293,0.0821251241310824,0.1380834160873882,0.55,0.35,0.07,0.13,33231.0,33231.0,15.89838368268919,32.03540375440892,15840.0,15840.0,10.955453968326422,31.600272347287994,17391.0,17391.0,20.40048285326628,32.22598736102673,33231.0,54.99999999999999,12.844459745314396,31.82601703061581,15840.0,43.99999999999999,10.955453968326426,31.604676150989253,17391.0,10.999999999999998,20.400482853266286,32.22598736102673,55.0,55.0,11.720630005714366,32.10648290426438,44.0,44.0,9.889508342887414,32.10648290426438,11.0,11.0,19.045116657022167,31.220724015332536,88.0,88.0,14.96174548947076,32.10648290426438,44.0,44.0,9.889508342887414,32.10648290426438,44.0,44.0,20.033982636054112,31.26055338188985
M20O80D1,work,4501,4.501,100,156.0,0.0315151515151515,3.12,0.5,0.26,3.7,2.975,160,12600.0,176.0,0.0139682539682539,2.2,0.28125,236,60,0.55625,0.5606256206554121,49.87586891757696,40.45224541429475,164.85763888888889,0,0,6.0,30.0,0.5,0.36,0.05,0.09,0.5606256206554121,0.3357497517378351,0.05,0.1748758689175769,0.5,0.36,0.05,0.09,33873.0,33873.0,17.40801496803153,36.39363784010123,13320.0,13320.0,7.521241225680535,16.732242208322248,20553.0,20553.0,23.81544095198109,37.779643499090405,33873.0,49.99999999999999,11.757733154518682,32.798982936817204,13320.0,37.0,7.521241225680535,16.73699221549262,20553.0,12.999999999999998,23.81544095198109,37.779643499090405,50.0,50.0,10.698932677577066,31.149448190216727,37.0,37.0,6.2211125914573255,17.56782441309488,13.0,13.0,23.44349753807171,37.54077509896187,89.0,89.0,16.481810898070233,36.397783932325545,37.0,37.0,6.2211125914573255,17.56782441309488,52.0,52.0,23.78269238546788,36.75334751757685
M20O80D1,work,4601,4.601,100,165.0,0.0333333333333333,3.3,0.65,0.2,4.05,3.1125,160,12600.0,184.0,0.0146031746031746,2.3,0.375,244,60,0.725,0.7308341608738829,59.38927507447865,51.344086021505376,192.81597222222223,0,0,6.0,29.0,0.65,0.35,0.1,0.2,0.7308341608738829,0.3297914597815293,0.1,0.3010427010923535,0.65,0.35,0.1,0.2,44157.0,44157.0,20.75846215220248,39.934059268717135,17280.0,17280.0,11.595485553250612,28.52227981614395,26877.0,26877.0,26.64960460224855,41.63142642581158,44157.0,65.0,15.532716689142385,35.096918972196846,17280.0,48.0,11.595485553250612,28.52578795375449,26877.0,17.0,26.649604602248555,41.63142642581158,65.0,65.0,14.917197772087448,37.0627364689063,48.0,48.0,10.516388694685068,27.08123030231429,17.0,17.0,27.34301163769417,41.06403804718308,116.0,116.0,19.994430701579947,40.51742333701643,48.0,48.0,10.516388694685068,27.08123030231429,68.0,68.0,26.68481329468222,42.08214215868292
M20O80D1,work,4701,4.7010000000000005,100,147.0,0.0296969696969696,2.94,0.64,0.19,4.3,2.6,160,12600.0,168.0,0.0133333333333333,2.1,0.29375,228,60,0.7,0.7046673286991063,54.05494869248593,57.25806451612903,163.94097222222223,0,0,7.0,27.0,0.64,0.34,0.15,0.15,0.7046673286991063,0.3440417080436941,0.1297914597815292,0.2308341608738828,0.64,0.34,0.15,0.15,42576.0,42576.0,21.182000483782154,39.96397165138398,17280.0,17280.0,12.603999508572551,29.93241878125115,25296.0,25296.0,27.04173549531054,44.33735905428435,42576.0,63.99999999999999,16.213433505257054,34.121122480561525,17280.0,48.0,12.603999508572551,29.93305116837174,25296.0,15.999999999999996,27.04173549531055,44.33735905428435,64.0,64.0,15.443669224519583,33.2509323286619,48.0,48.0,11.71133904883357,29.73715530507181,16.0,16.0,26.64065975157763,45.79538031092426,112.0,112.0,20.39175949062244,39.37482829572991,48.0,48.0,11.71133904883357,29.73715530507181,64.0,64.0,26.902074821964085,45.12357541237562
M20O80D1,work,4801,4.801,100,143.0,0.0288888888888888,2.86,0.54,0.22,3.85,2.6125,160,12600.0,161.0,0.0127777777777777,2.0125,0.4125,221,60,0.6,0.6046673286991062,48.21085733200927,39.58254269449716,158.82638888888889,0,0,8.0,26.0,0.54,0.34,0.15,0.05,0.6046673286991062,0.3642502482621648,0.1904170804369414,0.05,0.54,0.34,0.15,0.05,36534.0,36534.0,16.767063396289707,34.861342618972174,14400.0,14400.0,9.866638550986067,28.36895631471824,22134.0,22134.0,21.256361208360385,39.45404826223029,36534.0,54.0,12.819529610305334,31.862739685443856,14400.0,40.0,9.866638550986064,28.38499877762244,22134.0,13.999999999999998,21.25636120836039,39.45404826223029,54.0,54.0,11.673839787651746,29.55576332728535,40.0,40.0,8.929245022360124,26.94461812328577,14.0,14.0,19.51553911705637,30.51069673314796,96.0,96.0,15.969299189440257,34.35014624719817,40.0,40.0,8.929245022360124,26.94461812328577,56.0,56.0,20.997909308783203,37.77864016962424
M20O80D1,work,4901,4.901,100,178.0,0.0359595959595959,3.56,0.52,0.27,5.55,3.0625,160,12600.0,195.0,0.0154761904761904,2.4375,0.375,255,60,0.5875,0.5927507447864946,49.06156901688183,51.5876027830487,149.21527777777777,0,0,7.0,27.0,0.52,0.34,0.13,0.05,0.5927507447864946,0.3440417080436941,0.1785004965243297,0.0702085402184707,0.52,0.34,0.13,0.05,35814.0,35814.0,16.300182334568337,32.052238887036964,13680.0,13680.0,7.87494242634799,18.39011316835431,22134.0,22134.0,21.50743280644212,35.74073680959709,35814.0,51.99999999999999,11.545228297911796,27.404309626174555,13680.0,37.99999999999999,7.874942426347991,18.394345212822383,22134.0,13.999999999999998,21.50743280644213,35.74073680959709,52.0,52.0,10.546092040467482,23.27138279873657,38.0,38.0,6.820789575110659,17.92337239657771,14.0,14.0,20.657627303578863,31.19170910366705,94.0,94.0,15.302434678763795,31.15063412684337,38.0,38.0,6.820789575110659,17.92337239657771,56.0,56.0,21.05783671338557,33.490567447325006
M50O0D1,work,1001,1.001,50,116.0,0.0946938775510204,4.64,1.0,0.0,4.64,,200,19600.0,219.0,0.0111734693877551,2.19,0.465,369,150,1.0,1.0,27.495256166982923,54.990512333965846,,0,0,22.0,0.0,1.0,0.44,0.32,0.24,1.0,0.44,0.32,0.24,1.0,0.44,0.32,0.24,79050.0,79050.0,21.70300853861489,36.12998842255482,0.0,0.0,,,79050.0,79050.0,21.70300853861489,36.12998842255482,79050.0,50.0,21.70300853861489,36.12998842255482,0.0,0.0,,,79050.0,50.0,21.70300853861489,36.12998842255482,50.0,50.0,20.78056684257126,34.678069073261604,0.0,0.0,,,50.0,50.0,20.78056684257126,34.678069073261604,200.0,200.0,21.539630948557683,36.30418720838266,0.0,0.0,,,200.0,200.0,21.539630948557683,36.30418720838266
M50O0D1,work,1101,1.101,50,125.0,0.1020408163265306,5.0,0.98,0.02,5.0,,200,19600.0,206.0,0.0105102040816326,2.06,0.495,356,150,0.98,0.98,27.05249841872233,54.10499683744465,,0,0,21.0,0.0,0.98,0.42,0.36,0.2,0.98,0.42,0.36,0.2,0.98,0.42,0.36,0.2,77469.0,77469.0,21.754799625844964,35.803935808601366,0.0,0.0,,,77469.0,77469.0,21.754799625844964,35.803935808601366,77469.0,48.99999999999999,21.75479962584497,35.803935808601366,0.0,0.0,,,77469.0,48.99999999999999,21.75479962584497,35.803935808601366,49.0,49.0,21.24792857816345,35.15068401278078,0.0,0.0,,,49.0,49.0,21.24792857816345,35.15068401278078,196.0,196.0,21.646462577489693,35.86928484135319,0.0,0.0,,,196.0,196.0,21.646462577489693,35.86928484135319
M50O0D1,work,1201,1.201,50,130.0,0.1061224489795918,5.2,0.98,0.02,5.2,,200,19600.0,223.0,0.0113775510204081,2.23,0.56,373,150,0.98,0.98,30.352941176470587,60.70588235294117,,0,0,21.0,0.0,0.98,0.42,0.4,0.16,0.98,0.42,0.4,0.16,0.98,0.42,0.4,0.16,77469.0,77469.0,22.34598866464769,37.34402498438057,0.0,0.0,,,77469.0,77469.0,22.34598866464769,37.34402498438057,77469.0,48.99999999999999,22.345988664647702,37.34402498438057,0.0,0.0,,,77469.0,48.99999999999999,22.345988664647702,37.34402498438057,49.0,49.0,21.693491972289035,40.398159822766566,0.0,0.0,,,49.0,49.0,21.693491972289035,40.398159822766566,196.0,196.0,22.244460032656185,38.49253678798431,0.0,0.0,,,196.0,196.0,22.244460032656185,38.49253678798431
M50O0D1,work,1301,1.301,50,133.0,0.1085714285714285,5.32,0.96,0.04,5.32,,200,19600.0,240.0,0.0122448979591836,2.4,0.445,390,150,0.96,0.96,32.946236559139784,65.89247311827957,,0,0,23.0,0.0,0.96,0.46,0.2,0.3,0.96,0.46,0.2,0.3,0.96,0.46,0.2,0.3,75888.0,75888.0,21.342963438929143,35.28696125976956,0.0,0.0,,,75888.0,75888.0,21.342963438929143,35.28696125976956,75888.0,47.99999999999999,21.342963438929143,35.28696125976956,0.0,0.0,,,75888.0,47.99999999999999,21.342963438929143,35.28696125976956,48.0,48.0,20.518730374379928,34.41971932062382,0.0,0.0,,,48.0,48.0,20.518730374379928,34.41971932062382,192.0,192.0,21.044501044318576,35.281368696187215,0.0,0.0,,,192.0,192.0,21.044501044318576,35.281368696187215
M50O0D1,work,1401,1.401,50,150.0,0.1224489795918367,6.0,0.98,0.02,6.0,,200,19600.0,272.0,0.0138775510204081,2.72,0.605,422,150,0.98,0.98,36.44908285895003,72.89816571790006,,0,0,22.0,0.0,0.98,0.44,0.32,0.22,0.98,0.44,0.32,0.22,0.98,0.44,0.32,0.22,77469.0,77469.0,21.686081896657413,34.84714584840692,0.0,0.0,,,77469.0,77469.0,21.686081896657413,34.84714584840692,77469.0,48.99999999999999,21.686081896657416,34.84714584840692,0.0,0.0,,,77469.0,48.99999999999999,21.686081896657416,34.84714584840692,49.0,49.0,21.079294998929,35.92911443257868,0.0,0.0,,,49.0,49.0,21.079294998929,35.92911443257868,196.0,196.0,21.34046186823804,34.318849880138,0.0,0.0,,,196.0,196.0,21.34046186823804,34.318849880138
M50O0D1,work,1501,1.501,50,139.0,0.113469387755102,5.56,1.0,0.0,5.56,,200,19600.0,248.0,0.0126530612244897,2.48,0.54,398,150,1.0,1.0,28.34282099936749,56.68564199873498,,0,0,22.0,0.0,1.0,0.44,0.36,0.2,1.0,0.44,0.36,0.2,1.0,0.44,0.36,0.2,79050.0,79050.0,21.526263238446077,35.745128649312186,0.0,0.0,,,79050.0,79050.0,21.526263238446077,35.745128649312186,79050.0,50.0,21.52626323844608,35.745128649312186,0.0,0.0,,,79050.0,50.0,21.52626323844608,35.745128649312186,50.0,50.0,21.22559435819704,35.707115764456056,0.0,0.0,,,50.0,50.0,21.22559435819704,35.707115764456056,200.0,200.0,21.33586508715082,35.53434127606907,0.0,0.0,,,200.0,200.0,21.33586508715082,35.53434127606907
M50O0D1,work,1601,1.601,50,112.0,0.0914285714285714,4.48,0.94,0.06,4.48,,200,19600.0,200.0,0.010204081632653,2.0,0.47,350,150,0.94,0.94,25.062618595825427,50.12523719165085,,0,0,20.0,0.0,0.94,0.4,0.3,0.24,0.94,0.4,0.3,0.24,0.94,0.4,0.3,0.24,74307.0,74307.0,21.47299885008087,34.68506711367727,0.0,0.0,,,74307.0,74307.0,21.47299885008087,34.68506711367727,74307.0,47.0,21.472998850080877,34.68506711367727,0.0,0.0,,,74307.0,47.0,21.472998850080877,34.68506711367727,47.0,47.0,21.225371377823745,35.45755640609087,0.0,0.0,,,47.0,47.0,21.225371377823745,35.45755640609087,188.0,188.0,21.24650908118025,35.09313542176264,0.0,0.0,,,188.0,188.0,21.24650908118025,35.09313542176264
M50O0D1,work,1701,1.701,50,122.0,0.0995918367346938,4.88,0.96,0.04,4.88,,200,19600.0,228.0,0.0116326530612244,2.28,0.545,378,150,0.96,0.96,27.20936116382037,54.41872232764074,,0,0,22.0,0.0,0.96,0.44,0.26,0.26,0.96,0.44,0.26,0.26,0.96,0.44,0.26,0.26,75888.0,75888.0,22.1153599106169,34.688023029553634,0.0,0.0,,,75888.0,75888.0,22.1153599106169,34.688023029553634,75888.0,47.99999999999999,22.115359910616903,34.688023029553634,0.0,0.0,,,75888.0,47.99999999999999,22.115359910616903,34.688023029553634,48.0,48.0,22.290523011184572,35.00840673952968,0.0,0.0,,,48.0,48.0,22.290523011184572,35.00840673952968,192.0,192.0,22.103983199034214,34.481863744883576,0.0,0.0,,,192.0,192.0,22.103983199034214,34.481863744883576
M50O0D1,work,1801,1.801,50,138.0,0.1126530612244898,5.52,1.0,0.0,5.52,,200,19600.0,227.0,0.0115816326530612,2.27,0.645,377,150,1.0,1.0,29.17394054395952,58.34788108791904,,0,0,22.0,0.0,1.0,0.44,0.42,0.14,1.0,0.44,0.42,0.14,1.0,0.44,0.42,0.14,79050.0,79050.0,21.432866188930117,34.55349140369101,0.0,0.0,,,79050.0,79050.0,21.432866188930117,34.55349140369101,79050.0,50.0,21.43286618893011,34.55349140369101,0.0,0.0,,,79050.0,50.0,21.43286618893011,34.55349140369101,50.0,50.0,21.627976355352697,34.22782161733569,0.0,0.0,,,50.0,50.0,21.627976355352697,34.22782161733569,200.0,200.0,21.33800204357348,34.00333566815463,0.0,0.0,,,200.0,200.0,21.33800204357348,34.00333566815463
M50O0D1,work,1901,1.901,50,140.0,0.1142857142857142,5.6,1.0,0.0,5.6,,200,19600.0,230.0,0.011734693877551,2.3,0.59,380,150,1.0,1.0,29.892473118279568,59.784946236559136,,0,0,23.0,0.0,1.0,0.46,0.36,0.18,1.0,0.46,0.36,0.18,1.0,0.46,0.36,0.18,79050.0,79050.0,22.06230106428276,34.36597572670705,0.0,0.0,,,79050.0,79050.0,22.06230106428276,34.36597572670705,79050.0,50.0,22.06230106428276,34.36597572670705,0.0,0.0,,,79050.0,50.0,22.06230106428276,34.36597572670705,50.0,50.0,22.04991381194856,33.4651590019866,0.0,0.0,,,50.0,50.0,22.04991381194856,33.4651590019866,200.0,200.0,21.92062657148508,34.70498892724507,0.0,0.0,,,200.0,200.0,21.92062657148508,34.70498892724507
M50O0D1,work,2001,2.001,50,119.0,0.0971428571428571,4.76,0.96,0.04,4.76,,200,19600.0,208.0,0.0106122448979591,2.08,0.645,358,150,0.96,0.96,23.426944971537,46.853889943074,,0,0,22.0,0.0,0.96,0.44,0.32,0.2,0.96,0.44,0.32,0.2,0.96,0.44,0.32,0.2,75888.0,75888.0,22.46157889294322,35.66258702125959,0.0,0.0,,,75888.0,75888.0,22.46157889294322,35.66258702125959,75888.0,47.99999999999999,22.461578892943223,35.66258702125959,0.0,0.0,,,75888.0,47.99999999999999,22.461578892943223,35.66258702125959,48.0,48.0,22.469393189444563,34.16458750877987,0.0,0.0,,,48.0,48.0,22.469393189444563,34.16458750877987,192.0,192.0,22.282130108285106,35.61687916088649,0.0,0.0,,,192.0,192.0,22.282130108285106,35.61687916088649
M50O0D1,work,2101,2.101,50,124.0,0.1012244897959183,4.96,0.98,0.02,4.96,,200,19600.0,226.0,0.0115306122448979,2.26,0.5,376,150,0.98,0.98,31.547122074636302,63.09424414927261,,0,0,22.0,0.0,0.98,0.44,0.34,0.2,0.98,0.44,0.34,0.2,0.98,0.44,0.34,0.2,77469.0,77469.0,22.48128343682418,35.45312493207369,0.0,0.0,,,77469.0,77469.0,22.48128343682418,35.45312493207369,77469.0,48.99999999999999,22.481283436824185,35.45312493207369,0.0,0.0,,,77469.0,48.99999999999999,22.481283436824185,35.45312493207369,49.0,49.0,21.89348047516917,33.859822471225904,0.0,0.0,,,49.0,49.0,21.89348047516917,33.859822471225904,196.0,196.0,22.296466092006817,35.39700203541308,0.0,0.0,,,196.0,196.0,22.296466092006817,35.39700203541308
M50O0D1,work,2201,2.201,50,116.0,0.0946938775510204,4.64,1.0,0.0,4.64,,200,19600.0,205.0,0.0104591836734693,2.05,0.39,355,150,1.0,1.0,24.359266287160025,48.71853257432005,,0,0,21.0,0.0,1.0,0.42,0.36,0.22,1.0,0.42,0.36,0.22,1.0,0.42,0.36,0.22,79050.0,79050.0,21.68752767891338,34.42623768614421,0.0,0.0,,,79050.0,79050.0,21.68752767891338,34.42623768614421,79050.0,50.0,21.687527678913376,34.42623768614421,0.0,0.0,,,79050.0,50.0,21.687527678913376,34.42623768614421,50.0,50.0,21.443462727417085,33.49272939699583,0.0,0.0,,,50.0,50.0,21.443462727417085,33.49272939699583,200.0,200.0,21.558526795362205,34.460614311680935,0.0,0.0,,,200.0,200.0,21.558526795362205,34.460614311680935
M50O0D1,work,2301,2.301,50,135.0,0.110204081632653,5.4,0.94,0.02,5.4,,200,19600.0,238.0,0.0121428571428571,2.38,0.46,388,150,0.94,0.94,33.719165085388994,67.43833017077799,,0,0,24.0,0.0,0.94,0.48,0.26,0.2,0.94,0.48,0.26,0.2,0.94,0.48,0.26,0.2,74307.0,74307.0,20.439623973121652,32.366419006686314,0.0,0.0,,,74307.0,74307.0,20.439623973121652,32.366419006686314,74307.0,47.0,20.439623973121652,32.366419006686314,0.0,0.0,,,74307.0,47.0,20.439623973121652,32.366419006686314,47.0,47.0,19.695885377104585,29.812593885342988,0.0,0.0,,,47.0,47.0,19.695885377104585,29.812593885342988,188.0,188.0,20.241545685361647,32.38146247059033,0.0,0.0,,,188.0,188.0,20.241545685361647,32.38146247059033
M50O0D1,work,2401,2.401,50,140.0,0.1142857142857142,5.6,0.98,0.02,5.6,,200,19600.0,230.0,0.011734693877551,2.3,0.485,380,150,0.98,0.98,33.15496521189121,66.30993042378242,,0,0,23.0,0.0,0.98,0.46,0.34,0.18,0.98,0.46,0.34,0.18,0.98,0.46,0.34,0.18,77469.0,77469.0,22.019381541852244,33.9466820791423,0.0,0.0,,,77469.0,77469.0,22.019381541852244,33.9466820791423,77469.0,48.99999999999999,22.019381541852244,33.9466820791423,0.0,0.0,,,77469.0,48.99999999999999,22.019381541852244,33.9466820791423,49.0,49.0,22.15496899035244,35.80530832446479,0.0,0.0,,,49.0,49.0,22.15496899035244,35.80530832446479,196.0,196.0,21.9541798903692,34.72417334981504,0.0,0.0,,,196.0,196.0,21.9541798903692,34.72417334981504
M50O0D1,work,2501,2.501,50,135.0,0.110204081632653,5.4,1.0,0.0,5.4,,200,19600.0,229.0,0.0116836734693877,2.29,0.45,379,150,1.0,1.0,31.74320050600885,63.48640101201771,,0,0,22.0,0.0,1.0,0.44,0.4,0.16,1.0,0.44,0.4,0.16,1.0,0.44,0.4,0.16,79050.0,79050.0,23.093750134190664,34.06793475624988,0.0,0.0,,,79050.0,79050.0,23.093750134190664,34.06793475624988,79050.0,50.0,23.093750134190664,34.06793475624988,0.0,0.0,,,79050.0,50.0,23.093750134190664,34.06793475624988,50.0,50.0,23.297924139033835,34.520381634457536,0.0,0.0,,,50.0,50.0,23.297924139033835,34.520381634457536,200.0,200.0,23.02302870967908,33.96343802439241,0.0,0.0,,,200.0,200.0,23.02302870967908,33.96343802439241
M50O0D1,work,2601,2.601,50,132.0,0.1077551020408163,5.28,1.0,0.0,5.28,,200,19600.0,233.0,0.0118877551020408,2.33,0.485,383,150,1.0,1.0,30.82985452245414,61.65970904490828,,0,0,23.0,0.0,1.0,0.46,0.38,0.16,1.0,0.46,0.38,0.16,1.0,0.46,0.38,0.16,79050.0,79050.0,22.98731167351232,37.54775158608918,0.0,0.0,,,79050.0,79050.0,22.98731167351232,37.54775158608918,79050.0,50.0,22.98731167351232,37.54775158608918,0.0,0.0,,,79050.0,50.0,22.98731167351232,37.54775158608918,50.0,50.0,23.695636372768632,36.19438023897708,0.0,0.0,,,50.0,50.0,23.695636372768632,36.19438023897708,200.0,200.0,23.00388532103711,37.89731124968704,0.0,0.0,,,200.0,200.0,23.00388532103711,37.89731124968704
M50O0D1,work,2701,2.701,50,123.0,0.1004081632653061,4.92,0.98,0.02,4.92,,200,19600.0,211.0,0.0107653061224489,2.11,0.375,361,150,0.98,0.98,27.825426944971536,55.65085388994307,,0,0,22.0,0.0,0.98,0.44,0.36,0.18,0.98,0.44,0.36,0.18,0.98,0.44,0.36,0.18,77469.0,77469.0,23.47917666113441,35.105031120280465,0.0,0.0,,,77469.0,77469.0,23.47917666113441,35.105031120280465,77469.0,48.99999999999999,23.479176661134414,35.105031120280465,0.0,0.0,,,77469.0,48.99999999999999,23.479176661134414,35.105031120280465,49.0,49.0,23.61412113634921,34.53464650583246,0.0,0.0,,,49.0,49.0,23.61412113634921,34.53464650583246,196.0,196.0,23.353848402584923,34.58690415253518,0.0,0.0,,,196.0,196.0,23.353848402584923,34.58690415253518
M50O0D1,work,2801,2.801,50,129.0,0.1053061224489795,5.16,1.0,0.0,5.16,,200,19600.0,217.0,0.0110714285714285,2.17,0.385,367,150,1.0,1.0,26.49335863377609,52.98671726755218,,0,0,21.0,0.0,1.0,0.42,0.38,0.2,1.0,0.42,0.38,0.2,1.0,0.42,0.38,0.2,79050.0,79050.0,22.799290805456877,35.31820407190426,0.0,0.0,,,79050.0,79050.0,22.799290805456877,35.31820407190426,79050.0,50.0,22.79929080545687,35.31820407190426,0.0,0.0,,,79050.0,50.0,22.79929080545687,35.31820407190426,50.0,50.0,22.714154265898134,33.3045804253378,0.0,0.0,,,50.0,50.0,22.714154265898134,33.3045804253378,200.0,200.0,22.682390169738472,34.966785990599256,0.0,0.0,,,200.0,200.0,22.682390169738472,34.966785990599256
M50O0D1,work,2901,2.901,50,129.0,0.1053061224489795,5.16,1.0,0.0,5.16,,200,19600.0,219.0,0.0111734693877551,2.19,0.425,369,150,1.0,1.0,28.80581910183428,57.61163820366856,,0,0,19.0,0.0,1.0,0.38,0.4,0.22,1.0,0.38,0.4,0.22,1.0,0.38,0.4,0.22,79050.0,79050.0,22.696953366636382,35.29785880528282,0.0,0.0,,,79050.0,79050.0,22.696953366636382,35.29785880528282,79050.0,50.0,22.69695336663638,35.29785880528282,0.0,0.0,,,79050.0,50.0,22.69695336663638,35.29785880528282,50.0,50.0,22.865370417005536,32.82630195177143,0.0,0.0,,,50.0,50.0,22.865370417005536,32.82630195177143,200.0,200.0,22.577193559663897,35.21125614841915,0.0,0.0,,,200.0,200.0,22.577193559663897,35.21125614841915
M50O0D1,work,3001,3.001,50,117.0,0.0955102040816326,4.68,0.98,0.02,4.68,,200,19600.0,218.0,0.0111224489795918,2.18,0.255,368,150,0.98,0.98,31.89626818469323,63.79253636938646,,0,0,18.0,0.0,0.98,0.36,0.38,0.24,0.98,0.36,0.38,0.24,0.98,0.36,0.38,0.24,77469.0,77469.0,22.426200751886288,34.19599163175595,0.0,0.0,,,77469.0,77469.0,22.426200751886288,34.19599163175595,77469.0,48.99999999999999,22.42620075188629,34.19599163175595,0.0,0.0,,,77469.0,48.99999999999999,22.42620075188629,34.19599163175595,49.0,49.0,22.244976506428365,35.04419611466412,0.0,0.0,,,49.0,49.0,22.244976506428365,35.04419611466412,196.0,196.0,22.29698612622054,34.31792837330197,0.0,0.0,,,196.0,196.0,22.29698612622054,34.31792837330197
M50O0D1,work,3101,3.101,50,109.0,0.0889795918367346,4.36,0.98,0.02,4.36,,200,19600.0,180.0,0.0091836734693877,1.8,0.41,330,150,0.98,0.98,26.550284629981025,53.10056925996205,,0,0,19.0,0.0,0.98,0.38,0.44,0.16,0.98,0.38,0.44,0.16,0.98,0.38,0.44,0.16,77469.0,77469.0,23.618467662969618,35.81369269012996,0.0,0.0,,,77469.0,77469.0,23.618467662969618,35.81369269012996,77469.0,48.99999999999999,23.618467662969618,35.81369269012996,0.0,0.0,,,77469.0,48.99999999999999,23.618467662969618,35.81369269012996,49.0,49.0,23.603490599225758,34.0710432537708,0.0,0.0,,,49.0,49.0,23.603490599225758,34.0710432537708,196.0,196.0,23.50796991711601,35.740200929983146,0.0,0.0,,,196.0,196.0,23.50796991711601,35.740200929983146
M50O0D1,work,3201,3.201,50,123.0,0.1004081632653061,4.92,1.0,0.0,4.92,,200,19600.0,215.0,0.010969387755102,2.15,0.35,365,150,1.0,1.0,27.3067678684377,54.6135357368754,,0,0,19.0,0.0,1.0,0.38,0.38,0.24,1.0,0.38,0.38,0.24,1.0,0.38,0.38,0.24,79050.0,79050.0,22.844654988936185,35.342191003166306,0.0,0.0,,,79050.0,79050.0,22.844654988936185,35.342191003166306,79050.0,50.0,22.84465498893618,35.342191003166306,0.0,0.0,,,79050.0,50.0,22.84465498893618,35.342191003166306,50.0,50.0,22.351324709842476,35.5325112598016,0.0,0.0,,,50.0,50.0,22.351324709842476,35.5325112598016,200.0,200.0,22.75492845937284,35.2878370578962,0.0,0.0,,,200.0,200.0,22.75492845937284,35.2878370578962
M50O0D1,work,3301,3.301,50,141.0,0.1151020408163265,5.64,1.0,0.0,5.64,,200,19600.0,235.0,0.0119897959183673,2.35,0.48,385,150,1.0,1.0,25.88741302972802,51.77482605945604,,0,0,20.0,0.0,1.0,0.4,0.36,0.24,1.0,0.4,0.36,0.24,1.0,0.4,0.36,0.24,79050.0,79050.0,22.578407673056272,34.55465716158386,0.0,0.0,,,79050.0,79050.0,22.578407673056272,34.55465716158386,79050.0,50.0,22.578407673056272,34.55465716158386,0.0,0.0,,,79050.0,50.0,22.578407673056272,34.55465716158386,50.0,50.0,21.79440459964543,33.003157794493184,0.0,0.0,,,50.0,50.0,21.79440459964543,33.003157794493184,200.0,200.0,22.34876298045242,34.41777700137212,0.0,0.0,,,200.0,200.0,22.34876298045242,34.41777700137212
M50O0D1,work,3401,3.401,50,115.0,0.0938775510204081,4.6,1.0,0.0,4.6,,200,19600.0,212.0,0.0108163265306122,2.12,0.53,362,150,1.0,1.0,31.76217583807717,63.52435167615433,,0,0,20.0,0.0,1.0,0.4,0.42,0.18,1.0,0.4,0.42,0.18,1.0,0.4,0.42,0.18,79050.0,79050.0,22.38446061878099,35.143409516026146,0.0,0.0,,,79050.0,79050.0,22.38446061878099,35.143409516026146,79050.0,50.0,22.384460618780995,35.143409516026146,0.0,0.0,,,79050.0,50.0,22.384460618780995,35.143409516026146,50.0,50.0,22.98479055094461,36.28766406197967,0.0,0.0,,,50.0,50.0,22.98479055094461,36.28766406197967,200.0,200.0,22.34620837760785,36.027214134922296,0.0,0.0,,,200.0,200.0,22.34620837760785,36.027214134922296
M50O0D1,work,3501,3.501,50,134.0,0.1093877551020408,5.36,0.98,0.02,5.36,,200,19600.0,228.0,0.0116326530612244,2.28,0.435,378,150,0.98,0.98,31.95066413662239,63.90132827324478,,0,0,22.0,0.0,0.98,0.44,0.44,0.1,0.98,0.44,0.44,0.1,0.98,0.44,0.44,0.1,77469.0,77469.0,21.924540298197687,34.93000502516903,0.0,0.0,,,77469.0,77469.0,21.924540298197687,34.93000502516903,77469.0,48.99999999999999,21.92454029819769,34.93000502516903,0.0,0.0,,,77469.0,48.99999999999999,21.92454029819769,34.93000502516903,49.0,49.0,21.468438170590947,32.31556389353305,0.0,0.0,,,49.0,49.0,21.468438170590947,32.31556389353305,196.0,196.0,21.754045862543748,34.77297313056347,0.0,0.0,,,196.0,196.0,21.754045862543748,34.77297313056347
M50O0D1,work,3601,3.601,50,121.0,0.0987755102040816,4.84,1.0,0.0,4.84,,200,19600.0,211.0,0.0107653061224489,2.11,0.335,361,150,1.0,1.0,27.75964579380139,55.51929158760278,,0,0,20.0,0.0,1.0,0.4,0.38,0.22,1.0,0.4,0.38,0.22,1.0,0.4,0.38,0.22,79050.0,79050.0,22.356864861469457,35.10591959465764,0.0,0.0,,,79050.0,79050.0,22.356864861469457,35.10591959465764,79050.0,50.0,22.35686486146946,35.10591959465764,0.0,0.0,,,79050.0,50.0,22.35686486146946,35.10591959465764,50.0,50.0,22.476328346291037,35.49619781372557,0.0,0.0,,,50.0,50.0,22.476328346291037,35.49619781372557,200.0,200.0,22.189582196804626,35.33086421231874,0.0,0.0,,,200.0,200.0,22.189582196804626,35.33086421231874
M50O0D1,work,3701,3.701,50,130.0,0.1061224489795918,5.2,1.0,0.0,5.2,,200,19600.0,253.0,0.0129081632653061,2.53,0.63,403,150,1.0,1.0,32.16318785578748,64.32637571157495,,0,0,21.0,0.0,1.0,0.42,0.42,0.16,1.0,0.42,0.42,0.16,1.0,0.42,0.42,0.16,79050.0,79050.0,22.138747077483707,34.47345597398928,0.0,0.0,,,79050.0,79050.0,22.138747077483707,34.47345597398928,79050.0,50.0,22.138747077483707,34.47345597398928,0.0,0.0,,,79050.0,50.0,22.138747077483707,34.47345597398928,50.0,50.0,22.066523651445404,35.54012868119151,0.0,0.0,,,50.0,50.0,22.066523651445404,35.54012868119151,200.0,200.0,22.01741216993742,34.5576156803993,0.0,0.0,,,200.0,200.0,22.01741216993742,34.5576156803993
M50O0D1,work,3801,3.801,50,123.0,0.1004081632653061,4.92,1.0,0.0,4.92,,200,19600.0,225.0,0.0114795918367346,2.25,0.465,375,150,1.0,1.0,27.38772928526249,54.77545857052498,,0,0,22.0,0.0,1.0,0.44,0.36,0.2,1.0,0.44,0.36,0.2,1.0,0.44,0.36,0.2,79050.0,79050.0,20.82413923952649,33.65095913543469,0.0,0.0,,,79050.0,79050.0,20.82413923952649,33.65095913543469,79050.0,50.0,20.82413923952649,33.65095913543469,0.0,0.0,,,79050.0,50.0,20.82413923952649,33.65095913543469,50.0,50.0,20.13161527915165,33.21497440622904,0.0,0.0,,,50.0,50.0,20.13161527915165,33.21497440622904,200.0,200.0,20.63845784667628,33.455672286204006,0.0,0.0,,,200.0,200.0,20.63845784667628,33.455672286204006
M50O0D1,work,3901,3.901,50,149.0,0.1216326530612244,5.96,1.0,0.0,5.96,,200,19600.0,249.0,0.012704081632653,2.49,0.655,399,150,1.0,1.0,29.0752688172043,58.1505376344086,,0,0,22.0,0.0,1.0,0.44,0.44,0.12,1.0,0.44,0.44,0.12,1.0,0.44,0.44,0.12,79050.0,79050.0,21.62102830703607,33.89103726607922,0.0,0.0,,,79050.0,79050.0,21.62102830703607,33.89103726607922,79050.0,50.0,21.62102830703608,33.89103726607922,0.0,0.0,,,79050.0,50.0,21.62102830703608,33.89103726607922,50.0,50.0,22.04768217636726,34.020059911820546,0.0,0.0,,,50.0,50.0,22.04768217636726,34.020059911820546,200.0,200.0,21.53225886656137,33.988677823203226,0.0,0.0,,,200.0,200.0,21.53225886656137,33.988677823203226
M50O0D1,work,4001,4.001,50,135.0,0.110204081632653,5.4,0.98,0.02,5.4,,200,19600.0,215.0,0.010969387755102,2.15,0.45,365,150,0.98,0.98,25.151170145477547,50.30234029095509,,0,0,25.0,0.0,0.98,0.5,0.38,0.1,0.98,0.5,0.38,0.1,0.98,0.5,0.38,0.1,77469.0,77469.0,22.176238158020247,35.58559559657574,0.0,0.0,,,77469.0,77469.0,22.176238158020247,35.58559559657574,77469.0,48.99999999999999,22.17623815802025,35.58559559657574,0.0,0.0,,,77469.0,48.99999999999999,22.17623815802025,35.58559559657574,49.0,49.0,21.747020851413406,35.76235815286803,0.0,0.0,,,49.0,49.0,21.747020851413406,35.76235815286803,196.0,196.0,22.035500920793265,35.59619851889582,0.0,0.0,,,196.0,196.0,22.035500920793265,35.59619851889582
M50O0D1,work,4101,4.101,50,137.0,0.1118367346938775,5.48,1.0,0.0,5.48,,200,19600.0,226.0,0.0115306122448979,2.26,0.505,376,150,1.0,1.0,25.230866540164453,50.461733080328905,,0,0,25.0,0.0,1.0,0.5,0.36,0.14,1.0,0.5,0.36,0.14,1.0,0.5,0.36,0.14,79050.0,79050.0,21.43011092403417,33.98524140154471,0.0,0.0,,,79050.0,79050.0,21.43011092403417,33.98524140154471,79050.0,50.0,21.43011092403417,33.98524140154471,0.0,0.0,,,79050.0,50.0,21.43011092403417,33.98524140154471,50.0,50.0,21.02178100810393,32.519235006846166,0.0,0.0,,,50.0,50.0,21.02178100810393,32.519235006846166,200.0,200.0,21.173469967540285,33.64218169934829,0.0,0.0,,,200.0,200.0,21.173469967540285,33.64218169934829
M50O0D1,work,4201,4.2010000000000005,50,125.0,0.1020408163265306,5.0,1.0,0.0,5.0,,200,19600.0,187.0,0.0095408163265306,1.87,0.415,337,150,1.0,1.0,24.22517394054396,48.45034788108792,,0,0,21.0,0.0,1.0,0.42,0.4,0.18,1.0,0.42,0.4,0.18,1.0,0.42,0.4,0.18,79050.0,79050.0,22.77408787179631,35.4995521098158,0.0,0.0,,,79050.0,79050.0,22.77408787179631,35.4995521098158,79050.0,50.0,22.77408787179631,35.4995521098158,0.0,0.0,,,79050.0,50.0,22.77408787179631,35.4995521098158,50.0,50.0,22.3192265485288,33.9373563607909,0.0,0.0,,,50.0,50.0,22.3192265485288,33.9373563607909,200.0,200.0,22.62052274458921,34.62301764471243,0.0,0.0,,,200.0,200.0,22.62052274458921,34.62301764471243
M50O0D1,work,4301,4.301,50,144.0,0.1175510204081632,5.76,1.0,0.0,5.76,,200,19600.0,243.0,0.0123979591836734,2.43,0.705,393,150,1.0,1.0,26.40101201771031,52.80202403542062,,0,0,21.0,0.0,1.0,0.42,0.46,0.12,1.0,0.42,0.46,0.12,1.0,0.42,0.46,0.12,79050.0,79050.0,21.428835592553806,33.561759309745945,0.0,0.0,,,79050.0,79050.0,21.428835592553806,33.561759309745945,79050.0,50.0,21.42883559255381,33.561759309745945,0.0,0.0,,,79050.0,50.0,21.42883559255381,33.561759309745945,50.0,50.0,21.26844550385244,31.62731510904172,0.0,0.0,,,50.0,50.0,21.26844550385244,31.62731510904172,200.0,200.0,21.26063376623071,33.56146776796111,0.0,0.0,,,200.0,200.0,21.26063376623071,33.56146776796111
M50O0D1,work,4401,4.401,50,121.0,0.0987755102040816,4.84,1.0,0.0,4.84,,200,19600.0,216.0,0.0110204081632653,2.16,0.455,366,150,1.0,1.0,28.027830487033523,56.055660974067045,,0,0,22.0,0.0,1.0,0.44,0.38,0.18,1.0,0.44,0.38,0.18,1.0,0.44,0.38,0.18,79050.0,79050.0,21.79207512646631,33.97629730722319,0.0,0.0,,,79050.0,79050.0,21.79207512646631,33.97629730722319,79050.0,50.0,21.79207512646631,33.97629730722319,0.0,0.0,,,79050.0,50.0,21.79207512646631,33.97629730722319,50.0,50.0,22.13594736571838,33.65964366654598,0.0,0.0,,,50.0,50.0,22.13594736571838,33.65964366654598,200.0,200.0,21.712703589365034,33.65462793875714,0.0,0.0,,,200.0,200.0,21.712703589365034,33.65462793875714
M50O0D1,work,4501,4.501,50,134.0,0.1093877551020408,5.36,0.98,0.02,5.36,,200,19600.0,241.0,0.0122959183673469,2.41,0.49,391,150,0.98,0.98,35.07147375079064,70.14294750158128,,0,0,22.0,0.0,0.98,0.44,0.38,0.16,0.98,0.44,0.38,0.16,0.98,0.44,0.38,0.16,77469.0,77469.0,23.06677735126799,36.28497469356692,0.0,0.0,,,77469.0,77469.0,23.06677735126799,36.28497469356692,77469.0,48.99999999999999,23.066777351267994,36.28497469356692,0.0,0.0,,,77469.0,48.99999999999999,23.066777351267994,36.28497469356692,49.0,49.0,22.7225494167866,34.30843688599517,0.0,0.0,,,49.0,49.0,22.7225494167866,34.30843688599517,196.0,196.0,22.837812816843197,36.2532973681687,0.0,0.0,,,196.0,196.0,22.837812816843197,36.2532973681687
M50O0D1,work,4601,4.601,50,142.0,0.1159183673469387,5.68,0.96,0.0,5.68,,200,19600.0,252.0,0.0128571428571428,2.52,0.4,402,150,0.96,0.96,32.302340290955094,64.60468058191019,,0,0,22.0,0.0,0.96,0.44,0.34,0.18,0.96,0.44,0.34,0.18,0.96,0.44,0.34,0.18,75888.0,75888.0,23.3898163103881,36.23993716810944,0.0,0.0,,,75888.0,75888.0,23.3898163103881,36.23993716810944,75888.0,47.99999999999999,23.3898163103881,36.23993716810944,0.0,0.0,,,75888.0,47.99999999999999,23.3898163103881,36.23993716810944,48.0,48.0,23.25475915391495,35.1974988904764,0.0,0.0,,,48.0,48.0,23.25475915391495,35.1974988904764,192.0,192.0,23.33860971612479,36.62280084503787,0.0,0.0,,,192.0,192.0,23.33860971612479,36.62280084503787
M50O0D1,work,4701,4.7010000000000005,50,128.0,0.1044897959183673,5.12,1.0,0.0,5.12,,200,19600.0,219.0,0.0111734693877551,2.19,0.29,369,150,1.0,1.0,29.31309297912713,58.62618595825427,,0,0,22.0,0.0,1.0,0.44,0.42,0.14,1.0,0.44,0.42,0.14,1.0,0.44,0.42,0.14,79050.0,79050.0,23.42485875582158,37.99265093101396,0.0,0.0,,,79050.0,79050.0,23.42485875582158,37.99265093101396,79050.0,50.0,23.42485875582158,37.99265093101396,0.0,0.0,,,79050.0,50.0,23.42485875582158,37.99265093101396,50.0,50.0,22.624778106283397,36.75149915518871,0.0,0.0,,,50.0,50.0,22.624778106283397,36.75149915518871,200.0,200.0,23.27103288451568,37.59688196904457,0.0,0.0,,,200.0,200.0,23.27103288451568,37.59688196904457
M50O0D1,work,4801,4.801,50,150.0,0.1224489795918367,6.0,1.0,0.0,6.0,,200,19600.0,258.0,0.0131632653061224,2.58,0.695,408,150,1.0,1.0,34.67678684376977,69.35357368753954,,0,0,21.0,0.0,1.0,0.42,0.42,0.16,1.0,0.42,0.42,0.16,1.0,0.42,0.42,0.16,79050.0,79050.0,23.10053032920673,36.24420775291647,0.0,0.0,,,79050.0,79050.0,23.10053032920673,36.24420775291647,79050.0,50.0,23.10053032920673,36.24420775291647,0.0,0.0,,,79050.0,50.0,23.10053032920673,36.24420775291647,50.0,50.0,22.89896926486124,35.26686967553676,0.0,0.0,,,50.0,50.0,22.89896926486124,35.26686967553676,200.0,200.0,22.98406275001045,36.24809516645252,0.0,0.0,,,200.0,200.0,22.98406275001045,36.24809516645252
M50O0D1,work,4901,4.901,50,108.0,0.0881632653061224,4.32,0.98,0.02,4.32,,200,19600.0,198.0,0.0101020408163265,1.98,0.475,348,150,0.98,0.98,30.476913345983554,60.95382669196711,,0,0,21.0,0.0,0.98,0.42,0.28,0.28,0.98,0.42,0.28,0.28,0.98,0.42,0.28,0.28,77469.0,77469.0,22.21084060362192,35.78884076286549,0.0,0.0,,,77469.0,77469.0,22.21084060362192,35.78884076286549,77469.0,48.99999999999999,22.210840603621925,35.78884076286549,0.0,0.0,,,77469.0,48.99999999999999,22.210840603621925,35.78884076286549,49.0,49.0,22.07464802682159,34.365089944838466,0.0,0.0,,,49.0,49.0,22.07464802682159,34.365089944838466,196.0,196.0,22.063701652669728,35.09476075387119,0.0,0.0,,,196.0,196.0,22.063701652669728,35.09476075387119
M10O90-S2,work,1001,1.001,100,63.0,0.0127272727272727,1.26,0.22,0.33,3.4,1.022222222222222,130,8325.0,70.0,0.0084084084084084,1.0769230769230769,0.1153846153846153,90,20,0.123076923076923,0.125326695706285,39.568554241858536,50.13915243516762,93.28703703703704,1,208,,,,,,,,,,,,,,,,,,,,,,,,,,,,,,,,,,,,,,,,,,,,,,,,,,,,,,,,,,,,,,
M10O90-S2,work,1101,1.101,100,71.0,0.0143434343434343,1.42,0.13,0.19,3.2,1.2222222222222223,130,8325.0,77.0,0.0092492492492492,1.1846153846153846,0.0615384615384615,97,20,0.0923076923076923,0.0918481642812694,44.49699232524373,56.780518659076535,104.71296296296296,0,0,,,,,,,,,,,,,,,,,,,,,,,,,,,,,,,,,,,,,,,,,,,,,,,,,,,,,,,,,,,,,,
M10O90-S2,work,1201,1.201,100,55.0,0.0111111111111111,1.1,0.09,0.29,2.6,0.9333333333333332,130,8325.0,61.0,0.0073273273273273,0.9384615384615383,0.0538461538461538,81,20,0.0769230769230769,0.0769135034225264,46.289151628292885,49.8798228969007,113.41358024691358,0,0,,,,,,,,,,,,,,,,,,,,,,,,,,,,,,,,,,,,,,,,,,,,,,,,,,,,,,,,,,,,,,
M10O90-S2,work,1301,1.301,100,63.0,0.0127272727272727,1.26,0.24,0.32,3.3,1.0333333333333334,130,8325.0,72.0,0.0086486486486486,1.1076923076923078,0.0769230769230769,92,20,0.123076923076923,0.125326695706285,37.29931549471064,50.41745730550284,86.39814814814815,0,0,,,,,,,,,,,,,,,,,,,,,,,,,,,,,,,,,,,,,,,,,,,,,,,,,,,,,,,,,,,,,,
M10O90-S2,work,1401,1.401,100,73.0,0.0147474747474747,1.46,0.15,0.28,3.4,1.2444444444444445,130,8325.0,84.0,0.01009009009009,1.2923076923076924,0.0692307692307692,104,20,0.0846153846153846,0.0868699439950217,55.99668118647583,63.23213156230234,135.78703703703704,0,0,,,,,,,,,,,,,,,,,,,,,,,,,,,,,,,,,,,,,,,,,,,,,,,,,,,,,,,,,,,,,,
M10O90-S2,work,1501,1.501,100,71.0,0.0143434343434343,1.42,0.09,0.22,2.4,1.3111111111111111,130,8325.0,79.0,0.0094894894894894,1.2153846153846153,0.0538461538461538,99,20,0.0846153846153846,0.0861854387056627,53.42667496370048,47.210626185958255,135.95679012345678,0,0,,,,,,,,,,,,,,,,,,,,,,,,,,,,,,,,,,,,,,,,,,,,,,,,,,,,,,,,,,,,,,
M10O90-S2,work,1601,1.601,100,84.0,0.0169696969696969,1.68,0.48,0.22,4.6,1.3555555555555556,130,8325.0,93.0,0.0111711711711711,1.4307692307692308,0.2461538461538461,113,20,0.3076923076923077,0.3121966397013068,51.83986724745903,55.2055660974067,127.33333333333331,1,31,,,,,,,,,,,,,,,,,,,,,,,,,,,,,,,,,,,,,,,,,,,,,,,,,,,,,,,,,,,,,,
M10O90-S2,work,1701,1.701,100,58.0,0.0117171717171717,1.16,0.26,0.31,3.7,0.8777777777777778,130,8325.0,65.0,0.0078078078078078,1.0,0.0846153846153846,85,20,0.1076923076923077,0.1090230242688238,36.23107239162,44.78178368121442,85.96913580246914,0,0,,,,,,,,,,,,,,,,,,,,,,,,,,,,,,,,,,,,,,,,,,,,,,,,,,,,,,,,,,,,,,
M10O90-S2,work,1801,1.801,100,64.0,0.0129292929292929,1.28,0.23,0.3,3.7,1.011111111111111,130,8325.0,75.0,0.009009009009009,1.1538461538461535,0.0538461538461538,95,20,0.0615384615384615,0.0633478531425015,47.06492428956648,65.33206831119544,108.1820987654321,0,0,,,,,,,,,,,,,,,,,,,,,,,,,,,,,,,,,,,,,,,,,,,,,,,,,,,,,,,,,,,,,,
M10O90-S2,work,1901,1.901,100,74.0,0.0149494949494949,1.48,0.2,0.3,3.7,1.2333333333333334,130,8325.0,83.0,0.0099699699699699,1.2769230769230768,0.1692307692307692,103,20,0.1769230769230769,0.1794026135656503,56.58784484546774,54.53510436432637,141.79012345679013,0,0,,,,,,,,,,,,,,,,,,,,,,,,,,,,,,,,,,,,,,,,,,,,,,,,,,,,,,,,,,,,,,
M10O90-S2,work,2001,2.001,100,61.0,0.0123232323232323,1.22,0.22,0.24,2.6,1.0666666666666669,130,8325.0,68.0,0.0081681681681681,1.0461538461538462,0.1,88,20,0.1076923076923077,0.111076540136901,48.93590541381456,45.57874762808349,123.38888888888889,0,0,,,,,,,,,,,,,,,,,,,,,,,,,,,,,,,,,,,,,,,,,,,,,,,,,,,,,,,,,,,,,,
M10O90-S2,work,2101,2.101,100,65.0,0.0131313131313131,1.3,0.13,0.31,3.1,1.1,130,8325.0,71.0,0.0085285285285285,1.0923076923076922,0.1076923076923077,91,20,0.123076923076923,0.1248911014312383,41.57436216552583,40.68943706514864,103.86728395061728,0,0,,,,,,,,,,,,,,,,,,,,,,,,,,,,,,,,,,,,,,,,,,,,,,,,,,,,,,,,,,,,,,
M10O90-S2,work,2201,2.201,100,54.0,0.0109090909090909,1.08,0.33,0.39,3.2,0.8444444444444444,130,8325.0,62.0,0.0074474474474474,0.953846153846154,0.0846153846153846,82,20,0.1307692307692307,0.1334785314250155,35.63368595727027,60.9044908285895,76.32407407407408,0,0,,,,,,,,,,,,,,,,,,,,,,,,,,,,,,,,,,,,,,,,,,,,,,,,,,,,,,,,,,,,,,
M10O90-S2,work,2301,2.301,100,65.0,0.0131313131313131,1.3,0.37,0.36,3.6,1.0444444444444445,130,8325.0,73.0,0.0087687687687687,1.123076923076923,0.1076923076923077,93,20,0.1307692307692307,0.1341630367143746,38.836341008089605,41.52435167615433,95.31172839506172,0,0,,,,,,,,,,,,,,,,,,,,,,,,,,,,,,,,,,,,,,,,,,,,,,,,,,,,,,,,,,,,,,
M10O90-S2,work,2401,2.401,100,70.0,0.0141414141414141,1.4,0.23,0.32,3.8,1.1333333333333333,130,8325.0,77.0,0.0092492492492492,1.1846153846153846,0.0615384615384615,97,20,0.0692307692307692,0.0683260734287492,47.83239991702966,49.08918406072106,118.39197530864196,0,0,,,,,,,,,,,,,,,,,,,,,,,,,,,,,,,,,,,,,,,,,,,,,,,,,,,,,,,,,,,,,,
M10O90-S2,work,2501,2.501,100,69.0,0.0139393939393939,1.38,0.24,0.28,3.3,1.1666666666666667,130,8325.0,76.0,0.0091291291291291,1.1692307692307693,0.0769230769230769,96,20,0.0923076923076923,0.0925326695706285,42.10329807093964,48.96900695762176,101.40123456790124,0,0,,,,,,,,,,,,,,,,,,,,,,,,,,,,,,,,,,,,,,,,,,,,,,,,,,,,,,,,,,,,,,
M10O90-S2,work,2601,2.601,100,70.0,0.0141414141414141,1.4,0.15,0.3,3.5,1.1666666666666667,130,8325.0,78.0,0.0093693693693693,1.2,0.0692307692307692,98,20,0.0923076923076923,0.0936527691350342,48.97324206596142,61.34724857685009,115.80555555555556,1,137,,,,,,,,,,,,,,,,,,,,,,,,,,,,,,,,,,,,,,,,,,,,,,,,,,,,,,,,,,,,,,
M10O90-S2,work,2701,2.701,100,77.0,0.0155555555555555,1.54,0.23,0.27,3.2,1.3555555555555556,130,8325.0,89.0,0.0106906906906906,1.3692307692307693,0.1384615384615384,109,20,0.1538461538461538,0.1515868077162414,48.47334577888405,68.9247311827957,110.62037037037037,0,0,,,,,,,,,,,,,,,,,,,,,,,,,,,,,,,,,,,,,,,,,,,,,,,,,,,,,,,,,,,,,,
M10O90-S2,work,2801,2.801,100,76.0,0.0153535353535353,1.52,0.14,0.21,3.6,1.288888888888889,130,8325.0,86.0,0.0103303303303303,1.323076923076923,0.1,106,20,0.1076923076923077,0.111076540136901,48.75544492843808,71.5370018975332,110.1851851851852,0,0,,,,,,,,,,,,,,,,,,,,,,,,,,,,,,,,,,,,,,,,,,,,,,,,,,,,,,,,,,,,,,
M10O90-S2,work,2901,2.901,100,67.0,0.0135353535353535,1.34,0.16,0.23,3.1,1.1444444444444444,130,8325.0,73.0,0.0087687687687687,1.123076923076923,0.0846153846153846,93,20,0.1384615384615384,0.1391412570006222,39.97096038166355,36.2618595825427,101.25617283950618,0,0,,,,,,,,,,,,,,,,,,,,,,,,,,,,,,,,,,,,,,,,,,,,,,,,,,,,,,,,,,,,,,
M10O90-S2,work,3001,3.001,100,70.0,0.0141414141414141,1.4,0.13,0.26,3.4,1.1777777777777778,130,8325.0,80.0,0.0096096096096096,1.2307692307692308,0.0538461538461538,100,20,0.0615384615384615,0.0644679527069072,50.41485169052064,61.35989879822897,120.0895061728395,0,0,,,,,,,,,,,,,,,,,,,,,,,,,,,,,,,,,,,,,,,,,,,,,,,,,,,,,,,,,,,,,,
M10O90-S2,work,3101,3.101,100,60.0,0.0121212121212121,1.2,0.17,0.33,2.3,1.0777777777777775,130,8325.0,65.0,0.0078078078078078,1.0,0.0615384615384615,85,20,0.0846153846153846,0.085749844430616,37.99004355942751,36.5022137887413,95.24382716049382,1,406,,,,,,,,,,,,,,,,,,,,,,,,,,,,,,,,,,,,,,,,,,,,,,,,,,,,,,,,,,,,,,
M10O90-S2,work,3201,3.201,100,63.0,0.0127272727272727,1.26,0.13,0.3,3.0,1.0666666666666669,130,8325.0,73.0,0.0087687687687687,1.123076923076923,0.0769230769230769,93,20,0.0846153846153846,0.085065339141257,46.349305123418375,50.50600885515497,113.28703703703704,0,0,,,,,,,,,,,,,,,,,,,,,,,,,,,,,,,,,,,,,,,,,,,,,,,,,,,,,,,,,,,,,,
M10O90-S2,work,3301,3.301,100,66.0,0.0133333333333333,1.32,0.12,0.38,3.2,1.1111111111111112,130,8325.0,77.0,0.0092492492492492,1.1846153846153846,0.0615384615384615,97,20,0.1,0.1011200995644057,44.73345778884049,64.83870967741936,101.48456790123456,0,0,,,,,,,,,,,,,,,,,,,,,,,,,,,,,,,,,,,,,,,,,,,,,,,,,,,,,,,,,,,,,,
M10O90-S2,work,3401,3.401,100,71.0,0.0143434343434343,1.42,0.2,0.31,3.9,1.1444444444444444,130,8325.0,81.0,0.0097297297297297,1.2461538461538462,0.0461538461538461,101,20,0.1,0.1029247044181705,47.19560257208048,55.94560404807084,113.15123456790124,0,0,,,,,,,,,,,,,,,,,,,,,,,,,,,,,,,,,,,,,,,,,,,,,,,,,,,,,,,,,,,,,,
M10O90-S2,work,3501,3.501,100,70.0,0.0141414141414141,1.4,0.25,0.26,3.1,1.211111111111111,130,8325.0,75.0,0.009009009009009,1.1538461538461535,0.0692307692307692,95,20,0.1538461538461538,0.1556316116988176,41.10972827214271,40.5629348513599,102.54629629629628,0,0,,,,,,,,,,,,,,,,,,,,,,,,,,,,,,,,,,,,,,,,,,,,,,,,,,,,,,,,,,,,,,
M10O90-S2,work,3601,3.601,100,73.0,0.0147474747474747,1.46,0.18,0.25,2.5,1.3444444444444446,130,8325.0,81.0,0.0097297297297297,1.2461538461538462,0.0846153846153846,101,20,0.1615384615384615,0.1637834474175482,55.83903754407799,44.95256166982922,144.23765432098764,0,0,,,,,,,,,,,,,,,,,,,,,,,,,,,,,,,,,,,,,,,,,,,,,,,,,,,,,,,,,,,,,,
M10O90-S2,work,3701,3.701,100,55.0,0.0111111111111111,1.1,0.22,0.34,3.5,0.8333333333333334,130,8325.0,60.0,0.0072072072072072,0.9230769230769232,0.0615384615384615,80,20,0.0692307692307692,0.0712507778469197,39.91080688653806,48.13409234661607,95.28395061728396,0,0,,,,,,,,,,,,,,,,,,,,,,,,,,,,,,,,,,,,,,,,,,,,,,,,,,,,,,,,,,,,,,
M10O90-S2,work,3801,3.801,100,69.0,0.0139393939393939,1.38,0.16,0.34,3.6,1.1333333333333333,130,8325.0,79.0,0.0094894894894894,1.2153846153846153,0.0923076923076923,99,20,0.1153846153846153,0.1171748599875544,46.66251814976146,53.51676154332701,112.75,0,0,,,,,,,,,,,,,,,,,,,,,,,,,,,,,,,,,,,,,,,,,,,,,,,,,,,,,,,,,,,,,,
M10O90-S2,work,3901,3.901,100,76.0,0.0153535353535353,1.52,0.41,0.2,3.5,1.3,130,8325.0,84.0,0.01009009009009,1.2923076923076924,0.0846153846153846,104,20,0.1461538461538461,0.1474797759800871,53.26903132130264,64.02277039848197,127.28395061728396,0,0,,,,,,,,,,,,,,,,,,,,,,,,,,,,,,,,,,,,,,,,,,,,,,,,,,,,,,,,,,,,,,
M10O90-S2,work,4001,4.001,100,59.0,0.0119191919191919,1.18,0.2,0.41,2.9,0.9888888888888888,130,8325.0,61.0,0.0073273273273273,0.9384615384615383,0.0615384615384615,81,20,0.0846153846153846,0.0843808338518979,41.50176311968471,32.182163187855785,107.80246913580248,1,146,,,,,,,,,,,,,,,,,,,,,,,,,,,,,,,,,,,,,,,,,,,,,,,,,,,,,,,,,,,,,,
M10O90-S2,work,4101,4.101,100,71.0,0.0143434343434343,1.42,0.46,0.28,3.4,1.2,130,8325.0,79.0,0.0094894894894894,1.2153846153846153,0.1461538461538461,99,20,0.1769230769230769,0.1816428126944617,36.01949802945447,27.24225173940544,93.89814814814817,0,0,,,,,,,,,,,,,,,,,,,,,,,,,,,,,,,,,,,,,,,,,,,,,,,,,,,,,,,,,,,,,,
M10O90-S2,work,4201,4.2010000000000005,100,65.0,0.0131313131313131,1.3,0.16,0.3,2.1,1.211111111111111,130,8325.0,70.0,0.0084084084084084,1.0769230769230769,0.0615384615384615,90,20,0.0846153846153846,0.085065339141257,40.31943580170089,33.85831752055661,103.46604938271604,0,0,,,,,,,,,,,,,,,,,,,,,,,,,,,,,,,,,,,,,,,,,,,,,,,,,,,,,,,,,,,,,,
M10O90-S2,work,4301,4.301,100,68.0,0.0137373737373737,1.36,0.18,0.29,3.0,1.1777777777777778,130,8325.0,72.0,0.0086486486486486,1.1076923076923078,0.0769230769230769,92,20,0.0923076923076923,0.0907280647168637,38.6330636797345,37.91271347248577,96.46913580246914,0,0,,,,,,,,,,,,,,,,,,,,,,,,,,,,,,,,,,,,,,,,,,,,,,,,,,,,,,,,,,,,,,
M10O90-S2,work,4401,4.401,100,84.0,0.0169696969696969,1.68,0.49,0.28,4.3,1.3888888888888888,130,8325.0,89.0,0.0106906906906906,1.3692307692307693,0.1153846153846153,109,20,0.3307692307692307,0.3321095208462974,45.64198299108069,47.96331435800126,112.42283950617283,0,0,,,,,,,,,,,,,,,,,,,,,,,,,,,,,,,,,,,,,,,,,,,,,,,,,,,,,,,,,,,,,,
M10O90-S2,work,4501,4.501,100,69.0,0.0139393939393939,1.38,0.29,0.34,4.4,1.0444444444444445,130,8325.0,78.0,0.0093693693693693,1.2,0.0846153846153846,98,20,0.2461538461538461,0.2492843808338519,41.71748599875544,54.17457305502846,97.71296296296296,0,0,,,,,,,,,,,,,,,,,,,,,,,,,,,,,,,,,,,,,,,,,,,,,,,,,,,,,,,,,,,,,,
M10O90-S2,work,4601,4.601,100,70.0,0.0141414141414141,1.4,0.29,0.38,3.8,1.1333333333333333,130,8325.0,78.0,0.0093693693693693,1.2,0.0846153846153846,98,20,0.1,0.1011200995644057,45.81829495955196,57.69133459835547,108.20061728395062,0,0,,,,,,,,,,,,,,,,,,,,,,,,,,,,,,,,,,,,,,,,,,,,,,,,,,,,,,,,,,,,,,
M10O90-S2,work,4701,4.7010000000000005,100,74.0,0.0149494949494949,1.48,0.3,0.25,3.9,1.211111111111111,130,8325.0,86.0,0.0103303303303303,1.323076923076923,0.0615384615384615,106,20,0.1307692307692307,0.1327940261356565,52.90396183364447,74.6932321315623,120.99074074074076,0,0,,,,,,,,,,,,,,,,,,,,,,,,,,,,,,,,,,,,,,,,,,,,,,,,,,,,,,,,,,,,,,
M10O90-S2,work,4801,4.801,100,68.0,0.0137373737373737,1.36,0.32,0.33,3.5,1.1222222222222222,130,8325.0,75.0,0.009009009009009,1.1538461538461535,0.0615384615384615,95,20,0.1615384615384615,0.1626633478531425,41.495540344326905,53.23213156230234,97.51234567901234,0,0,,,,,,,,,,,,,,,,,,,,,,,,,,,,,,,,,,,,,,,,,,,,,,,,,,,,,,,,,,,,,,
M10O90-S2,work,4901,4.901,100,68.0,0.0137373737373737,1.36,0.18,0.25,2.9,1.1888888888888889,130,8325.0,76.0,0.0091291291291291,1.1692307692307693,0.0846153846153846,96,20,0.1,0.1054138145612943,44.44928438083385,45.23719165085389,110.20370370370372,0,0,,,,,,,,,,,,,,,,,,,,,,,,,,,,,,,,,,,,,,,,,,,,,,,,,,,,,,,,,,,,,,
M10O90D1-S2,work,1001,1.001,100,134.0,0.027070707070707,2.68,0.45,0.21,7.6,2.1333333333333333,130,8325.0,146.0,0.0175375375375375,2.246153846153846,0.3230769230769231,166,20,0.3692307692307692,0.3723708774113254,58.99398465048745,54.72485768500949,148.85802469135805,0,0,7.0,20.0,0.3454545454545454,0.2636363636363636,0.0636363636363636,0.0181818181818181,0.3723708774113254,0.2958929682638457,0.0615432482887367,0.014934660858743,0.35,0.27,0.07,0.02,17952.0,17952.0,8.399300550112734,17.593247298082584,10080.0,10080.0,6.731515624227488,15.923563619727496,7872.0,7872.0,10.53487880886823,18.550138836572486,17952.0,35.0,7.379625091200991,16.87006357051568,10080.0,28.0,6.731515624227491,15.923563619727496,7872.0,7.0,9.972062959094997,18.2794950832022,38.0,38.0,6.3655004189374695,13.880712869859783,28.0,28.0,5.327581266420445,16.41850720700817,10.0,10.0,9.271674045985142,12.916701605762286,48.0,48.0,7.291587558202131,19.448098550092837,28.0,28.0,5.327581266420445,16.41850720700817,20.0,20.0,10.041196366696491,19.448098550092837
M10O90D1-S2,work,1101,1.101,100,116.0,0.0234343434343434,2.32,0.41,0.3,7.1,1.788888888888889,130,8325.0,125.0,0.015015015015015,1.9230769230769231,0.2923076923076923,145,20,0.3846153846153846,0.3866210329807094,58.33851897946485,70.76533839342189,139.08024691358025,0,0,6.0,22.0,0.3636363636363636,0.2727272727272727,0.0454545454545454,0.0454545454545454,0.3866210329807094,0.2947728686994399,0.0545115121344119,0.0373366521468574,0.37,0.28,0.05,0.05,18639.0,18639.0,8.978087859307124,20.693614841369588,10800.0,10800.0,6.985047443477693,16.94441614415697,7839.0,7839.0,11.72395295574262,22.5294965781384,18639.0,37.0,7.88761734710329,18.68768237824393,10800.0,30.0,6.9850474434776935,16.94441614415697,7839.0,7.0,11.75577407692728,22.56941780501425,40.0,40.0,7.204859427166634,15.622646789191336,30.0,30.0,6.002309600097081,15.622646789191336,10.0,10.0,10.812508908375296,15.14726276171464,50.0,50.0,8.112607325868527,18.92053739662774,30.0,30.0,6.002309600097081,15.622646789191336,20.0,20.0,11.278053914525698,21.034709349916167
M10O90D1-S2,work,1201,1.201,100,120.0,0.0242424242424242,2.4,0.47,0.2,5.7,2.033333333333333,130,8325.0,130.0,0.0156156156156156,2.0,0.3307692307692307,150,20,0.3923076923076923,0.3929682638456752,58.04604853764779,69.37381404174573,138.88888888888889,1,195,6.0,21.0,0.3818181818181818,0.2727272727272727,0.1,0.009090909090909,0.3929682638456752,0.3033602986932172,0.0821406347230865,0.0074673304293715,0.39,0.27,0.11,0.01,18945.0,18945.0,9.656992189684113,22.050125372090047,11880.0,11880.0,8.309661572184666,19.55527331293846,7065.0,7065.0,11.922567240765986,23.6452153307166,18945.0,39.0,8.973831825954347,21.4649334275208,11880.0,33.0,8.309661572184668,19.56228094046736,7065.0,6.0,12.62676822168759,24.52529555795949,42.0,42.0,7.950664345169641,16.03065026619511,33.0,33.0,7.177073560533887,16.03065026619511,9.0,9.0,10.787163888834076,17.116717411111743,51.0,51.0,8.677130785109972,21.30827485751759,33.0,33.0,7.177073560533887,16.03065026619511,18.0,18.0,11.4272356968328,23.460404782331523
M10O90D1-S2,work,1301,1.301,100,143.0,0.0288888888888888,2.86,0.42,0.26,7.3,2.3666666666666667,130,8325.0,163.0,0.0195795795795795,2.507692307692308,0.3230769230769231,183,20,0.4153846153846154,0.4182949595519601,61.10765401369011,77.337128399747,144.1141975308642,0,0,6.0,22.0,0.3909090909090909,0.2636363636363636,0.0909090909090909,0.0363636363636363,0.4182949595519601,0.2773490976975731,0.0925326695706285,0.0484131922837585,0.4,0.28,0.1,0.04,20166.0,20166.0,12.245411869130209,38.34461368467028,11520.0,11520.0,8.132645603569985,17.1492977551451,8646.0,8646.0,17.725294748988382,41.96114771473764,20166.0,40.0,10.305989347020168,29.090040393120148,11520.0,32.0,8.132645603569987,17.1492977551451,8646.0,7.999999999999999,18.9993643208209,41.96610370382948,43.0,43.0,9.412393995552456,28.12391068530752,32.0,32.0,6.957858588655399,15.344750258059396,11.0,11.0,16.552860633798442,42.43093105205096,54.0,54.0,11.057676972664908,36.37501518679377,32.0,32.0,6.957858588655399,15.344750258059396,22.0,22.0,17.02104916758783,40.69081037955019
M10O90D1-S2,work,1401,1.401,100,126.0,0.0254545454545454,2.52,0.53,0.23,4.8,2.2666666666666666,130,8325.0,139.0,0.0166966966966966,2.1384615384615384,0.3692307692307692,159,20,0.4307692307692308,0.4307405102675793,61.2341837792989,51.018342820999365,157.33333333333334,2,72,5.0,27.0,0.4363636363636363,0.2909090909090909,0.0636363636363636,0.0818181818181818,0.4549471064094586,0.2818917237087741,0.0794026135656502,0.0936527691350342,0.46,0.32,0.07,0.09,21933.0,21933.0,11.983550209327014,28.94309594592048,13320.0,13320.0,8.122817953602217,24.051152035706288,8613.0,8613.0,17.95417062570392,33.06884019604195,21933.0,46.0,10.078105323815365,27.89767957667772,13320.0,37.0,8.122817953602217,24.059531309522484,8613.0,9.0,18.116508956913865,34.94089796906958,48.0,48.0,9.38737116555638,29.18609719959152,37.0,37.0,6.952519906806143,25.633175915141056,11.0,11.0,17.577325399534445,32.31747661127675,59.0,59.0,10.881469335978643,29.18609719959152,37.0,37.0,6.952519906806143,25.633175915141056,22.0,22.0,17.489247921405124,34.4362033357157
M10O90D1-S2,work,1501,1.501,100,125.0,0.0252525252525252,2.5,0.39,0.31,5.8,2.1333333333333333,130,8325.0,136.0,0.0163363363363363,2.0923076923076924,0.2769230769230769,156,20,0.3538461538461538,0.3556316116988177,58.33229620410703,67.57115749525617,140.62037037037038,1,507,5.0,28.0,0.3363636363636363,0.3090909090909091,0.0272727272727272,0.0,0.3556316116988177,0.3060983198506534,0.0495332918481642,0.0,0.34,0.33,0.02,0.0,17145.0,17145.0,8.040564111755346,21.4911613938048,10080.0,10080.0,3.756191943352035,6.963417603008258,7065.0,7065.0,14.153298925273448,26.183988095534087,17145.0,33.99999999999999,5.469127330062331,11.56699618690562,10080.0,28.0,3.756191943352035,6.963417603008258,7065.0,6.0,13.462825801377036,24.749500407655617,37.0,37.0,4.874133155081496,13.751252431365968,28.0,28.0,2.209295389035161,3.4964698343312977,9.0,9.0,13.164739538336756,21.660271535827828,46.0,46.0,6.739776732669378,20.220239438566452,28.0,28.0,2.209295389035161,3.4964698343312977,18.0,18.0,13.787192156100378,27.083360124837853
M10O90D1-S2,work,1601,1.601,100,136.0,0.0274747474747474,2.72,0.47,0.28,5.0,2.466666666666667,130,8325.0,151.0,0.0181381381381381,2.3230769230769237,0.3461538461538461,171,20,0.3846153846153846,0.3807716241443684,53.76892760838,48.84882985452246,136.17592592592592,1,253,4.0,29.0,0.4,0.3090909090909091,0.0636363636363636,0.0272727272727272,0.3807716241443684,0.2975108898568762,0.0608587429993777,0.0224019912881145,0.43,0.33,0.07,0.03,18357.0,18357.0,7.96400640801094,19.07672289419765,13680.0,13680.0,6.015264340152887,13.439927682773613,4677.0,4677.0,13.663983206877342,29.699651731196397,18357.0,43.0,6.93655190745274,16.029297972075202,13680.0,37.99999999999999,6.01526434015289,13.457060166319575,4677.0,5.0,13.938337418931615,30.06189712149244,44.0,44.0,5.875235817900091,14.336176707946898,38.0,38.0,4.885990678323746,14.279997519781482,6.0,6.0,12.14045503521694,28.28199589923733,50.0,50.0,6.774849997164162,15.449766297006786,38.0,38.0,4.885990678323746,14.279997519781482,12.0,12.0,12.756237840158809,27.87524475825612
M10O90D1-S2,work,1701,1.701,100,148.0,0.0298989898989899,2.96,0.53,0.3,4.5,2.7888888888888888,130,8325.0,155.0,0.0186186186186186,2.3846153846153846,0.3769230769230769,175,20,0.3923076923076923,0.3889234598630989,60.96038166355528,47.00189753320683,158.4783950617284,0,0,4.0,32.0,0.4090909090909091,0.3363636363636363,0.0727272727272727,0.0,0.3889234598630989,0.3199128811449906,0.0690105787181082,0.0,0.44,0.36,0.08,0.0,18750.0,18750.0,7.739920402152883,18.676086205567064,14040.0,14040.0,5.632286019768258,11.372670183782825,4710.0,4710.0,14.022550280853542,26.49233164825347,18750.0,44.0,6.696548677186531,15.41959115351501,14040.0,38.99999999999999,5.6322860197682605,11.372986563412171,4710.0,5.0,14.997797405049056,26.97693760239452,45.0,45.0,5.500615195702429,12.790350890026552,39.0,39.0,4.422321819894138,9.537977874782962,6.0,6.0,12.509522138456326,25.68914227287162,51.0,51.0,6.570651307387921,17.91069594788775,39.0,39.0,4.422321819894138,9.537977874782962,12.0,12.0,13.552722141742713,22.922487666307568
M10O90D1-S2,work,1801,1.801,100,182.0,0.0367676767676767,3.64,0.55,0.29,4.9,3.5,130,8325.0,192.0,0.023063063063063,2.953846153846154,0.3615384615384615,212,20,0.3846153846153846,0.3803360298693217,70.6450943787596,47.811511701454776,186.90432098765436,1,34,3.0,36.0,0.4090909090909091,0.3545454545454545,0.0545454545454545,0.0,0.3803360298693217,0.3169881767268201,0.0633478531425015,0.0,0.45,0.39,0.06,0.0,18336.0,18336.0,6.7475563179119495,13.556268335356345,14400.0,14400.0,4.853085360540117,9.838506514748154,3936.0,3936.0,13.678547625369871,28.97127991133057,18336.0,45.0,5.839095892966912,11.970423288447003,14400.0,40.0,4.853085360540117,9.839149027085544,3936.0,5.0,13.72718015238127,29.02828103299121,45.0,45.0,4.430369856097737,10.312326860411808,40.0,40.0,3.389901704498473,7.49159618654778,5.0,5.0,12.754115068891847,17.796578120160564,50.0,50.0,5.401557657076767,12.11776066694431,40.0,40.0,3.389901704498473,7.49159618654778,10.0,10.0,13.448181467389944,27.24233976016965
M10O90D1-S2,work,1901,1.901,100,176.0,0.0355555555555555,3.52,0.57,0.22,3.7,3.5,130,8325.0,178.0,0.0213813813813813,2.7384615384615385,0.3769230769230769,198,20,0.4384615384615384,0.434411947728687,70.76540136901058,39.61416824794434,191.2623456790124,0,0,3.0,39.0,0.4636363636363636,0.3818181818181818,0.0727272727272727,0.009090909090909,0.434411947728687,0.3393901680149346,0.0875544492843808,0.0074673304293715,0.51,0.42,0.08,0.01,20943.0,20943.0,8.9358595620851,21.22314157524724,16200.0,16200.0,5.611187719374356,11.670296071221808,4743.0,4743.0,20.29147496413317,33.565317763687574,20943.0,51.0,7.324838174349234,17.324101284711023,16200.0,44.99999999999999,5.611187719374359,11.674201540155098,4743.0,5.999999999999999,20.177216586660823,33.54826790134622,51.0,51.0,6.002500592942788,16.29143934967844,45.0,45.0,4.153085451845742,8.127282101090131,6.0,6.0,19.87311415117063,32.41542553013051,57.0,57.0,7.499306041742409,19.923069384449217,45.0,45.0,4.153085451845742,8.127282101090131,12.0,12.0,20.04763325385491,32.730354384538565
M10O90D1-S2,work,2001,2.001,100,189.0,0.0381818181818181,3.78,0.69,0.12,5.1,3.633333333333333,130,8325.0,198.0,0.0237837837837837,3.046153846153846,0.5230769230769231,218,20,0.5692307692307692,0.5667703795892969,81.21966397013068,62.16318785578748,211.3703703703704,0,0,2.0,37.0,0.5909090909090909,0.3545454545454545,0.1,0.1363636363636363,0.5667703795892969,0.3084007467330429,0.1092719352831362,0.1490976975731176,0.63,0.39,0.1,0.15,27324.0,27324.0,12.685810319892072,29.729868561891365,20160.0,20160.0,9.962542916101764,24.300562703459445,7164.0,7164.0,20.349276380809503,35.64628175646922,27324.0,62.99999999999999,11.240436381423736,27.023414140139028,20160.0,56.0,9.962542916101766,24.30464429115637,7164.0,6.999999999999999,21.46358410399949,36.30606123246798,65.0,65.0,10.399431405841945,25.81416304261085,56.0,56.0,8.925330792149577,24.100102602778712,9.0,9.0,19.571613002149988,36.78680403247424,74.0,74.0,11.59904928675534,29.285070939067666,56.0,56.0,8.925330792149577,24.100102602778712,18.0,18.0,19.9172846033066,35.205639392929385
M10O90D1-S2,work,2101,2.101,100,184.0,0.0371717171717171,3.68,0.7,0.17,4.6,3.577777777777778,130,8325.0,193.0,0.0231831831831831,2.9692307692307693,0.4,213,20,0.4153846153846154,0.4065961418792782,77.88425637834474,57.41302972802024,203.7623456790124,1,4,2.0,36.0,0.4636363636363636,0.3454545454545454,0.1,0.0181818181818181,0.4065961418792782,0.3009334163036714,0.0907280647168637,0.014934660858743,0.51,0.38,0.11,0.02,19602.0,19602.0,6.943829583544262,14.96283815213528,17280.0,17280.0,5.934369684606293,12.536525467307897,2322.0,2322.0,14.456089296570996,23.896937218890567,19602.0,51.00000000000001,6.435647308839511,13.620354453005133,17280.0,48.0,5.934369684606295,12.538979465716231,2322.0,3.0,14.456089296570994,23.896937218890567,51.0,51.0,5.201815869654515,11.764959584311764,48.0,48.0,4.74121278219319,11.764959584311764,3.0,3.0,12.571465269035722,18.755201511732047,54.0,54.0,5.715617648467518,15.147327322831355,48.0,48.0,4.74121278219319,11.764959584311764,6.0,6.0,13.510856578662128,23.740821140622845
M10O90D1-S2,work,2201,2.201,100,144.0,0.029090909090909,2.88,0.51,0.22,3.4,2.8222222222222224,130,8325.0,149.0,0.0178978978978978,2.292307692307692,0.3076923076923077,169,20,0.3615384615384615,0.3554449284380834,65.37025513378967,41.695129664769134,174.19135802469137,0,0,2.0,34.0,0.3909090909090909,0.3272727272727272,0.0363636363636363,0.0272727272727272,0.3554449284380834,0.2859987554449284,0.0384567517112632,0.0309894212818917,0.43,0.36,0.04,0.03,17136.0,17136.0,8.442657167457469,23.36642711510428,14040.0,14040.0,6.039394005192443,12.002389096275316,3096.0,3096.0,19.341176159124448,37.22187885760151,17136.0,43.0,7.276769089279141,17.894672343568303,14040.0,38.99999999999999,6.039394005192444,12.022210127179472,3096.0,4.0,19.34117615912445,37.22187885760151,43.0,43.0,5.758027631099543,14.079409941043693,39.0,39.0,4.405437832274059,9.121006416474028,4.0,4.0,18.94577816964801,33.37314950435956,47.0,47.0,6.964834180485541,22.63429754126945,39.0,39.0,4.405437832274059,9.121006416474028,8.0,8.0,19.441891378016518,43.40066603722029
M10O90D1-S2,work,2301,2.301,100,139.0,0.028080808080808,2.78,0.45,0.25,3.1,2.7444444444444445,130,8325.0,144.0,0.0172972972972972,2.2153846153846155,0.3461538461538461,164,20,0.3615384615384615,0.3561294337274424,68.18917237087742,41.138519924098674,182.85185185185185,2,135,3.0,33.0,0.4,0.3272727272727272,0.0636363636363636,0.009090909090909,0.3728686994399502,0.2945861854387057,0.070815183571873,0.0074673304293715,0.43,0.36,0.07,0.01,17976.0,17976.0,8.509305809261168,19.363787370752952,14040.0,14040.0,5.677578868696083,11.870265093233163,3936.0,3936.0,18.610283005789057,36.06933161635661,17976.0,43.00000000000001,6.695760612734129,14.870975624017198,14040.0,38.99999999999999,5.677578868696085,11.87027599057605,3936.0,4.0,16.62303261710509,32.49379393263594,44.0,44.0,5.666894646640661,15.62823469603597,39.0,39.0,4.118073778624952,11.09033269551328,5.0,5.0,17.747697417163188,35.02442231329176,49.0,49.0,6.992613938509003,18.855113242138195,39.0,39.0,4.118073778624952,11.09033269551328,10.0,10.0,18.20332056205681,33.27544782917771
M10O90D1-S2,work,2401,2.401,100,171.0,0.0345454545454545,3.42,0.5,0.24,3.4,3.422222222222222,130,8325.0,182.0,0.0218618618618618,2.8,0.3923076923076923,202,20,0.4153846153846154,0.4095208462974486,75.54864136071355,39.97469955724225,205.320987654321,0,0,3.0,35.0,0.4454545454545454,0.3454545454545454,0.0727272727272727,0.0272727272727272,0.4095208462974486,0.3095208462974486,0.0775980087118855,0.0224019912881145,0.48,0.38,0.08,0.03,19743.0,19743.0,7.601005980253357,17.025074220802438,15840.0,15840.0,5.95028006222132,12.883883388998305,3903.0,3903.0,14.300339452358775,28.41454838623316,19743.0,48.0,6.71814692274442,14.713169939438192,15840.0,43.99999999999999,5.9502800622213226,12.885343055215762,3903.0,4.0,15.164682388498516,32.55443866653922,49.0,49.0,5.395914290517886,14.699434475853778,44.0,44.0,4.472545419547823,11.581896809471772,5.0,5.0,13.521560355054447,22.05502516344154,54.0,54.0,6.215561991231211,16.505110742460307,44.0,44.0,4.472545419547823,11.581896809471772,10.0,10.0,13.88483490663812,21.271013025073884
M10O90D1-S2,work,2501,2.501,100,169.0,0.0341414141414141,3.38,0.54,0.18,4.3,3.2777777777777777,130,8325.0,176.0,0.0211411411411411,2.707692307692308,0.3923076923076923,196,20,0.4153846153846154,0.4113254511512134,75.54449284380834,45.95192915876028,202.391975308642,1,58,3.0,36.0,0.4363636363636363,0.3545454545454545,0.0636363636363636,0.0181818181818181,0.4113254511512134,0.3176726820161792,0.0787181082762912,0.014934660858743,0.46,0.39,0.07,0.02,19830.0,19830.0,7.939813078631813,17.995853327331268,15120.0,15120.0,5.675735006472237,12.377410301386265,4710.0,4710.0,15.207936316647269,28.347507655076008,19830.0,46.0,6.614689367168065,15.1231219523829,15120.0,41.99999999999999,5.675735006472238,12.381261395324136,4710.0,4.0,16.473710154474265,35.396065754340455,48.0,48.0,5.647788037621581,15.270138558334391,42.0,42.0,4.36701831381662,12.50374237598266,6.0,6.0,14.613176104256302,29.457992448658366,54.0,54.0,6.733231517882496,17.158119825743398,42.0,42.0,4.36701831381662,12.50374237598266,12.0,12.0,15.014977732113062,24.41758721688135
M10O90D1-S2,work,2601,2.601,100,175.0,0.0353535353535353,3.5,0.56,0.17,3.8,3.466666666666667,130,8325.0,179.0,0.0215015015015015,2.753846153846154,0.3692307692307692,199,20,0.4,0.3927815805849409,72.84588259697158,44.32637571157496,195.15432098765436,0,0,3.0,35.0,0.4363636363636363,0.3454545454545454,0.0818181818181818,0.009090909090909,0.3927815805849409,0.3095208462974486,0.0672059738643435,0.0160547604231487,0.48,0.38,0.09,0.01,18936.0,18936.0,7.153826016993879,16.238877326554015,15840.0,15840.0,5.766727958292151,12.771556228375715,3096.0,3096.0,14.250606782444576,22.78650767893794,18936.0,48.0,6.473717860304855,14.642392660764887,15840.0,43.99999999999999,5.766727958292153,12.771697250403264,3096.0,4.0,14.250606782444576,22.78650767893794,48.0,48.0,5.199891219251402,13.82484823806614,44.0,44.0,4.500159899932166,11.51484656952821,4.0,4.0,12.896935731762996,16.289625964935283,52.0,52.0,5.942604184114832,14.20730930472845,44.0,44.0,4.500159899932166,11.51484656952821,8.0,8.0,13.8760477471195,23.75858570517704
M10O90D1-S2,work,2701,2.701,100,145.0,0.0292929292929292,2.9,0.54,0.31,3.0,2.888888888888889,130,8325.0,149.0,0.0178978978978978,2.292307692307692,0.3307692307692307,169,20,0.4,0.3934660858742999,65.37025513378967,33.08032890575585,178.39506172839506,1,5,2.0,35.0,0.4363636363636363,0.3363636363636363,0.0545454545454545,0.0454545454545454,0.3934660858742999,0.2934660858742999,0.0540759178593652,0.0459240821406347,0.48,0.37,0.06,0.05,18969.0,18969.0,7.356437047817763,16.624682456752986,15840.0,15840.0,5.970131209049116,12.06462672857288,3129.0,3129.0,14.374361140529604,21.35991764615773,18969.0,48.00000000000001,6.67050956120014,13.951864949487264,15840.0,43.99999999999999,5.970131209049119,12.065521854399432,3129.0,4.0,14.374671434861405,21.37761927986132,48.0,48.0,5.497782896305679,13.194056138147134,44.0,44.0,4.785428331046486,10.762956833844852,4.0,4.0,13.333683114156813,15.773941469464884,52.0,52.0,6.185382417596291,16.247548283987417,44.0,44.0,4.785428331046486,10.762956833844852,8.0,8.0,13.88512989362022,19.44113398751275
M10O90D1-S2,work,2801,2.801,100,164.0,0.0331313131313131,3.28,0.66,0.19,4.4,3.1555555555555554,130,8325.0,169.0,0.0203003003003003,2.6,0.3923076923076923,189,20,0.4846153846153846,0.4810205351586807,67.39473138353038,40.45540796963947,180.820987654321,0,0,3.0,35.0,0.509090909090909,0.3454545454545454,0.0909090909090909,0.0727272727272727,0.4810205351586807,0.3102053515868077,0.0932171748599875,0.0775980087118855,0.55,0.38,0.1,0.07,23190.0,23190.0,11.04913048999516,27.98099590704079,17640.0,17640.0,7.763177071258481,19.30627398850687,5550.0,5550.0,21.49313378846633,30.20715957135341,23190.0,55.0,9.145670754520747,25.12337507262678,17640.0,49.0,7.763177071258481,19.306379801764045,5550.0,5.999999999999999,20.436035834495957,30.02061432707937,56.0,56.0,8.400061066726384,25.23719921162602,49.0,49.0,6.563318111204332,19.17168280888508,7.0,7.0,21.25726175538076,29.85791565142036,63.0,63.0,9.817444142570228,28.40072407863734,49.0,49.0,6.563318111204332,19.17168280888508,14.0,14.0,21.206885252350865,30.333374443374492
M10O90D1-S2,work,2901,2.901,100,144.0,0.029090909090909,2.88,0.39,0.24,4.0,2.7555555555555555,130,8325.0,148.0,0.0177777777777777,2.276923076923077,0.2923076923076923,168,20,0.2923076923076923,0.2859987554449284,61.06616884463804,34.33270082226439,164.97530864197532,0,0,2.0,33.0,0.3272727272727272,0.3181818181818182,0.009090909090909,0.0,0.2859987554449284,0.2785314250155569,0.0074673304293715,0.0,0.36,0.35,0.01,0.0,13788.0,13788.0,4.777564357581932,9.862913946614974,12240.0,12240.0,4.27291496581716,8.240362650574028,1548.0,1548.0,8.767815362233614,13.690643084712612,13788.0,35.99999999999999,4.522631654506964,9.015237081852296,12240.0,33.99999999999999,4.272914965817161,8.242047136220359,1548.0,2.0,8.767815362233614,13.690643084712612,36.0,36.0,3.173591556966487,6.417723278521955,34.0,34.0,2.810788754058084,4.653497257884486,2.0,2.0,9.341239206409346,11.587592075534555,38.0,38.0,3.472319395850345,8.945452493732095,34.0,34.0,2.810788754058084,4.653497257884486,4.0,4.0,9.09532985108456,10.290111966112978
M10O90D1-S2,work,3001,3.001,100,158.0,0.0319191919191919,3.16,0.62,0.27,3.9,3.077777777777778,130,8325.0,166.0,0.0199399399399399,2.5538461538461537,0.3769230769230769,186,20,0.3846153846153846,0.3756067205973864,68.32192491184402,56.29348513598988,175.85185185185185,1,244,2.0,34.0,0.4363636363636363,0.3272727272727272,0.1,0.009090909090909,0.3756067205973864,0.2859987554449284,0.0821406347230865,0.0074673304293715,0.48,0.36,0.11,0.01,18108.0,18108.0,6.941804145184425,14.931728948115325,16560.0,16560.0,6.408659315407041,13.55106308177958,1548.0,1548.0,12.645213952105276,19.992774582701298,18108.0,48.00000000000001,6.6685157586028,14.303303979408588,16560.0,45.99999999999999,6.408659315407042,13.553756786512936,1548.0,2.0,12.645213952105276,19.992774582701298,48.0,48.0,5.331833841364447,11.98035455598983,46.0,46.0,5.0811479952738114,11.736255672465548,2.0,2.0,11.097608301449071,12.772846095787196,50.0,50.0,5.619594894106985,11.98035455598983,46.0,46.0,5.0811479952738114,11.736255672465548,4.0,4.0,11.811734230688488,17.444521440136693
M10O90D1-S2,work,3101,3.101,100,153.0,0.0309090909090909,3.06,0.47,0.28,3.3,3.033333333333333,130,8325.0,158.0,0.0189789789789789,2.4307692307692306,0.3769230769230769,178,20,0.4076923076923077,0.4081518357187305,58.74092511926986,35.09171410499684,157.6851851851852,0,0,3.0,33.0,0.4090909090909091,0.3272727272727272,0.0363636363636363,0.0454545454545454,0.4081518357187305,0.2952706907280647,0.0484131922837585,0.0644679527069072,0.44,0.36,0.04,0.05,19677.0,19677.0,9.008415243887056,21.38703133416896,13320.0,13320.0,5.345831856286997,10.748390387789035,6357.0,6357.0,16.68272871294994,27.50827350365183,19677.0,44.0,7.109570956721319,18.74155671640474,13320.0,37.0,5.345831856286997,10.75671009839658,6357.0,6.999999999999999,16.43219191615988,25.884797307127176,45.0,45.0,6.196553047099038,19.75224755529061,37.0,37.0,4.013532907276214,7.375696006130616,8.0,8.0,16.293021193779605,26.47350845599617,53.0,53.0,7.764704142659333,20.501181300527936,37.0,37.0,4.013532907276214,7.375696006130616,16.0,16.0,16.4392876244828,27.939536638599805
M10O90D1-S2,work,3201,3.201,100,158.0,0.0319191919191919,3.16,0.54,0.24,2.9,3.188888888888889,130,8325.0,164.0,0.0196996996996997,2.523076923076923,0.3538461538461538,184,20,0.4230769230769231,0.4169881767268201,66.35137938187098,29.62681846932321,183.0,0,0,2.0,34.0,0.4545454545454545,0.3272727272727272,0.0727272727272727,0.0545454545454545,0.4169881767268201,0.2859987554449284,0.0690105787181082,0.0619788425637834,0.5,0.36,0.08,0.06,20103.0,20103.0,8.711721535663795,21.81146020687561,16200.0,16200.0,7.032694867255251,18.75072235770217,3903.0,3903.0,15.680779190856828,28.70462259848941,20103.0,50.0,7.900376810523244,20.69877386761796,16200.0,44.99999999999999,7.032694867255254,18.752929202922022,3903.0,5.0,15.709514299935185,28.746248573958,50.0,50.0,6.694700694087732,19.279158709287803,45.0,45.0,5.747772811736234,19.279158709287803,5.0,5.0,15.21705163525122,28.00586929454316,55.0,55.0,7.466923550369832,20.838519004215787,45.0,45.0,5.747772811736234,19.279158709287803,10.0,10.0,15.203101874221028,24.53053295620396
M10O90D1-S2,work,3301,3.301,100,162.0,0.0327272727272727,3.24,0.63,0.24,4.3,3.1222222222222222,130,8325.0,167.0,0.02006006006006,2.569230769230769,0.4153846153846154,187,20,0.4615384615384615,0.4536403235843186,62.92885293507571,42.99177735610373,166.29320987654322,0,0,2.0,35.0,0.5,0.3363636363636363,0.0818181818181818,0.0818181818181818,0.4536403235843186,0.2934660858742999,0.0843808338518979,0.0757934038581207,0.55,0.37,0.09,0.09,21870.0,21870.0,9.362137318609555,22.45392420799784,18000.0,18000.0,8.2549996014308,20.9802042055475,3870.0,3870.0,14.511615072929358,24.828878759412643,21870.0,55.0,8.823782826112488,21.785709551362626,18000.0,50.00000000000001,8.254999601430798,20.987440469067263,3870.0,5.0,14.511615072929356,24.828878759412643,55.0,55.0,7.658880717318316,20.686152861580727,50.0,50.0,7.202077308328743,20.686152861580727,5.0,5.0,12.226914807214046,19.326841558628107,60.0,60.0,8.294364341998403,20.807198209614707,50.0,50.0,7.202077308328743,20.686152861580727,10.0,10.0,13.755799510346703,21.55118931614533
M10O90D1-S2,work,3401,3.401,100,157.0,0.0317171717171717,3.14,0.57,0.22,3.9,3.055555555555556,130,8325.0,162.0,0.0194594594594594,2.4923076923076923,0.4076923076923077,182,20,0.4307692307692308,0.4226509023024268,63.30429371499689,40.86654016445288,168.44753086419752,0,0,4.0,34.0,0.4727272727272727,0.3454545454545454,0.0909090909090909,0.0363636363636363,0.4226509023024268,0.3181082762912259,0.0746733042937149,0.029869321717486,0.52,0.38,0.1,0.04,20376.0,20376.0,8.865539171451625,21.185955567664703,17280.0,17280.0,8.013497257802117,18.292213447751266,3096.0,3096.0,13.621121945309335,24.286600549921577,20376.0,52.0,8.444853002994982,19.944183604667508,17280.0,48.0,8.01349725780212,18.296616533054863,3096.0,4.0,13.62112194530934,24.286600549921577,52.0,52.0,7.266662074613936,15.44538638037618,48.0,48.0,6.873410156471451,17.028631861187744,4.0,4.0,11.985685092323775,15.17403413085951,56.0,56.0,7.750933490258082,20.90459346570517,48.0,48.0,6.873410156471451,17.028631861187744,8.0,8.0,13.01607349297787,23.489765224215898
M10O90D1-S2,work,3501,3.501,100,145.0,0.0292929292929292,2.9,0.59,0.34,4.1,2.7666666666666666,130,8325.0,146.0,0.0175375375375375,2.246153846153846,0.3461538461538461,166,20,0.4153846153846154,0.411076540136901,61.31922837585563,37.381404174573056,164.24074074074073,0,0,5.0,35.0,0.4272727272727272,0.3636363636363636,0.0545454545454545,0.009090909090909,0.411076540136901,0.3416303671437461,0.0619788425637834,0.0074673304293715,0.47,0.4,0.06,0.01,19818.0,19818.0,8.029180268952903,18.195681020047694,14400.0,14400.0,5.1861121139359705,10.37577832236852,5418.0,5418.0,15.58550759125704,27.359915266226533,19818.0,47.0,6.73495824885613,15.185993882560236,14400.0,40.0,5.186112113935971,10.377146294212851,5418.0,7.0,15.585507591257045,27.359915266226533,47.0,47.0,5.298562514884711,14.881505214348154,40.0,40.0,3.674420139883888,4.978535658481144,7.0,7.0,14.579376086317984,23.480874519017803,54.0,54.0,6.722129597649282,17.64494199412643,40.0,40.0,3.674420139883888,4.978535658481144,14.0,14.0,15.429870905550404,26.121101506182058
M10O90D1-S2,work,3601,3.601,100,145.0,0.0292929292929292,2.9,0.63,0.26,4.0,2.7777777777777777,130,8325.0,148.0,0.0177777777777777,2.276923076923077,0.3846153846153846,168,20,0.4307692307692308,0.4251400124455507,65.50508193320887,48.14674256799494,171.44444444444446,0,0,2.0,36.0,0.4636363636363636,0.3454545454545454,0.0727272727272727,0.0454545454545454,0.4251400124455507,0.3009334163036714,0.0683260734287492,0.05588052271313,0.5,0.38,0.08,0.05,20496.0,20496.0,8.930016548610013,22.777608251335163,16560.0,16560.0,6.340734620968052,13.220338842233849,3936.0,3936.0,19.82394661003045,31.58474770079494,20496.0,50.00000000000001,7.320655880211688,15.441186216405002,16560.0,45.99999999999999,6.340734620968052,13.2215427191092,3936.0,4.0,18.58975036151352,31.4481417253058,51.0,51.0,6.445288454022236,15.390558477953933,46.0,46.0,5.07114255224095,12.24930940600068,5.0,5.0,19.08743075041008,29.87480946347596,56.0,56.0,7.656407684584585,22.987498249275717,46.0,46.0,5.07114255224095,12.24930940600068,10.0,10.0,19.548627293365318,30.393778948445853
M10O90D1-S2,work,3701,3.701,100,161.0,0.0325252525252525,3.22,0.49,0.22,2.8,3.2666666666666666,130,8325.0,165.0,0.0198198198198198,2.5384615384615383,0.3692307692307692,185,20,0.4,0.3934660858742999,74.18792781580585,28.222643896268185,207.00617283950615,0,0,2.0,35.0,0.4363636363636363,0.3363636363636363,0.0727272727272727,0.0272727272727272,0.3934660858742999,0.2934660858742999,0.0683260734287492,0.0316739265712507,0.48,0.37,0.08,0.03,18969.0,18969.0,7.731336468860528,17.461549425186387,15840.0,15840.0,5.717501322847416,13.194002002877124,3129.0,3129.0,17.926014868620086,30.0029442002634,18969.0,48.00000000000001,6.735095745111185,15.353434340957191,15840.0,43.99999999999999,5.7175013228474185,13.196437548019473,3129.0,4.0,17.928634390012643,30.14531642106557,48.0,48.0,5.377533592101751,15.320789258472212,44.0,44.0,4.342721301568819,12.614849348308082,4.0,4.0,16.760468787964008,19.722389144943666,52.0,52.0,6.400647959074034,15.882434640846018,44.0,44.0,4.342721301568819,12.614849348308082,8.0,8.0,17.71924457535271,28.565399965379097
M10O90D1-S2,work,3801,3.801,100,174.0,0.0351515151515151,3.48,0.56,0.23,4.6,3.355555555555556,130,8325.0,182.0,0.0218618618618618,2.8,0.3615384615384615,202,20,0.4846153846153846,0.4796515245799627,76.39701306782825,63.43453510436433,196.39814814814812,0,0,3.0,35.0,0.509090909090909,0.3454545454545454,0.0727272727272727,0.0909090909090909,0.4796515245799627,0.3095208462974486,0.0775980087118855,0.0925326695706285,0.54,0.38,0.08,0.1,23124.0,23124.0,12.499503568087096,34.772098413953415,17640.0,17640.0,9.646978947234135,32.999538313818825,5484.0,5484.0,21.67502040102768,43.00639778773122,23124.0,54.0,11.012557418916652,34.30039700661701,17640.0,49.0,9.64697894723414,33.003409735058895,5484.0,5.0,24.39522644140529,47.808163723515946,56.0,56.0,10.141072552116452,34.17270945878743,49.0,49.0,8.471741664240488,34.17270945878743,7.0,7.0,21.8263887672482,48.05403785331929,63.0,63.0,11.391447359044454,34.60277327202022,49.0,49.0,8.471741664240488,34.17270945878743,14.0,14.0,21.61041729085833,40.18085523677934
M10O90D1-S2,work,3901,3.901,100,187.0,0.0377777777777777,3.74,0.64,0.18,5.0,3.6,130,8325.0,196.0,0.0235435435435435,3.0153846153846158,0.5153846153846153,216,20,0.5538461538461539,0.5504667081518357,74.63181912466294,53.75079063883618,195.8703703703704,0,0,3.0,35.0,0.5727272727272728,0.3454545454545454,0.0909090909090909,0.1363636363636363,0.5504667081518357,0.3095208462974486,0.1024891101431238,0.1384567517112632,0.61,0.38,0.1,0.15,26538.0,26538.0,12.715743893966032,29.2108991553887,19440.0,19440.0,9.87359843750204,23.22294577402943,7098.0,7098.0,20.49981090913369,35.79618131193257,26538.0,60.99999999999999,11.2045293090092,26.960435032808,19440.0,54.00000000000001,9.873598437502036,23.22583081482013,7098.0,6.999999999999999,21.47171031777872,36.66015294102103,63.0,63.0,10.405067603325014,26.35112857804249,54.0,54.0,8.809532383249024,23.715561161467704,9.0,9.0,19.978278923780955,37.33629687846954,72.0,72.0,11.752942615920489,27.57680078368904,54.0,54.0,8.809532383249024,23.715561161467704,18.0,18.0,20.58317331393487,34.01208659439134
M10O90D1-S2,work,4001,4.001,100,165.0,0.0333333333333333,3.3,0.51,0.2,3.1,3.3222222222222224,130,8325.0,171.0,0.0205405405405405,2.6307692307692307,0.3846153846153846,191,20,0.4076923076923077,0.4009334163036714,71.38975316324414,45.95192915876028,190.02777777777777,0,0,2.0,35.0,0.4454545454545454,0.3363636363636363,0.0545454545454545,0.0545454545454545,0.4009334163036714,0.2934660858742999,0.044803982576229,0.0626633478531425,0.49,0.37,0.06,0.06,19329.0,19329.0,7.907822222857266,18.28202609445819,16200.0,16200.0,6.354960381240028,13.584226825821654,3129.0,3129.0,15.9475671363118,24.69036533512802,19329.0,49.00000000000001,7.135081957709571,16.230621510738555,16200.0,44.99999999999999,6.354960381240031,13.590166511891889,3129.0,3.999999999999999,15.91144969299194,24.672588948206368,49.0,49.0,5.864707667846021,16.319194657924424,45.0,45.0,5.140665259829219,11.875342371258736,4.0,4.0,14.010184758035049,18.952518925655088,53.0,53.0,6.662623787467588,17.34329301354141,45.0,45.0,5.140665259829219,11.875342371258736,8.0,8.0,15.223640505433416,23.86975212475612
M10O90D1-S2,work,4101,4.101,100,193.0,0.0389898989898989,3.86,0.62,0.19,3.2,3.933333333333333,130,8325.0,198.0,0.0237837837837837,3.046153846153846,0.4153846153846154,218,20,0.4384615384615384,0.4308027380211574,75.1897946484132,42.839974699557246,202.8549382716049,0,0,2.0,36.0,0.4818181818181818,0.3454545454545454,0.1363636363636363,0.0,0.4308027380211574,0.3009334163036714,0.129869321717486,0.0,0.53,0.38,0.15,0.0,20769.0,20769.0,7.297431437621618,13.852693457316272,17640.0,17640.0,6.022832402219654,12.450286437276002,3129.0,3129.0,14.48309042914947,34.00266839208095,20769.0,53.00000000000001,6.6652761990666844,13.128699035749728,17640.0,49.0,6.022832402219655,12.451099595430518,3129.0,3.999999999999999,14.53521271044281,34.31996776918508,53.0,53.0,5.440956918773366,11.249434544109103,49.0,49.0,4.804257808591353,11.249434544109103,4.0,4.0,13.240521018503015,26.60921396423286,57.0,57.0,6.099637809662806,12.873315913590838,49.0,49.0,4.804257808591353,11.249434544109103,8.0,8.0,14.033840316225458,40.908536815865936
M10O90D1-S2,work,4201,4.2010000000000005,100,160.0,0.0323232323232323,3.2,0.54,0.29,3.3,3.188888888888889,130,8325.0,172.0,0.0206606606606606,2.646153846153846,0.3769230769230769,192,20,0.4153846153846154,0.4113254511512134,68.6392864550923,54.80075901328273,177.52469135802468,0,0,2.0,34.0,0.4363636363636363,0.3272727272727272,0.0818181818181818,0.0272727272727272,0.4113254511512134,0.2859987554449284,0.085749844430616,0.0395768512756689,0.47,0.36,0.09,0.03,19830.0,19830.0,8.898490689966689,22.58361649632214,15120.0,15120.0,6.076959163290924,12.32006818709564,4710.0,4710.0,17.95614603674749,33.174800129372905,19830.0,47.0,7.226930569043198,14.395987039410596,15120.0,41.99999999999999,6.076959163290925,12.321821522338263,4710.0,5.0,16.886690377362292,29.5124062869604,48.0,48.0,6.1166093322252335,15.12396254574421,42.0,42.0,4.568689219482275,10.421949117701994,6.0,6.0,16.952050121425945,32.4816675711113,54.0,54.0,7.431214217817785,22.037877351818963,42.0,42.0,4.568689219482275,10.421949117701994,12.0,12.0,17.45005171199207,28.21865573419859
M10O90D1-S2,work,4301,4.301,100,147.0,0.0296969696969696,2.94,0.64,0.18,4.2,2.8,130,8325.0,151.0,0.0181381381381381,2.3230769230769237,0.3230769230769231,171,20,0.3384615384615385,0.3332918481642812,63.38933831155362,39.32321315623023,169.4537037037037,0,0,1.0,33.0,0.3727272727272727,0.3090909090909091,0.0636363636363636,0.0,0.3332918481642812,0.2624766645924082,0.070815183571873,0.0,0.41,0.34,0.07,0.0,16068.0,16068.0,6.228613022126254,12.664111330562353,13680.0,13680.0,5.122114694926504,10.675630600719202,2388.0,2388.0,12.567347157843423,17.61899168234202,16068.0,40.99999999999999,5.667474381697663,11.812510517634816,13680.0,37.99999999999999,5.122114694926504,10.67690872713479,2388.0,3.0,12.57536374746566,17.62393882137796,41.0,41.0,4.368056665665471,10.22904762487292,38.0,38.0,3.752603552824599,9.500794531042622,3.0,3.0,12.163796094983203,12.386926762708756,44.0,44.0,4.904194732908738,11.61309514040916,38.0,38.0,3.752603552824599,9.500794531042622,6.0,6.0,12.197605540108285,15.747297208951183
M10O90D1-S2,work,4401,4.401,100,155.0,0.0313131313131313,3.1,0.6,0.23,4.3,2.966666666666667,130,8325.0,164.0,0.0196996996996997,2.523076923076923,0.4461538461538462,184,20,0.4923076923076923,0.4920970752955818,67.44658784484547,58.64010120177103,172.10185185185185,0,0,2.0,32.0,0.5,0.3090909090909091,0.1454545454545454,0.0454545454545454,0.4920970752955818,0.2717485998755445,0.1651524579962663,0.055196017423771,0.53,0.34,0.15,0.05,23724.0,23724.0,9.251683523518562,18.415692611639685,16560.0,16560.0,6.8058754097211525,14.18683451134566,7164.0,7164.0,14.905310319231162,25.744075640558155,23724.0,53.0,7.802577027022536,15.869148575405166,16560.0,45.99999999999999,6.805875409721154,14.187286265894848,7164.0,7.0,14.352330512145915,25.98732073950937,55.0,55.0,6.862282016327943,15.529152083985812,46.0,46.0,5.449134034424137,13.644395737881045,9.0,9.0,14.08503836828072,24.250656672556723,64.0,64.0,8.020930692285216,16.87248150672293,46.0,46.0,5.449134034424137,13.644395737881045,18.0,18.0,14.5932999290413,23.803244631519547
M10O90D1-S2,work,4501,4.501,100,153.0,0.0309090909090909,3.06,0.43,0.19,4.0,2.955555555555556,130,8325.0,163.0,0.0195795795795795,2.507692307692308,0.3153846153846154,183,20,0.3230769230769231,0.3165525824517735,74.62974486621033,53.0550284629981,196.2037037037037,0,0,1.0,33.0,0.3636363636363636,0.3090909090909091,0.0545454545454545,0.0,0.3165525824517735,0.2624766645924082,0.0540759178593652,0.0,0.4,0.34,0.06,0.0,15261.0,15261.0,5.26367175334231,10.777873559138303,13680.0,13680.0,4.764479915604572,9.78919836826253,1581.0,1581.0,9.58305463775233,19.796603363469007,15261.0,39.99999999999999,5.009239779504234,10.270193566341147,13680.0,37.99999999999999,4.764479915604574,9.790888698062288,1581.0,2.0,9.65967719359778,19.87458853592895,40.0,40.0,3.5115804072502934,7.793237765658526,38.0,38.0,3.257242111465012,7.793237765658526,2.0,2.0,8.344008027170641,12.309255161482502,42.0,42.0,3.782780297443595,7.793237765658526,38.0,38.0,3.257242111465012,7.793237765658526,4.0,4.0,8.775393064240141,18.937707802589085
M10O90D1-S2,work,4601,4.601,100,160.0,0.0323232323232323,3.2,0.7,0.17,5.8,2.911111111111111,130,8325.0,173.0,0.0207807807807807,2.6615384615384614,0.3461538461538461,193,20,0.3538461538461538,0.3518357187305538,76.4281269446173,85.59139784946237,185.679012345679,0,0,2.0,32.0,0.3727272727272727,0.3090909090909091,0.0454545454545454,0.0181818181818181,0.3518357187305538,0.2717485998755445,0.05588052271313,0.0242065961418792,0.4,0.34,0.05,0.02,16962.0,16962.0,6.57578480120053,15.247515834127515,12960.0,12960.0,5.152640454036561,10.699652663351502,4002.0,4002.0,11.184468144340222,18.767973393584604,16962.0,39.99999999999999,5.790784339087339,13.176095692366689,12960.0,36.0,5.152640454036561,10.731299869821514,4002.0,3.999999999999999,11.53407930454432,18.767973393584604,41.0,41.0,4.316631348790693,10.981553982738353,36.0,36.0,3.477192047333456,5.253035972012452,5.0,5.0,10.360594319282807,16.91487530462806,46.0,46.0,5.061501418897601,15.78727940683705,36.0,36.0,3.477192047333456,5.253035972012452,10.0,10.0,10.765015156528523,15.947066923444012
M10O90D1-S2,work,4701,4.7010000000000005,100,163.0,0.0329292929292929,3.26,0.58,0.17,4.7,3.1,130,8325.0,175.0,0.021021021021021,2.6923076923076925,0.3307692307692307,195,20,0.3923076923076923,0.389607965152458,79.2843808338519,75.31309297912713,199.19444444444449,0,0,2.0,34.0,0.4090909090909091,0.3272727272727272,0.0363636363636363,0.0454545454545454,0.389607965152458,0.2866832607342875,0.0391412570006222,0.0637834474175482,0.44,0.36,0.04,0.04,18783.0,18783.0,10.242642157158,29.850921709401295,14040.0,14040.0,6.320884913166556,12.156625055524602,4743.0,4743.0,21.851638932540645,42.27931324734856,18783.0,44.0,7.719863283401339,18.57725335071493,14040.0,38.99999999999999,6.320884913166559,12.157831565942688,4743.0,5.0,18.63189457123265,40.888489552080834,45.0,45.0,7.183213564833238,23.41846787329576,39.0,39.0,4.959204040621474,12.920173763294496,6.0,6.0,21.6392754722097,43.52896090086421,51.0,51.0,8.938026712909604,29.586992216622445,39.0,39.0,4.959204040621474,12.920173763294496,12.0,12.0,21.869200397846026,42.9023439072528
M10O90D1-S2,work,4801,4.801,100,168.0,0.0339393939393939,3.36,0.56,0.23,3.6,3.333333333333333,130,8325.0,177.0,0.0212612612612612,2.723076923076923,0.3923076923076923,197,20,0.4,0.394835096453018,77.3366521468575,52.73877292852625,204.4135802469136,0,0,2.0,36.0,0.4363636363636363,0.3454545454545454,0.0727272727272727,0.0181818181818181,0.394835096453018,0.3016179215930304,0.0690105787181082,0.0242065961418792,0.48,0.38,0.08,0.02,19035.0,19035.0,6.527274057938165,12.67413427945884,15840.0,15840.0,5.354244254669133,11.016179057809683,3195.0,3195.0,12.342858434708573,27.63627457923517,19035.0,48.00000000000001,5.943830404122304,11.943291112353506,15840.0,43.99999999999999,5.354244254669136,11.016474850946013,3195.0,4.0,12.429278048107184,27.73124880098139,48.0,48.0,4.3541877265896165,11.178042883459938,44.0,44.0,3.713909196294678,10.142772308801096,4.0,4.0,11.397251559833936,18.522136217272976,52.0,52.0,4.971331898944753,11.178042883459938,44.0,44.0,3.713909196294678,10.142772308801096,8.0,8.0,11.887156763520156,29.21022811868008
M10O90D1-S2,work,4901,4.901,100,160.0,0.0323232323232323,3.2,0.54,0.22,4.1,3.1,130,8325.0,171.0,0.0205405405405405,2.6307692307692307,0.3538461538461538,191,20,0.3615384615384615,0.353889234598631,72.30657539929476,52.175838077166354,189.71913580246917,0,0,2.0,34.0,0.4090909090909091,0.3272727272727272,0.0454545454545454,0.0363636363636363,0.353889234598631,0.2866832607342875,0.0373366521468574,0.029869321717486,0.45,0.36,0.05,0.04,17061.0,17061.0,6.673477815987343,16.355347825023767,15480.0,15480.0,6.397983483249618,14.266026538104834,1581.0,1581.0,9.37091758245158,25.32102177757069,17061.0,44.99999999999999,6.534846713136875,15.171019130966505,15480.0,42.99999999999999,6.39798348324962,14.26803806313744,1581.0,2.0,9.477406155712831,25.343940254709597,45.0,45.0,5.20683761498657,12.70389569590082,43.0,43.0,5.098635693561343,12.163233557114378,2.0,2.0,7.533178925628949,12.70389569590082,47.0,47.0,5.402212171925321,19.55640980477997,43.0,43.0,5.098635693561343,12.163233557114378,4.0,4.0,8.665659314338072,22.633630686503245
M10O90-S4,work,1001,1.001,100,89.0,0.0179797979797979,1.78,0.42,0.24,4.8,1.4444444444444444,130,8325.0,104.0,0.0124924924924924,1.6,0.1,104,0,0.1,0.1002696535988384,64.69612113669363,106.71726755218216,140.45679012345678,10,6368,,,,,,,,,,,,,,,,,,,,,,,,,,,,,,,,,,,,,,,,,,,,,,,,,,,,,,,,,,,,,,
M10O90-S4,work,1101,1.101,100,70.0,0.0141414141414141,1.4,0.34,0.25,3.5,1.1666666666666667,130,8325.0,82.0,0.0098498498498498,1.2615384615384615,0.0923076923076923,82,0,0.0923076923076923,0.0950217797137523,57.158265919933626,96.90702087286527,122.81172839506172,10,7982,,,,,,,,,,,,,,,,,,,,,,,,,,,,,,,,,,,,,,,,,,,,,,,,,,,,,,,,,,,,,,
M10O90-S4,work,1201,1.201,100,65.0,0.0131313131313131,1.3,0.19,0.32,3.0,1.1111111111111112,130,8325.0,74.0,0.0088888888888888,1.1384615384615384,0.1076923076923077,74,0,0.1076923076923077,0.1091889649450321,53.87056627255756,75.26249209361164,123.5895061728395,10,6763,,,,,,,,,,,,,,,,,,,,,,,,,,,,,,,,,,,,,,,,,,,,,,,,,,,,,,,,,,,,,,
M10O90-S4,work,1301,1.301,100,73.0,0.0147474747474747,1.46,0.2,0.25,4.1,1.1666666666666667,130,8325.0,84.0,0.01009009009009,1.2923076923076924,0.0538461538461538,84,0,0.0538461538461538,0.0540759178593652,56.02364654635968,92.3529411764706,121.6574074074074,10,5999,,,,,,,,,,,,,,,,,,,,,,,,,,,,,,,,,,,,,,,,,,,,,,,,,,,,,,,,,,,,,,
M10O90-S4,work,1401,1.401,100,72.0,0.0145454545454545,1.44,0.16,0.31,4.3,1.1222222222222222,130,8325.0,81.0,0.0097297297297297,1.2461538461538462,0.1076923076923077,81,0,0.1076923076923077,0.1099564405724953,55.83488902717279,84.83238456672991,124.76543209876544,10,5970,,,,,,,,,,,,,,,,,,,,,,,,,,,,,,,,,,,,,,,,,,,,,,,,,,,,,,,,,,,,,,
M10O90-S4,work,1501,1.501,100,79.0,0.0159595959595959,1.58,0.38,0.27,4.7,1.2333333333333334,130,8325.0,94.0,0.0112912912912912,1.446153846153846,0.1076923076923077,94,0,0.1076923076923077,0.1091889649450321,60.385812072184194,111.77735610373182,125.1604938271605,11,6238,,,,,,,,,,,,,,,,,,,,,,,,,,,,,,,,,,,,,,,,,,,,,,,,,,,,,,,,,,,,,,
M10O90-S4,work,1601,1.601,100,87.0,0.0175757575757575,1.74,0.38,0.31,4.7,1.4111111111111112,130,8325.0,101.0,0.0121321321321321,1.553846153846154,0.0846153846153846,101,0,0.0846153846153846,0.0875544492843808,64.19415059116366,100.5819101834282,141.95679012345678,10,6950,,,,,,,,,,,,,,,,,,,,,,,,,,,,,,,,,,,,,,,,,,,,,,,,,,,,,,,,,,,,,,
M10O90-S4,work,1701,1.701,100,74.0,0.0149494949494949,1.48,0.12,0.24,3.6,1.2444444444444445,130,8325.0,86.0,0.0103303303303303,1.323076923076923,0.0692307692307692,86,0,0.0692307692307692,0.070815183571873,60.14934660858743,84.32005060088551,137.85493827160494,10,7033,,,,,,,,,,,,,,,,,,,,,,,,,,,,,,,,,,,,,,,,,,,,,,,,,,,,,,,,,,,,,,
M10O90-S4,work,1801,1.801,100,63.0,0.0127272727272727,1.26,0.19,0.36,4.0,0.9555555555555556,130,8325.0,76.0,0.0091291291291291,1.1692307692307693,0.0615384615384615,76,0,0.0615384615384615,0.0634723086496577,57.7266127359469,99.22833649588868,123.37037037037037,11,6833,,,,,,,,,,,,,,,,,,,,,,,,,,,,,,,,,,,,,,,,,,,,,,,,,,,,,,,,,,,,,,
M10O90-S4,work,1901,1.901,100,80.0,0.0161616161616161,1.6,0.27,0.3,4.8,1.2444444444444445,130,8325.0,92.0,0.011051051051051,1.4153846153846157,0.1,92,0,0.1,0.1018875751918689,54.54055175274839,79.70904490828589,123.41358024691358,10,6409,,,,,,,,,,,,,,,,,,,,,,,,,,,,,,,,,,,,,,,,,,,,,,,,,,,,,,,,,,,,,,
M10O90-S4,work,2001,2.001,100,68.0,0.0137373737373737,1.36,0.26,0.29,4.0,1.0666666666666669,130,8325.0,79.0,0.0094894894894894,1.2153846153846153,0.0692307692307692,79,0,0.0692307692307692,0.072121966397013,48.76996473760631,81.72043010752688,105.25925925925924,10,6197,,,,,,,,,,,,,,,,,,,,,,,,,,,,,,,,,,,,,,,,,,,,,,,,,,,,,,,,,,,,,,
M10O90-S4,work,2101,2.101,100,70.0,0.0141414141414141,1.4,0.18,0.32,3.4,1.1777777777777778,130,8325.0,84.0,0.01009009009009,1.2923076923076924,0.1076923076923077,84,0,0.1076923076923077,0.1081518357187305,61.73408006637627,103.04870335230866,133.4320987654321,10,7674,,,,,,,,,,,,,,,,,,,,,,,,,,,,,,,,,,,,,,,,,,,,,,,,,,,,,,,,,,,,,,
M10O90-S4,work,2201,2.201,100,84.0,0.0169696969696969,1.68,0.21,0.21,4.4,1.3777777777777778,130,8325.0,102.0,0.0122522522522522,1.5692307692307692,0.0923076923076923,102,0,0.0923076923076923,0.0970960381663555,62.98070939639079,115.55344718532574,131.04012345679013,11,5963,,,,,,,,,,,,,,,,,,,,,,,,,,,,,,,,,,,,,,,,,,,,,,,,,,,,,,,,,,,,,,
M10O90-S4,work,2301,2.301,100,69.0,0.0139393939393939,1.38,0.19,0.35,4.8,1.0,130,8325.0,85.0,0.0102102102102102,1.3076923076923077,0.0846153846153846,85,0,0.0846153846153846,0.0875544492843808,55.87637419622485,89.77229601518026,122.4783950617284,10,6442,,,,,,,,,,,,,,,,,,,,,,,,,,,,,,,,,,,,,,,,,,,,,,,,,,,,,,,,,,,,,,
M10O90-S4,work,2401,2.401,100,71.0,0.0143434343434343,1.42,0.18,0.24,3.3,1.211111111111111,130,8325.0,78.0,0.0093693693693693,1.2,0.0769230769230769,78,0,0.0769230769230769,0.0785521676000829,53.80626426052686,73.87729285262492,124.07407407407408,10,5868,,,,,,,,,,,,,,,,,,,,,,,,,,,,,,,,,,,,,,,,,,,,,,,,,,,,,,,,,,,,,,
M10O90-S4,work,2501,2.501,100,77.0,0.0155555555555555,1.54,0.43,0.27,5.6,1.0888888888888888,130,8325.0,91.0,0.0109309309309309,1.4,0.0923076923076923,91,0,0.0923076923076923,0.0922837585563161,54.862061812901885,106.8943706514864,111.10493827160494,9,5232,,,,,,,,,,,,,,,,,,,,,,,,,,,,,,,,,,,,,,,,,,,,,,,,,,,,,,,,,,,,,,
M10O90-S4,work,2601,2.601,100,82.0,0.0165656565656565,1.64,0.23,0.24,4.5,1.3222222222222222,130,8325.0,94.0,0.0112912912912912,1.446153846153846,0.1153846153846153,94,0,0.1153846153846153,0.1154947106409458,54.835096453018046,86.57179000632512,120.94135802469135,10,4838,,,,,,,,,,,,,,,,,,,,,,,,,,,,,,,,,,,,,,,,,,,,,,,,,,,,,,,,,,,,,,
M10O90-S4,work,2701,2.701,100,77.0,0.0155555555555555,1.54,0.48,0.34,5.2,1.1333333333333333,130,8325.0,88.0,0.0105705705705705,1.353846153846154,0.1846153846153846,88,0,0.1846153846153846,0.1889027172785729,46.66251814976146,86.78684376976597,96.51543209876544,9,5902,,,,,,,,,,,,,,,,,,,,,,,,,,,,,,,,,,,,,,,,,,,,,,,,,,,,,,,,,,,,,,
M10O90-S4,work,2801,2.801,100,78.0,0.0157575757575757,1.56,0.22,0.28,4.3,1.2555555555555555,130,8325.0,90.0,0.0108108108108108,1.3846153846153846,0.0692307692307692,90,0,0.0692307692307692,0.070130678282514,52.43725368180876,87.27387729285263,113.46296296296296,9,6045,,,,,,,,,,,,,,,,,,,,,,,,,,,,,,,,,,,,,,,,,,,,,,,,,,,,,,,,,,,,,,
M10O90-S4,work,2901,2.901,100,78.0,0.0157575757575757,1.56,0.32,0.28,5.1,1.1666666666666667,130,8325.0,91.0,0.0109309309309309,1.4,0.0692307692307692,91,0,0.0692307692307692,0.0706907280647168,58.94835096453018,94.75015812776724,129.19135802469137,10,5498,,,,,,,,,,,,,,,,,,,,,,,,,,,,,,,,,,,,,,,,,,,,,,,,,,,,,,,,,,,,,,
M10O90-S4,work,3001,3.001,100,72.0,0.0145454545454545,1.44,0.45,0.21,3.9,1.1666666666666667,130,8325.0,83.0,0.0099699699699699,1.2769230769230768,0.0846153846153846,83,0,0.0846153846153846,0.0851483094793611,60.10578718108276,83.32068311195447,138.21296296296296,9,5550,,,,,,,,,,,,,,,,,,,,,,,,,,,,,,,,,,,,,,,,,,,,,,,,,,,,,,,,,,,,,,
M10O90-S4,work,3101,3.101,100,82.0,0.0165656565656565,1.64,0.25,0.27,3.8,1.4,130,8325.0,89.0,0.0106906906906906,1.3692307692307693,0.0615384615384615,89,0,0.0615384615384615,0.0636175067413399,58.01078614395354,71.00569259962049,137.98765432098764,9,4854,,,,,,,,,,,,,,,,,,,,,,,,,,,,,,,,,,,,,,,,,,,,,,,,,,,,,,,,,,,,,,
M10O90-S4,work,3201,3.201,100,72.0,0.0145454545454545,1.44,0.2,0.33,4.2,1.1333333333333333,130,8325.0,85.0,0.0102102102102102,1.3076923076923077,0.0846153846153846,85,0,0.0846153846153846,0.0878241028832192,56.87824102883219,95.43959519291587,122.69444444444444,9,5947,,,,,,,,,,,,,,,,,,,,,,,,,,,,,,,,,,,,,,,,,,,,,,,,,,,,,,,,,,,,,,
M10O90-S4,work,3301,3.301,100,77.0,0.0155555555555555,1.54,0.39,0.28,3.8,1.288888888888889,130,8325.0,89.0,0.0106906906906906,1.3692307692307693,0.1153846153846153,89,0,0.1153846153846153,0.115619166148102,55.590126529765605,90.28462998102466,121.37654320987654,9,5363,,,,,,,,,,,,,,,,,,,,,,,,,,,,,,,,,,,,,,,,,,,,,,,,,,,,,,,,,,,,,,
M10O90-S4,work,3401,3.401,100,70.0,0.0141414141414141,1.4,0.31,0.29,3.4,1.1777777777777778,130,8325.0,82.0,0.0098498498498498,1.2615384615384615,0.1846153846153846,82,0,0.1846153846153846,0.1875959344534329,52.009956440572495,93.81404174573056,109.0,10,5343,,,,,,,,,,,,,,,,,,,,,,,,,,,,,,,,,,,,,,,,,,,,,,,,,,,,,,,,,,,,,,
M10O90-S4,work,3501,3.501,100,75.0,0.0151515151515151,1.5,0.15,0.29,3.4,1.288888888888889,130,8325.0,85.0,0.0102102102102102,1.3076923076923077,0.0769230769230769,85,0,0.0769230769230769,0.0775150383737813,61.30678282514001,90.92979127134726,138.07407407407408,10,5335,,,,,,,,,,,,,,,,,,,,,,,,,,,,,,,,,,,,,,,,,,,,,,,,,,,,,,,,,,,,,,
M10O90-S4,work,3601,3.601,100,72.0,0.0145454545454545,1.44,0.16,0.24,3.2,1.2444444444444445,130,8325.0,85.0,0.0102102102102102,1.3076923076923077,0.0923076923076923,85,0,0.0923076923076923,0.0933001451980916,62.21323376892761,87.79253636938647,142.30246913580248,11,5076,,,,,,,,,,,,,,,,,,,,,,,,,,,,,,,,,,,,,,,,,,,,,,,,,,,,,,,,,,,,,,
M10O90-S4,work,3701,3.701,100,79.0,0.0159595959595959,1.58,0.24,0.3,4.5,1.2555555555555555,130,8325.0,91.0,0.0109309309309309,1.4,0.1,91,0,0.1,0.1020742584526031,55.96141879278158,80.96774193548387,127.02777777777776,11,6367,,,,,,,,,,,,,,,,,,,,,,,,,,,,,,,,,,,,,,,,,,,,,,,,,,,,,,,,,,,,,,
M10O90-S4,work,3801,3.801,100,78.0,0.0157575757575757,1.56,0.2,0.22,4.0,1.288888888888889,130,8325.0,88.0,0.0105705705705705,1.353846153846154,0.0846153846153846,88,0,0.0846153846153846,0.0878241028832192,56.56502800248911,72.01771030993042,133.19135802469137,9,5690,,,,,,,,,,,,,,,,,,,,,,,,,,,,,,,,,,,,,,,,,,,,,,,,,,,,,,,,,,,,,,
M10O90-S4,work,3901,3.901,100,70.0,0.0141414141414141,1.4,0.25,0.23,3.7,1.1444444444444444,130,8325.0,77.0,0.0092492492492492,1.1846153846153846,0.0615384615384615,77,0,0.0615384615384615,0.0615432482887367,54.90354698195395,91.25237191650854,118.86111111111111,8,5244,,,,,,,,,,,,,,,,,,,,,,,,,,,,,,,,,,,,,,,,,,,,,,,,,,,,,,,,,,,,,,
M10O90-S4,work,4001,4.001,100,83.0,0.0167676767676767,1.66,0.33,0.24,4.8,1.3111111111111111,130,8325.0,89.0,0.0106906906906906,1.3692307692307693,0.0846153846153846,89,0,0.0846153846153846,0.0859780128604024,57.45281062020328,85.12333965844402,129.43827160493828,8,4162,,,,,,,,,,,,,,,,,,,,,,,,,,,,,,,,,,,,,,,,,,,,,,,,,,,,,,,,,,,,,,
M10O90-S4,work,4101,4.101,100,87.0,0.0175757575757575,1.74,0.22,0.25,4.7,1.4111111111111112,130,8325.0,100.0,0.012012012012012,1.5384615384615383,0.1,100,0,0.1,0.1035262393694254,60.327732835511306,88.3111954459203,136.43827160493828,10,5457,,,,,,,,,,,,,,,,,,,,,,,,,,,,,,,,,,,,,,,,,,,,,,,,,,,,,,,,,,,,,,
M10O90-S4,work,4201,4.2010000000000005,100,74.0,0.0149494949494949,1.48,0.25,0.25,4.3,1.1666666666666667,130,8325.0,83.0,0.0099699699699699,1.2769230769230768,0.0538461538461538,83,0,0.0538461538461538,0.055196017423771,55.42211159510475,85.16129032258064,123.37654320987654,9,4620,,,,,,,,,,,,,,,,,,,,,,,,,,,,,,,,,,,,,,,,,,,,,,,,,,,,,,,,,,,,,,
M10O90-S4,work,4301,4.301,100,72.0,0.0145454545454545,1.44,0.25,0.25,4.1,1.1444444444444444,130,8325.0,80.0,0.0096096096096096,1.2307692307692308,0.0923076923076923,80,0,0.0923076923076923,0.0944617299315494,51.71126322339764,86.41998734977862,111.71913580246914,8,4440,,,,,,,,,,,,,,,,,,,,,,,,,,,,,,,,,,,,,,,,,,,,,,,,,,,,,,,,,,,,,,
M10O90-S4,work,4401,4.401,100,79.0,0.0159595959595959,1.58,0.52,0.25,4.8,1.2222222222222223,130,8325.0,90.0,0.0108108108108108,1.3846153846153846,0.0923076923076923,90,0,0.0923076923076923,0.0942543040862891,59.404687824102886,114.61733080328906,120.85493827160494,8,4150,,,,,,,,,,,,,,,,,,,,,,,,,,,,,,,,,,,,,,,,,,,,,,,,,,,,,,,,,,,,,,
M10O90-S4,work,4501,4.501,100,81.0,0.0163636363636363,1.62,0.31,0.33,4.2,1.3333333333333333,130,8325.0,93.0,0.0111711711711711,1.4307692307692308,0.0769230769230769,93,0,0.0769230769230769,0.0775150383737813,58.58535573532462,100.00632511068945,125.54629629629628,9,4786,,,,,,,,,,,,,,,,,,,,,,,,,,,,,,,,,,,,,,,,,,,,,,,,,,,,,,,,,,,,,,
M10O90-S4,work,4601,4.601,100,90.0,0.0181818181818181,1.8,0.5,0.28,5.1,1.4333333333333331,130,8325.0,101.0,0.0121321321321321,1.553846153846154,0.1923076923076923,101,0,0.1923076923076923,0.1950217797137523,61.55154532254719,106.8943706514864,131.01234567901236,9,5045,,,,,,,,,,,,,,,,,,,,,,,,,,,,,,,,,,,,,,,,,,,,,,,,,,,,,,,,,,,,,,
M10O90-S4,work,4701,4.7010000000000005,100,84.0,0.0169696969696969,1.68,0.46,0.28,5.9,1.211111111111111,130,8325.0,97.0,0.0116516516516516,1.4923076923076923,0.1,97,0,0.1,0.1037751503837378,54.59863098942128,115.0853889943074,106.32407407407408,8,4104,,,,,,,,,,,,,,,,,,,,,,,,,,,,,,,,,,,,,,,,,,,,,,,,,,,,,,,,,,,,,,
M10O90-S4,work,4801,4.801,100,79.0,0.0159595959595959,1.58,0.17,0.29,3.8,1.3333333333333333,130,8325.0,90.0,0.0108108108108108,1.3846153846153846,0.0846153846153846,90,0,0.0846153846153846,0.0848579132959966,64.53225471893798,89.39911448450349,148.41975308641975,10,4211,,,,,,,,,,,,,,,,,,,,,,,,,,,,,,,,,,,,,,,,,,,,,,,,,,,,,,,,,,,,,,
M10O90-S4,work,4901,4.901,100,73.0,0.0147474747474747,1.46,0.21,0.35,4.6,1.1111111111111112,130,8325.0,85.0,0.0102102102102102,1.3076923076923077,0.0769230769230769,85,0,0.0769230769230769,0.0775150383737813,59.7407176934246,111.0752688172043,123.58333333333331,10,4601,,,,,,,,,,,,,,,,,,,,,,,,,,,,,,,,,,,,,,,,,,,,,,,,,,,,,,,,,,,,,,
M10O90D1-S4,work,1001,1.001,100,161.0,0.0325252525252525,3.22,0.56,0.26,5.2,3.0,130,8325.0,172.0,0.0206606606606606,2.646153846153846,0.4384615384615384,172,0,0.4384615384615384,0.4389338311553619,74.68367558597801,89.39278937381404,178.6327160493827,9,6072,5.0,32.0,0.4384615384615384,0.2846153846153846,0.0923076923076923,0.0615384615384615,0.4389338311553619,0.2832607342874922,0.0941298485791329,0.0615432482887367,0.51,0.37,0.09,0.07,21161.0,21161.0,8.002796013535947,16.41812752794496,15840.0,15840.0,6.690236647299915,14.630292916167582,5321.0,5321.0,11.910133048149511,20.621126916199177,21161.0,51.0,7.3005341101223395,15.411712907300949,15840.0,43.99999999999999,6.690236647299916,14.630505908209354,5321.0,6.999999999999999,11.136689590720437,20.43818209889065,57.0,57.0,6.826925770386452,15.3347924312314,44.0,44.0,5.4572584897594485,14.029955686713132,13.0,13.0,11.462722720200922,20.57539684047992,57.0,57.0,6.826925770386452,15.3347924312314,44.0,44.0,5.4572584897594485,14.029955686713132,13.0,13.0,11.462722720200922,20.57539684047992
M10O90D1-S4,work,1101,1.101,100,180.0,0.0363636363636363,3.6,0.66,0.19,7.4,3.1777777777777776,130,8325.0,190.0,0.0228228228228228,2.923076923076923,0.5153846153846153,190,0,0.5153846153846153,0.5180045633685957,86.11076540136901,105.45857052498418,204.7993827160494,10,6028,5.0,34.0,0.5307692307692308,0.3,0.0538461538461538,0.1769230769230769,0.5348682845882597,0.2981953951462352,0.053951462352209,0.1827214270898154,0.57,0.39,0.07,0.18,25786.0,25786.0,12.699427826632636,32.89756352352747,17280.0,17280.0,9.366273355806616,26.612917416152623,8506.0,8506.0,19.470755037527727,34.54215081313137,25786.0,57.0,11.10220685766222,32.10142200113976,17280.0,48.0,9.366273355806618,26.617289745696,8506.0,8.999999999999998,20.36051886755877,35.101905326821914,69.0,69.0,11.40849520499489,34.02699129422671,48.0,48.0,7.961830791617249,27.81137622437464,21.0,21.0,19.286585292715216,34.27599630887771,69.0,69.0,11.40849520499489,34.02699129422671,48.0,48.0,7.961830791617249,27.81137622437464,21.0,21.0,19.286585292715216,34.27599630887771
M10O90D1-S4,work,1201,1.201,100,180.0,0.0363636363636363,3.6,0.66,0.22,7.5,3.1666666666666665,130,8325.0,196.0,0.0235435435435435,3.0153846153846158,0.4307692307692308,196,0,0.4307692307692308,0.4314250155569384,85.79547811657332,123.617963314358,195.0,10,5357,5.0,33.0,0.4307692307692308,0.2923076923076923,0.0846153846153846,0.0538461538461538,0.4314250155569384,0.2907280647168637,0.0847334577888404,0.0559634930512341,0.48,0.38,0.09,0.05,20799.0,20799.0,7.66090742773454,16.151878828565145,14760.0,14760.0,6.047801781313886,13.814100197209727,6039.0,6039.0,11.60352033403837,20.011878062524534,20799.0,48.00000000000001,6.78870118410131,14.933367270451717,14760.0,41.0,6.047801781313885,13.816423172600736,6039.0,6.999999999999998,11.128254828999086,19.544590667867634,56.0,56.0,6.49289161922034,14.95702808517419,41.0,41.0,4.695996135238469,13.430734794910576,15.0,15.0,11.404405942104129,19.639164289855607,56.0,56.0,6.49289161922034,14.95702808517419,41.0,41.0,4.695996135238469,13.430734794910576,15.0,15.0,11.404405942104129,19.639164289855607
M10O90D1-S4,work,1301,1.301,100,177.0,0.0357575757575757,3.54,0.71,0.25,8.1,3.033333333333333,130,8325.0,191.0,0.0229429429429429,2.9384615384615387,0.3615384615384615,191,0,0.3615384615384615,0.3589296826384567,80.68035677245385,122.9854522454143,180.08641975308643,9,5706,5.0,32.0,0.3615384615384615,0.2846153846153846,0.0615384615384615,0.0153846153846153,0.3589296826384567,0.2832607342874922,0.0607342874922215,0.014934660858743,0.46,0.37,0.08,0.02,17304.0,17304.0,6.066636077389198,11.780935564425626,14040.0,14040.0,5.549047515530807,10.633526738140228,3264.0,3264.0,8.293028053030064,14.730706456729042,17304.0,46.0,5.977444452061128,11.680154172351916,14040.0,38.99999999999999,5.549047515530811,10.636811248567742,3264.0,6.999999999999999,8.364227384158628,14.95225917322277,47.0,47.0,4.455154742129022,10.289631607621514,39.0,39.0,3.809130518563086,9.837877981372936,8.0,8.0,7.604522832012955,11.02624414712533,47.0,47.0,4.455154742129022,10.289631607621514,39.0,39.0,3.809130518563086,9.837877981372936,8.0,8.0,7.604522832012955,11.02624414712533
M10O90D1-S4,work,1401,1.401,100,161.0,0.0325252525252525,3.22,0.55,0.27,5.6,2.955555555555556,130,8325.0,170.0,0.0204204204204204,2.6153846153846154,0.3923076923076923,170,0,0.3923076923076923,0.3906865795478116,77.42999377722464,103.59266287160024,179.87654320987653,10,5999,4.0,33.0,0.4076923076923077,0.2846153846153846,0.0615384615384615,0.0615384615384615,0.4066583696328562,0.2813316739265712,0.0633478531425015,0.0619788425637834,0.47,0.37,0.07,0.07,19605.0,19605.0,8.896598024771434,20.260798412184734,14760.0,14760.0,7.355412451961981,15.164167885521636,4845.0,4845.0,13.591726828624386,29.10520689652413,19605.0,47.0,8.074126204825433,17.839717422816438,14760.0,41.0,7.355412451961982,15.165072788500348,4845.0,5.999999999999999,12.985336849392343,29.59606617223224,53.0,53.0,7.462763822569282,18.17979472455397,41.0,41.0,5.925184734944425,13.71310929982247,12.0,12.0,12.716159038620868,30.41019403771213,53.0,53.0,7.462763822569282,18.17979472455397,41.0,41.0,5.925184734944425,13.71310929982247,12.0,12.0,12.716159038620868,30.41019403771213
M10O90D1-S4,work,1501,1.501,100,169.0,0.0341414141414141,3.38,0.56,0.2,5.3,3.1666666666666665,130,8325.0,179.0,0.0215015015015015,2.753846153846154,0.3692307692307692,179,0,0.3692307692307692,0.3670815183571873,70.65131715411741,87.19797596457938,167.7037037037037,9,6206,5.0,32.0,0.3692307692307692,0.2846153846153846,0.0769230769230769,0.0076923076923076,0.3670815183571873,0.2832607342874922,0.0763534536403235,0.0074673304293715,0.46,0.37,0.09,0.01,17697.0,17697.0,6.271933210065377,12.85896074739792,14400.0,14400.0,5.700933358378783,12.200459221787783,3297.0,3297.0,8.765836110971344,14.603630065558844,17697.0,46.0,6.05974729864888,12.693297751087542,14400.0,40.0,5.700933358378782,12.2031409124745,3297.0,5.999999999999999,8.451840233782857,14.649119660837291,48.0,48.0,5.046697720874673,12.022632675105063,40.0,40.0,4.401810880305093,10.875047293485665,8.0,8.0,8.271131923722583,14.10866843788544,48.0,48.0,5.046697720874673,12.022632675105063,40.0,40.0,4.401810880305093,10.875047293485665,8.0,8.0,8.271131923722583,14.10866843788544
M10O90D1-S4,work,1601,1.601,100,179.0,0.0361616161616161,3.58,0.58,0.21,7.2,3.1777777777777776,130,8325.0,197.0,0.0236636636636636,3.0307692307692307,0.3923076923076923,197,0,0.3923076923076923,0.3949802945447003,83.77307612528521,113.7571157495256,193.7932098765432,10,6184,5.0,32.0,0.3923076923076923,0.2846153846153846,0.0769230769230769,0.0307692307692307,0.3949802945447003,0.2832607342874922,0.0781165733250363,0.0336029869321717,0.42,0.37,0.07,0.03,19042.0,19042.0,7.194216192566559,15.54421961466331,12960.0,12960.0,5.306298255177718,10.939465085609474,6082.0,6082.0,11.21713899239546,23.11093730229238,19042.0,42.00000000000001,5.975903539562577,12.15184828458297,12960.0,36.0,5.306298255177718,10.946940503864903,6082.0,5.999999999999998,9.993535245871746,22.18144432140661,51.0,51.0,5.778949295698152,12.111133273940975,36.0,36.0,3.8335664515315,8.043956380405877,15.0,15.0,10.447868121698118,22.331728858374493,51.0,51.0,5.778949295698152,12.111133273940975,36.0,36.0,3.8335664515315,8.043956380405877,15.0,15.0,10.447868121698118,22.331728858374493
M10O90D1-S4,work,1701,1.701,100,171.0,0.0345454545454545,3.42,0.69,0.2,7.3,2.988888888888889,130,8325.0,183.0,0.0219819819819819,2.815384615384616,0.3846153846153846,183,0,0.3846153846153846,0.3838207840696951,78.05641982991081,113.61163820366856,176.85185185185185,9,6042,6.0,30.0,0.3846153846153846,0.2769230769230769,0.0846153846153846,0.023076923076923,0.3838207840696951,0.2777224642190417,0.0817672682016179,0.0243310516490354,0.46,0.36,0.11,0.03,18504.0,18504.0,7.2668255299583775,16.268850443924446,14400.0,14400.0,6.268568482247846,14.065854788671276,4104.0,4104.0,10.76948183771463,20.5858490123634,18504.0,46.0,6.7098411650934535,15.060721098369594,14400.0,40.0,6.268568482247847,14.070253539162437,4104.0,5.999999999999999,9.651659050730837,19.496863576438557,50.0,50.0,6.091977001085658,14.229273746780152,40.0,40.0,5.11235198472445,12.253357897115183,10.0,10.0,10.010477066530484,17.364469410522112,50.0,50.0,6.091977001085658,14.229273746780152,40.0,40.0,5.11235198472445,12.253357897115183,10.0,10.0,10.010477066530484,17.364469410522112
M10O90D1-S4,work,1801,1.801,100,167.0,0.0337373737373737,3.34,0.66,0.29,7.5,2.8777777777777778,130,8325.0,185.0,0.0222222222222222,2.8461538461538463,0.4,185,0,0.4,0.4015971790085044,80.35677245384775,115.97722960151803,182.5432098765432,9,5118,5.0,30.0,0.4,0.2692307692307692,0.1076923076923077,0.023076923076923,0.4015971790085044,0.2692180045633686,0.1089400539307197,0.023439120514416,0.45,0.35,0.11,0.03,19361.0,19361.0,7.885749750574504,16.22816834013359,14040.0,14040.0,6.894012487555724,15.176776299961194,5321.0,5321.0,10.502549444764258,22.84617126819182,19361.0,45.00000000000001,7.26459511816399,15.49860106247332,14040.0,38.99999999999999,6.894012487555727,15.178516267670885,5321.0,5.999999999999999,9.673382217117732,20.053190510978165,52.0,52.0,6.693590494107584,14.097896259325513,39.0,39.0,5.598247428450757,14.097896259325513,13.0,13.0,9.979619691078074,19.99296016111594,52.0,52.0,6.693590494107584,14.097896259325513,39.0,39.0,5.598247428450757,14.097896259325513,13.0,13.0,9.979619691078074,19.99296016111594
M10O90D1-S4,work,1901,1.901,100,163.0,0.0329292929292929,3.26,0.71,0.16,5.8,2.977777777777778,130,8325.0,173.0,0.0207807807807807,2.6615384615384614,0.3692307692307692,173,0,0.3692307692307692,0.3669570628500311,86.7600082970338,94.82605945604048,211.91975308641972,9,7879,5.0,30.0,0.3692307692307692,0.2692307692307692,0.0615384615384615,0.0384615384615384,0.3669570628500311,0.2692180045633686,0.0605268616469612,0.0372121966397013,0.45,0.35,0.08,0.05,17691.0,17691.0,7.65810351427868,17.637081686588708,14040.0,14040.0,7.361722518993713,16.772386947475688,3651.0,3651.0,8.79784308530057,18.99689467958364,17691.0,45.0,7.595009578486712,17.326501692920342,14040.0,38.99999999999999,7.361722518993716,16.773079280941737,3651.0,5.999999999999999,9.111375465191196,19.222072894293937,48.0,48.0,6.2981237278028415,15.824137781238672,39.0,39.0,5.87384763873708,15.824137781238672,9.0,9.0,8.136653447087813,19.30909893153191,48.0,48.0,6.2981237278028415,15.824137781238672,39.0,39.0,5.87384763873708,15.824137781238672,9.0,9.0,8.136653447087813,19.30909893153191
M10O90D1-S4,work,2001,2.001,100,180.0,0.0363636363636363,3.6,0.74,0.14,6.3,3.3,130,8325.0,194.0,0.0233033033033033,2.9846153846153847,0.4769230769230769,194,0,0.4769230769230769,0.4764364239784277,79.80916822236051,102.87792536369386,187.30555555555557,9,6360,5.0,31.0,0.4769230769230769,0.2769230769230769,0.0538461538461538,0.1461538461538461,0.4764364239784277,0.2766853349927401,0.0520224019912881,0.1477286869943995,0.56,0.36,0.07,0.17,22969.0,22969.0,9.850106842169565,21.126853764517364,16920.0,16920.0,9.287169553324782,23.066903134767102,6049.0,6049.0,11.42473056960447,20.97701010157873,22969.0,56.0,9.849825519861428,23.397339314764363,16920.0,46.99999999999999,9.287169553324786,23.090028307324285,6049.0,8.999999999999998,12.788140011775033,23.795027930325745,62.0,62.0,8.677795003487448,17.277365959268398,47.0,47.0,8.05461702172804,24.231985855326872,15.0,15.0,10.63041934633359,17.257470886743462,62.0,62.0,8.677795003487448,17.277365959268398,47.0,47.0,8.05461702172804,24.231985855326872,15.0,15.0,10.63041934633359,17.257470886743462
M10O90D1-S4,work,2101,2.101,100,176.0,0.0355555555555555,3.52,0.69,0.21,6.6,3.1777777777777776,130,8325.0,191.0,0.0229429429429429,2.9384615384615387,0.3692307692307692,191,0,0.3692307692307692,0.3671644886952914,84.7334577888405,106.44528779253636,200.21913580246917,9,5284,5.0,32.0,0.3692307692307692,0.2846153846153846,0.0692307692307692,0.0153846153846153,0.3671644886952914,0.2841526654221116,0.0680771624144368,0.014934660858743,0.44,0.37,0.09,0.02,17701.0,17701.0,5.992633718758375,11.486608905286245,14040.0,14040.0,5.37274414554348,10.127687935357711,3661.0,3661.0,8.369921237998236,14.899805167231785,17701.0,44.0,5.675721565512736,10.876782950327287,14040.0,38.99999999999999,5.372744145543481,10.132631078477772,3661.0,5.0,8.03894544127293,14.229512405174647,48.0,48.0,4.599603342784196,10.504291089570216,39.0,39.0,3.92515851407198,9.573797166296092,9.0,9.0,7.52219760053713,15.252035575174489,48.0,48.0,4.599603342784196,10.504291089570216,39.0,39.0,3.92515851407198,9.573797166296092,9.0,9.0,7.52219760053713,15.252035575174489
M10O90D1-S4,work,2201,2.201,100,176.0,0.0355555555555555,3.52,0.62,0.23,6.6,3.1777777777777776,130,8325.0,188.0,0.0225825825825825,2.892307692307692,0.3384615384615385,188,0,0.3384615384615385,0.3372951669778054,75.49471064094587,104.6046805819102,173.62345679012347,9,5871,5.0,32.0,0.3384615384615385,0.2923076923076923,0.0461538461538461,0.0,0.3372951669778054,0.2926571250777847,0.0446380419000207,0.0,0.41,0.37,0.06,0.0,16261.0,16261.0,5.271629064062231,10.583582236039945,12600.0,12600.0,4.774824733995208,9.479902824101565,3661.0,3661.0,6.981471882648545,13.05135588598777,16261.0,40.99999999999999,5.132710410976827,10.472092921941073,12600.0,35.0,4.774824733995208,9.48006467972154,3661.0,5.999999999999999,7.220376860036263,13.226877427796442,44.0,44.0,4.004618336235828,8.026998027056296,35.0,35.0,3.516923374242447,5.496316206917401,9.0,9.0,5.90120985509898,10.97163026332692,44.0,44.0,4.004618336235828,8.026998027056296,35.0,35.0,3.516923374242447,5.496316206917401,9.0,9.0,5.90120985509898,10.97163026332692
M10O90D1-S4,work,2301,2.301,100,159.0,0.0321212121212121,3.18,0.61,0.19,5.7,2.9,130,8325.0,173.0,0.0207807807807807,2.6615384615384614,0.4,173,0,0.4,0.401327525409666,89.04791537025514,123.516761543327,204.7283950617284,10,5001,6.0,30.0,0.4,0.2769230769230769,0.1,0.023076923076923,0.401327525409666,0.278614395353661,0.0985065339141257,0.0242065961418792,0.47,0.36,0.13,0.03,19348.0,19348.0,6.8799354850722185,14.573264729041366,14040.0,14040.0,5.661258732415796,11.979842723660918,5308.0,5308.0,10.103413557283252,17.526189493050463,19348.0,47.0,6.302284409140361,13.54796969726556,14040.0,38.99999999999999,5.661258732415798,11.980532894427284,5308.0,8.0,9.427284583172613,17.243769122635516,52.0,52.0,5.534425675163527,13.622151378621274,39.0,39.0,4.199571689883988,11.927873102367574,13.0,13.0,9.538987631002149,16.67274239759346,52.0,52.0,5.534425675163527,13.622151378621274,39.0,39.0,4.199571689883988,11.927873102367574,13.0,13.0,9.538987631002149,16.67274239759346
M10O90D1-S4,work,2401,2.401,100,182.0,0.0367676767676767,3.64,0.64,0.17,8.7,3.077777777777778,130,8325.0,200.0,0.024024024024024,3.076923076923077,0.4692307692307692,200,0,0.4692307692307692,0.4696121136693632,93.98879900435594,138.3807716635041,212.179012345679,9,4911,7.0,30.0,0.4692307692307692,0.2846153846153846,0.1307692307692307,0.0538461538461538,0.4696121136693632,0.2880107861439535,0.1284173408006637,0.0531839867247459,0.53,0.37,0.17,0.07,22640.0,22640.0,9.145445768724482,21.72150804285095,15840.0,15840.0,8.222892337125806,21.335897339949756,6800.0,6800.0,11.29445258586022,22.57843200219564,22640.0,53.0,8.671677495927074,21.283967491877466,15840.0,43.99999999999999,8.222892337125808,21.347042122532127,6800.0,8.999999999999998,10.865738272288826,20.83771195088744,61.0,61.0,8.060227044659072,20.58775169625177,44.0,44.0,7.04661041220534,20.29931206298674,17.0,17.0,10.683705387480504,22.348553903904318,61.0,61.0,8.060227044659072,20.58775169625177,44.0,44.0,7.04661041220534,20.29931206298674,17.0,17.0,10.683705387480504,22.348553903904318
M10O90D1-S4,work,2501,2.501,100,165.0,0.0333333333333333,3.3,0.66,0.26,8.6,2.7111111111111112,130,8325.0,179.0,0.0215015015015015,2.753846153846154,0.4307692307692308,179,0,0.4307692307692308,0.437025513378967,82.04107031736154,116.23655913978494,187.429012345679,9,5250,7.0,31.0,0.4307692307692308,0.2923076923076923,0.0923076923076923,0.0461538461538461,0.437025513378967,0.2945861854387057,0.0917029661895872,0.0507363617506741,0.46,0.38,0.1,0.05,21069.0,21069.0,8.795977293942883,19.210501124483248,12960.0,12960.0,5.704092607533583,12.6239570641133,8109.0,8109.0,13.737502208958858,23.50385881306616,21069.0,46.0,7.226391904777246,16.527021063024808,12960.0,36.0,5.704092607533583,12.626764436933902,8109.0,9.999999999999998,12.706669374854435,22.228528056931427,56.0,56.0,7.518195926189845,17.877830933704363,36.0,36.0,4.370715001464763,13.805862123481065,20.0,20.0,13.183661590694992,20.965209744602703,56.0,56.0,7.518195926189845,17.877830933704363,36.0,36.0,4.370715001464763,13.805862123481065,20.0,20.0,13.183661590694992,20.965209744602703
M10O90D1-S4,work,2601,2.601,100,180.0,0.0363636363636363,3.6,0.71,0.19,7.3,3.188888888888889,130,8325.0,194.0,0.0233033033033033,2.9846153846153847,0.3384615384615385,194,0,0.3384615384615385,0.3362580377515038,84.43061605476042,111.23339658444024,196.9814814814815,9,5297,5.0,32.0,0.3384615384615385,0.2846153846153846,0.0538461538461538,0.0,0.3362580377515038,0.2841526654221116,0.0521053723293922,0.0,0.41,0.37,0.07,0.0,16211.0,16211.0,5.6037225939443625,11.300721632052491,12960.0,12960.0,5.035217427839194,10.265443399749,3251.0,3251.0,7.870048940521719,12.841445254381192,16211.0,40.99999999999999,5.374620475292682,11.017635420211734,12960.0,36.0,5.035217427839194,10.278834250759862,3251.0,5.0,7.818322416957784,12.855816561738225,44.0,44.0,4.149391908945645,9.582082010047344,36.0,36.0,3.5478168196344657,8.555056037602194,8.0,8.0,6.85647981084595,10.271741341966612,44.0,44.0,4.149391908945645,9.582082010047344,36.0,36.0,3.5478168196344657,8.555056037602194,8.0,8.0,6.85647981084595,10.271741341966612
M10O90D1-S4,work,2701,2.701,100,185.0,0.0373737373737373,3.7,0.67,0.16,7.4,3.2888888888888888,130,8325.0,203.0,0.0243843843843843,3.123076923076923,0.3615384615384615,203,0,0.3615384615384615,0.3622692387471479,89.77805434557146,107.92536369386464,214.50925925925927,9,6054,6.0,32.0,0.3692307692307692,0.3,0.0538461538461538,0.0153846153846153,0.3696121136693632,0.3008919311346194,0.0538270068450528,0.0148931756896909,0.43,0.38,0.06,0.02,17819.0,17819.0,5.576397027192894,11.118855720495604,12600.0,12600.0,4.603006069553668,9.119930541282857,5219.0,5219.0,7.926411602064373,15.557336995673738,17819.0,42.99999999999999,5.31987978375652,10.43853854780657,12600.0,35.0,4.603006069553667,9.123480648843616,5219.0,8.0,8.456202283393997,16.686305080702663,48.0,48.0,4.1210971225945885,8.899102590700087,35.0,35.0,3.002794548331434,4.602747958193195,13.0,13.0,7.131911745610774,15.094365535179294,48.0,48.0,4.1210971225945885,8.899102590700087,35.0,35.0,3.002794548331434,4.602747958193195,13.0,13.0,7.131911745610774,15.094365535179294
M10O90D1-S4,work,2801,2.801,100,177.0,0.0357575757575757,3.54,0.7,0.15,8.3,3.011111111111111,130,8325.0,196.0,0.0235435435435435,3.0153846153846158,0.4538461538461538,196,0,0.4538461538461538,0.4528728479568554,83.84360091267372,128.31752055660974,186.89814814814812,9,5566,5.0,33.0,0.4538461538461538,0.2923076923076923,0.123076923076923,0.0384615384615384,0.4528728479568554,0.291619995851483,0.1238332296204107,0.0374196224849616,0.52,0.38,0.12,0.05,21833.0,21833.0,7.353876004942864,15.436866994538947,15840.0,15840.0,6.53457951593523,14.6157160697553,5993.0,5993.0,9.51934511655323,20.16348323275348,21833.0,52.0,7.08862510780664,15.29045035077824,15840.0,43.99999999999999,6.534579515935232,14.618572718295685,5993.0,7.999999999999999,10.135875863099391,22.143317126811997,59.0,59.0,6.1205935206822,14.03219358337238,44.0,44.0,5.140495057446412,13.485783486600011,15.0,15.0,8.995549012840515,21.07261708270545,59.0,59.0,6.1205935206822,14.03219358337238,44.0,44.0,5.140495057446412,13.485783486600011,15.0,15.0,8.995549012840515,21.07261708270545
M10O90D1-S4,work,2901,2.901,100,178.0,0.0359595959595959,3.56,0.7,0.13,7.9,3.077777777777778,130,8325.0,193.0,0.0231831831831831,2.9692307692307693,0.3769230769230769,193,0,0.3769230769230769,0.3751918689068658,90.03318813524164,124.59835547122074,207.1327160493827,9,6105,5.0,30.0,0.3769230769230769,0.2692307692307692,0.0846153846153846,0.023076923076923,0.3751918689068658,0.2692180045633686,0.0835718730553827,0.0224019912881145,0.45,0.35,0.1,0.03,18088.0,18088.0,6.531949611102288,13.800978042179022,14040.0,14040.0,6.256533020156498,13.515389961428925,4048.0,4048.0,7.487198854402415,14.360380616354838,18088.0,45.0,6.410222690022687,13.662482891248144,14040.0,38.99999999999999,6.2565330201565,13.51767679936366,4048.0,5.999999999999999,7.409205544152917,14.150914208634203,49.0,49.0,5.346406340568161,11.499087847755982,39.0,39.0,4.975195091256617,11.499087847755982,10.0,10.0,6.794130212883182,9.051321399610904,49.0,49.0,5.346406340568161,11.499087847755982,39.0,39.0,4.975195091256617,11.499087847755982,10.0,10.0,6.794130212883182,9.051321399610904
M10O90D1-S4,work,3001,3.001,100,166.0,0.0335353535353535,3.32,0.61,0.25,8.6,2.7333333333333334,130,8325.0,180.0,0.0216216216216216,2.769230769230769,0.4230769230769231,180,0,0.4230769230769231,0.4245177349097697,77.97137523335408,126.08475648323844,170.51234567901236,9,5585,6.0,31.0,0.4461538461538462,0.2923076923076923,0.0846153846153846,0.0692307692307692,0.4488487865588052,0.2934246007052479,0.0844845467745281,0.0709396390790292,0.49,0.37,0.09,0.08,21639.0,21639.0,8.20896740514804,17.35960707686838,14760.0,14760.0,7.042885873447803,15.0628637176479,6879.0,6879.0,10.710982728290285,18.307548132599543,21639.0,49.0,7.595976829271305,16.530971996196534,14760.0,41.0,7.042885873447803,15.067604264718296,6879.0,7.999999999999999,10.430567977866758,18.017450929345497,58.0,58.0,7.114739454491682,16.78331121047745,41.0,41.0,5.820271579936065,12.867640795790336,17.0,17.0,10.236691387243466,19.936856274648825,58.0,58.0,7.114739454491682,16.78331121047745,41.0,41.0,5.820271579936065,12.867640795790336,17.0,17.0,10.236691387243466,19.936856274648825
M10O90D1-S4,work,3101,3.101,100,166.0,0.0335353535353535,3.32,0.56,0.29,7.6,2.844444444444445,130,8325.0,181.0,0.0217417417417417,2.7846153846153845,0.3846153846153846,181,0,0.3846153846153846,0.3848579132959966,84.23563576021573,131.7583807716635,186.3858024691358,9,5556,6.0,31.0,0.3846153846153846,0.2846153846153846,0.0769230769230769,0.023076923076923,0.3848579132959966,0.2860817257830326,0.075337066998548,0.023439120514416,0.46,0.37,0.1,0.03,18554.0,18554.0,5.863618201171719,11.920594363666234,14040.0,14040.0,5.555434640496962,11.791331063223696,4514.0,4514.0,6.82216875320397,12.070956709667394,18554.0,46.0,5.746158268047933,11.902553186780755,14040.0,38.99999999999999,5.555434640496965,11.792077819311924,4514.0,7.0,6.808761335831915,12.16161447379656,50.0,50.0,4.523006960036017,10.228999035735391,39.0,39.0,4.162110158145784,10.228999035735391,11.0,11.0,5.802550166737752,10.323372736515,50.0,50.0,4.523006960036017,10.228999035735391,39.0,39.0,4.162110158145784,10.228999035735391,11.0,11.0,5.802550166737752,10.323372736515
M10O90D1-S4,work,3201,3.201,100,182.0,0.0367676767676767,3.64,0.53,0.24,7.7,3.188888888888889,130,8325.0,203.0,0.0243843843843843,3.123076923076923,0.3846153846153846,203,0,0.3846153846153846,0.3849408836341008,87.82202862476665,131.71410499683745,197.08024691358025,9,4647,6.0,33.0,0.3846153846153846,0.3,0.0615384615384615,0.023076923076923,0.3849408836341008,0.3010163866417755,0.0614395353661066,0.0224849616262186,0.45,0.39,0.07,0.03,18558.0,18558.0,5.989790667101948,12.231828451580949,13680.0,13680.0,5.268534210288561,10.754265005582727,4878.0,4878.0,8.01250250170776,15.24238357619399,18558.0,45.0,5.673765509752034,11.6201041576744,13680.0,37.99999999999999,5.2685342102885615,10.75497411746107,4878.0,7.000000000000001,7.87359256398232,14.869253961107503,50.0,50.0,4.594558908675278,10.71918004024446,38.0,38.0,3.784213160719695,9.217073628365236,12.0,12.0,7.16065377720129,13.061216495312983,50.0,50.0,4.594558908675278,10.71918004024446,38.0,38.0,3.784213160719695,9.217073628365236,12.0,12.0,7.16065377720129,13.061216495312983
M10O90D1-S4,work,3301,3.301,100,160.0,0.0323232323232323,3.2,0.62,0.24,7.7,2.7,130,8325.0,175.0,0.021021021021021,2.6923076923076925,0.4076923076923077,175,0,0.4076923076923077,0.4099149554034432,79.4171333748185,108.46932321315624,183.4104938271605,9,5105,7.0,29.0,0.4153846153846154,0.2769230769230769,0.0923076923076923,0.0461538461538461,0.4172578303256585,0.2796515245799627,0.0930927193528313,0.0445135863928645,0.45,0.36,0.12,0.05,20116.0,20116.0,7.545594519472613,14.662445246145074,13680.0,13680.0,6.099659854430393,12.85056053134768,6436.0,6436.0,10.61899200514346,17.54820079786167,20116.0,45.0,6.601104956044438,13.471640680250676,13680.0,37.99999999999999,6.099659854430395,12.853852774666152,6436.0,6.999999999999999,9.323235507663536,15.455647377617156,54.0,54.0,6.22549640534768,14.76624529147842,38.0,38.0,4.627063955848424,13.60968613730439,16.0,16.0,10.02177347290841,17.009829802878663,54.0,54.0,6.22549640534768,14.76624529147842,38.0,38.0,4.627063955848424,13.60968613730439,16.0,16.0,10.02177347290841,17.009829802878663
M10O90D1-S4,work,3401,3.401,100,143.0,0.0288888888888888,2.86,0.48,0.31,5.9,2.522222222222222,130,8325.0,154.0,0.0184984984984984,2.3692307692307693,0.3769230769230769,154,0,0.3769230769230769,0.3754615225057042,62.70068450528936,88.98165717900063,143.17283950617283,9,6027,6.0,28.0,0.3769230769230769,0.2615384615384615,0.1,0.0153846153846153,0.3754615225057042,0.2627878033602986,0.0977390582866625,0.014934660858743,0.45,0.34,0.12,0.02,18101.0,18101.0,6.43735623069248,12.703444303190103,14040.0,14040.0,6.357846212984859,12.796752763441352,4061.0,4061.0,6.712244349041404,12.359753309735472,18101.0,45.00000000000001,6.398560814781283,12.708586571205691,14040.0,38.99999999999999,6.357846212984862,12.796885657303864,4061.0,6.0,6.663205726458036,12.350054712218228,49.0,49.0,5.327455993630709,11.561087272767251,39.0,39.0,5.2043538467306485,11.561087272767251,10.0,10.0,5.807554366540948,7.30580135415355,49.0,49.0,5.327455993630709,11.561087272767251,39.0,39.0,5.2043538467306485,11.561087272767251,10.0,10.0,5.807554366540948,7.30580135415355
M10O90D1-S4,work,3501,3.501,100,159.0,0.0321212121212121,3.18,0.54,0.29,6.9,2.7666666666666666,130,8325.0,176.0,0.0211411411411411,2.707692307692308,0.3615384615384615,176,0,0.3615384615384615,0.3602572080481228,79.61626218626841,114.26312460468058,181.17592592592592,11,5414,6.0,30.0,0.3615384615384615,0.2769230769230769,0.0769230769230769,0.0076923076923076,0.3602572080481228,0.278614395353661,0.0741754822650902,0.0074673304293715,0.43,0.36,0.1,0.01,17368.0,17368.0,5.889832338564545,11.727843706862853,13320.0,13320.0,5.793116803138737,11.896741160871406,4048.0,4048.0,6.208076145845121,11.483668736692255,17368.0,43.0,5.890344929359171,11.877289252350073,13320.0,37.0,5.793116803138736,11.902790185937205,4048.0,5.999999999999999,6.48991837438518,11.829416275421796,47.0,47.0,4.700582955893261,10.29039333995554,37.0,37.0,4.447605551506601,11.45073429869781,10.0,10.0,5.636599352123902,9.844660173798417,47.0,47.0,4.700582955893261,10.29039333995554,37.0,37.0,4.447605551506601,11.45073429869781,10.0,10.0,5.636599352123902,9.844660173798417
M10O90D1-S4,work,3601,3.601,100,165.0,0.0333333333333333,3.3,0.67,0.21,7.4,2.844444444444445,130,8325.0,175.0,0.021021021021021,2.6923076923076925,0.4461538461538462,175,0,0.4461538461538462,0.4455299730346401,80.70109935697988,112.97912713472486,185.0308641975309,9,4900,6.0,30.0,0.4461538461538462,0.2769230769230769,0.0769230769230769,0.0923076923076923,0.4455299730346401,0.278614395353661,0.0743829081103505,0.0925326695706285,0.52,0.36,0.1,0.11,21479.0,21479.0,8.466616292785039,19.34295761218588,15840.0,15840.0,7.513411406518512,16.622078201262337,5639.0,5639.0,11.144177101166283,26.46131431179045,21479.0,52.0,7.996875526433196,17.38762355068271,15840.0,43.99999999999999,7.513411406518514,16.62597724838543,5639.0,8.0,10.655928185963957,26.05609425140481,58.0,58.0,7.07664526004632,18.874570935475766,44.0,44.0,6.081902493799876,15.074190633370527,14.0,14.0,10.202979668249426,27.266667441532235,58.0,58.0,7.07664526004632,18.874570935475766,44.0,44.0,6.081902493799876,15.074190633370527,14.0,14.0,10.202979668249426,27.266667441532235
M10O90D1-S4,work,3701,3.701,100,182.0,0.0367676767676767,3.64,0.69,0.21,7.7,3.188888888888889,130,8325.0,201.0,0.0241441441441441,3.0923076923076924,0.4538461538461538,201,0,0.4538461538461538,0.4549263638249325,90.15764364239784,142.41619228336495,198.80864197530863,9,5404,6.0,29.0,0.4846153846153846,0.2846153846153846,0.0846153846153846,0.1153846153846153,0.4876374196224849,0.2858328147687202,0.0830533084422319,0.1187512964115328,0.53,0.35,0.11,0.12,23509.0,23509.0,8.80510116684361,18.107818047216888,16200.0,16200.0,7.376485689523681,16.114662238057043,7309.0,7309.0,11.971549481603878,21.487743869789472,23509.0,53.0,7.994250966585214,16.80607973848196,16200.0,44.99999999999999,7.376485689523684,16.11716006691116,7309.0,7.999999999999998,11.469180650056334,20.401332546784943,63.0,63.0,7.739915953002568,17.39283186096237,45.0,45.0,6.343521526883606,14.607391319424488,18.0,18.0,11.230902018299975,19.201313645442955,63.0,63.0,7.739915953002568,17.39283186096237,45.0,45.0,6.343521526883606,14.607391319424488,18.0,18.0,11.230902018299975,19.201313645442955
M10O90D1-S4,work,3801,3.801,100,169.0,0.0341414141414141,3.38,0.61,0.23,8.0,2.8666666666666667,130,8325.0,181.0,0.0217417417417417,2.7846153846153845,0.4076923076923077,181,0,0.4076923076923077,0.4082348060568347,87.23501348267995,121.47375079063885,200.33024691358025,8,4827,6.0,30.0,0.4153846153846154,0.2846153846153846,0.0923076923076923,0.0384615384615384,0.41557768097905,0.2871188550093341,0.0911636589919104,0.0372951669778054,0.48,0.36,0.12,0.05,20035.0,20035.0,7.611866726007424,15.958553888178326,14760.0,14760.0,6.803480155945433,14.686873959769429,5275.0,5275.0,9.873816635792254,17.92519767396111,20035.0,48.0,7.164395434092781,15.251608399992636,14760.0,41.0,6.803480155945433,14.69069860545544,5275.0,6.999999999999999,9.278327777527252,16.73406692288001,54.0,54.0,6.347842595934831,15.740017834283108,41.0,41.0,5.400491149348734,14.173653113511149,13.0,13.0,9.335643312090983,17.710538161177645,54.0,54.0,6.347842595934831,15.740017834283108,41.0,41.0,5.400491149348734,14.173653113511149,13.0,13.0,9.335643312090983,17.710538161177645
M10O90D1-S4,work,3901,3.901,100,178.0,0.0359595959595959,3.56,0.66,0.2,9.2,2.933333333333333,130,8325.0,195.0,0.0234234234234234,3.0,0.5615384615384615,195,0,0.5615384615384615,0.5619373573947314,93.21510060153496,154.29475015812775,202.11111111111111,8,4579,6.0,30.0,0.5615384615384615,0.2923076923076923,0.1461538461538461,0.123076923076923,0.5619373573947314,0.2965152457996266,0.1444306160547604,0.1209914955403443,0.6,0.36,0.17,0.14,27091.0,27091.0,12.03347588347087,29.509731190601286,18720.0,18720.0,10.73520201426148,27.556151703396235,8371.0,8371.0,14.936795299502384,37.02318868970313,27091.0,59.99999999999999,11.43097173961949,29.067629671845967,18720.0,52.0,10.735202014261478,27.558758954889317,8371.0,7.999999999999998,15.95347495444654,38.0840224179524,73.0,73.0,11.106544174827045,28.82570433540544,52.0,52.0,9.597947622108329,28.156664268207688,21.0,21.0,14.842116591082904,37.61529475426863,73.0,73.0,11.106544174827045,28.82570433540544,52.0,52.0,9.597947622108329,28.156664268207688,21.0,21.0,14.842116591082904,37.61529475426863
M10O90D1-S4,work,4001,4.001,100,152.0,0.0307070707070707,3.04,0.62,0.2,7.5,2.5444444444444443,130,8325.0,173.0,0.0207807807807807,2.6615384615384614,0.4230769230769231,173,0,0.4230769230769231,0.4298070939639079,73.1777639493881,118.15306767868438,160.1172839506173,8,5119,6.0,28.0,0.4307692307692308,0.2692307692307692,0.0846153846153846,0.0769230769230769,0.4371499688861232,0.2712922630159718,0.0873055382700684,0.0785521676000829,0.46,0.34,0.09,0.08,21075.0,21075.0,8.141550122581826,17.70941381343707,13320.0,13320.0,6.940480758392007,15.063030940974215,7755.0,7755.0,10.20450872103552,19.507529964728526,21075.0,46.0,7.655877364003851,17.02658084137286,13320.0,37.0,6.940480758392006,15.063865254671333,7755.0,8.999999999999998,10.59695229818588,20.397320120643645,56.0,56.0,6.895263598086615,16.969063881778293,37.0,37.0,5.518982854944977,14.84499731560175,19.0,19.0,9.575389255783486,20.479673416207486,56.0,56.0,6.895263598086615,16.969063881778293,37.0,37.0,5.518982854944977,14.84499731560175,19.0,19.0,9.575389255783486,20.479673416207486
M10O90D1-S4,work,4101,4.101,100,180.0,0.0363636363636363,3.6,0.67,0.21,9.5,2.9444444444444446,130,8325.0,197.0,0.0236636636636636,3.0307692307692307,0.4846153846153846,197,0,0.4846153846153846,0.4858742999377722,83.29184816428128,129.59519291587603,184.6327160493827,9,4348,6.0,27.0,0.4846153846153846,0.2692307692307692,0.1153846153846153,0.1,0.4858742999377722,0.2741132545115121,0.1125492636382493,0.0992117817880107,0.53,0.33,0.15,0.12,23424.0,23424.0,10.382358914089956,24.33902651018804,15840.0,15840.0,9.149393711036064,22.271492703235847,7584.0,7584.0,12.957539401481002,30.53798195389237,23424.0,53.0,9.945321545789156,23.534204925484485,15840.0,43.99999999999999,9.149393711036067,22.274498602938884,7584.0,8.999999999999998,13.836524293470928,30.110931149035324,63.0,63.0,9.50692544044706,25.30694282670325,44.0,44.0,8.124242592154177,22.184463306253065,19.0,19.0,12.708927825967416,28.87740044321904,63.0,63.0,9.50692544044706,25.30694282670325,44.0,44.0,8.124242592154177,22.184463306253065,19.0,19.0,12.708927825967416,28.87740044321904
M10O90D1-S4,work,4201,4.2010000000000005,100,142.0,0.0286868686868686,2.84,0.59,0.27,6.9,2.388888888888889,130,8325.0,161.0,0.0193393393393393,2.476923076923077,0.3923076923076923,161,0,0.3923076923076923,0.3980087118855009,82.83136278780336,128.393421884883,183.8487654320988,8,5099,6.0,26.0,0.3923076923076923,0.2615384615384615,0.0846153846153846,0.0461538461538461,0.3980087118855009,0.2666459240821406,0.0846090022816843,0.046753785521676,0.43,0.32,0.1,0.06,19188.0,19188.0,8.015863717346438,17.897177440146745,12240.0,12240.0,6.609566243643178,15.83351130330814,6948.0,6948.0,10.493278955994668,19.599324048896325,19188.0,43.0,7.63239774835924,17.670690692513435,12240.0,33.99999999999999,6.609566243643179,15.83829819919108,6948.0,9.0,11.496427877286584,20.904402302379548,51.0,51.0,6.733840315431789,16.169823731532492,34.0,34.0,5.219594905732168,14.149457242143097,17.0,17.0,9.762331134831031,20.855584006157716,51.0,51.0,6.733840315431789,16.169823731532492,34.0,34.0,5.219594905732168,14.149457242143097,17.0,17.0,9.762331134831031,20.855584006157716
M10O90D1-S4,work,4301,4.301,100,167.0,0.0337373737373737,3.34,0.57,0.21,8.0,2.8222222222222224,130,8325.0,189.0,0.0227027027027027,2.907692307692308,0.4846153846153846,189,0,0.4846153846153846,0.4901887575191869,83.83945239576852,136.93864642631246,182.679012345679,9,4644,6.0,27.0,0.4846153846153846,0.2692307692307692,0.1,0.1153846153846153,0.4901887575191869,0.2741132545115121,0.0985065339141257,0.117568969093549,0.51,0.33,0.12,0.13,23632.0,23632.0,8.787298053633627,18.14670072227757,15480.0,15480.0,7.667213495654809,16.646014877710563,8152.0,8152.0,10.914249594054638,19.752287159636616,23632.0,51.0,8.182907802834023,17.502356617200636,15480.0,42.99999999999999,7.667213495654813,16.65277813829342,8152.0,7.999999999999997,10.9547647039223,19.60872118867033,63.0,63.0,7.759169508363016,16.636814324803844,43.0,43.0,6.625879263603292,16.442676528821902,20.0,20.0,10.195743534596422,17.57556489402331,63.0,63.0,7.759169508363016,16.636814324803844,43.0,43.0,6.625879263603292,16.442676528821902,20.0,20.0,10.195743534596422,17.57556489402331
M10O90D1-S4,work,4401,4.401,100,183.0,0.0369696969696969,3.66,0.62,0.19,8.8,3.088888888888889,130,8325.0,201.0,0.0241441441441441,3.0923076923076924,0.4,201,0,0.4,0.4036714374611077,92.03484754200372,148.05819101834282,201.641975308642,9,5052,6.0,29.0,0.4076923076923077,0.2846153846153846,0.0923076923076923,0.0307692307692307,0.4112217382285832,0.2881559842356357,0.0911844015764364,0.0318813524165111,0.46,0.35,0.12,0.04,19825.0,19825.0,6.661782603190392,14.122326812260615,13320.0,13320.0,5.48384745168204,10.61145418105318,6505.0,6505.0,9.07378817092156,17.916487220755034,19825.0,46.0,6.288091753572888,13.023492042598058,13320.0,37.0,5.483847451682041,10.612749790810678,6505.0,9.0,9.594429439124148,18.198348702961752,53.0,53.0,5.320222458007321,12.56708973020037,37.0,37.0,4.005655870559015,9.581801776260102,16.0,16.0,8.360157691481533,16.50232197487113,53.0,53.0,5.320222458007321,12.56708973020037,37.0,37.0,4.005655870559015,9.581801776260102,16.0,16.0,8.360157691481533,16.50232197487113
M10O90D1-S4,work,4501,4.501,100,152.0,0.0307070707070707,3.04,0.56,0.2,6.3,2.6777777777777776,130,8325.0,163.0,0.0195795795795795,2.507692307692308,0.3538461538461538,163,0,0.3538461538461538,0.3562331466500726,81.12009956440572,114.54775458570523,185.5123456790124,8,4875,7.0,28.0,0.3538461538461538,0.2846153846153846,0.0692307692307692,0.0,0.3562331466500726,0.2871395975938602,0.0690935490562124,0.0,0.41,0.35,0.09,0.0,17174.0,17174.0,6.64434577839048,14.005308802245708,12240.0,12240.0,5.318128053591978,11.056970506059088,4934.0,4934.0,9.934354888956683,18.39359345517916,17174.0,41.0,6.05577282389892,13.007230924438447,12240.0,33.99999999999999,5.318128053591979,11.058672918782316,4934.0,7.0,9.63861885110407,17.7217301752376,46.0,46.0,5.201209060310948,11.692240721237242,34.0,34.0,3.814899256613913,9.513162478810408,12.0,12.0,9.129086837452544,16.47821223395865,46.0,46.0,5.201209060310948,11.692240721237242,34.0,34.0,3.814899256613913,9.513162478810408,12.0,12.0,9.129086837452544,16.47821223395865
M10O90D1-S4,work,4601,4.601,100,159.0,0.0321212121212121,3.18,0.56,0.18,7.7,2.6777777777777776,130,8325.0,172.0,0.0206606606606606,2.646153846153846,0.3692307692307692,172,0,0.3692307692307692,0.3690313213026343,88.2472516075503,123.29538266919673,202.4537037037037,8,5463,7.0,30.0,0.3692307692307692,0.3,0.0538461538461538,0.0153846153846153,0.3690313213026343,0.3020742584526032,0.0520224019912881,0.014934660858743,0.44,0.37,0.07,0.02,17791.0,17791.0,6.376606209755376,14.00064199058308,13320.0,13320.0,6.19038705090082,13.124266098232493,4471.0,4471.0,6.931390194533428,15.510304597813285,17791.0,44.0,6.29631862489351,13.612700345907486,13320.0,37.0,6.19038705090082,13.12470019357183,4471.0,7.0,6.85624265885486,15.366595628558777,48.0,48.0,5.15162749005589,12.20250584047144,37.0,37.0,4.859077119584053,12.20250584047144,11.0,11.0,6.13566055437025,9.259532439242042,48.0,48.0,5.15162749005589,12.20250584047144,37.0,37.0,4.859077119584053,12.20250584047144,11.0,11.0,6.13566055437025,9.259532439242042
M10O90D1-S4,work,4701,4.7010000000000005,100,165.0,0.0333333333333333,3.3,0.64,0.23,9.3,2.6333333333333333,130,8325.0,182.0,0.0218618618618618,2.8,0.3769230769230769,182,0,0.3769230769230769,0.3786973656917652,81.53080273802115,135.82542694497153,176.35185185185185,8,4701,7.0,27.0,0.3769230769230769,0.2692307692307692,0.0846153846153846,0.023076923076923,0.3786973656917652,0.2702758763741962,0.0860194980294544,0.0224019912881145,0.45,0.34,0.1,0.03,18257.0,18257.0,6.621741449704519,14.24959437807003,13320.0,13320.0,6.439842223404981,14.4576271127674,4937.0,4937.0,7.112504604314575,13.6244742987513,18257.0,45.0,6.587657644356867,14.271790701936624,13320.0,37.0,6.439842223404982,14.465161728689589,4937.0,8.0,7.271303966259338,13.28004698071376,49.0,49.0,5.254199271390963,13.883747035336253,37.0,37.0,5.029598644622663,14.105856165937553,12.0,12.0,5.946717870593225,9.350793230903898,49.0,49.0,5.254199271390963,13.883747035336253,37.0,37.0,5.029598644622663,14.105856165937553,12.0,12.0,5.946717870593225,9.350793230903898
M10O90D1-S4,work,4801,4.801,100,168.0,0.0339393939393939,3.36,0.59,0.21,8.3,2.811111111111111,130,8325.0,186.0,0.0223423423423423,2.8615384615384616,0.4384615384615384,186,0,0.4384615384615384,0.4428126944617299,77.84691972619788,109.69639468690704,178.13888888888889,9,4570,7.0,29.0,0.4384615384615384,0.2769230769230769,0.0923076923076923,0.0692307692307692,0.4428126944617299,0.2778676623107239,0.0941298485791329,0.070815183571873,0.48,0.36,0.1,0.07,21348.0,21348.0,7.771697610281371,16.093456480468053,14400.0,14400.0,7.141685013077214,15.78092657668599,6948.0,6948.0,9.0774232003418,16.46151444711298,21348.0,48.0,7.423560196837138,15.93005471315418,14400.0,40.0,7.141685013077213,15.785180335450177,6948.0,7.999999999999998,8.832936115636763,16.44706123459345,57.0,57.0,6.7005626073622695,16.082991642995868,40.0,40.0,5.951194902805239,15.461378625255753,17.0,17.0,8.463780735731754,16.082991642995868,57.0,57.0,6.7005626073622695,16.082991642995868,40.0,40.0,5.951194902805239,15.461378625255753,17.0,17.0,8.463780735731754,16.082991642995868
M10O90D1-S4,work,4901,4.901,100,153.0,0.0309090909090909,3.06,0.56,0.22,7.8,2.533333333333333,130,8325.0,174.0,0.0209009009009009,2.6769230769230767,0.3846153846153846,174,0,0.3846153846153846,0.3875751918689069,78.64965774735532,118.3301707779886,176.3148148148148,9,5149,7.0,27.0,0.3846153846153846,0.2769230769230769,0.0846153846153846,0.023076923076923,0.3875751918689069,0.2796722671644887,0.0836963285625388,0.0242065961418792,0.43,0.34,0.1,0.02,18685.0,18685.0,6.485517802573891,13.599851177861485,12600.0,12600.0,6.006047313024324,12.568009079967432,6085.0,6085.0,7.478340837631332,15.826275426357142,18685.0,43.0,6.38695987089149,13.335319541251268,12600.0,35.0,6.006047313024325,12.571978282013076,6085.0,7.999999999999998,8.053452311560337,16.67101086516009,50.0,50.0,5.383332534182836,12.418499348938118,35.0,35.0,4.7640547596300085,9.618093687660032,15.0,15.0,6.828314008139431,14.855307922881993,50.0,50.0,5.383332534182836,12.418499348938118,35.0,35.0,4.7640547596300085,9.618093687660032,15.0,15.0,6.828314008139431,14.855307922881993
M10O90,work-1,1001,1.001,100,62.0,0.0125252525252525,1.24,0.28,0.31,2.6,1.0888888888888888,130,8325.0,69.0,0.0082882882882882,1.0615384615384615,0.0692307692307692,99,30,0.3307692307692307,0.335718730553827,43.33955610869114,35.660974067046176,111.57407407407408,0,0,,,,,,,,,,,,,,,,,,,,,,,,,,,,,,,,,,,,,,,,,,,,,,,,,,,,,,,,,,,,,,
M10O90,work-1,1101,1.101,100,64.0,0.0129292929292929,1.28,0.19,0.33,3.0,1.0888888888888888,130,8325.0,70.0,0.0084084084084084,1.0769230769230769,0.1,100,30,0.2384615384615384,0.2431860609831985,46.01949802945447,45.81277672359266,114.59567901234568,0,0,,,,,,,,,,,,,,,,,,,,,,,,,,,,,,,,,,,,,,,,,,,,,,,,,,,,,,,,,,,,,,
M10O90,work-1,1201,1.201,100,77.0,0.0155555555555555,1.54,0.26,0.28,3.8,1.288888888888889,130,8325.0,90.0,0.0108108108108108,1.3846153846153846,0.1692307692307692,120,30,0.3384615384615385,0.346110765401369,55.092304501140845,63.98481973434535,132.7283950617284,0,0,,,,,,,,,,,,,,,,,,,,,,,,,,,,,,,,,,,,,,,,,,,,,,,,,,,,,,,,,,,,,,
M10O90,work-1,1301,1.301,100,56.0,0.0113131313131313,1.12,0.14,0.25,2.7,0.9444444444444444,130,8325.0,64.0,0.0076876876876876,0.9846153846153848,0.0538461538461538,94,30,0.1769230769230769,0.180522713130056,43.573947313835305,52.89690069576218,103.86111111111111,0,0,,,,,,,,,,,,,,,,,,,,,,,,,,,,,,,,,,,,,,,,,,,,,,,,,,,,,,,,,,,,,,
M10O90,work-1,1401,1.401,100,76.0,0.0153535353535353,1.52,0.31,0.29,3.8,1.2666666666666666,130,8325.0,83.0,0.0099699699699699,1.2769230769230768,0.0923076923076923,113,30,0.3769230769230769,0.3834474175482265,53.20472930927193,61.60657811511702,128.2716049382716,0,0,,,,,,,,,,,,,,,,,,,,,,,,,,,,,,,,,,,,,,,,,,,,,,,,,,,,,,,,,,,,,,
M10O90,work-1,1501,1.501,100,55.0,0.0111111111111111,1.1,0.1,0.28,3.0,0.8888888888888888,130,8325.0,67.0,0.008048048048048,1.0307692307692309,0.0615384615384615,97,30,0.1461538461538461,0.15065339141257,37.48185023853972,60.942441492726125,81.80555555555556,0,0,,,,,,,,,,,,,,,,,,,,,,,,,,,,,,,,,,,,,,,,,,,,,,,,,,,,,,,,,,,,,,
M10O90,work-1,1601,1.601,100,45.0,0.009090909090909,0.9,0.07,0.35,2.1,0.7666666666666667,130,8325.0,50.0,0.006006006006006,0.7692307692307693,0.0461538461538461,80,30,0.1,0.1029247044181705,32.61978842563784,36.81214421252372,79.11111111111111,0,0,,,,,,,,,,,,,,,,,,,,,,,,,,,,,,,,,,,,,,,,,,,,,,,,,,,,,,,,,,,,,,
M10O90,work-1,1701,1.701,100,58.0,0.0117171717171717,1.16,0.14,0.33,2.4,1.022222222222222,130,8325.0,65.0,0.0078078078078078,1.0,0.1,95,30,0.1461538461538461,0.15065339141257,41.798382078406966,43.17520556609741,103.320987654321,0,0,,,,,,,,,,,,,,,,,,,,,,,,,,,,,,,,,,,,,,,,,,,,,,,,,,,,,,,,,,,,,,
M10O90,work-1,1801,1.801,100,51.0,0.0103030303030303,1.02,0.11,0.39,1.6,0.9555555555555556,130,8325.0,57.0,0.0068468468468468,0.8769230769230769,0.0615384615384615,87,30,0.1307692307692307,0.1327940261356565,34.9367351171956,27.41302972802024,90.5925925925926,0,0,,,,,,,,,,,,,,,,,,,,,,,,,,,,,,,,,,,,,,,,,,,,,,,,,,,,,,,,,,,,,,
M10O90,work-1,1901,1.901,100,87.0,0.0175757575757575,1.74,0.24,0.27,4.0,1.488888888888889,130,8325.0,99.0,0.0118918918918918,1.523076923076923,0.1076923076923077,129,30,0.3,0.305849408836341,51.71541174030284,59.728020240354205,124.75617283950618,0,0,,,,,,,,,,,,,,,,,,,,,,,,,,,,,,,,,,,,,,,,,,,,,,,,,,,,,,,,,,,,,,
M10O90,work-1,2001,2.001,100,53.0,0.0107070707070707,1.06,0.16,0.31,2.4,0.9111111111111112,130,8325.0,59.0,0.007087087087087,0.9076923076923076,0.0615384615384615,89,30,0.1923076923076923,0.195457373988799,35.07156191661481,28.089816571790006,90.66358024691358,0,0,,,,,,,,,,,,,,,,,,,,,,,,,,,,,,,,,,,,,,,,,,,,,,,,,,,,,,,,,,,,,,
M10O90,work-1,2101,2.101,100,53.0,0.0107070707070707,1.06,0.16,0.31,2.5,0.9,130,8325.0,60.0,0.0072072072072072,0.9230769230769232,0.0615384615384615,90,30,0.1692307692307692,0.170130678282514,32.09085252022402,34.686907020872866,78.57407407407408,0,0,,,,,,,,,,,,,,,,,,,,,,,,,,,,,,,,,,,,,,,,,,,,,,,,,,,,,,,,,,,,,,
M10O90,work-1,2201,2.201,100,64.0,0.0129292929292929,1.28,0.15,0.35,2.5,1.1444444444444444,130,8325.0,73.0,0.0087687687687687,1.123076923076923,0.0769230769230769,103,30,0.1846153846153846,0.1879900435594275,40.34847542003734,42.21378874130297,99.4753086419753,0,0,,,,,,,,,,,,,,,,,,,,,,,,,,,,,,,,,,,,,,,,,,,,,,,,,,,,,,,,,,,,,,
M10O90,work-1,2301,2.301,100,57.0,0.0115151515151515,1.14,0.13,0.38,2.8,0.9555555555555556,130,8325.0,63.0,0.0075675675675675,0.9692307692307692,0.0538461538461538,93,30,0.1692307692307692,0.1730553827006845,35.94482472516076,45.63567362428842,84.70061728395062,0,0,,,,,,,,,,,,,,,,,,,,,,,,,,,,,,,,,,,,,,,,,,,,,,,,,,,,,,,,,,,,,,
M10O90,work-1,2401,2.401,100,54.0,0.0109090909090909,1.08,0.11,0.28,2.3,0.9444444444444444,130,8325.0,60.0,0.0072072072072072,0.9230769230769232,0.0769230769230769,90,30,0.1538461538461538,0.1581207218419415,31.76934246007053,30.19607843137255,79.80864197530865,0,0,,,,,,,,,,,,,,,,,,,,,,,,,,,,,,,,,,,,,,,,,,,,,,,,,,,,,,,,,,,,,,
M10O90,work-1,2501,2.501,100,65.0,0.0131313131313131,1.3,0.15,0.3,3.4,1.0666666666666669,130,8325.0,83.0,0.0099699699699699,1.2769230769230768,0.1692307692307692,113,30,0.1846153846153846,0.1879900435594275,34.953329184816425,41.68247944339026,83.67901234567901,0,0,,,,,,,,,,,,,,,,,,,,,,,,,,,,,,,,,,,,,,,,,,,,,,,,,,,,,,,,,,,,,,
M10O90,work-1,2601,2.601,100,47.0,0.0094949494949494,0.94,0.08,0.41,2.3,0.7888888888888889,130,8325.0,58.0,0.0069669669669669,0.8923076923076924,0.0692307692307692,88,30,0.1307692307692307,0.135718730553827,38.92345986309894,57.9696394686907,87.54629629629629,0,0,,,,,,,,,,,,,,,,,,,,,,,,,,,,,,,,,,,,,,,,,,,,,,,,,,,,,,,,,,,,,,
M10O90,work-1,2701,2.701,100,57.0,0.0115151515151515,1.14,0.2,0.34,2.4,1.0,130,8325.0,65.0,0.0078078078078078,1.0,0.1384615384615384,95,30,0.2461538461538461,0.25065339141257,36.82638456751711,32.40354206198609,93.78086419753086,0,0,,,,,,,,,,,,,,,,,,,,,,,,,,,,,,,,,,,,,,,,,,,,,,,,,,,,,,,,,,,,,,
M10O90,work-1,2801,2.801,100,50.0,0.0101010101010101,1.0,0.08,0.4,1.8,0.9111111111111112,130,8325.0,59.0,0.007087087087087,0.9076923076923076,0.0615384615384615,89,30,0.1,0.1029247044181705,30.81310931342045,33.19418089816572,75.5,0,0,,,,,,,,,,,,,,,,,,,,,,,,,,,,,,,,,,,,,,,,,,,,,,,,,,,,,,,,,,,,,,
M10O90,work-1,2901,2.901,100,63.0,0.0127272727272727,1.26,0.17,0.33,2.5,1.1222222222222222,130,8325.0,69.0,0.0082882882882882,1.0615384615384615,0.1,99,30,0.2461538461538461,0.2535780958307405,43.73988799004356,45.09171410499684,108.16358024691358,0,0,,,,,,,,,,,,,,,,,,,,,,,,,,,,,,,,,,,,,,,,,,,,,,,,,,,,,,,,,,,,,,
M10O90,work-1,3001,3.001,100,52.0,0.0105050505050505,1.04,0.12,0.39,2.1,0.9222222222222224,130,8325.0,62.0,0.0074474474474474,0.953846153846154,0.0692307692307692,92,30,0.1384615384615384,0.140261356565028,37.57104335200166,36.19228336495889,94.14814814814817,0,0,,,,,,,,,,,,,,,,,,,,,,,,,,,,,,,,,,,,,,,,,,,,,,,,,,,,,,,,,,,,,,
M10O90,work-1,3101,3.101,100,56.0,0.0113131313131313,1.12,0.11,0.29,1.8,1.0444444444444445,130,8325.0,61.0,0.0073273273273273,0.9384615384615383,0.0461538461538461,91,30,0.1538461538461538,0.1581207218419415,47.701721634515664,31.18279569892473,126.74074074074076,0,0,,,,,,,,,,,,,,,,,,,,,,,,,,,,,,,,,,,,,,,,,,,,,,,,,,,,,,,,,,,,,,
M10O90,work-1,3201,3.201,100,75.0,0.0151515151515151,1.5,0.2,0.35,5.0,1.1111111111111112,130,8325.0,86.0,0.0103303303303303,1.323076923076923,0.1692307692307692,116,30,0.2461538461538461,0.25065339141257,40.72184194150592,64.1808981657179,89.86728395061728,0,0,,,,,,,,,,,,,,,,,,,,,,,,,,,,,,,,,,,,,,,,,,,,,,,,,,,,,,,,,,,,,,
M10O90,work-1,3301,3.301,100,67.0,0.0135353535353535,1.34,0.18,0.3,3.7,1.0777777777777775,130,8325.0,80.0,0.0096096096096096,1.2307692307692308,0.1076923076923077,110,30,0.2076923076923077,0.210392034847542,50.72599045841112,57.141049968374446,123.07407407407408,0,0,,,,,,,,,,,,,,,,,,,,,,,,,,,,,,,,,,,,,,,,,,,,,,,,,,,,,,,,,,,,,,
M10O90,work-1,3401,3.401,100,55.0,0.0111111111111111,1.1,0.13,0.34,2.1,0.9888888888888888,130,8325.0,59.0,0.007087087087087,0.9076923076923076,0.1076923076923077,89,30,0.123076923076923,0.1224019912881144,37.99626633478531,42.2517394054396,92.45679012345678,0,0,,,,,,,,,,,,,,,,,,,,,,,,,,,,,,,,,,,,,,,,,,,,,,,,,,,,,,,,,,,,,,
M10O90,work-1,3501,3.501,100,65.0,0.0131313131313131,1.3,0.19,0.24,3.8,1.022222222222222,130,8325.0,76.0,0.0091291291291291,1.1692307692307693,0.0692307692307692,106,30,0.2384615384615384,0.2431860609831985,43.333333333333336,79.39911448450349,90.21296296296296,0,0,,,,,,,,,,,,,,,,,,,,,,,,,,,,,,,,,,,,,,,,,,,,,,,,,,,,,,,,,,,,,,
M10O90,work-1,3601,3.601,100,65.0,0.0131313131313131,1.3,0.21,0.31,3.3,1.0777777777777775,130,8325.0,73.0,0.0087687687687687,1.123076923076923,0.1307692307692307,103,30,0.2538461538461538,0.2581207218419415,44.71893797967227,46.81846932321316,110.23456790123456,0,0,,,,,,,,,,,,,,,,,,,,,,,,,,,,,,,,,,,,,,,,,,,,,,,,,,,,,,,,,,,,,,
M10O90,work-1,3701,3.701,100,68.0,0.0137373737373737,1.36,0.09,0.3,2.7,1.211111111111111,130,8325.0,77.0,0.0092492492492492,1.1846153846153846,0.0769230769230769,107,30,0.1384615384615384,0.1431860609831985,47.60838000414852,37.30550284629981,123.4753086419753,0,0,,,,,,,,,,,,,,,,,,,,,,,,,,,,,,,,,,,,,,,,,,,,,,,,,,,,,,,,,,,,,,
M10O90,work-1,3801,3.801,100,86.0,0.0173737373737373,1.72,0.22,0.21,4.2,1.4444444444444444,130,8325.0,96.0,0.0115315315315315,1.476923076923077,0.2,126,30,0.2615384615384615,0.265588052271313,49.71582659199336,69.61416824794433,113.98148148148148,0,0,,,,,,,,,,,,,,,,,,,,,,,,,,,,,,,,,,,,,,,,,,,,,,,,,,,,,,,,,,,,,,
M10O90,work-1,3901,3.901,100,74.0,0.0149494949494949,1.48,0.22,0.28,3.4,1.2666666666666666,130,8325.0,84.0,0.01009009009009,1.2923076923076924,0.1615384615384615,114,30,0.2846153846153846,0.290914747977598,52.71935283136279,56.86274509803921,129.14197530864195,0,0,,,,,,,,,,,,,,,,,,,,,,,,,,,,,,,,,,,,,,,,,,,,,,,,,,,,,,,,,,,,,,
M10O90,work-1,4001,4.001,100,72.0,0.0145454545454545,1.44,0.19,0.29,3.6,1.2,130,8325.0,82.0,0.0098498498498498,1.2615384615384615,0.0769230769230769,112,30,0.2384615384615384,0.2431860609831985,40.93341630367144,59.80392156862745,92.63271604938272,0,0,,,,,,,,,,,,,,,,,,,,,,,,,,,,,,,,,,,,,,,,,,,,,,,,,,,,,,,,,,,,,,
M10O90,work-1,4101,4.101,100,60.0,0.0121212121212121,1.2,0.09,0.29,2.4,1.0666666666666669,130,8325.0,69.0,0.0082882882882882,1.0615384615384615,0.0769230769230769,99,30,0.1153846153846153,0.1178593652769135,41.00186683260734,41.66982922201139,101.6851851851852,0,0,,,,,,,,,,,,,,,,,,,,,,,,,,,,,,,,,,,,,,,,,,,,,,,,,,,,,,,,,,,,,,
M10O90,work-1,4201,4.2010000000000005,100,67.0,0.0135353535353535,1.34,0.11,0.21,2.3,1.2333333333333334,130,8325.0,70.0,0.0084084084084084,1.0769230769230769,0.0461538461538461,100,30,0.1538461538461538,0.1581207218419415,47.170711470649245,32.78304870335231,124.37962962962963,0,0,,,,,,,,,,,,,,,,,,,,,,,,,,,,,,,,,,,,,,,,,,,,,,,,,,,,,,,,,,,,,,
M10O90,work-1,4301,4.301,100,65.0,0.0131313131313131,1.3,0.19,0.27,3.0,1.1111111111111112,130,8325.0,73.0,0.0087687687687687,1.123076923076923,0.0769230769230769,103,30,0.2153846153846154,0.2178593652769135,38.21406347230865,37.90006325110689,95.2283950617284,0,0,,,,,,,,,,,,,,,,,,,,,,,,,,,,,,,,,,,,,,,,,,,,,,,,,,,,,,,,,,,,,,
M10O90,work-1,4401,4.401,100,63.0,0.0127272727272727,1.26,0.12,0.28,3.1,1.0555555555555556,130,8325.0,71.0,0.0085285285285285,1.0923076923076922,0.0615384615384615,101,30,0.1384615384615384,0.1431860609831985,48.7658162207011,61.68247944339026,115.0246913580247,0,0,,,,,,,,,,,,,,,,,,,,,,,,,,,,,,,,,,,,,,,,,,,,,,,,,,,,,,,,,,,,,,
M10O90,work-1,4501,4.501,100,58.0,0.0117171717171717,1.16,0.13,0.37,2.4,1.022222222222222,130,8325.0,70.0,0.0084084084084084,1.0769230769230769,0.0769230769230769,100,30,0.1692307692307692,0.1730553827006845,50.03941091059946,45.95192915876028,126.49074074074076,0,0,,,,,,,,,,,,,,,,,,,,,,,,,,,,,,,,,,,,,,,,,,,,,,,,,,,,,,,,,,,,,,
M10O90,work-1,4601,4.601,100,57.0,0.0115151515151515,1.14,0.09,0.32,2.4,1.0,130,8325.0,63.0,0.0075675675675675,0.9692307692307692,0.0538461538461538,93,30,0.1384615384615384,0.1431860609831985,46.83260734287492,46.48323845667299,116.68827160493828,0,0,,,,,,,,,,,,,,,,,,,,,,,,,,,,,,,,,,,,,,,,,,,,,,,,,,,,,,,,,,,,,,
M10O90,work-1,4701,4.7010000000000005,100,58.0,0.0117171717171717,1.16,0.12,0.33,2.8,0.9777777777777776,130,8325.0,67.0,0.008048048048048,1.0307692307692309,0.0923076923076923,97,30,0.1461538461538461,0.15065339141257,39.126737191454055,52.58064516129032,90.78086419753086,0,0,,,,,,,,,,,,,,,,,,,,,,,,,,,,,,,,,,,,,,,,,,,,,,,,,,,,,,,,,,,,,,
M10O90,work-1,4801,4.801,100,56.0,0.0113131313131313,1.12,0.17,0.43,2.8,0.9333333333333332,130,8325.0,65.0,0.0078078078078078,1.0,0.1538461538461538,95,30,0.2,0.2029247044181705,35.57353246214478,33.289057558507274,89.62037037037037,0,0,,,,,,,,,,,,,,,,,,,,,,,,,,,,,,,,,,,,,,,,,,,,,,,,,,,,,,,,,,,,,,
M10O90,work-1,4901,4.901,100,55.0,0.0111111111111111,1.1,0.14,0.31,2.2,0.9777777777777776,130,8325.0,61.0,0.0073273273273273,0.9384615384615383,0.0538461538461538,91,30,0.2461538461538461,0.256502800248911,33.59676415681394,26.774193548387096,86.91666666666667,0,0,,,,,,,,,,,,,,,,,,,,,,,,,,,,,,,,,,,,,,,,,,,,,,,,,,,,,,,,,,,,,,
M0O100D1,work-1,1001,1.001,100,131.0,0.0264646464646464,2.62,0.45,0.32,,2.62,100,4950.0,131.0,0.0264646464646464,2.62,0.45,131,0,0.45,0.45,73.71111111111111,,147.42222222222222,0,0,0.0,36.0,0.45,0.36,0.08,0.01,0.45,0.36,0.08,0.01,0.45,0.36,0.08,0.01,16200.0,16200.0,5.355856795048176,10.3609529486978,16200.0,16200.0,5.355856795048176,10.3609529486978,0.0,0.0,,,16200.0,44.99999999999999,5.355856795048177,10.36130516886232,16200.0,44.99999999999999,5.355856795048177,10.36130516886232,0.0,0.0,,,45.0,45.0,3.868310768071114,8.990473791158946,45.0,45.0,3.868310768071114,8.990473791158946,0.0,0.0,,,45.0,45.0,3.868310768071114,8.990473791158946,45.0,45.0,3.868310768071114,8.990473791158946,0.0,0.0,,
M0O100D1,work-1,1101,1.101,100,159.0,0.0321212121212121,3.18,0.54,0.16,,3.18,100,4950.0,159.0,0.0321212121212121,3.18,0.54,159,0,0.54,0.54,99.80555555555556,,199.61111111111111,0,0,0.0,37.0,0.54,0.37,0.12,0.05,0.54,0.37,0.12,0.05,0.54,0.37,0.12,0.05,19440.0,19440.0,7.39387659382973,17.249852295343725,19440.0,19440.0,7.39387659382973,17.249852295343725,0.0,0.0,,,19440.0,54.00000000000001,7.393876593829729,17.25593752095261,19440.0,54.00000000000001,7.393876593829729,17.25593752095261,0.0,0.0,,,54.0,54.0,6.199665664716289,17.166322813122036,54.0,54.0,6.199665664716289,17.166322813122036,0.0,0.0,,,54.0,54.0,6.199665664716289,17.166322813122036,54.0,54.0,6.199665664716289,17.166322813122036,0.0,0.0,,
M0O100D1,work-1,1201,1.201,100,160.0,0.0323232323232323,3.2,0.52,0.28,,3.2,100,4950.0,160.0,0.0323232323232323,3.2,0.52,160,0,0.52,0.52,96.93055555555556,,193.86111111111111,0,0,0.0,39.0,0.52,0.39,0.11,0.02,0.52,0.39,0.11,0.02,0.52,0.39,0.11,0.02,18720.0,18720.0,6.110197311293822,13.26722537158768,18720.0,18720.0,6.110197311293822,13.26722537158768,0.0,0.0,,,18720.0,52.0,6.110197311293822,13.272132089831992,18720.0,52.0,6.110197311293822,13.272132089831992,0.0,0.0,,,52.0,52.0,4.938312305293778,12.091196438942363,52.0,52.0,4.938312305293778,12.091196438942363,0.0,0.0,,,52.0,52.0,4.938312305293778,12.091196438942363,52.0,52.0,4.938312305293778,12.091196438942363,0.0,0.0,,
M0O100D1,work-1,1301,1.301,100,140.0,0.0282828282828282,2.8,0.43,0.29,,2.8,100,4950.0,140.0,0.0282828282828282,2.8,0.43,140,0,0.43,0.43,101.18888888888888,,202.37777777777777,0,0,0.0,38.0,0.43,0.38,0.04,0.01,0.43,0.38,0.04,0.01,0.43,0.38,0.04,0.01,15480.0,15480.0,5.045412992012567,10.86943432008495,15480.0,15480.0,5.045412992012567,10.86943432008495,0.0,0.0,,,15480.0,42.99999999999999,5.04541299201257,10.871389145032625,15480.0,42.99999999999999,5.04541299201257,10.871389145032625,0.0,0.0,,,43.0,43.0,3.5359169894138103,9.54821224105504,43.0,43.0,3.5359169894138103,9.54821224105504,0.0,0.0,,,43.0,43.0,3.5359169894138103,9.54821224105504,43.0,43.0,3.5359169894138103,9.54821224105504,0.0,0.0,,
M0O100D1,work-1,1401,1.401,100,164.0,0.0331313131313131,3.28,0.49,0.23,,3.28,100,4950.0,164.0,0.0331313131313131,3.28,0.49,164,0,0.49,0.49,102.80277777777778,,205.60555555555555,0,0,0.0,40.0,0.49,0.4,0.06,0.03,0.49,0.4,0.06,0.03,0.49,0.4,0.06,0.03,17640.0,17640.0,5.66071623960818,12.572483841984004,17640.0,17640.0,5.66071623960818,12.572483841984004,0.0,0.0,,,17640.0,49.0,5.66071623960818,12.582026262994503,17640.0,49.0,5.66071623960818,12.582026262994503,0.0,0.0,,,49.0,49.0,4.337367012078644,13.334864614161292,49.0,49.0,4.337367012078644,13.334864614161292,0.0,0.0,,,49.0,49.0,4.337367012078644,13.334864614161292,49.0,49.0,4.337367012078644,13.334864614161292,0.0,0.0,,
M0O100D1,work-1,1501,1.501,100,134.0,0.027070707070707,2.68,0.47,0.28,,2.68,100,4950.0,134.0,0.027070707070707,2.68,0.47,134,0,0.47,0.47,79.41944444444445,,158.8388888888889,0,0,0.0,37.0,0.47,0.37,0.09,0.01,0.47,0.37,0.09,0.01,0.47,0.37,0.09,0.01,16920.0,16920.0,5.713394214646956,12.180100488463758,16920.0,16920.0,5.713394214646956,12.180100488463758,0.0,0.0,,,16920.0,46.99999999999999,5.713394214646958,12.180588999205748,16920.0,46.99999999999999,5.713394214646958,12.180588999205748,0.0,0.0,,,47.0,47.0,4.410501318219874,11.49144712927506,47.0,47.0,4.410501318219874,11.49144712927506,0.0,0.0,,,47.0,47.0,4.410501318219874,11.49144712927506,47.0,47.0,4.410501318219874,11.49144712927506,0.0,0.0,,
M0O100D1,work-1,1601,1.601,100,142.0,0.0286868686868686,2.84,0.45,0.35,,2.84,100,4950.0,142.0,0.0286868686868686,2.84,0.45,142,0,0.45,0.45,81.06388888888888,,162.12777777777777,0,0,0.0,36.0,0.45,0.36,0.09,0.0,0.45,0.36,0.09,0.0,0.45,0.36,0.09,0.0,16200.0,16200.0,5.515834519843721,10.867093519340733,16200.0,16200.0,5.515834519843721,10.867093519340733,0.0,0.0,,,16200.0,44.99999999999999,5.515834519843723,10.868118157609036,16200.0,44.99999999999999,5.515834519843723,10.868118157609036,0.0,0.0,,,45.0,45.0,4.15320465276179,9.556405654821113,45.0,45.0,4.15320465276179,9.556405654821113,0.0,0.0,,,45.0,45.0,4.15320465276179,9.556405654821113,45.0,45.0,4.15320465276179,9.556405654821113,0.0,0.0,,
M0O100D1,work-1,1701,1.701,100,157.0,0.0317171717171717,3.14,0.44,0.21,,3.14,100,4950.0,157.0,0.0317171717171717,3.14,0.44,157,0,0.44,0.44,96.02777777777776,,192.05555555555557,0,0,0.0,36.0,0.44,0.36,0.08,0.0,0.44,0.36,0.08,0.0,0.44,0.36,0.08,0.0,15840.0,15840.0,5.020558816112441,10.47073844755452,15840.0,15840.0,5.020558816112441,10.47073844755452,0.0,0.0,,,15840.0,43.99999999999999,5.020558816112443,10.470780076222058,15840.0,43.99999999999999,5.020558816112443,10.470780076222058,0.0,0.0,,,44.0,44.0,3.654068726665837,10.156601673671496,44.0,44.0,3.654068726665837,10.156601673671496,0.0,0.0,,,44.0,44.0,3.654068726665837,10.156601673671496,44.0,44.0,3.654068726665837,10.156601673671496,0.0,0.0,,
M0O100D1,work-1,1801,1.801,100,137.0,0.0276767676767676,2.74,0.51,0.32,,2.74,100,4950.0,137.0,0.0276767676767676,2.74,0.51,137,0,0.51,0.51,83.18333333333334,,166.36666666666667,0,0,0.0,36.0,0.51,0.36,0.12,0.03,0.51,0.36,0.12,0.03,0.51,0.36,0.12,0.03,18360.0,18360.0,6.699459910172755,14.752884571168169,18360.0,18360.0,6.699459910172755,14.752884571168169,0.0,0.0,,,18360.0,51.0,6.699459910172754,14.755115868912617,18360.0,51.0,6.699459910172754,14.755115868912617,0.0,0.0,,,51.0,51.0,5.510299905994011,12.901823872224089,51.0,51.0,5.510299905994011,12.901823872224089,0.0,0.0,,,51.0,51.0,5.510299905994011,12.901823872224089,51.0,51.0,5.510299905994011,12.901823872224089,0.0,0.0,,
M0O100D1,work-1,1901,1.901,100,145.0,0.0292929292929292,2.9,0.47,0.35,,2.9,100,4950.0,145.0,0.0292929292929292,2.9,0.47,145,0,0.47,0.47,85.975,,171.95,0,0,0.0,38.0,0.47,0.38,0.07,0.02,0.47,0.38,0.07,0.02,0.47,0.38,0.07,0.02,16920.0,16920.0,5.857015964930564,12.995722707273805,16920.0,16920.0,5.857015964930564,12.995722707273805,0.0,0.0,,,16920.0,46.99999999999999,5.857015964930568,12.998017736125815,16920.0,46.99999999999999,5.857015964930568,12.998017736125815,0.0,0.0,,,47.0,47.0,4.55593620905779,12.0780167378478,47.0,47.0,4.55593620905779,12.0780167378478,0.0,0.0,,,47.0,47.0,4.55593620905779,12.0780167378478,47.0,47.0,4.55593620905779,12.0780167378478,0.0,0.0,,
M0O100D1,work-1,2001,2.001,100,148.0,0.0298989898989899,2.96,0.48,0.32,,2.96,100,4950.0,148.0,0.0298989898989899,2.96,0.48,148,0,0.48,0.48,93.21666666666668,,186.4333333333333,0,0,0.0,39.0,0.48,0.39,0.07,0.02,0.48,0.39,0.07,0.02,0.48,0.39,0.07,0.02,17280.0,17280.0,5.875997235490324,11.867006356954702,17280.0,17280.0,5.875997235490324,11.867006356954702,0.0,0.0,,,17280.0,48.0,5.875997235490324,11.86760841377544,17280.0,48.0,5.875997235490324,11.86760841377544,0.0,0.0,,,48.0,48.0,4.351156300341127,12.237989854230028,48.0,48.0,4.351156300341127,12.237989854230028,0.0,0.0,,,48.0,48.0,4.351156300341127,12.237989854230028,48.0,48.0,4.351156300341127,12.237989854230028,0.0,0.0,,
M0O100D1,work-1,2101,2.101,100,157.0,0.0317171717171717,3.14,0.55,0.24,,3.14,100,4950.0,157.0,0.0317171717171717,3.14,0.55,157,0,0.55,0.55,95.01388888888889,,190.02777777777777,0,0,0.0,39.0,0.55,0.39,0.07,0.09,0.55,0.39,0.07,0.09,0.55,0.39,0.07,0.09,19800.0,19800.0,8.257285222394449,21.482996748306217,19800.0,19800.0,8.257285222394449,21.482996748306217,0.0,0.0,,,19800.0,55.0,8.257285222394449,21.48355559909968,19800.0,55.0,8.257285222394449,21.48355559909968,0.0,0.0,,,55.0,55.0,7.01822512083946,22.32622343127361,55.0,55.0,7.01822512083946,22.32622343127361,0.0,0.0,,,55.0,55.0,7.01822512083946,22.32622343127361,55.0,55.0,7.01822512083946,22.32622343127361,0.0,0.0,,
M0O100D1,work-1,2201,2.201,100,153.0,0.0309090909090909,3.06,0.47,0.26,,3.06,100,4950.0,153.0,0.0309090909090909,3.06,0.47,153,0,0.47,0.47,98.66944444444444,,197.3388888888889,0,0,0.0,38.0,0.47,0.38,0.08,0.01,0.47,0.38,0.08,0.01,0.47,0.38,0.08,0.01,16920.0,16920.0,5.81283343273224,13.335049377934975,16920.0,16920.0,5.81283343273224,13.335049377934975,0.0,0.0,,,16920.0,46.99999999999999,5.812833432732241,13.335142487980844,16920.0,46.99999999999999,5.812833432732241,13.335142487980844,0.0,0.0,,,47.0,47.0,4.361981250284996,14.013726630154451,47.0,47.0,4.361981250284996,14.013726630154451,0.0,0.0,,,47.0,47.0,4.361981250284996,14.013726630154451,47.0,47.0,4.361981250284996,14.013726630154451,0.0,0.0,,
M0O100D1,work-1,2301,2.301,100,174.0,0.0351515151515151,3.48,0.57,0.18,,3.48,100,4950.0,174.0,0.0351515151515151,3.48,0.57,174,0,0.57,0.57,108.94444444444444,,217.88888888888889,0,0,0.0,37.0,0.57,0.37,0.12,0.08,0.57,0.37,0.12,0.08,0.57,0.37,0.12,0.08,20520.0,20520.0,7.096095925872101,14.325461829310717,20520.0,20520.0,7.096095925872101,14.325461829310717,0.0,0.0,,,20520.0,57.000000000000014,7.0960959258721,14.329619238711045,20520.0,57.000000000000014,7.0960959258721,14.329619238711045,0.0,0.0,,,57.0,57.0,5.788546454656774,12.423191689152612,57.0,57.0,5.788546454656774,12.423191689152612,0.0,0.0,,,57.0,57.0,5.788546454656774,12.423191689152612,57.0,57.0,5.788546454656774,12.423191689152612,0.0,0.0,,
M0O100D1,work-1,2401,2.401,100,177.0,0.0357575757575757,3.54,0.48,0.28,,3.54,100,4950.0,177.0,0.0357575757575757,3.54,0.48,177,0,0.48,0.48,94.59444444444443,,189.1888888888889,0,0,0.0,39.0,0.48,0.39,0.08,0.01,0.48,0.39,0.08,0.01,0.48,0.39,0.08,0.01,17280.0,17280.0,5.627985909942259,11.852231298403122,17280.0,17280.0,5.627985909942259,11.852231298403122,0.0,0.0,,,17280.0,48.0,5.627985909942258,11.854237543581991,17280.0,48.0,5.627985909942258,11.854237543581991,0.0,0.0,,,48.0,48.0,4.510063075831836,10.968311948356094,48.0,48.0,4.510063075831836,10.968311948356094,0.0,0.0,,,48.0,48.0,4.510063075831836,10.968311948356094,48.0,48.0,4.510063075831836,10.968311948356094,0.0,0.0,,
M0O100D1,work-1,2501,2.501,100,163.0,0.0329292929292929,3.26,0.45,0.3,,3.26,100,4950.0,163.0,0.0329292929292929,3.26,0.45,163,0,0.45,0.45,82.19444444444444,,164.38888888888889,0,0,0.0,39.0,0.45,0.39,0.06,0.0,0.45,0.39,0.06,0.0,0.45,0.39,0.06,0.0,16200.0,16200.0,5.085325170280205,10.363375263869449,16200.0,16200.0,5.085325170280205,10.363375263869449,0.0,0.0,,,16200.0,44.99999999999999,5.085325170280208,10.364728029567774,16200.0,44.99999999999999,5.085325170280208,10.364728029567774,0.0,0.0,,,45.0,45.0,3.705248689780382,9.761764419090424,45.0,45.0,3.705248689780382,9.761764419090424,0.0,0.0,,,45.0,45.0,3.705248689780382,9.761764419090424,45.0,45.0,3.705248689780382,9.761764419090424,0.0,0.0,,
M0O100D1,work-1,2601,2.601,100,143.0,0.0288888888888888,2.86,0.49,0.2,,2.86,100,4950.0,143.0,0.0288888888888888,2.86,0.49,143,0,0.49,0.49,103.98055555555555,,207.9611111111111,0,0,0.0,37.0,0.49,0.37,0.07,0.05,0.49,0.37,0.07,0.05,0.49,0.37,0.07,0.05,17640.0,17640.0,6.521332136974488,14.320049647919635,17640.0,17640.0,6.521332136974488,14.320049647919635,0.0,0.0,,,17640.0,49.0,6.521332136974488,14.320874437955592,17640.0,49.0,6.521332136974488,14.320874437955592,0.0,0.0,,,49.0,49.0,5.243747838375899,14.729036578444756,49.0,49.0,5.243747838375899,14.729036578444756,0.0,0.0,,,49.0,49.0,5.243747838375899,14.729036578444756,49.0,49.0,5.243747838375899,14.729036578444756,0.0,0.0,,
M0O100D1,work-1,2701,2.701,100,171.0,0.0345454545454545,3.42,0.56,0.29,,3.42,100,4950.0,171.0,0.0345454545454545,3.42,0.56,171,0,0.56,0.56,95.6361111111111,,191.2722222222222,0,0,0.0,41.0,0.56,0.41,0.13,0.02,0.56,0.41,0.13,0.02,0.56,0.41,0.13,0.02,20160.0,20160.0,6.300495714239579,12.893321662440757,20160.0,20160.0,6.300495714239579,12.893321662440757,0.0,0.0,,,20160.0,56.0,6.30049571423958,12.894017820308877,20160.0,56.0,6.30049571423958,12.894017820308877,0.0,0.0,,,56.0,56.0,5.092164670805142,12.178877457558071,56.0,56.0,5.092164670805142,12.178877457558071,0.0,0.0,,,56.0,56.0,5.092164670805142,12.178877457558071,56.0,56.0,5.092164670805142,12.178877457558071,0.0,0.0,,
M0O100D1,work-1,2801,2.801,100,195.0,0.0393939393939393,3.9,0.6,0.26,,3.9,100,4950.0,195.0,0.0393939393939393,3.9,0.6,195,0,0.6,0.6,100.7,,201.4,0,0,0.0,40.0,0.6,0.4,0.17,0.03,0.6,0.4,0.17,0.03,0.6,0.4,0.17,0.03,21600.0,21600.0,6.71950393638703,13.70344811329852,21600.0,21600.0,6.71950393638703,13.70344811329852,0.0,0.0,,,21600.0,60.0,6.719503936387029,13.703741340064932,21600.0,60.0,6.719503936387029,13.703741340064932,0.0,0.0,,,60.0,60.0,5.56551929903709,12.647474256824204,60.0,60.0,5.56551929903709,12.647474256824204,0.0,0.0,,,60.0,60.0,5.56551929903709,12.647474256824204,60.0,60.0,5.56551929903709,12.647474256824204,0.0,0.0,,
M0O100D1,work-1,2901,2.901,100,160.0,0.0323232323232323,3.2,0.5,0.21,,3.2,100,4950.0,160.0,0.0323232323232323,3.2,0.5,160,0,0.5,0.5,95.98333333333332,,191.96666666666667,0,0,0.0,39.0,0.5,0.39,0.11,0.0,0.5,0.39,0.11,0.0,0.5,0.39,0.11,0.0,18000.0,18000.0,5.794731401209896,11.856651433406958,18000.0,18000.0,5.794731401209896,11.856651433406958,0.0,0.0,,,18000.0,50.00000000000001,5.794731401209893,11.8566563560471,18000.0,50.00000000000001,5.794731401209893,11.8566563560471,0.0,0.0,,,50.0,50.0,4.364763014745686,9.641822651259089,50.0,50.0,4.364763014745686,9.641822651259089,0.0,0.0,,,50.0,50.0,4.364763014745686,9.641822651259089,50.0,50.0,4.364763014745686,9.641822651259089,0.0,0.0,,
M0O100D1,work-1,3001,3.001,100,152.0,0.0307070707070707,3.04,0.43,0.27,,3.04,100,4950.0,152.0,0.0307070707070707,3.04,0.43,152,0,0.43,0.43,94.28611111111113,,188.57222222222225,0,0,0.0,38.0,0.43,0.38,0.05,0.0,0.43,0.38,0.05,0.0,0.43,0.38,0.05,0.0,15480.0,15480.0,5.078440449751598,11.015674219614622,15480.0,15480.0,5.078440449751598,11.015674219614622,0.0,0.0,,,15480.0,42.99999999999999,5.078440449751599,11.022883775019146,15480.0,42.99999999999999,5.078440449751599,11.022883775019146,0.0,0.0,,,43.0,43.0,3.510487730024099,7.821743305678411,43.0,43.0,3.510487730024099,7.821743305678411,0.0,0.0,,,43.0,43.0,3.510487730024099,7.821743305678411,43.0,43.0,3.510487730024099,7.821743305678411,0.0,0.0,,
M0O100D1,work-1,3101,3.101,100,154.0,0.0311111111111111,3.08,0.47,0.28,,3.08,100,4950.0,154.0,0.0311111111111111,3.08,0.47,154,0,0.47,0.47,100.62777777777778,,201.2555555555556,0,0,0.0,36.0,0.47,0.36,0.09,0.02,0.47,0.36,0.09,0.02,0.47,0.36,0.09,0.02,16920.0,16920.0,5.891985857517704,12.52444061527071,16920.0,16920.0,5.891985857517704,12.52444061527071,0.0,0.0,,,16920.0,46.99999999999999,5.891985857517707,12.527216558076336,16920.0,46.99999999999999,5.891985857517707,12.527216558076336,0.0,0.0,,,47.0,47.0,4.344618356897597,12.266137318834204,47.0,47.0,4.344618356897597,12.266137318834204,0.0,0.0,,,47.0,47.0,4.344618356897597,12.266137318834204,47.0,47.0,4.344618356897597,12.266137318834204,0.0,0.0,,
M0O100D1,work-1,3201,3.201,100,130.0,0.0262626262626262,2.6,0.48,0.38,,2.6,100,4950.0,130.0,0.0262626262626262,2.6,0.48,130,0,0.48,0.48,84.83888888888889,,169.67777777777778,0,0,0.0,35.0,0.48,0.35,0.08,0.05,0.48,0.35,0.08,0.05,0.48,0.35,0.08,0.05,17280.0,17280.0,6.492477836212895,13.004963294560218,17280.0,17280.0,6.492477836212895,13.004963294560218,0.0,0.0,,,17280.0,48.0,6.492477836212895,13.005718812971203,17280.0,48.0,6.492477836212895,13.005718812971203,0.0,0.0,,,48.0,48.0,5.146425728414918,11.620982280738009,48.0,48.0,5.146425728414918,11.620982280738009,0.0,0.0,,,48.0,48.0,5.146425728414918,11.620982280738009,48.0,48.0,5.146425728414918,11.620982280738009,0.0,0.0,,
M0O100D1,work-1,3301,3.301,100,155.0,0.0313131313131313,3.1,0.49,0.29,,3.1,100,4950.0,155.0,0.0313131313131313,3.1,0.49,155,0,0.49,0.49,94.13888888888889,,188.27777777777777,0,0,0.0,38.0,0.49,0.38,0.08,0.03,0.49,0.38,0.08,0.03,0.49,0.38,0.08,0.03,17640.0,17640.0,5.776920465221853,11.683966916895384,17640.0,17640.0,5.776920465221853,11.683966916895384,0.0,0.0,,,17640.0,49.0,5.776920465221853,11.68646276884706,17640.0,49.0,5.776920465221853,11.68646276884706,0.0,0.0,,,49.0,49.0,4.460378320982161,11.08990622412633,49.0,49.0,4.460378320982161,11.08990622412633,0.0,0.0,,,49.0,49.0,4.460378320982161,11.08990622412633,49.0,49.0,4.460378320982161,11.08990622412633,0.0,0.0,,
M0O100D1,work-1,3401,3.401,100,147.0,0.0296969696969696,2.94,0.45,0.25,,2.94,100,4950.0,147.0,0.0296969696969696,2.94,0.45,147,0,0.45,0.45,97.42777777777778,,194.85555555555555,0,0,0.0,39.0,0.45,0.39,0.06,0.0,0.45,0.39,0.06,0.0,0.45,0.39,0.06,0.0,16200.0,16200.0,5.54430427998376,12.991058353323766,16200.0,16200.0,5.54430427998376,12.991058353323766,0.0,0.0,,,16200.0,44.99999999999999,5.544304279983763,12.993202005226868,16200.0,44.99999999999999,5.544304279983763,12.993202005226868,0.0,0.0,,,45.0,45.0,4.090682227257291,12.648334651860488,45.0,45.0,4.090682227257291,12.648334651860488,0.0,0.0,,,45.0,45.0,4.090682227257291,12.648334651860488,45.0,45.0,4.090682227257291,12.648334651860488,0.0,0.0,,
M0O100D1,work-1,3501,3.501,100,166.0,0.0335353535353535,3.32,0.45,0.2,,3.32,100,4950.0,166.0,0.0335353535353535,3.32,0.45,166,0,0.45,0.45,112.80833333333334,,225.61666666666667,0,0,0.0,39.0,0.45,0.39,0.06,0.0,0.45,0.39,0.06,0.0,0.45,0.39,0.06,0.0,16200.0,16200.0,5.035815041239223,10.910966174179585,16200.0,16200.0,5.035815041239223,10.910966174179585,0.0,0.0,,,16200.0,44.99999999999999,5.035815041239225,10.912616391928069,16200.0,44.99999999999999,5.035815041239225,10.912616391928069,0.0,0.0,,,45.0,45.0,3.54210001369698,10.264910737533592,45.0,45.0,3.54210001369698,10.264910737533592,0.0,0.0,,,45.0,45.0,3.54210001369698,10.264910737533592,45.0,45.0,3.54210001369698,10.264910737533592,0.0,0.0,,
M0O100D1,work-1,3601,3.601,100,179.0,0.0361616161616161,3.58,0.52,0.29,,3.58,100,4950.0,179.0,0.0361616161616161,3.58,0.52,179,0,0.52,0.52,98.64166666666668,,197.28333333333333,0,0,0.0,41.0,0.52,0.41,0.1,0.01,0.52,0.41,0.1,0.01,0.52,0.41,0.1,0.01,18720.0,18720.0,5.811478955250752,12.549297893620611,18720.0,18720.0,5.811478955250752,12.549297893620611,0.0,0.0,,,18720.0,52.0,5.811478955250752,12.55164858216968,18720.0,52.0,5.811478955250752,12.55164858216968,0.0,0.0,,,52.0,52.0,4.420404684252625,12.083615522971137,52.0,52.0,4.420404684252625,12.083615522971137,0.0,0.0,,,52.0,52.0,4.420404684252625,12.083615522971137,52.0,52.0,4.420404684252625,12.083615522971137,0.0,0.0,,
M0O100D1,work-1,3701,3.701,100,166.0,0.0335353535353535,3.32,0.53,0.33,,3.32,100,4950.0,166.0,0.0335353535353535,3.32,0.53,166,0,0.53,0.53,98.45,,196.9,0,0,0.0,38.0,0.53,0.38,0.15,0.0,0.53,0.38,0.15,0.0,0.53,0.38,0.15,0.0,19080.0,19080.0,6.746400342996928,13.977480718774768,19080.0,19080.0,6.746400342996928,13.977480718774768,0.0,0.0,,,19080.0,53.000000000000014,6.746400342996927,13.98019701027089,19080.0,53.000000000000014,6.746400342996927,13.98019701027089,0.0,0.0,,,53.0,53.0,5.412983007503236,12.69860030793438,53.0,53.0,5.412983007503236,12.69860030793438,0.0,0.0,,,53.0,53.0,5.412983007503236,12.69860030793438,53.0,53.0,5.412983007503236,12.69860030793438,0.0,0.0,,
M0O100D1,work-1,3801,3.801,100,153.0,0.0309090909090909,3.06,0.51,0.25,,3.06,100,4950.0,153.0,0.0309090909090909,3.06,0.51,153,0,0.51,0.51,92.41111111111113,,184.82222222222225,0,0,0.0,39.0,0.51,0.39,0.1,0.02,0.51,0.39,0.1,0.02,0.51,0.39,0.1,0.02,18360.0,18360.0,6.205318216058258,14.076586491922006,18360.0,18360.0,6.205318216058258,14.076586491922006,0.0,0.0,,,18360.0,51.0,6.205318216058258,14.07672399300823,18360.0,51.0,6.205318216058258,14.07672399300823,0.0,0.0,,,51.0,51.0,4.808913491932487,14.238295616480752,51.0,51.0,4.808913491932487,14.238295616480752,0.0,0.0,,,51.0,51.0,4.808913491932487,14.238295616480752,51.0,51.0,4.808913491932487,14.238295616480752,0.0,0.0,,
M0O100D1,work-1,3901,3.901,100,172.0,0.0347474747474747,3.44,0.5,0.21,,3.44,100,4950.0,172.0,0.0347474747474747,3.44,0.5,172,0,0.5,0.5,104.25,,208.5,0,0,0.0,38.0,0.5,0.38,0.09,0.03,0.5,0.38,0.09,0.03,0.5,0.38,0.09,0.03,18000.0,18000.0,6.128933603599304,13.448327735588824,18000.0,18000.0,6.128933603599304,13.448327735588824,0.0,0.0,,,18000.0,50.00000000000001,6.128933603599303,13.45087356920774,18000.0,50.00000000000001,6.128933603599303,13.45087356920774,0.0,0.0,,,50.0,50.0,4.815227552552172,12.792046652535864,50.0,50.0,4.815227552552172,12.792046652535864,0.0,0.0,,,50.0,50.0,4.815227552552172,12.792046652535864,50.0,50.0,4.815227552552172,12.792046652535864,0.0,0.0,,
M0O100D1,work-1,4001,4.001,100,145.0,0.0292929292929292,2.9,0.42,0.33,,2.9,100,4950.0,145.0,0.0292929292929292,2.9,0.42,145,0,0.42,0.42,88.58611111111111,,177.17222222222222,0,0,0.0,37.0,0.42,0.37,0.05,0.0,0.42,0.37,0.05,0.0,0.42,0.37,0.05,0.0,15120.0,15120.0,4.812241010062119,9.42788237980366,15120.0,15120.0,4.812241010062119,9.42788237980366,0.0,0.0,,,15120.0,41.99999999999999,4.812241010062119,9.42867787738517,15120.0,41.99999999999999,4.812241010062119,9.42867787738517,0.0,0.0,,,42.0,42.0,3.3870370584748457,7.110699877879006,42.0,42.0,3.3870370584748457,7.110699877879006,0.0,0.0,,,42.0,42.0,3.3870370584748457,7.110699877879006,42.0,42.0,3.3870370584748457,7.110699877879006,0.0,0.0,,
M0O100D1,work-1,4101,4.101,100,146.0,0.0294949494949494,2.92,0.45,0.23,,2.92,100,4950.0,146.0,0.0294949494949494,2.92,0.45,146,0,0.45,0.45,85.43333333333334,,170.86666666666667,0,0,0.0,37.0,0.45,0.37,0.06,0.02,0.45,0.37,0.06,0.02,0.45,0.37,0.06,0.02,16200.0,16200.0,5.680059191600098,12.023386165321552,16200.0,16200.0,5.680059191600098,12.023386165321552,0.0,0.0,,,16200.0,44.99999999999999,5.6800591916001,12.024038247974264,16200.0,44.99999999999999,5.6800591916001,12.024038247974264,0.0,0.0,,,45.0,45.0,4.295131982396201,10.702764522654505,45.0,45.0,4.295131982396201,10.702764522654505,0.0,0.0,,,45.0,45.0,4.295131982396201,10.702764522654505,45.0,45.0,4.295131982396201,10.702764522654505,0.0,0.0,,
M0O100D1,work-1,4201,4.2010000000000005,100,152.0,0.0307070707070707,3.04,0.45,0.24,,3.04,100,4950.0,152.0,0.0307070707070707,3.04,0.45,152,0,0.45,0.45,91.08611111111112,,182.17222222222225,0,0,0.0,37.0,0.45,0.37,0.08,0.0,0.45,0.37,0.08,0.0,0.45,0.37,0.08,0.0,16200.0,16200.0,5.203959891280044,10.476349373766162,16200.0,16200.0,5.203959891280044,10.476349373766162,0.0,0.0,,,16200.0,44.99999999999999,5.2039598912800455,10.478031853902396,16200.0,44.99999999999999,5.2039598912800455,10.478031853902396,0.0,0.0,,,45.0,45.0,3.727021930182045,10.115597369848288,45.0,45.0,3.727021930182045,10.115597369848288,0.0,0.0,,,45.0,45.0,3.727021930182045,10.115597369848288,45.0,45.0,3.727021930182045,10.115597369848288,0.0,0.0,,
M0O100D1,work-1,4301,4.301,100,157.0,0.0317171717171717,3.14,0.45,0.3,,3.14,100,4950.0,157.0,0.0317171717171717,3.14,0.45,157,0,0.45,0.45,96.10833333333332,,192.21666666666667,0,0,0.0,38.0,0.45,0.38,0.06,0.01,0.45,0.38,0.06,0.01,0.45,0.38,0.06,0.01,16200.0,16200.0,5.076941010740833,10.185508000058777,16200.0,16200.0,5.076941010740833,10.185508000058777,0.0,0.0,,,16200.0,44.99999999999999,5.076941010740834,10.186971203493504,16200.0,44.99999999999999,5.076941010740834,10.186971203493504,0.0,0.0,,,45.0,45.0,3.778807502747001,9.85566539337149,45.0,45.0,3.778807502747001,9.85566539337149,0.0,0.0,,,45.0,45.0,3.778807502747001,9.85566539337149,45.0,45.0,3.778807502747001,9.85566539337149,0.0,0.0,,
M0O100D1,work-1,4401,4.401,100,166.0,0.0335353535353535,3.32,0.51,0.21,,3.32,100,4950.0,166.0,0.0335353535353535,3.32,0.51,166,0,0.51,0.51,94.88888888888889,,189.77777777777777,0,0,0.0,37.0,0.51,0.37,0.09,0.05,0.51,0.37,0.09,0.05,0.51,0.37,0.09,0.05,18360.0,18360.0,6.9629925126949255,14.457092975929452,18360.0,18360.0,6.9629925126949255,14.457092975929452,0.0,0.0,,,18360.0,51.0,6.962992512694926,14.458796946510796,18360.0,51.0,6.962992512694926,14.458796946510796,0.0,0.0,,,51.0,51.0,5.732537729008906,12.986567097810722,51.0,51.0,5.732537729008906,12.986567097810722,0.0,0.0,,,51.0,51.0,5.732537729008906,12.986567097810722,51.0,51.0,5.732537729008906,12.986567097810722,0.0,0.0,,
M0O100D1,work-1,4501,4.501,100,161.0,0.0325252525252525,3.22,0.48,0.26,,3.22,100,4950.0,161.0,0.0325252525252525,3.22,0.48,161,0,0.48,0.48,94.04722222222222,,188.09444444444443,0,0,0.0,36.0,0.48,0.36,0.08,0.04,0.48,0.36,0.08,0.04,0.48,0.36,0.08,0.04,17280.0,17280.0,5.87747153981037,12.51623813282483,17280.0,17280.0,5.87747153981037,12.51623813282483,0.0,0.0,,,17280.0,48.0,5.877471539810371,12.517124124011788,17280.0,48.0,5.877471539810371,12.517124124011788,0.0,0.0,,,48.0,48.0,4.6415912901793765,12.32206209477322,48.0,48.0,4.6415912901793765,12.32206209477322,0.0,0.0,,,48.0,48.0,4.6415912901793765,12.32206209477322,48.0,48.0,4.6415912901793765,12.32206209477322,0.0,0.0,,
M0O100D1,work-1,4601,4.601,100,170.0,0.0343434343434343,3.4,0.47,0.25,,3.4,100,4950.0,170.0,0.0343434343434343,3.4,0.47,170,0,0.47,0.47,92.50555555555556,,185.01111111111112,0,0,0.0,38.0,0.47,0.38,0.07,0.02,0.47,0.38,0.07,0.02,0.47,0.38,0.07,0.02,16920.0,16920.0,5.669752779094736,12.37252880313767,16920.0,16920.0,5.669752779094736,12.37252880313767,0.0,0.0,,,16920.0,46.99999999999999,5.669752779094737,12.374501462204266,16920.0,46.99999999999999,5.669752779094737,12.374501462204266,0.0,0.0,,,47.0,47.0,4.138219451244252,12.862886564911491,47.0,47.0,4.138219451244252,12.862886564911491,0.0,0.0,,,47.0,47.0,4.138219451244252,12.862886564911491,47.0,47.0,4.138219451244252,12.862886564911491,0.0,0.0,,
M0O100D1,work-1,4701,4.7010000000000005,100,160.0,0.0323232323232323,3.2,0.46,0.24,,3.2,100,4950.0,160.0,0.0323232323232323,3.2,0.46,160,0,0.46,0.46,86.66111111111111,,173.32222222222222,0,0,0.0,37.0,0.46,0.37,0.07,0.02,0.46,0.37,0.07,0.02,0.46,0.37,0.07,0.02,16560.0,16560.0,5.296776795610563,10.513036653642486,16560.0,16560.0,5.296776795610563,10.513036653642486,0.0,0.0,,,16560.0,45.99999999999999,5.2967767956105645,10.51532018860513,16560.0,45.99999999999999,5.2967767956105645,10.51532018860513,0.0,0.0,,,46.0,46.0,3.940795648913822,9.060513931532268,46.0,46.0,3.940795648913822,9.060513931532268,0.0,0.0,,,46.0,46.0,3.940795648913822,9.060513931532268,46.0,46.0,3.940795648913822,9.060513931532268,0.0,0.0,,
M0O100D1,work-1,4801,4.801,100,157.0,0.0317171717171717,3.14,0.47,0.21,,3.14,100,4950.0,157.0,0.0317171717171717,3.14,0.47,157,0,0.47,0.47,90.97222222222224,,181.94444444444449,0,0,0.0,37.0,0.47,0.37,0.07,0.03,0.47,0.37,0.07,0.03,0.47,0.37,0.07,0.03,16920.0,16920.0,6.060866488913519,11.189974457053156,16920.0,16920.0,6.060866488913519,11.189974457053156,0.0,0.0,,,16920.0,46.99999999999999,6.060866488913521,11.190879466865642,16920.0,46.99999999999999,6.060866488913521,11.190879466865642,0.0,0.0,,,47.0,47.0,4.724241152592271,10.238578699323334,47.0,47.0,4.724241152592271,10.238578699323334,0.0,0.0,,,47.0,47.0,4.724241152592271,10.238578699323334,47.0,47.0,4.724241152592271,10.238578699323334,0.0,0.0,,
M0O100D1,work-1,4901,4.901,100,139.0,0.028080808080808,2.78,0.47,0.27,,2.78,100,4950.0,139.0,0.028080808080808,2.78,0.47,139,0,0.47,0.47,89.53888888888889,,179.07777777777778,0,0,0.0,36.0,0.47,0.36,0.1,0.01,0.47,0.36,0.1,0.01,0.47,0.36,0.1,0.01,16920.0,16920.0,5.8619735264808766,11.685894369029054,16920.0,16920.0,5.8619735264808766,11.685894369029054,0.0,0.0,,,16920.0,46.99999999999999,5.861973526480878,11.688322064399244,16920.0,46.99999999999999,5.861973526480878,11.688322064399244,0.0,0.0,,,47.0,47.0,4.566080589336298,11.172182019663126,47.0,47.0,4.566080589336298,11.172182019663126,0.0,0.0,,,47.0,47.0,4.566080589336298,11.172182019663126,47.0,47.0,4.566080589336298,11.172182019663126,0.0,0.0,,
M10O90D1,work-1,1001,1.001,100,160.0,0.0323232323232323,3.2,0.51,0.25,6.4,2.844444444444445,130,8325.0,175.0,0.021021021021021,2.6923076923076925,0.4692307692307692,205,30,0.5538461538461539,0.5581207218419415,71.3627878033603,55.95192915876028,185.0679012345679,0,0,5.0,28.0,0.51,0.33,0.13,0.05,0.5581207218419415,0.3730553827006845,0.1224019912881144,0.0626633478531425,0.51,0.33,0.13,0.05,26907.0,26907.0,11.044147520749831,22.11446803179436,15840.0,15840.0,9.15453115019355,21.94384479853912,11067.0,11067.0,13.748721778417812,22.205741632926,26907.0,50.99999999999999,9.785106334459629,22.038527929139768,15840.0,43.99999999999999,9.154531150193554,21.950750503682396,11067.0,6.999999999999999,13.748721778417814,22.205741632926,51.0,51.0,8.8117029882457,21.41568086026263,44.0,44.0,8.187070918404135,21.41568086026263,7.0,7.0,12.73796171296412,22.44042550840314,72.0,72.0,10.149676124448268,21.345402329505387,44.0,44.0,8.187070918404135,21.41568086026263,28.0,28.0,13.23377001966048,21.345402329505387
M10O90D1,work-1,1101,1.101,100,139.0,0.028080808080808,2.78,0.46,0.26,4.7,2.566666666666667,130,8325.0,156.0,0.0187387387387387,2.4,0.3846153846153846,186,30,0.4692307692307692,0.470130678282514,62.03899605890894,52.82732447817837,158.84567901234567,0,0,5.0,28.0,0.46,0.33,0.12,0.01,0.470130678282514,0.3730553827006845,0.089607965152458,0.0074673304293715,0.46,0.33,0.12,0.01,22665.0,22665.0,10.12698012856829,24.70662798397897,14760.0,14760.0,7.667069059357895,16.47976294671556,7905.0,7905.0,14.720058861211609,28.387375049560195,22665.0,46.0,8.433698385646343,18.87688873203808,14760.0,41.0,7.667069059357896,16.500372729383283,7905.0,5.0,14.720058861211609,28.387375049560195,46.0,46.0,7.247219207918871,18.512056135308395,41.0,41.0,6.522869554541044,16.831165335620035,5.0,5.0,13.186886365617042,27.704673327601945,61.0,61.0,9.023249082104432,25.000229382763766,41.0,41.0,6.522869554541044,16.831165335620035,20.0,20.0,14.149027113609376,28.49851618517892
M10O90D1,work-1,1201,1.201,100,135.0,0.0272727272727272,2.7,0.51,0.25,4.8,2.466666666666667,130,8325.0,147.0,0.0176576576576576,2.261538461538461,0.4230769230769231,177,30,0.5538461538461539,0.5581207218419415,69.56025720804813,59.72169512966477,177.8641975308642,0,0,4.0,26.0,0.51,0.3,0.15,0.06,0.5581207218419415,0.325326695706285,0.1879900435594275,0.044803982576229,0.51,0.3,0.15,0.06,26907.0,26907.0,13.537799928747043,29.80403101785217,15840.0,15840.0,9.13432569871206,22.44747900500853,11067.0,11067.0,19.840414169621194,39.16345339682311,26907.0,50.99999999999999,10.603788822170175,26.64118003727109,15840.0,43.99999999999999,9.13432569871206,22.44815758798352,11067.0,6.999999999999999,19.8404141696212,39.16345339682311,51.0,51.0,9.534903045309406,25.675130789958708,44.0,44.0,8.047856391925079,20.12796958044625,7.0,7.0,18.8820534380109,43.73551373511758,72.0,72.0,12.416891363169665,28.121177502821617,44.0,44.0,8.047856391925079,20.12796958044625,28.0,28.0,19.282517746554017,40.24649656950066
M10O90D1,work-1,1301,1.301,100,127.0,0.0256565656565656,2.54,0.47,0.27,4.6,2.311111111111111,130,8325.0,142.0,0.017057057057057,2.1846153846153844,0.3461538461538461,172,30,0.5461538461538461,0.5535780958307405,64.08421489317568,56.72991777356104,163.02777777777777,0,0,5.0,26.0,0.47,0.31,0.11,0.05,0.5535780958307405,0.3581207218419415,0.1074673304293715,0.0879900435594275,0.47,0.31,0.11,0.05,26688.0,26688.0,14.817148638198091,32.57751755385751,14040.0,14040.0,9.491296151686951,24.400035833926,12648.0,12648.0,20.729148077683888,34.95524994789191,26688.0,46.99999999999999,11.404122011431117,27.388564559133098,14040.0,38.99999999999999,9.491296151686957,24.401431049780697,12648.0,7.999999999999997,20.7291480776839,34.95524994789191,47.0,47.0,10.142706254246018,27.812589429405783,39.0,39.0,8.216061840225793,23.738297638103123,8.0,8.0,19.53509777259461,34.11021753767205,71.0,71.0,13.727561675633329,30.91409390747619,39.0,39.0,8.216061840225793,23.738297638103123,32.0,32.0,20.44470210003626,34.95303366003037
M10O90D1,work-1,1401,1.401,100,133.0,0.0268686868686868,2.66,0.41,0.34,5.0,2.4,130,8325.0,147.0,0.0176576576576576,2.261538461538461,0.4076923076923077,177,30,0.4769230769230769,0.4834474175482265,56.716448869529145,59.12713472485768,139.9320987654321,0,0,4.0,28.0,0.41,0.32,0.08,0.01,0.4834474175482265,0.340261356565028,0.135718730553827,0.0074673304293715,0.41,0.32,0.08,0.01,23307.0,23307.0,9.584185341158223,21.06783458105376,12240.0,12240.0,5.7004877712974285,13.23891121994901,11067.0,11067.0,13.87951905897662,23.75573961414471,23307.0,40.99999999999999,7.096907747242658,16.723992909666595,12240.0,33.99999999999999,5.700487771297429,13.23965033610516,11067.0,6.999999999999999,13.879519058976625,23.75573961414471,41.0,41.0,5.559521248267668,14.84040111238878,34.0,34.0,4.42681384800984,13.045841560329556,7.0,7.0,11.061242906662832,19.12622557397458,62.0,62.0,8.428466128087146,21.280495882002807,34.0,34.0,4.42681384800984,13.045841560329556,28.0,28.0,13.287615325323875,23.68288046550595
M10O90D1,work-1,1501,1.501,100,148.0,0.0298989898989899,2.96,0.53,0.21,6.8,2.533333333333333,130,8325.0,160.0,0.0192192192192192,2.4615384615384617,0.4230769230769231,190,30,0.5923076923076923,0.5983820784069696,68.62684090437669,58.62745098039216,175.62037037037038,0,0,4.0,27.0,0.53,0.31,0.13,0.09,0.5983820784069696,0.3327940261356565,0.1983820784069695,0.0672059738643435,0.53,0.31,0.13,0.09,28848.0,28848.0,12.786591771868512,29.33018141787876,16200.0,16200.0,10.279871570350426,29.261031939309238,12648.0,12648.0,15.997286527133609,29.39382571797089,28848.0,53.0,11.142877601562985,29.2813268171101,16200.0,44.99999999999999,10.279871570350432,29.261887503206204,12648.0,7.999999999999997,15.997286527133612,29.39382571797089,53.0,53.0,10.03075254493287,25.715676144004583,45.0,45.0,9.167724752037564,28.88086922835276,8.0,8.0,14.88528387996896,25.715676144004583,77.0,77.0,11.839584115110632,28.88086922835276,45.0,45.0,9.167724752037564,28.88086922835276,32.0,32.0,15.596886344432132,27.79604191673012
M10O90D1,work-1,1601,1.601,100,151.0,0.0305050505050505,3.02,0.58,0.33,7.1,2.566666666666667,130,8325.0,170.0,0.0204204204204204,2.6153846153846154,0.4,200,30,0.6307692307692307,0.635718730553827,67.13959759386019,89.32321315623024,156.21604938271605,0,0,6.0,28.0,0.58,0.34,0.15,0.09,0.635718730553827,0.405849408836341,0.1120099564405724,0.1178593652769135,0.58,0.34,0.15,0.09,30648.0,30648.0,15.159975513571316,36.40410841077628,18000.0,18000.0,11.901088926458772,34.37826285930437,12648.0,12648.0,19.797859650828254,37.797305128395685,30648.0,57.99999999999999,12.99029868154422,35.4245384422052,18000.0,50.00000000000001,11.90108892645877,34.3794864734242,12648.0,7.999999999999997,19.797859650828265,37.797305128395685,58.0,58.0,11.8799226691888,35.4568510223159,50.0,50.0,10.797561695640136,33.651728845584145,8.0,8.0,18.64467875386795,42.18007419144857,82.0,82.0,14.185486897466376,37.151543592749896,50.0,50.0,10.797561695640136,33.651728845584145,32.0,32.0,19.479120025319872,37.18372939162291
M10O90D1,work-1,1701,1.701,100,150.0,0.0303030303030303,3.0,0.47,0.17,5.6,2.7111111111111112,130,8325.0,161.0,0.0193393393393393,2.476923076923077,0.3846153846153846,191,30,0.5,0.5029247044181705,70.98319850653391,63.57368753953194,180.21913580246917,0,0,5.0,29.0,0.47,0.34,0.11,0.02,0.5029247044181705,0.380522713130056,0.1074673304293715,0.014934660858743,0.47,0.34,0.11,0.02,24246.0,24246.0,10.59268419879467,25.325772005460543,14760.0,14760.0,7.507675108142558,18.33819546560442,9486.0,9486.0,15.392888096963045,28.264332474236216,24246.0,46.99999999999999,8.514298042885601,20.940837349325207,14760.0,41.0,7.507675108142557,18.342082855988625,9486.0,5.999999999999999,15.392888096963048,28.264332474236216,47.0,47.0,7.1914692398236095,20.23029813171724,41.0,41.0,6.136299600496805,17.56189107719207,6.0,6.0,14.401795108556785,26.00928661444646,65.0,65.0,9.38007329398839,23.912111165563605,41.0,41.0,6.136299600496805,17.56189107719207,24.0,24.0,14.921520020369847,28.01579317554633
M10O90D1,work-1,1801,1.801,100,146.0,0.0294949494949494,2.92,0.46,0.22,5.0,2.688888888888889,130,8325.0,156.0,0.0187387387387387,2.4,0.3615384615384615,186,30,0.4692307692307692,0.470130678282514,66.69570628500311,50.22770398481973,173.97222222222223,0,0,4.0,31.0,0.46,0.35,0.09,0.02,0.470130678282514,0.3626633478531425,0.0925326695706285,0.014934660858743,0.46,0.35,0.09,0.02,22665.0,22665.0,11.223897710030696,28.880214865149497,14760.0,14760.0,7.955310560730619,19.681299789867797,7905.0,7905.0,17.326914322765568,31.933838960163182,22665.0,46.0,8.973963143560503,23.26250677345809,14760.0,41.0,7.95531056073062,19.690930785246618,7905.0,5.0,17.326914322765568,31.933838960163182,46.0,46.0,8.02320581026712,21.637764292341465,41.0,41.0,6.690584209337357,18.8921647643094,5.0,5.0,18.95070293789117,37.34235754519183,61.0,61.0,10.101151803413549,27.74832217247433,41.0,41.0,6.690584209337357,18.8921647643094,20.0,20.0,17.092815371269737,31.27786986969008
M10O90D1,work-1,1901,1.901,100,149.0,0.0301010101010101,2.98,0.53,0.28,5.4,2.7111111111111112,130,8325.0,161.0,0.0193393393393393,2.476923076923077,0.3923076923076923,191,30,0.5692307692307692,0.5730553827006845,68.25969715826592,66.78684376976597,170.5462962962963,0,0,4.0,31.0,0.53,0.35,0.1,0.08,0.5730553827006845,0.3626633478531425,0.15065339141257,0.059738643434972,0.53,0.35,0.1,0.08,27627.0,27627.0,13.921334262470884,31.19868272549881,16560.0,16560.0,9.86738951055952,28.601358887592035,11067.0,11067.0,19.98741586468035,34.99074331355973,27627.0,52.99999999999999,11.203996764877369,29.52058987150576,16560.0,45.99999999999999,9.867389510559525,28.6041204059598,11067.0,6.999999999999999,19.98741586468036,34.99074331355973,53.0,53.0,10.06940342006942,26.497817057109398,46.0,46.0,8.742268324223499,29.464315570605,7.0,7.0,18.790576907056906,26.3860572089231,74.0,74.0,12.927755017053006,31.081149826876583,46.0,46.0,8.742268324223499,29.464315570605,28.0,28.0,19.80391172670148,35.72532193319808
M10O90D1,work-1,2001,2.001,100,143.0,0.0288888888888888,2.86,0.46,0.22,5.7,2.5444444444444443,130,8325.0,159.0,0.0190990990990991,2.4461538461538463,0.3769230769230769,189,30,0.5153846153846153,0.5207840696950841,73.13420452188343,67.21062618595825,184.84567901234567,0,0,4.0,30.0,0.46,0.34,0.08,0.04,0.5207840696950841,0.355196017423771,0.110392034847542,0.055196017423771,0.46,0.34,0.08,0.04,25107.0,25107.0,10.90038191434984,23.960181755546763,14040.0,14040.0,7.09563898031433,17.721657201452235,11067.0,11067.0,15.727217623562684,26.851780683858426,25107.0,46.0,8.409140078199952,21.369035035358134,14040.0,38.99999999999999,7.095638980314334,17.723033051883714,11067.0,6.999999999999999,15.727217623562687,26.851780683858426,46.0,46.0,6.859394998885513,20.435207395915786,39.0,39.0,5.809019739999256,20.435207395915786,7.0,7.0,12.711485726966108,27.40379559889641,67.0,67.0,9.63110777032283,23.918077390380088,39.0,39.0,5.809019739999256,20.435207395915786,28.0,28.0,14.954730383987812,25.972637695993264
M10O90D1,work-1,2101,2.101,100,160.0,0.0323232323232323,3.2,0.49,0.16,5.2,2.977777777777778,130,8325.0,167.0,0.02006006006006,2.569230769230769,0.3692307692307692,197,30,0.5384615384615384,0.5431860609831985,74.68367558597801,47.90638836179633,198.87654320987653,0,0,4.0,31.0,0.49,0.35,0.08,0.06,0.5431860609831985,0.3626633478531425,0.110392034847542,0.070130678282514,0.49,0.35,0.08,0.06,26187.0,26187.0,13.799539976576408,34.21230431898928,15120.0,15120.0,9.055330210486645,30.11587935382557,11067.0,11067.0,20.281192787932444,36.81340015110403,26187.0,48.99999999999999,10.659024864407472,32.22739340680085,15120.0,41.99999999999999,9.055330210486645,30.1159200815954,11067.0,6.999999999999999,20.281192787932447,36.81340015110403,49.0,49.0,9.359653982274564,32.871712558332305,42.0,42.0,7.934358135918529,28.77023948535906,7.0,7.0,17.911429060410793,36.90301529897591,70.0,70.0,12.643794879316308,33.80174605609464,42.0,42.0,7.934358135918529,28.77023948535906,28.0,28.0,19.707949994412967,35.04717512668899
M10O90D1,work-1,2201,2.201,100,151.0,0.0305050505050505,3.02,0.48,0.27,6.1,2.6777777777777776,130,8325.0,184.0,0.0221021021021021,2.830769230769231,0.3769230769230769,214,30,0.5307692307692308,0.535718730553827,80.25720804812279,96.81214421252372,191.5987654320988,0,0,4.0,30.0,0.48,0.34,0.1,0.04,0.535718730553827,0.355196017423771,0.15065339141257,0.029869321717486,0.48,0.34,0.1,0.04,25827.0,25827.0,12.679914424418916,29.447319098358477,14760.0,14760.0,9.748876820200207,29.948610096261127,11067.0,11067.0,16.58902394265042,29.07795802247311,25827.0,48.0,10.746398275557532,29.7500102343575,14760.0,41.0,9.748876820200207,29.954189373289616,11067.0,6.999999999999999,16.589023942650424,29.07795802247311,48.0,48.0,9.422862743353384,30.43356401383754,41.0,41.0,8.524712029422957,30.43356401383754,7.0,7.0,14.683459782088727,25.472082583322944,69.0,69.0,11.561369376893197,28.82715627963949,41.0,41.0,8.524712029422957,30.43356401383754,28.0,28.0,16.00790334997462,28.50725596871306
M10O90D1,work-1,2301,2.301,100,132.0,0.0266666666666666,2.64,0.46,0.24,5.2,2.355555555555556,130,8325.0,145.0,0.0174174174174174,2.230769230769231,0.3692307692307692,175,30,0.4692307692307692,0.470130678282514,59.31549471064095,57.73561037318153,148.34567901234567,0,0,4.0,29.0,0.46,0.33,0.1,0.03,0.470130678282514,0.3477286869943995,0.1,0.0224019912881145,0.46,0.33,0.1,0.03,22665.0,22665.0,10.659488730623046,23.84538547322237,14760.0,14760.0,7.636988337781886,17.205119715743507,7905.0,7905.0,16.303018875890036,31.0020826693136,22665.0,46.0,8.578948178880598,18.81757165993934,14760.0,41.0,7.636988337781887,17.209101967407523,7905.0,5.0,16.303018875890036,31.0020826693136,46.0,46.0,7.18832528096338,18.060561672921764,41.0,41.0,6.364387917948291,16.49812339319493,5.0,5.0,13.944611657687114,24.08382228831823,61.0,61.0,9.426123293875357,21.54592841411085,41.0,41.0,6.364387917948291,16.49812339319493,20.0,20.0,15.702680814525824,29.316933205288112
M10O90D1,work-1,2401,2.401,100,122.0,0.0246464646464646,2.44,0.54,0.33,5.2,2.1333333333333333,130,8325.0,139.0,0.0166966966966966,2.1384615384615384,0.4230769230769231,169,30,0.5769230769230769,0.580522713130056,57.4030284173408,61.60025300442758,140.7685185185185,0,0,4.0,28.0,0.54,0.32,0.13,0.09,0.580522713130056,0.340261356565028,0.1477286869943995,0.0925326695706285,0.54,0.32,0.13,0.09,27987.0,27987.0,12.903374991989594,26.816416033884632,16920.0,16920.0,9.985824788081104,23.762671290299107,11067.0,11067.0,17.363928841283133,30.872816125826343,27987.0,53.99999999999999,10.942245683866554,24.80960850657128,16920.0,46.99999999999999,9.985824788081109,23.764200901380853,11067.0,6.999999999999999,17.363928841283137,30.872816125826343,54.0,54.0,9.545820738704968,23.704830373808043,47.0,47.0,8.810250738234156,23.704830373808043,7.0,7.0,14.484647884723255,31.117136296231145,75.0,75.0,11.686923829570016,27.549806525102326,47.0,47.0,8.810250738234156,23.704830373808043,28.0,28.0,16.515625090026635,31.382303368815798
M10O90D1,work-1,2501,2.501,100,141.0,0.0284848484848484,2.82,0.55,0.15,4.7,2.611111111111111,130,8325.0,156.0,0.0187387387387387,2.4,0.3615384615384615,186,30,0.5846153846153846,0.5879900435594275,65.5196017423771,68.44402277039848,161.58333333333334,0,0,4.0,29.0,0.55,0.33,0.11,0.11,0.5879900435594275,0.3477286869943995,0.1074673304293715,0.1327940261356565,0.55,0.33,0.11,0.11,28347.0,28347.0,13.491290623143758,28.898732318883365,17280.0,17280.0,9.654500165449274,22.45889772414416,11067.0,11067.0,19.482050459500552,33.66678167403543,28347.0,54.99999999999999,10.905279293783076,24.97955422366493,17280.0,48.0,9.654500165449274,22.464609147879443,11067.0,6.999999999999999,19.48205045950056,33.66678167403543,55.0,55.0,10.13036008514791,25.114865975279773,48.0,48.0,8.583243059363282,21.28584256069592,7.0,7.0,20.739162547671068,33.77352952988845,76.0,76.0,12.584777197861197,29.34365484598069,48.0,48.0,8.583243059363282,21.28584256069592,28.0,28.0,19.44455000671476,33.98905621246136
M10O90D1,work-1,2601,2.601,100,144.0,0.029090909090909,2.88,0.41,0.28,4.3,2.7222222222222223,130,8325.0,151.0,0.0181381381381381,2.3230769230769237,0.3384615384615385,181,30,0.4076923076923077,0.4074673304293715,66.68118647583489,50.955091714105,173.57407407407408,0,0,4.0,32.0,0.41,0.36,0.05,0.0,0.4074673304293715,0.370130678282514,0.0373366521468574,0.0,0.41,0.36,0.05,0.0,19644.0,19644.0,9.054298783040531,22.483407590210373,13320.0,13320.0,5.377914954452748,11.2360057431634,6324.0,6324.0,16.797725822381025,29.78384558611849,19644.0,41.00000000000001,6.4920428440067255,14.157585791686,13320.0,37.0,5.3779149544527485,11.237473736520322,6324.0,3.999999999999999,16.797725822381032,29.78384558611849,41.0,41.0,5.319144294756841,12.35369846439627,37.0,37.0,3.9384042210528314,9.927681552867028,4.0,4.0,18.090989976518937,29.234363493720828,53.0,53.0,7.760421655171335,21.89117948413321,37.0,37.0,3.9384042210528314,9.927681552867028,16.0,16.0,16.59883697157037,27.91175246256499
M10O90D1,work-1,2701,2.701,100,141.0,0.0284848484848484,2.82,0.52,0.26,3.0,2.8,130,8325.0,147.0,0.0176576576576576,2.261538461538461,0.3846153846153846,177,30,0.5153846153846153,0.514934660858743,62.5969715826592,43.33965844402277,165.1358024691358,0,0,3.0,32.0,0.52,0.35,0.1,0.07,0.514934660858743,0.3373366521468575,0.0746733042937149,0.1029247044181705,0.52,0.35,0.1,0.07,24825.0,24825.0,12.415093320246184,29.4591744683197,16920.0,16920.0,7.87967070472748,17.822650600929787,7905.0,7905.0,22.122791062760605,38.27675445389901,24825.0,52.00000000000001,9.249201508384507,21.44759927942237,16920.0,46.99999999999999,7.879670704727481,17.830517900716004,7905.0,5.0,22.122791062760605,38.27675445389901,52.0,52.0,8.154039135574553,18.60048397493417,47.0,47.0,6.771607133443137,16.84842109685435,5.0,5.0,21.148899955609867,36.75007251443019,67.0,67.0,11.233894598295189,28.04909211003668,47.0,47.0,6.771607133443137,16.84842109685435,20.0,20.0,21.720270140697497,32.23961108742311
M10O90D1,work-1,2801,2.801,100,130.0,0.0262626262626262,2.6,0.4,0.29,3.2,2.533333333333333,130,8325.0,137.0,0.0164564564564564,2.107692307692308,0.3307692307692307,167,30,0.4,0.4,53.965982161377305,38.58950031625553,141.7685185185185,0,0,3.0,32.0,0.4,0.35,0.04,0.01,0.4,0.3373366521468575,0.055196017423771,0.0074673304293715,0.4,0.35,0.04,0.01,19284.0,19284.0,8.960613361163656,18.128316360890405,12960.0,12960.0,5.881479288195756,11.004129446199965,6324.0,6324.0,15.270793245044745,23.58839380704335,19284.0,40.0,6.820410683880655,13.474496793811346,12960.0,36.0,5.881479288195756,11.00659330062192,6324.0,3.999999999999999,15.270793245044748,23.58839380704335,40.0,40.0,5.676777004088903,12.057065943332232,36.0,36.0,4.464959748161903,10.24423675129249,4.0,4.0,16.583132307431907,22.160158961044345,52.0,52.0,7.688499723564078,17.25766965077738,36.0,36.0,4.464959748161903,10.24423675129249,16.0,16.0,14.941464668218972,24.1078428879418
M10O90D1,work-1,2901,2.901,100,145.0,0.0292929292929292,2.9,0.55,0.3,4.0,2.7777777777777777,130,8325.0,158.0,0.0189789789789789,2.4307692307692306,0.3923076923076923,188,30,0.5846153846153846,0.5879900435594275,62.65505081933209,53.092979127134726,160.5493827160494,0,0,3.0,34.0,0.55,0.37,0.06,0.12,0.5879900435594275,0.3522713130056005,0.095457373988799,0.140261356565028,0.55,0.37,0.06,0.12,28347.0,28347.0,15.793661892719888,35.70726094116062,17280.0,17280.0,9.908657983663398,31.27825681011715,11067.0,11067.0,24.98249965801276,37.59348525761906,28347.0,54.99999999999999,11.827146924035135,33.70453484813365,17280.0,48.0,9.908657983663396,31.27916478624695,11067.0,6.999999999999999,24.98249965801276,37.59348525761906,55.0,55.0,11.131513878767873,35.5171750441361,48.0,48.0,8.841045181676183,32.00695711721256,7.0,7.0,26.837584944539447,37.02856850761518,76.0,76.0,14.89526308500606,35.52533193539367,48.0,48.0,8.841045181676183,32.00695711721256,28.0,28.0,25.273922347857276,37.22014159863751
M10O90D1,work-1,3001,3.001,100,124.0,0.025050505050505,2.48,0.46,0.28,3.2,2.4,130,8325.0,138.0,0.0165765765765765,2.123076923076923,0.3846153846153846,168,30,0.4461538461538462,0.444803982576229,65.49678489939846,47.58380771663504,171.69444444444446,0,0,4.0,32.0,0.46,0.36,0.09,0.01,0.444803982576229,0.370130678282514,0.0672059738643435,0.0074673304293715,0.46,0.36,0.09,0.01,21444.0,21444.0,10.393213167386689,26.46668999877885,15120.0,15120.0,7.019588014075328,13.341266953371193,6324.0,6324.0,18.459186019706067,31.17808638802283,21444.0,46.0,8.014335666738871,16.993046395540485,15120.0,41.99999999999999,7.019588014075329,13.342395033669169,6324.0,3.999999999999999,18.459186019706078,31.17808638802283,46.0,46.0,6.92879955073173,18.92573116445122,42.0,42.0,5.981524464177004,12.822923654858034,4.0,4.0,16.875187959556342,20.81861513850489,58.0,58.0,9.2303134374056,27.232807775983076,42.0,42.0,5.981524464177004,12.822923654858034,16.0,16.0,17.75838449213066,30.329300773597847
M10O90D1,work-1,3101,3.101,100,163.0,0.0329292929292929,3.26,0.49,0.21,4.2,3.1555555555555554,130,8325.0,173.0,0.0207807807807807,2.6615384615384614,0.4153846153846154,203,30,0.4923076923076923,0.4925326695706285,72.2713130056005,49.63946869070209,190.85185185185185,0,0,5.0,33.0,0.49,0.38,0.09,0.02,0.4925326695706285,0.410392034847542,0.0672059738643435,0.014934660858743,0.49,0.38,0.09,0.02,23745.0,23745.0,10.607637883653164,23.63814915060877,15840.0,15840.0,7.112055774213403,15.319830754642382,7905.0,7905.0,17.612068068792418,35.111246487957416,23745.0,49.0,8.183485600190854,17.475717080475025,15840.0,43.99999999999999,7.112055774213406,15.331675149213314,7905.0,5.0,17.612068068792418,35.111246487957416,49.0,49.0,6.977366605148749,16.481945888317732,44.0,44.0,5.95089026635986,15.253997116467,5.0,5.0,16.010358386490985,29.611541029677984,64.0,64.0,9.458566108067783,23.693489618091995,44.0,44.0,5.95089026635986,15.253997116467,20.0,20.0,17.17545295982522,30.050319516587887
M10O90D1,work-1,3201,3.201,100,171.0,0.0345454545454545,3.42,0.63,0.24,4.6,3.2888888888888888,130,8325.0,177.0,0.0212612612612612,2.723076923076923,0.4,207,30,0.6923076923076923,0.6983820784069695,63.92242273387264,36.12270714737508,172.60185185185185,0,0,4.0,34.0,0.63,0.38,0.13,0.12,0.6983820784069695,0.385065339141257,0.1730553827006845,0.140261356565028,0.63,0.38,0.13,0.12,33669.0,33669.0,15.904861787284986,31.7687855898984,19440.0,19440.0,10.68931751290315,26.681810009579063,14229.0,14229.0,23.03046307296794,36.34792485399904,33669.0,62.99999999999999,12.452338307198122,28.928706827111924,19440.0,54.00000000000001,10.68931751290315,26.68276680103818,14229.0,8.999999999999996,23.03046307296795,36.34792485399904,63.0,63.0,11.464516807404204,27.495350541278576,54.0,54.0,9.748167315132012,26.717349989752098,9.0,9.0,21.762613761037343,30.22250797092165,90.0,90.0,14.887102121450445,31.623601688445422,54.0,54.0,9.748167315132012,26.717349989752098,36.0,36.0,22.595504330928087,36.99863288300628
M10O90D1,work-1,3301,3.301,100,156.0,0.0315151515151515,3.12,0.51,0.27,4.5,2.966666666666667,130,8325.0,164.0,0.0196996996996997,2.523076923076923,0.3769230769230769,194,30,0.5076923076923077,0.5074673304293715,62.61978842563784,45.89500316255535,163.95679012345678,0,0,4.0,34.0,0.51,0.38,0.1,0.03,0.5074673304293715,0.385065339141257,0.0746733042937149,0.0477286869943995,0.51,0.38,0.1,0.03,24465.0,24465.0,11.909765645425535,29.581297094552205,16560.0,16560.0,7.839835465665382,17.93638560180713,7905.0,7905.0,20.4357673882248,32.76988563922108,24465.0,50.99999999999999,9.074730752190815,21.36879557945457,16560.0,45.99999999999999,7.839835465665383,17.936849970310192,7905.0,5.0,20.4357673882248,32.76988563922108,51.0,51.0,7.901451603424829,19.615705696393707,46.0,46.0,6.607396091098979,17.768026402978276,5.0,5.0,19.80676231682266,27.581060888198145,66.0,66.0,10.71651312789806,30.242183762030628,46.0,46.0,6.607396091098979,17.768026402978276,20.0,20.0,20.167482312535952,32.52188702262912
M10O90D1,work-1,3401,3.401,100,142.0,0.0286868686868686,2.84,0.49,0.23,4.2,2.688888888888889,130,8325.0,150.0,0.018018018018018,2.3076923076923075,0.3538461538461538,180,30,0.5153846153846153,0.5178593652769135,67.36569176519394,42.764073371284,179.60802469135805,0,0,4.0,32.0,0.49,0.36,0.07,0.06,0.5178593652769135,0.370130678282514,0.0775980087118855,0.070130678282514,0.49,0.36,0.07,0.06,24966.0,24966.0,11.80467912674042,25.9581569906842,15480.0,15480.0,7.586778209271639,21.32948484241852,9486.0,9486.0,18.68778119319802,31.189635607718117,24966.0,49.0,8.94608469709936,23.324613084566487,15480.0,42.99999999999999,7.586778209271641,21.334968702652613,9486.0,5.999999999999999,18.687781193198024,31.189635607718117,49.0,49.0,7.747123839727048,22.83300043308382,43.0,43.0,6.372142717790769,22.20762249307865,6.0,6.0,17.601155213603715,30.553512077011856,67.0,67.0,10.673888671418512,24.76412310674443,43.0,43.0,6.372142717790769,22.20762249307865,24.0,24.0,18.381183505001545,30.776306752987026
M10O90D1,work-1,3501,3.501,100,158.0,0.0319191919191919,3.16,0.59,0.26,5.0,2.955555555555556,130,8325.0,166.0,0.0199399399399399,2.5538461538461537,0.3769230769230769,196,30,0.5923076923076923,0.5925326695706284,69.55818294959552,58.83617963314358,178.29012345679013,0,0,5.0,33.0,0.59,0.38,0.15,0.06,0.5925326695706284,0.410392034847542,0.1373366521468575,0.044803982576229,0.59,0.38,0.15,0.06,28566.0,28566.0,13.791041106498293,28.09547945085499,19080.0,19080.0,11.210911901118807,28.78969401669777,9486.0,9486.0,18.980674802327982,27.35940213467127,28566.0,58.99999999999999,12.001057280902796,28.54576678112929,19080.0,53.000000000000014,11.210911901118806,28.79563611579156,9486.0,5.999999999999999,18.980674802327982,27.35940213467127,59.0,59.0,11.103332837044851,29.209813435571945,53.0,53.0,10.21435834591084,28.647247868256024,6.0,6.0,18.95594084206196,32.771654138304605,77.0,77.0,12.773967620270827,28.647247868256024,53.0,53.0,10.21435834591084,28.647247868256024,24.0,24.0,18.42643810114913,25.021868370082174
M10O90D1,work-1,3601,3.601,100,142.0,0.0286868686868686,2.84,0.47,0.33,5.0,2.6,130,8325.0,152.0,0.0182582582582582,2.3384615384615386,0.3615384615384615,182,30,0.5,0.5029247044181705,60.96245592200789,61.89753320683112,151.21604938271605,0,0,5.0,29.0,0.47,0.34,0.09,0.04,0.5029247044181705,0.380522713130056,0.0672059738643435,0.055196017423771,0.47,0.34,0.09,0.04,24246.0,24246.0,11.910422750408896,28.027028246594465,14760.0,14760.0,7.843180383307956,21.70186025925288,9486.0,9486.0,18.23895926088854,30.981996132016675,24246.0,46.99999999999999,9.170301091084204,24.946198641426548,14760.0,41.0,7.843180383307957,21.70271637055148,9486.0,5.999999999999999,18.238959260888542,30.981996132016675,47.0,47.0,8.012322672095953,23.53291336489201,41.0,41.0,6.553227356737567,19.835519358066776,6.0,6.0,17.98280732704492,27.454563227731352,65.0,65.0,10.706810585725712,27.45989074918915,41.0,41.0,6.553227356737567,19.835519358066776,24.0,24.0,17.802515268580468,30.473184074646607
M10O90D1,work-1,3701,3.701,100,180.0,0.0363636363636363,3.6,0.6,0.2,5.9,3.344444444444445,130,8325.0,190.0,0.0228228228228228,2.923076923076923,0.4384615384615384,220,30,0.6,0.6,78.68906865795478,61.34092346616066,204.24074074074076,0,0,4.0,31.0,0.6,0.35,0.18,0.07,0.6,0.3626633478531425,0.185065339141257,0.0522713130056005,0.6,0.35,0.18,0.07,28926.0,28926.0,12.008745604518197,26.05997917428297,19440.0,19440.0,9.1169674170885,20.410417753378077,9486.0,9486.0,17.93497035295097,29.18814924346175,28926.0,60.0,9.998767710674748,22.03536909593008,19440.0,54.00000000000001,9.116967417088498,20.411276923236024,9486.0,5.999999999999999,17.934970352950973,29.18814924346175,60.0,60.0,8.836837719992644,20.43052040370321,54.0,54.0,7.991926778419297,19.975881897996363,6.0,6.0,16.44103619415277,30.437076659773588,78.0,78.0,10.90631277548041,26.361740961118247,54.0,54.0,7.991926778419297,19.975881897996363,24.0,24.0,17.463681268867916,28.221369036811275
M10O90D1,work-1,3801,3.801,100,168.0,0.0339393939393939,3.36,0.61,0.15,5.8,3.088888888888889,130,8325.0,180.0,0.0216216216216216,2.769230769230769,0.5076923076923077,210,30,0.6538461538461539,0.6581207218419415,81.32130263430824,73.66223908918406,206.0617283950617,0,0,4.0,32.0,0.61,0.36,0.16,0.09,0.6581207218419415,0.370130678282514,0.220784069695084,0.0672059738643435,0.61,0.36,0.16,0.09,31728.0,31728.0,15.011907552127823,31.484839366312,19080.0,19080.0,11.061083724081405,29.432630346506308,12648.0,12648.0,20.971878981533717,32.38471253663643,31728.0,60.99999999999998,12.36086015128827,30.464917899488743,19080.0,53.000000000000014,11.061083724081405,29.435365920229835,12648.0,7.999999999999997,20.97187898153372,32.38471253663643,61.0,61.0,11.340304252205923,29.02714292964281,53.0,53.0,9.96068440514138,29.02714292964281,8.0,8.0,20.48028573900854,35.44028638189201,85.0,85.0,13.993513324026376,30.50867300426313,53.0,53.0,9.96068440514138,29.02714292964281,32.0,32.0,20.67288622092965,31.61354666426154
M10O90D1,work-1,3901,3.901,100,157.0,0.0317171717171717,3.14,0.54,0.18,5.8,2.844444444444445,130,8325.0,176.0,0.0211411411411411,2.707692307692308,0.4230769230769231,206,30,0.6,0.605849408836341,69.11844015764365,66.61606578115116,173.1851851851852,0,0,3.0,29.0,0.54,0.32,0.12,0.1,0.605849408836341,0.314934660858743,0.140261356565028,0.15065339141257,0.54,0.32,0.12,0.1,29208.0,29208.0,12.647031460956846,29.665025883483988,16560.0,16560.0,8.425618668337988,19.140687186399017,12648.0,12648.0,18.174118419034667,32.659094876547485,29208.0,54.0,9.869840853626386,25.75535441286799,16560.0,45.99999999999999,8.42561866833799,19.14784085389078,12648.0,7.999999999999997,18.174118419034677,32.659094876547485,54.0,54.0,8.700013930326438,23.295605626799343,46.0,46.0,7.226432176623077,18.657521129733112,8.0,8.0,17.173109014120783,36.31628555068821,78.0,78.0,11.614211620502328,30.354604260689293,46.0,46.0,7.226432176623077,18.657521129733112,32.0,32.0,17.921644571078748,33.097322809930105
M10O90D1,work-1,4001,4.001,100,151.0,0.0305050505050505,3.02,0.47,0.29,5.3,2.7666666666666666,130,8325.0,167.0,0.02006006006006,2.569230769230769,0.4461538461538462,197,30,0.5,0.5029247044181705,60.59738643434972,62.04933586337761,150.05555555555554,0,0,3.0,32.0,0.47,0.35,0.1,0.02,0.5029247044181705,0.3373366521468575,0.15065339141257,0.014934660858743,0.47,0.35,0.1,0.02,24246.0,24246.0,10.89631600678661,24.049906513870717,14760.0,14760.0,7.494617755553422,17.650155158090843,9486.0,9486.0,16.18928102768075,24.75461207556592,24246.0,46.99999999999999,8.604574769016489,22.349605406328727,14760.0,41.0,7.494617755553421,17.66649452886978,9486.0,5.999999999999999,16.189281027680753,24.75461207556592,47.0,47.0,7.359820849395539,19.76471459715273,41.0,41.0,6.204855407303524,15.724466000080657,6.0,6.0,15.252084703690988,19.76471459715273,65.0,65.0,9.70959422398639,24.082041492416508,41.0,41.0,6.204855407303524,15.724466000080657,24.0,24.0,15.696856369152949,24.1997813004497
M10O90D1,work-1,4101,4.101,100,159.0,0.0321212121212121,3.18,0.54,0.2,4.1,3.077777777777778,130,8325.0,166.0,0.0199399399399399,2.5538461538461537,0.3692307692307692,196,30,0.5538461538461539,0.555196017423771,70.55590126529765,44.17457305502846,188.4135802469136,0,0,2.0,34.0,0.54,0.36,0.09,0.09,0.555196017423771,0.319477286869944,0.1178593652769135,0.1178593652769135,0.54,0.36,0.09,0.09,26766.0,26766.0,15.177132083944285,36.6671718550725,17280.0,17280.0,9.863295076598575,26.231614631661134,9486.0,9486.0,24.856986973985805,41.16998569457805,26766.0,54.0,11.529260842974931,31.36170260302039,17280.0,48.0,9.863295076598575,26.23444462972084,9486.0,5.999999999999999,24.85698697398581,41.16998569457805,54.0,54.0,10.542731362532054,30.959243016608177,48.0,48.0,8.737365170355877,25.52890799114432,6.0,6.0,24.98566089994149,36.07754616338626,72.0,72.0,14.167139404669893,34.56941059045316,48.0,48.0,8.737365170355877,25.52890799114432,24.0,24.0,25.02668787329792,41.1081965768339
M10O90D1,work-1,4201,4.2010000000000005,100,139.0,0.028080808080808,2.78,0.42,0.28,3.3,2.7222222222222223,130,8325.0,153.0,0.0183783783783783,2.353846153846154,0.3538461538461538,183,30,0.3923076923076923,0.389607965152458,59.11221738228584,49.51296647691335,151.7530864197531,0,0,2.0,34.0,0.42,0.36,0.06,0.0,0.389607965152458,0.319477286869944,0.070130678282514,0.0,0.42,0.36,0.06,0.0,18783.0,18783.0,7.533495803248207,14.90912976144615,14040.0,14040.0,5.123177889856271,10.488769043335068,4743.0,4743.0,14.668402719550707,35.795305723069,18783.0,42.0,5.804979663405874,11.482596482400163,14040.0,38.99999999999999,5.123177889856273,10.491662445481849,4743.0,3.0,14.668402719550707,35.795305723069,42.0,42.0,4.128296785102289,9.511721400191515,39.0,39.0,3.41505498559372,9.511721400191515,3.0,3.0,13.400440178713694,25.69299179383032,51.0,51.0,5.983389232456584,12.494361015533617,39.0,39.0,3.41505498559372,9.511721400191515,12.0,12.0,14.330475534760888,30.05608028067432
M10O90D1,work-1,4301,4.301,100,152.0,0.0307070707070707,3.04,0.46,0.28,3.7,2.966666666666667,130,8325.0,164.0,0.0196996996996997,2.523076923076923,0.4,194,30,0.4230769230769231,0.419477286869944,74.06139805019706,43.58001265022138,199.1358024691358,0,0,3.0,34.0,0.46,0.37,0.08,0.01,0.419477286869944,0.3522713130056005,0.059738643434972,0.0074673304293715,0.46,0.37,0.08,0.01,20223.0,20223.0,7.418764163146212,15.410300066925636,15480.0,15480.0,5.810759480279596,12.521176857111586,4743.0,4743.0,12.666900889010696,22.842833263244497,20223.0,46.0,6.257899137370754,13.3254618372005,15480.0,42.99999999999999,5.8107594802795965,12.523898672718111,4743.0,3.0,12.6669008890107,22.842833263244497,46.0,46.0,4.65987151604108,12.3175680294484,43.0,43.0,4.227444304136284,11.56032424918641,3.0,3.0,10.857994886676492,16.242060154656393,55.0,55.0,5.902706077792255,14.454316110777068,43.0,43.0,4.227444304136284,11.56032424918641,12.0,12.0,11.905727433392812,22.647237482031016
M10O90D1,work-1,4401,4.401,100,146.0,0.0294949494949494,2.92,0.47,0.23,3.4,2.8666666666666667,130,8325.0,154.0,0.0184984984984984,2.3692307692307693,0.4153846153846154,184,30,0.4538461538461538,0.4522713130056005,64.45550715619166,46.98924731182796,168.8858024691358,0,0,2.0,34.0,0.47,0.36,0.08,0.03,0.4522713130056005,0.319477286869944,0.085065339141257,0.0477286869943995,0.47,0.36,0.08,0.03,21804.0,21804.0,10.580477587384678,25.01173901106241,15480.0,15480.0,6.358020431405138,14.135998645809533,6324.0,6324.0,20.916283528966467,42.42986561008765,21804.0,47.0,7.597021546091208,15.996794973682732,15480.0,42.99999999999999,6.35802043140514,14.138449095572444,6324.0,3.999999999999999,20.916283528966478,42.42986561008765,47.0,47.0,6.003811895683077,16.452433947436205,43.0,43.0,4.899625897674646,12.429999250454074,4.0,4.0,17.87381137427369,35.700049797627806,59.0,59.0,9.16772367494412,23.35136410110485,43.0,43.0,4.899625897674646,12.429999250454074,16.0,16.0,20.638236451355823,43.77701319598541
M10O90D1,work-1,4501,4.501,100,159.0,0.0321212121212121,3.18,0.56,0.31,4.3,3.055555555555556,130,8325.0,167.0,0.02006006006006,2.569230769230769,0.4538461538461538,197,30,0.5461538461538461,0.544803982576229,64.88902717278573,40.651486401012015,173.2685185185185,0,0,2.0,34.0,0.56,0.36,0.11,0.09,0.544803982576229,0.319477286869944,0.1074673304293715,0.1178593652769135,0.56,0.36,0.11,0.09,26265.0,26265.0,12.433197149174092,28.932282231070964,18360.0,18360.0,9.261151346565034,24.32943377740417,7905.0,7905.0,19.800529335879,32.43788411473572,26265.0,55.99999999999999,10.20216723846807,25.750100011826383,18360.0,51.0,9.261151346565036,24.339334460298648,7905.0,5.0,19.800529335879,32.43788411473572,56.0,56.0,9.01336349712668,25.137487796066324,51.0,51.0,8.100960507141444,23.714707313243245,5.0,5.0,18.319873994976085,28.668355157689188,71.0,71.0,11.323964852986192,28.463244243995643,51.0,51.0,8.100960507141444,23.714707313243245,20.0,20.0,19.542625934890296,32.04026529459976
M10O90D1,work-1,4601,4.601,100,158.0,0.0319191919191919,3.16,0.5,0.26,3.7,3.1,130,8325.0,164.0,0.0196996996996997,2.523076923076923,0.3692307692307692,194,30,0.5,0.5,67.15826591993363,34.16192283364959,183.18827160493828,0,0,2.0,34.0,0.5,0.36,0.05,0.09,0.5,0.319477286869944,0.0626633478531425,0.1178593652769135,0.5,0.36,0.05,0.09,24105.0,24105.0,11.08985893869936,26.266943930919044,16200.0,16200.0,8.010908253762265,23.674193928098195,7905.0,7905.0,17.399662998912,29.382928863843983,24105.0,49.99999999999999,8.949783728277241,24.313789355684868,16200.0,44.99999999999999,8.01090825376227,23.674768901864677,7905.0,5.0,17.399662998912,29.382928863843983,50.0,50.0,7.823220109513784,23.242007125206072,45.0,45.0,6.846199910180241,23.77009509414881,5.0,5.0,16.61640190351567,23.242007125206072,65.0,65.0,9.96949930655106,24.848567684855556,45.0,45.0,6.846199910180241,23.77009509414881,20.0,20.0,16.9969229483854,27.96470391896585
M10O90D1,work-1,4701,4.7010000000000005,100,125.0,0.0252525252525252,2.5,0.32,0.3,3.6,2.3777777777777778,130,8325.0,133.0,0.0159759759759759,2.046153846153846,0.2692307692307692,163,30,0.3153846153846154,0.314934660858743,66.0402406139805,48.41872232764074,172.90432098765433,0,0,3.0,33.0,0.44,0.36,0.04,0.04,0.455196017423771,0.344803982576229,0.055196017423771,0.055196017423771,0.44,0.36,0.04,0.04,21945.0,21945.0,10.833231520244857,28.84717583014657,14040.0,14040.0,6.19172376490483,12.31930533669166,7905.0,7905.0,19.07697204965333,31.7674603322036,21945.0,44.0,7.655956524535341,22.48592236041228,14040.0,38.99999999999999,6.191723764904832,12.319605979642544,7905.0,5.0,19.076972049653328,31.7674603322036,44.0,44.0,6.192941777428098,20.533428002294613,39.0,39.0,4.731211211809858,10.996374332904027,5.0,5.0,17.594440189250378,28.37977679153629,59.0,59.0,9.506434490799402,29.32136143017539,39.0,39.0,4.731211211809858,10.996374332904027,20.0,20.0,18.818119884829017,30.515818642055592
M10O90D1,work-1,4801,4.801,100,168.0,0.0339393939393939,3.36,0.44,0.25,5.4,3.1333333333333333,130,8325.0,187.0,0.0224624624624624,2.876923076923077,0.3692307692307692,217,30,0.4076923076923077,0.404542626011201,78.90271727857291,69.48134092346616,200.90432098765436,0,0,3.0,33.0,0.44,0.36,0.08,0.0,0.404542626011201,0.344803982576229,0.059738643434972,0.0,0.44,0.36,0.08,0.0,19503.0,19503.0,8.293129826205131,21.19801804032584,14760.0,14760.0,6.758504906747456,15.999299028535358,4743.0,4743.0,13.068812687515544,29.011742430831124,19503.0,44.0,7.188753164527099,17.305400586835898,14760.0,41.0,6.758504906747456,16.00217575833732,4743.0,3.0,13.068812687515546,29.011742430831124,44.0,44.0,5.805886039295299,14.837653086167116,41.0,41.0,5.414157292509316,14.7473059207923,3.0,3.0,11.159512245370408,20.628639913647785,53.0,53.0,7.02920746597509,19.789644551838503,41.0,41.0,5.414157292509316,14.7473059207923,12.0,12.0,12.547295558649814,27.910955964680127
M10O90D1,work-1,4901,4.901,100,128.0,0.0258585858585858,2.56,0.41,0.23,4.7,2.3222222222222224,130,8325.0,143.0,0.0171771771771771,2.2,0.2769230769230769,173,30,0.4076923076923077,0.4074673304293715,65.30595312175898,67.48260594560405,161.41666666666666,0,0,2.0,30.0,0.41,0.32,0.02,0.07,0.4074673304293715,0.289607965152458,0.040261356565028,0.0775980087118855,0.41,0.32,0.02,0.07,19644.0,19644.0,9.901936135377571,22.59762034547328,13320.0,13320.0,7.406320245578168,19.35041581064022,6324.0,6324.0,15.158356700230208,25.96468316342493,19644.0,41.00000000000001,8.162616485056414,20.249993779820315,13320.0,37.0,7.406320245578169,19.362553965030685,6324.0,3.999999999999999,15.158356700230216,25.96468316342493,41.0,41.0,6.641433744166739,17.883733252864836,37.0,37.0,6.008701259916959,19.41123707573376,4.0,4.0,12.49420922347721,16.816139481908156,53.0,53.0,8.561973735156297,21.34797641227657,37.0,37.0,6.008701259916959,19.41123707573376,16.0,16.0,14.46641633414727,28.187217372087574
M20O80D1,work-1,1001,1.001,100,152.0,0.0307070707070707,3.04,0.48,0.2,4.1,2.775,160,12600.0,189.0,0.015,2.3625,0.3,249,60,0.525,0.5285004965243297,55.19529956967892,51.11638203668564,175.46875,0,0,6.0,24.0,0.48,0.3,0.06,0.12,0.5285004965243297,0.3,0.0963753723932472,0.1321251241310824,0.48,0.3,0.06,0.12,31932.0,31932.0,18.15921259047376,42.36398904564332,12960.0,12960.0,12.60024159212698,39.69921030744224,18972.0,18972.0,21.95661213393646,45.04995636780001,31932.0,47.99999999999999,14.939334227579357,40.55135078779183,12960.0,36.0,12.600241592126984,39.700054794515,18972.0,11.999999999999998,21.956612133936463,45.04995636780001,48.0,48.0,13.98854949750123,40.57362326294368,36.0,36.0,11.760526278097569,39.99564407668456,12.0,12.0,20.672619155712216,46.29463431918119,84.0,84.0,17.440393312001973,42.49605426092133,36.0,36.0,11.760526278097569,39.99564407668456,48.0,48.0,21.70029358743028,45.3153109214086
M20O80D1,work-1,1101,1.101,100,136.0,0.0274747474747474,2.72,0.41,0.2,4.0,2.4,160,12600.0,179.0,0.0142063492063492,2.2375,0.35,239,60,0.44375,0.4463753723932472,57.30883813306852,67.59962049335863,166.23958333333334,0,0,7.0,23.0,0.41,0.3,0.09,0.02,0.4463753723932472,0.3202085402184707,0.0940417080436941,0.0321251241310824,0.41,0.3,0.09,0.02,26970.0,26970.0,11.158473164672502,23.64815341845956,11160.0,11160.0,6.012544867201979,13.391818964511472,15810.0,15810.0,14.790893139357578,30.47483206347216,26970.0,40.99999999999999,8.153605421386272,16.84014290479073,11160.0,31.000000000000004,6.012544867201978,13.391818964511472,15810.0,10.0,14.790893139357578,30.47483206347216,41.0,41.0,6.252529706646535,15.644977672622383,31.0,31.0,4.739744801350724,11.629796718378058,10.0,10.0,10.942162913063544,20.32923446537172,71.0,71.0,10.123808730555384,22.790017386829238,31.0,31.0,4.739744801350724,11.629796718378058,40.0,40.0,14.296458275688996,27.07604891015221
M20O80D1,work-1,1201,1.201,100,147.0,0.0296969696969696,2.94,0.46,0.23,4.75,2.4875,160,12600.0,188.0,0.0149206349206349,2.35,0.3125,248,60,0.475,0.4761668321747765,48.81992717643165,47.66919671094245,152.50347222222223,0,0,7.0,25.0,0.46,0.32,0.08,0.06,0.4761668321747765,0.3321251241310824,0.1082919563058589,0.0357497517378351,0.46,0.32,0.08,0.06,28770.0,28770.0,12.728962697209676,28.21398760050096,12960.0,12960.0,9.123641995570296,24.280161321690024,15810.0,15810.0,15.684367902348598,30.75605573850256,28770.0,46.0,10.549886757913407,26.285523514007465,12960.0,36.0,9.1236419955703,24.30241996501526,15810.0,10.0,15.684367902348598,30.75605573850256,46.0,46.0,9.100090414579231,24.887024776780727,36.0,36.0,7.820640771670431,24.887024776780727,10.0,10.0,13.70610912905092,19.24970670964832,76.0,76.0,11.671450524739932,27.786471753044086,36.0,36.0,7.820640771670431,24.887024776780727,40.0,40.0,15.137179302502489,27.846773115187663
M20O80D1,work-1,1301,1.301,100,143.0,0.0288888888888888,2.86,0.56,0.22,4.85,2.3625,160,12600.0,178.0,0.0141269841269841,2.225,0.43125,238,60,0.55625,0.5559582919563059,51.92485931810658,53.74762808349146,158.85763888888889,0,0,8.0,26.0,0.56,0.34,0.13,0.09,0.5559582919563059,0.3642502482621648,0.1178748758689175,0.0738331678252234,0.56,0.34,0.13,0.09,33591.0,33591.0,14.673164397005372,33.07571154859386,16200.0,16200.0,10.339281713264066,23.33497002308724,17391.0,17391.0,18.710246765851853,35.63638958689851,33591.0,56.0,11.983578420022384,27.208260314865868,16200.0,44.99999999999999,10.339281713264072,23.338631838955116,17391.0,10.999999999999998,18.71024676585186,35.63638958689851,56.0,56.0,10.873319834275962,26.316656843892872,45.0,45.0,9.385860301699427,23.129127079878423,11.0,11.0,16.958381558452682,30.85915493010814,89.0,89.0,13.746566627876792,32.106964103765264,45.0,45.0,9.385860301699427,23.129127079878423,44.0,44.0,18.20637991601273,35.92908110767673
M20O80D1,work-1,1401,1.401,100,155.0,0.0313131313131313,3.1,0.43,0.29,5.2,2.575,160,12600.0,194.0,0.0153968253968253,2.425,0.31875,254,60,0.45625,0.458291956305859,56.425024826216486,66.8247944339026,163.38194444444446,0,0,8.0,24.0,0.43,0.32,0.09,0.02,0.458291956305859,0.3523336643495531,0.0940417080436941,0.0119165839126117,0.43,0.32,0.09,0.02,27690.0,27690.0,12.424168889747357,27.501026269707303,11880.0,11880.0,7.605781349076938,17.786449540514738,15810.0,15810.0,16.044816833021525,28.592272896185264,27690.0,42.99999999999999,9.56834774069196,25.46974041239989,11880.0,33.0,7.605781349076938,17.7930852277419,15810.0,10.0,16.044816833021525,28.592272896185264,43.0,43.0,7.949440936522912,21.78389203499381,33.0,33.0,6.376746102901319,14.442862736420562,10.0,10.0,13.139333887474171,21.78389203499381,73.0,73.0,11.309912378771342,27.324953602089813,33.0,33.0,6.376746102901319,14.442862736420562,40.0,40.0,15.379774556364108,27.455943062205005
M20O80D1,work-1,1501,1.501,100,154.0,0.0311111111111111,3.08,0.53,0.26,5.3,2.525,160,12600.0,181.0,0.0143650793650793,2.2625,0.3875,241,60,0.55625,0.558291956305859,49.85269778219133,49.36748893105629,154.97222222222223,0,0,8.0,26.0,0.53,0.34,0.08,0.11,0.558291956305859,0.3642502482621648,0.1082919563058589,0.0857497517378351,0.53,0.34,0.08,0.11,33732.0,33732.0,16.580810345789693,37.62627211495373,14760.0,14760.0,12.799606890084249,38.39254148290297,18972.0,18972.0,19.522543584573818,36.97473702800625,33732.0,52.99999999999999,14.321781236006414,38.14243326950432,14760.0,41.0,12.799606890084243,38.39461931729917,18972.0,11.999999999999998,19.522543584573818,36.97473702800625,53.0,53.0,12.986637447728896,38.05528775535036,41.0,41.0,11.645739161890274,38.05528775535036,12.0,12.0,17.568039924344188,37.90142482249317,89.0,89.0,15.72388010256764,38.66523233666885,41.0,41.0,11.645739161890274,38.05528775535036,48.0,48.0,19.207292156062888,38.66523233666885
M20O80D1,work-1,1601,1.601,100,144.0,0.029090909090909,2.88,0.58,0.26,4.7,2.425,160,12600.0,169.0,0.0134126984126984,2.1125,0.35625,229,60,0.64375,0.6487090367428004,48.109897384971866,57.34345351043643,138.90277777777777,0,0,8.0,26.0,0.58,0.34,0.07,0.17,0.6487090367428004,0.3642502482621648,0.1023336643495531,0.1821251241310824,0.58,0.34,0.07,0.17,39195.0,39195.0,21.184291162994164,42.8974575295552,15480.0,15480.0,15.380479849742793,41.9787143621102,23715.0,23715.0,24.97273725741252,43.48832390331199,39195.0,58.0,17.861236075864273,42.38332994053145,15480.0,42.99999999999999,15.380479849742796,41.98194397530071,23715.0,14.999999999999998,24.972737257412515,43.48832390331199,58.0,58.0,16.897823005136612,43.028446931151336,43.0,43.0,14.392976432817733,40.97887817127954,15.0,15.0,24.0783831791174,43.822379410257,103.0,103.0,20.46017070527577,42.89869586586909,43.0,43.0,14.392976432817733,40.97887817127954,60.0,60.0,24.808326600537352,42.89869586586909
M20O80D1,work-1,1701,1.701,100,173.0,0.0349494949494949,3.46,0.57,0.18,5.15,3.0375,160,12600.0,207.0,0.0164285714285714,2.5875,0.3625,267,60,0.58125,0.5821251241310824,55.35418735518041,55.082226438962685,171.78125,0,0,8.0,28.0,0.57,0.36,0.15,0.06,0.5821251241310824,0.3761668321747766,0.1702085402184707,0.0357497517378351,0.57,0.36,0.15,0.06,35172.0,35172.0,17.460582677741225,37.03447044473472,16200.0,16200.0,11.711982106724925,30.33772990498102,18972.0,18972.0,22.36925489208153,38.044747711972015,35172.0,56.99999999999999,13.955618482589475,34.683082099819664,16200.0,44.99999999999999,11.711982106724928,30.353238650405675,18972.0,11.999999999999998,22.36925489208153,38.044747711972015,57.0,57.0,12.90254726150008,33.43639311049445,45.0,45.0,10.553938861155126,31.532943267210083,12.0,12.0,21.709828762793663,39.88342219686229,93.0,93.0,16.434587660095605,35.598956863175985,45.0,45.0,10.553938861155126,31.532943267210083,48.0,48.0,21.94769590910231,37.386757741777394
M20O80D1,work-1,1801,1.801,100,161.0,0.0325252525252525,3.22,0.59,0.3,4.95,2.7875,160,12600.0,179.0,0.0142063492063492,2.2375,0.35,239,60,0.6875,0.6950844091360476,52.199602780536246,52.41619228336496,161.47222222222223,0,0,9.0,26.0,0.59,0.35,0.14,0.1,0.6950844091360476,0.3904170804369414,0.2046673286991062,0.1,0.59,0.35,0.14,0.1,41997.0,41997.0,18.55887788016525,35.3956528706625,15120.0,15120.0,12.149165628890056,32.74652360904243,26877.0,26877.0,22.16474346186265,36.61659176326923,41997.0,59.0,15.035010089238092,34.18537817285012,15120.0,41.99999999999999,12.149165628890056,32.75040469235772,26877.0,17.0,22.164743461862653,36.61659176326923,59.0,59.0,14.036872962015682,32.99064507250496,42.0,42.0,11.201159007217996,31.49507306209733,17.0,17.0,21.0427544973982,36.673966981173415,110.0,110.0,17.796238198981708,34.957031048753684,42.0,42.0,11.201159007217996,31.49507306209733,68.0,68.0,21.869669464482826,37.18512714837438
M20O80D1,work-1,1901,1.901,100,149.0,0.0301010101010101,2.98,0.48,0.24,4.2,2.675,160,12600.0,176.0,0.0139682539682539,2.2,0.3,236,60,0.525,0.5285004965243297,49.10294604435617,46.60025300442758,154.86458333333334,0,0,7.0,26.0,0.48,0.33,0.11,0.04,0.5285004965243297,0.3380834160873883,0.1463753723932472,0.0440417080436941,0.48,0.33,0.11,0.04,31932.0,31932.0,15.414180225640312,34.008231508569054,12960.0,12960.0,10.188107109783791,27.69055070443264,18972.0,18972.0,18.98417324595976,34.65601230259905,31932.0,47.99999999999999,12.387123643827788,32.37860069463248,12960.0,36.0,10.188107109783791,27.691977867937503,18972.0,11.999999999999998,18.98417324595976,34.65601230259905,48.0,48.0,10.914414762179016,28.14377598459215,36.0,36.0,8.87528207177477,28.14377598459215,12.0,12.0,17.03181283339175,25.001997170067828,84.0,84.0,14.433890206481362,34.23807920366082,36.0,36.0,8.87528207177477,28.14377598459215,48.0,48.0,18.602846307511303,34.98114375556431
M20O80D1,work-1,2001,2.001,100,128.0,0.0258585858585858,2.56,0.54,0.23,3.95,2.2125,160,12600.0,143.0,0.0113492063492063,1.7875,0.24375,203,60,0.61875,0.624875868917577,40.12909632571996,42.31499051233397,121.91666666666669,0,0,7.0,23.0,0.54,0.3,0.09,0.15,0.624875868917577,0.3202085402184707,0.0940417080436941,0.2106256206554121,0.54,0.3,0.09,0.15,37755.0,37755.0,20.96331648126665,41.09468651742271,14040.0,14040.0,13.498578915390413,39.55428462840784,23715.0,23715.0,25.38266775366397,41.828169851371214,37755.0,54.0,16.799714703799733,40.49048304107493,14040.0,38.99999999999999,13.498578915390418,39.55629946848998,23715.0,14.999999999999998,25.382667753663974,41.828169851371214,54.0,54.0,15.944690205524545,39.721753930959096,39.0,39.0,12.67327210511056,40.9587418586259,15.0,15.0,24.45037726660089,39.721753930959096,99.0,99.0,20.19080847864914,41.887952364435456,39.0,39.0,12.67327210511056,40.9587418586259,60.0,60.0,25.077207121449213,41.88847331807232
M20O80D1,work-1,2101,2.101,100,120.0,0.0242424242424242,2.4,0.4,0.28,4.1,1.975,160,12600.0,145.0,0.0115079365079365,1.8125,0.2375,205,60,0.49375,0.5010427010923535,38.95398874544853,45.15180265654649,113.87152777777776,0,0,7.0,23.0,0.4,0.3,0.08,0.02,0.5010427010923535,0.3202085402184707,0.1689175769612711,0.0119165839126117,0.4,0.3,0.08,0.02,30273.0,30273.0,17.375078642401924,34.91450955218184,9720.0,9720.0,6.391748416580558,15.419153113785166,20553.0,20553.0,22.56935538034693,37.01051558268856,30273.0,40.0,11.649470679804631,31.069930539696795,9720.0,27.000000000000004,6.391748416580557,15.419153113785166,20553.0,12.999999999999998,22.56935538034693,37.01051558268856,40.0,40.0,10.32298023367792,29.327459325764707,27.0,27.0,5.089941778015858,16.136960096349668,13.0,13.0,21.191598564668364,33.72843672115334,79.0,79.0,16.466132061054005,35.65994329200874,27.0,27.0,5.089941778015858,16.136960096349668,52.0,52.0,22.37300009263151,36.13758145608589
M20O80D1,work-1,2201,2.201,100,139.0,0.028080808080808,2.78,0.51,0.22,4.2,2.425,160,12600.0,162.0,0.0128571428571428,2.025,0.36875,222,60,0.50625,0.5059582919563058,52.47103608076796,46.688804554079695,168.89930555555554,0,0,7.0,23.0,0.51,0.3,0.08,0.13,0.5059582919563058,0.3202085402184707,0.0678748758689175,0.1178748758689175,0.51,0.3,0.08,0.13,30570.0,30570.0,16.540456231914703,32.94443063872239,14760.0,14760.0,13.048249921142403,29.45182660489072,15810.0,15810.0,19.80073233229416,34.10008654712432,30570.0,50.99999999999999,14.37226608019177,30.98175688265544,14760.0,41.0,13.048249921142403,29.45488268293313,15810.0,10.0,19.80073233229416,34.10008654712432,51.0,51.0,13.23953674310962,29.20369190075286,41.0,41.0,12.059721306749884,28.82737343215486,10.0,10.0,18.076780032184555,29.20369190075286,81.0,81.0,15.707116693266622,31.259195516556115,41.0,41.0,12.059721306749884,28.82737343215486,40.0,40.0,19.44569696444628,33.699136988269
M20O80D1,work-1,2301,2.301,100,132.0,0.0266666666666666,2.64,0.49,0.25,3.7,2.375,160,12600.0,157.0,0.0124603174603174,1.9625,0.28125,217,60,0.53125,0.5344587884806355,50.31612048990401,52.18848829854522,153.81944444444446,0,0,7.0,22.0,0.49,0.29,0.13,0.07,0.5344587884806355,0.3142502482621648,0.1380834160873882,0.0821251241310824,0.49,0.29,0.13,0.07,32292.0,32292.0,18.29677646684787,40.728142535881496,13320.0,13320.0,11.680621703271102,38.37748160586359,18972.0,18972.0,22.941894612053574,41.28040726942008,32292.0,48.99999999999999,14.438484456442325,39.57490306203269,13320.0,37.0,11.680621703271102,38.38194952180325,18972.0,11.999999999999998,22.941894612053577,41.28040726942008,49.0,49.0,13.47132561414217,39.1576427341469,37.0,37.0,10.709666787491088,39.1576427341469,12.0,12.0,21.98644032964968,37.70076758460018,85.0,85.0,17.376788373395147,40.1713677128212,37.0,37.0,10.709666787491088,39.1576427341469,48.0,48.0,22.5160279291962,41.152583964148334
M20O80D1,work-1,2401,2.401,100,120.0,0.0242424242424242,2.4,0.46,0.24,3.2,2.2,160,12600.0,143.0,0.0113492063492063,1.7875,0.24375,203,60,0.475,0.4761668321747765,46.1453161204899,49.97153700189753,138.75347222222223,0,0,6.0,26.0,0.46,0.32,0.08,0.06,0.4761668321747765,0.3119165839126117,0.0880834160873882,0.0761668321747765,0.46,0.32,0.08,0.06,28770.0,28770.0,17.191480584118416,35.70002829355638,12960.0,12960.0,9.228688388187662,24.80653702316177,15810.0,15810.0,23.71885483201611,38.683435641443126,28770.0,46.0,12.378724571628627,30.569968473908865,12960.0,36.0,9.22868838818766,24.812203848285154,15810.0,10.0,23.718854832016117,38.683435641443126,46.0,46.0,11.434676161016776,28.74525901429621,36.0,36.0,8.071290966894443,25.78103043997427,10.0,10.0,23.542862859857173,32.8762013969833,76.0,76.0,16.22075040796055,35.72769329939182,36.0,36.0,8.071290966894443,25.78103043997427,40.0,40.0,23.555263904920047,40.35834585655097
M20O80D1,work-1,2501,2.501,100,129.0,0.026060606060606,2.58,0.5,0.3,4.95,1.9875,160,12600.0,149.0,0.0118253968253968,1.8625,0.3625,209,60,0.5375,0.5404170804369414,42.173121482952666,43.396584440227706,129.30555555555554,0,0,7.0,23.0,0.5,0.3,0.11,0.09,0.5404170804369414,0.3202085402184707,0.1463753723932472,0.0738331678252234,0.5,0.3,0.11,0.09,32652.0,32652.0,15.055923034765843,29.60902605778265,13680.0,13680.0,11.149022487816923,26.023346400891885,18972.0,18972.0,17.873042973742297,31.6775159117993,32652.0,49.99999999999998,12.76278740443902,27.38174782756256,13680.0,37.99999999999999,11.149022487816929,26.03211170014636,18972.0,11.999999999999998,17.8730429737423,31.6775159117993,50.0,50.0,11.526520836782018,24.08291243560743,38.0,38.0,10.001628493598346,25.448144916452712,12.0,12.0,16.35534659019697,23.99334569721508,86.0,86.0,14.127671861749668,28.705457182176723,38.0,38.0,10.001628493598346,25.448144916452712,48.0,48.0,17.394122861536136,32.917322941547624
M20O80D1,work-1,2601,2.601,100,119.0,0.024040404040404,2.38,0.45,0.28,3.65,2.0625,160,12600.0,138.0,0.0109523809523809,1.725,0.30625,198,60,0.46875,0.4702085402184707,46.86362131744456,38.52941176470589,154.32986111111111,0,0,8.0,24.0,0.45,0.32,0.1,0.03,0.4702085402184707,0.3523336643495531,0.1,0.0178748758689175,0.45,0.32,0.1,0.03,28410.0,28410.0,13.38281611253884,27.95623393447368,12600.0,12600.0,8.687143474096864,21.411538738307765,15810.0,15810.0,17.12509791167665,28.898573723873128,28410.0,44.99999999999999,10.56224446022571,25.608762317754596,12600.0,35.0,8.687143474096866,21.43041645024482,15810.0,10.0,17.125097911676654,28.898573723873128,45.0,45.0,9.09407735080301,20.48262808298056,35.0,35.0,7.494686800553113,19.79213676579182,10.0,10.0,14.691944276677646,20.48262808298056,75.0,75.0,12.349129454518986,26.328062831128005,35.0,35.0,7.494686800553113,19.79213676579182,40.0,40.0,16.596766776739123,27.342606434984663
M20O80D1,work-1,2701,2.701,100,136.0,0.0274747474747474,2.72,0.49,0.33,3.75,2.4625,160,12600.0,148.0,0.0117460317460317,1.85,0.31875,208,60,0.5125,0.5142502482621648,40.88546838795101,33.79190385831752,134.44791666666666,0,0,7.0,24.0,0.49,0.31,0.09,0.09,0.5142502482621648,0.3261668321747765,0.0738331678252234,0.1142502482621648,0.49,0.31,0.09,0.09,31071.0,31071.0,17.16128806819164,37.07131122718208,13680.0,13680.0,11.24262235595733,25.93438100939814,17391.0,17391.0,21.816991992253826,38.695887889645725,31071.0,48.99999999999999,13.616460437574917,33.305827874612355,13680.0,37.99999999999999,11.242622355957336,25.949551416901173,17391.0,10.999999999999998,21.816991992253826,38.695887889645725,49.0,49.0,12.791286084904426,34.37942708286119,38.0,38.0,10.28683505136446,26.370818780618507,11.0,11.0,21.44302601895157,34.37942708286119,82.0,82.0,16.304236668826036,35.78097655606325,38.0,38.0,10.28683505136446,26.370818780618507,44.0,44.0,21.501083520270125,38.89329688024167
M20O80D1,work-1,2801,2.801,100,126.0,0.0254545454545454,2.52,0.44,0.26,3.4,2.3,160,12600.0,139.0,0.011031746031746,1.7375,0.25,199,60,0.5,0.5046673286991062,44.53823237338629,32.40986717267552,151.29166666666666,0,0,9.0,24.0,0.44,0.33,0.07,0.04,0.5046673286991062,0.3785004965243297,0.1023336643495531,0.0238331678252234,0.44,0.33,0.07,0.04,30492.0,30492.0,17.807595494301207,37.402004651613,11520.0,11520.0,9.918336079687966,33.619230076975896,18972.0,18972.0,22.598037643591976,39.836966909587225,30492.0,43.99999999999999,13.376436506207243,35.49030645494224,11520.0,32.0,9.918336079687966,33.619230076975896,18972.0,11.999999999999998,22.59803764359198,39.836966909587225,44.0,44.0,12.3880419831815,34.55932940557927,32.0,32.0,8.913955453879296,34.48833354659501,12.0,12.0,21.652272727987366,40.63835654618664,80.0,80.0,16.92836521741746,35.506393805729765,32.0,32.0,8.913955453879296,34.48833354659501,48.0,48.0,22.271305059776243,37.887187227162165
M20O80D1,work-1,2901,2.901,100,147.0,0.0296969696969696,2.94,0.51,0.23,5.05,2.4125,160,12600.0,168.0,0.0133333333333333,2.1,0.35,228,60,0.54375,0.5463753723932473,49.713670969877526,53.46299810246679,149.89236111111111,0,0,9.0,23.0,0.51,0.32,0.15,0.04,0.5463753723932473,0.3725422045680238,0.15,0.0238331678252234,0.51,0.32,0.15,0.04,33012.0,33012.0,15.93349588749576,32.488718939787645,14040.0,14040.0,10.996506820232328,29.05871182320296,18972.0,18972.0,19.58705515928464,33.57069297970049,33012.0,50.99999999999999,13.01781231177405,30.88490668341198,14040.0,38.99999999999999,10.996506820232332,29.058919650895326,18972.0,11.999999999999998,19.58705515928464,33.57069297970049,51.0,51.0,12.041109851637708,27.2437525048072,39.0,39.0,9.96528581846177,29.040553273239556,12.0,12.0,18.787537959459502,26.15654040429325,87.0,87.0,15.063825379739226,31.980490863636398,39.0,39.0,9.96528581846177,29.040553273239556,48.0,48.0,19.206388773277155,33.9191239422749
M20O80D1,work-1,3001,3.001,100,157.0,0.0317171717171717,3.14,0.54,0.33,5.4,2.575,160,12600.0,179.0,0.0142063492063492,2.2375,0.30625,239,60,0.61875,0.624875868917577,51.92154915590864,60.44908285895003,151.48611111111111,0,0,10.0,22.0,0.54,0.32,0.16,0.06,0.624875868917577,0.3927507447864945,0.1761668321747765,0.0559582919563058,0.54,0.32,0.16,0.06,37755.0,37755.0,18.59476145545589,36.55641671821543,14040.0,14040.0,11.623630777423813,32.20138357851292,23715.0,23715.0,22.721882464082093,37.99678652312924,37755.0,54.0,14.706478468162224,34.59699030461055,14040.0,38.99999999999999,11.623630777423816,32.21833323296718,23715.0,14.999999999999998,22.721882464082093,37.99678652312924,54.0,54.0,13.698010242539302,31.831633130663217,39.0,39.0,10.61680518838679,33.69911047231718,15.0,15.0,21.70914338333584,31.831633130663217,99.0,99.0,17.8171805203843,35.90145264739389,39.0,39.0,10.61680518838679,33.69911047231718,60.0,60.0,22.497424486182684,36.50641126840938
M20O80D1,work-1,3101,3.101,100,149.0,0.0301010101010101,2.98,0.6,0.21,4.35,2.6375,160,12600.0,166.0,0.0131746031746031,2.075,0.325,226,60,0.6,0.6,47.87156570671963,39.31372549019608,157.69791666666666,0,0,10.0,25.0,0.6,0.35,0.17,0.08,0.6,0.4106256206554121,0.1214995034756703,0.0678748758689175,0.6,0.35,0.17,0.08,36252.0,36252.0,17.012241250680503,34.954061245830474,17280.0,17280.0,12.915772794216885,32.52068986020995,18972.0,18972.0,20.74337001558096,35.847974294987026,36252.0,60.0,14.481292238489695,33.717917494172106,17280.0,48.0,12.915772794216885,32.525542384259765,18972.0,11.999999999999998,20.743370015580965,35.847974294987026,60.0,60.0,13.52372890979356,30.858523939475862,48.0,48.0,12.115462766490603,32.26726983362786,12.0,12.0,19.156793483005377,30.395321545457843,96.0,96.0,16.182973370702083,32.92846506588732,48.0,48.0,12.115462766490603,32.26726983362786,48.0,48.0,20.25048397491355,36.68796425725619
M20O80D1,work-1,3201,3.201,100,170.0,0.0343434343434343,3.4,0.58,0.19,4.55,3.1125,160,12600.0,196.0,0.0155555555555555,2.45,0.3625,256,60,0.56875,0.5678748758689176,56.74611055941741,49.10183428209994,184.1875,0,0,7.0,27.0,0.58,0.34,0.16,0.08,0.5678748758689176,0.3440417080436941,0.1357497517378351,0.0880834160873882,0.58,0.34,0.16,0.08,34311.0,34311.0,13.572920095751003,29.233987294526763,16920.0,16920.0,10.492494181064432,29.847276451391792,17391.0,17391.0,16.569918915628918,28.84177296491879,34311.0,57.99999999999999,11.645109216930116,29.60154863167093,16920.0,46.99999999999999,10.492494181064435,29.85607387450229,17391.0,10.999999999999998,16.569918915628925,28.84177296491879,58.0,58.0,10.338011700599523,28.528740041254675,47.0,47.0,9.356456752728857,32.0588116575417,11.0,11.0,14.531928296046912,21.565131377279076,91.0,91.0,12.72993858311698,28.1053776935288,47.0,47.0,9.356456752728857,32.0588116575417,44.0,44.0,16.333430538304295,27.303484388968176
M20O80D1,work-1,3301,3.301,100,150.0,0.0303030303030303,3.0,0.31,0.15,3.4,2.9,160,12600.0,172.0,0.0136507936507936,2.15,0.16875,232,60,0.325,0.3261668321747765,63.96060906984442,46.448450347881085,217.37152777777777,0,0,6.0,27.0,0.54,0.33,0.1,0.11,0.5642502482621649,0.3178748758689175,0.1202085402184707,0.1261668321747765,0.54,0.33,0.1,0.11,34092.0,34092.0,18.713941284536418,43.68809336795336,15120.0,15120.0,11.946804512542306,34.075512274630874,18972.0,18972.0,24.107105315347663,45.25922128502645,34092.0,53.99999999999999,14.649093579832387,39.71013920923352,15120.0,41.99999999999999,11.946804512542306,34.0770863347471,18972.0,11.999999999999998,24.10710531534767,45.25922128502645,54.0,54.0,13.736450842180664,39.17736062808935,42.0,42.0,10.9304878025075,31.62386753331332,12.0,12.0,23.55732148103674,45.37984094661388,90.0,90.0,17.89773021032211,44.80409637803332,42.0,42.0,10.9304878025075,31.62386753331332,48.0,48.0,23.99406731715989,45.781598776730185
M20O80D1,work-1,3401,3.401,100,136.0,0.0274747474747474,2.72,0.59,0.18,3.7,2.475,160,12600.0,152.0,0.012063492063492,1.9,0.3125,212,60,0.66875,0.674875868917577,48.12479311486263,37.77672359266287,160.44791666666666,0,0,6.0,26.0,0.59,0.32,0.08,0.19,0.674875868917577,0.3119165839126117,0.0678748758689175,0.2950844091360476,0.59,0.32,0.08,0.19,40776.0,40776.0,22.537635559461947,43.599188843868895,15480.0,15480.0,12.847270217176098,36.90788208060727,25296.0,25296.0,28.46769784198033,46.96516662977302,40776.0,59.0,17.083318386614533,40.14676447181196,15480.0,42.99999999999999,12.847270217176105,36.93554443504458,25296.0,15.999999999999996,28.467697841980343,46.96516662977302,59.0,59.0,16.388051060316947,41.09363602155446,43.0,43.0,11.984300051095056,37.98414589429422,16.0,16.0,28.223131897600783,48.54882631226298,107.0,107.0,21.836650123738007,42.30632935877503,43.0,43.0,11.984300051095056,37.98414589429422,64.0,64.0,28.456197828794995,47.23545017737141
M20O80D1,work-1,3501,3.501,100,158.0,0.0319191919191919,3.16,0.67,0.15,4.25,2.8875,160,12600.0,177.0,0.014047619047619,2.2125,0.31875,237,60,0.7,0.7023336643495531,50.39556438265475,35.17394054395952,172.83333333333334,0,0,7.0,28.0,0.67,0.35,0.11,0.21,0.7023336643495531,0.35,0.1059582919563058,0.2463753723932472,0.67,0.35,0.11,0.21,42435.0,42435.0,21.04052756729229,38.18478458714808,18720.0,18720.0,13.925508982181787,34.24434073705634,23715.0,23715.0,26.65693692479888,39.7591152706784,42435.0,67.0,16.775828670827405,36.43713623440247,18720.0,52.0,13.925508982181784,34.256045742410926,23715.0,14.999999999999998,26.65693692479888,39.7591152706784,67.0,67.0,15.944961824073676,34.77696384607921,52.0,52.0,12.935068826269848,34.04587986537253,15.0,15.0,26.37925754979361,38.09844217580288,112.0,112.0,20.225814763664875,37.48926491773016,52.0,52.0,12.935068826269848,34.04587986537253,60.0,60.0,26.54446124274056,38.13394338304546
M20O80D1,work-1,3601,3.601,100,157.0,0.0317171717171717,3.14,0.55,0.18,3.65,3.0125,160,12600.0,175.0,0.0138888888888888,2.1875,0.30625,235,60,0.55,0.55,50.53624627606753,48.8899430740038,158.36458333333334,0,0,6.0,28.0,0.55,0.34,0.11,0.1,0.55,0.3238331678252234,0.1059582919563058,0.1202085402184707,0.55,0.34,0.11,0.1,33231.0,33231.0,15.074003494199836,29.389636828222184,15840.0,15840.0,9.524268063924003,22.74093782185187,17391.0,17391.0,20.12879098287612,32.03492944134509,33231.0,54.99999999999999,11.64517264771443,25.617702670383817,15840.0,43.99999999999999,9.524268063924003,22.7587695674269,17391.0,10.999999999999998,20.12879098287612,32.03492944134509,55.0,55.0,10.362505451761296,26.093439688718217,44.0,44.0,8.454177027733524,22.786408815047626,11.0,11.0,17.99581914787238,29.548349737958784,88.0,88.0,14.152793802289688,28.440781596848453,44.0,44.0,8.454177027733524,22.786408815047626,44.0,44.0,19.85141057684585,30.563896784743893
M20O80D1,work-1,3701,3.701,100,159.0,0.0321212121212121,3.18,0.61,0.24,4.35,2.8875,160,12600.0,179.0,0.0142063492063492,2.2375,0.34375,239,60,0.64375,0.6463753723932473,46.18503806686528,40.19291587602783,149.65625,0,0,6.0,29.0,0.61,0.35,0.13,0.13,0.6463753723932473,0.3297914597815293,0.158291956305859,0.158291956305859,0.61,0.35,0.13,0.13,39054.0,39054.0,19.089199043187204,40.55354791958037,16920.0,16920.0,11.213636465719151,30.52543924988304,22134.0,22134.0,25.10955319565668,42.65930804726306,39054.0,61.0,14.402863256196618,36.40004787311269,16920.0,46.99999999999999,11.213636465719157,30.53153665965549,22134.0,13.999999999999998,25.109553195656684,42.65930804726306,61.0,61.0,13.492866566177335,37.14183555166039,47.0,47.0,10.320021761418197,29.731826866281537,14.0,14.0,24.144559839297308,40.73746595769668,103.0,103.0,18.23207173329597,39.146341227161976,47.0,47.0,10.320021761418197,29.731826866281537,56.0,56.0,24.872542245407683,43.01971049705176
M20O80D1,work-1,3801,3.801,100,163.0,0.0329292929292929,3.26,0.56,0.2,4.15,3.0375,160,12600.0,181.0,0.0143650793650793,2.2625,0.3625,241,60,0.55625,0.5559582919563059,51.425024826216486,37.30234029095509,174.81597222222223,0,0,8.0,29.0,0.56,0.37,0.16,0.03,0.5559582919563059,0.3821251241310824,0.1559582919563058,0.0178748758689175,0.56,0.37,0.16,0.03,33591.0,33591.0,15.55769567700707,30.87050934004558,16200.0,16200.0,10.152077539170095,28.06619859533555,17391.0,17391.0,20.593117092276973,32.736922368454955,33591.0,56.0,12.202996022816093,29.35873201869513,16200.0,44.99999999999999,10.1520775391701,28.067707243919592,17391.0,10.999999999999998,20.59311709227698,32.736922368454955,56.0,56.0,11.214898612149025,28.549532833409632,45.0,45.0,9.083572804213802,28.52671774504481,11.0,11.0,19.933958735520385,28.549532833409632,89.0,89.0,14.582800400051427,30.34452219468245,45.0,45.0,9.083572804213802,28.52671774504481,44.0,44.0,20.207010441249,32.16960843775227
M20O80D1,work-1,3901,3.901,100,192.0,0.0387878787878787,3.84,0.63,0.23,4.35,3.7125,160,12600.0,210.0,0.0166666666666666,2.625,0.325,270,60,0.6375,0.6380834160873883,58.16617014233697,51.935483870967744,187.03472222222223,0,0,8.0,27.0,0.63,0.35,0.18,0.1,0.6380834160873883,0.3702085402184707,0.1880834160873883,0.0797914597815293,0.63,0.35,0.18,0.1,38553.0,38553.0,18.0936622099469,38.1100737232249,18000.0,18000.0,11.964079866982892,32.49613400375435,20553.0,20553.0,23.46185576676839,39.79785260651337,38553.0,63.0,14.336636798684664,35.401567730473865,18000.0,50.00000000000001,11.964079866982892,32.49843746339039,20553.0,12.999999999999998,23.461855766768394,39.79785260651337,63.0,63.0,13.475139334807928,34.978665747505865,50.0,50.0,11.03473412398918,30.44839035854982,13.0,13.0,22.861313222572345,34.978665747505865,102.0,102.0,17.289611385003806,37.73881161663476,50.0,50.0,11.03473412398918,30.44839035854982,52.0,52.0,23.303916443671707,39.25749483850328
M20O80D1,work-1,4001,4.001,100,142.0,0.0286868686868686,2.84,0.48,0.28,4.0,2.55,160,12600.0,159.0,0.0126190476190476,1.9875,0.28125,219,60,0.54375,0.5487090367428004,49.51175107580272,38.74446552814674,165.20486111111111,0,0,8.0,25.0,0.48,0.33,0.1,0.05,0.5487090367428004,0.3582919563058589,0.1404170804369414,0.05,0.48,0.33,0.1,0.05,33153.0,33153.0,16.514895106270313,33.564462520951736,12600.0,12600.0,10.517288447591298,31.55562365412581,20553.0,20553.0,20.19172300970804,34.19473904319458,33153.0,48.0,13.13744780816458,32.62230156267705,12600.0,35.0,10.517288447591296,31.582691834043374,20553.0,12.999999999999998,20.19172300970804,34.19473904319458,48.0,48.0,12.026642497526456,31.282998745531177,35.0,35.0,9.388927105440343,31.282998745531177,13.0,13.0,19.12818393775829,28.8738648203648,87.0,87.0,15.593915608614813,32.40724987027587,35.0,35.0,9.388927105440343,31.282998745531177,52.0,52.0,19.77035017805916,32.40724987027587
M20O80D1,work-1,4101,4.101,100,166.0,0.0335353535353535,3.32,0.58,0.15,5.1,2.875,160,12600.0,185.0,0.0146825396825396,2.3125,0.425,245,60,0.5875,0.5880834160873882,53.968884475339294,46.24920936116382,175.66666666666666,0,0,8.0,27.0,0.58,0.35,0.14,0.09,0.5880834160873882,0.3702085402184707,0.1238331678252234,0.0940417080436941,0.58,0.35,0.14,0.09,35532.0,35532.0,16.38141171797894,35.73627617648291,16560.0,16560.0,11.690208778705458,28.533284111100237,18972.0,18972.0,20.47619986231632,37.990264367454806,35532.0,57.99999999999999,13.508000037383573,30.829733154710866,16560.0,45.99999999999999,11.69020877870546,28.53458632103033,18972.0,11.999999999999998,20.476199862316328,37.990264367454806,58.0,58.0,12.255838667469847,28.819478076322728,46.0,46.0,10.669754658317135,28.735093370995,12.0,12.0,18.335827369221928,33.70832797411352,94.0,94.0,15.418650020461056,36.31107828104125,46.0,46.0,10.669754658317135,28.735093370995,48.0,48.0,19.969674742515647,37.72922147495826
M20O80D1,work-1,4201,4.2010000000000005,100,161.0,0.0325252525252525,3.22,0.54,0.21,4.3,2.95,160,12600.0,184.0,0.0146031746031746,2.3,0.38125,244,60,0.58125,0.5844587884806356,59.659053293611386,45.86654016445288,199.96180555555557,0,0,7.0,27.0,0.54,0.34,0.13,0.07,0.5844587884806356,0.3440417080436941,0.158291956305859,0.0821251241310824,0.54,0.34,0.13,0.07,35313.0,35313.0,17.296816439610044,37.94380056067149,14760.0,14760.0,10.801780689892222,29.51573818254707,20553.0,20553.0,21.96118308515255,40.21096165134132,35313.0,53.99999999999999,13.488303488751193,33.32620033679715,14760.0,41.0,10.801780689892224,29.52045213701389,20553.0,12.999999999999998,21.961183085152552,40.21096165134132,54.0,54.0,12.203945791496396,30.615751582716523,41.0,41.0,9.682765525481278,29.58838924684612,13.0,13.0,20.15536047662101,34.06279485981427,93.0,93.0,16.327898322704556,36.91451718729152,41.0,41.0,9.682765525481278,29.58838924684612,52.0,52.0,21.567329951284453,38.90162794048231
M20O80D1,work-1,4301,4.301,100,129.0,0.026060606060606,2.58,0.48,0.3,3.45,2.3625,160,12600.0,152.0,0.012063492063492,1.9,0.2875,212,60,0.525,0.5285004965243297,51.44654088050314,64.29791271347248,145.26736111111111,0,0,6.0,27.0,0.48,0.33,0.1,0.05,0.5285004965243297,0.3178748758689175,0.1404170804369414,0.0702085402184707,0.48,0.33,0.1,0.05,31932.0,31932.0,16.000139373838895,35.2337242679705,12960.0,12960.0,9.039992901439255,24.013916343171303,18972.0,18972.0,20.754698633922136,36.66391434360286,31932.0,47.99999999999999,11.968669334559982,30.141776668478368,12960.0,36.0,9.03999290143926,24.018144047691766,18972.0,11.999999999999998,20.75469863392214,36.66391434360286,48.0,48.0,10.695623914672842,27.05250527616209,36.0,36.0,7.79586642074187,23.97560171258544,12.0,12.0,19.394896396465743,28.73546854655219,84.0,84.0,14.9840461185752,34.507705238650864,36.0,36.0,7.79586642074187,23.97560171258544,48.0,48.0,20.37518089195019,35.52504356797942
M20O80D1,work-1,4401,4.401,100,151.0,0.0305050505050505,3.02,0.45,0.24,4.5,2.65,160,12600.0,187.0,0.0148412698412698,2.3375,0.39375,247,60,0.45,0.45,53.55511420059583,64.82605945604048,153.53472222222223,0,0,7.0,26.0,0.45,0.33,0.1,0.02,0.45,0.3380834160873883,0.1,0.0119165839126117,0.45,0.33,0.1,0.02,27189.0,27189.0,11.722338536657444,25.58198473437178,12960.0,12960.0,7.688657168065395,22.494764807681378,14229.0,14229.0,15.39627982114356,29.373617688209983,27189.0,44.99999999999999,9.230181698681031,23.65162898757318,12960.0,36.0,7.688657168065396,22.495970900927546,14229.0,8.999999999999996,15.396279821143567,29.373617688209983,45.0,45.0,8.101636760245214,22.244797467310445,36.0,36.0,6.636998689324706,22.244797467310445,9.0,9.0,13.960189043927247,33.74661230308857,72.0,72.0,10.810163354145423,23.52297906473497,36.0,36.0,6.636998689324706,22.244797467310445,36.0,36.0,14.983328018966148,29.41059153905813
M20O80D1,work-1,4501,4.501,100,139.0,0.028080808080808,2.78,0.46,0.29,4.1,2.45,160,12600.0,170.0,0.0134920634920634,2.125,0.35,230,60,0.475,0.4761668321747765,48.68255544521681,45.42694497153701,154.38888888888889,0,0,7.0,26.0,0.46,0.33,0.09,0.04,0.4761668321747765,0.3380834160873883,0.1142502482621648,0.0238331678252234,0.46,0.33,0.09,0.04,28770.0,28770.0,13.899888041459532,34.15162853592215,12960.0,12960.0,8.936671570649397,20.540280606295504,15810.0,15810.0,17.9684070459946,36.95725776633282,28770.0,46.0,10.900092326159225,31.381211186650084,12960.0,36.0,8.936671570649397,20.543534615211318,15810.0,10.0,17.9684070459946,36.95725776633282,46.0,46.0,9.810940821537836,31.71306036565671,36.0,36.0,7.844365972337948,21.4706721166695,10.0,10.0,16.890610278657444,37.05417338240629,76.0,76.0,13.01607148526201,34.402902694408915,36.0,36.0,7.844365972337948,21.4706721166695,40.0,40.0,17.670606446893665,37.19103954344413
M20O80D1,work-1,4601,4.601,100,125.0,0.0252525252525252,2.5,0.56,0.26,3.85,2.1625,160,12600.0,143.0,0.0113492063492063,1.7875,0.2625,203,60,0.59375,0.5963753723932472,51.58722277391592,62.03668564199874,148.34027777777777,0,0,6.0,25.0,0.56,0.31,0.09,0.16,0.5963753723932472,0.3059582919563058,0.0940417080436941,0.1963753723932472,0.56,0.31,0.09,0.16,36033.0,36033.0,17.810554325124382,35.7368158539454,15480.0,15480.0,13.067782281482987,33.73806013846702,20553.0,20553.0,21.38269032646573,36.67245676820052,36033.0,56.0,14.99802879192541,34.67128159865984,15480.0,42.99999999999999,13.067782281482994,33.74407984702442,20553.0,12.999999999999998,21.38269032646573,36.67245676820052,56.0,56.0,14.09933090420336,34.27700387785929,43.0,43.0,11.979491322978244,33.7535516295844,13.0,13.0,21.11110798056336,39.25056635770468,95.0,95.0,17.038630463555712,35.954125246529614,43.0,43.0,11.979491322978244,33.7535516295844,52.0,52.0,21.22214936826401,36.82382962298848
M20O80D1,work-1,4701,4.7010000000000005,100,127.0,0.0256565656565656,2.54,0.55,0.26,3.55,2.2875,160,12600.0,147.0,0.0116666666666666,1.8375,0.35625,207,60,0.625,0.6308341608738828,43.43429328037074,36.36938646426312,142.3125,0,0,6.0,24.0,0.55,0.3,0.08,0.17,0.6308341608738828,0.3,0.1285004965243296,0.2023336643495531,0.55,0.3,0.08,0.17,38115.0,38115.0,21.195442694150103,43.40068196984127,14400.0,14400.0,12.803736950538044,33.94162846381737,23715.0,23715.0,26.29097559349709,45.51614020423946,38115.0,55.00000000000001,16.482074762254147,38.40099345254371,14400.0,40.0,12.803736950538044,33.945978320027535,23715.0,14.999999999999998,26.290975593497095,45.51614020423946,55.0,55.0,15.358874911157669,35.45923757339557,40.0,40.0,11.799044909224204,31.748508719162302,15.0,15.0,24.851754916313585,43.72555699644928,100.0,100.0,20.37889794900676,43.74660233756617,40.0,40.0,11.799044909224204,31.748508719162302,60.0,60.0,26.09879997552846,45.28065800633537
M20O80D1,work-1,4801,4.801,100,139.0,0.028080808080808,2.78,0.49,0.25,3.9,2.5,160,12600.0,168.0,0.0133333333333333,2.1,0.3,228,60,0.49375,0.4940417080436941,56.36047666335651,51.01518026565465,180.46875,0,0,6.0,26.0,0.49,0.32,0.1,0.07,0.4940417080436941,0.3119165839126117,0.1404170804369414,0.041708043694141,0.49,0.32,0.1,0.07,29850.0,29850.0,15.944649655095596,34.07127399140554,14040.0,14040.0,11.261734582989074,33.578923843263354,15810.0,15810.0,20.103291502810684,34.24839484164364,29850.0,49.0,13.06613395438124,33.80500421099268,14040.0,38.99999999999999,11.26173458298908,33.5818615547486,15810.0,10.0,20.103291502810684,34.24839484164364,49.0,49.0,11.785679261681183,35.15337632892495,39.0,39.0,10.1419353763162,35.15337632892495,10.0,10.0,18.19628041460462,32.392117563570395,79.0,79.0,14.932643343716949,34.25275749464298,39.0,39.0,10.1419353763162,35.15337632892495,40.0,40.0,19.603583611932677,32.021952519557104
M20O80D1,work-1,4901,4.901,100,143.0,0.0288888888888888,2.86,0.5,0.16,3.75,2.6375,160,12600.0,164.0,0.013015873015873,2.05,0.35,224,60,0.5,0.5,52.315458457464416,48.31119544592031,166.46527777777777,0,0,6.0,28.0,0.5,0.34,0.09,0.07,0.5,0.3238331678252234,0.0738331678252234,0.1023336643495531,0.5,0.34,0.09,0.07,30210.0,30210.0,13.90317219414644,26.69991315037052,14400.0,14400.0,8.919395051465361,21.53089471890464,15810.0,15810.0,18.44247585351441,28.29113166624669,30210.0,49.99999999999999,10.824011211875172,24.53757737009443,14400.0,40.0,8.919395051465361,21.53272471260316,15810.0,10.0,18.44247585351441,28.29113166624669,50.0,50.0,9.69770816078366,23.671018248864925,40.0,40.0,7.79056521689365,20.250393890339275,10.0,10.0,17.326279936343695,24.09183948284285,80.0,80.0,12.95535508499886,26.227260437262984,40.0,40.0,7.79056521689365,20.250393890339275,40.0,40.0,18.12014495310407,26.4495253703379
M50O0D1,work-1,1001,1.001,50,126.0,0.1028571428571428,5.04,0.94,0.02,5.04,,200,19600.0,192.0,0.0097959183673469,1.92,0.39,342,150,0.94,0.94,25.662239089184062,51.324478178368125,,0,0,23.0,0.0,0.94,0.46,0.38,0.1,0.94,0.46,0.38,0.1,0.94,0.46,0.38,0.1,74307.0,74307.0,21.71570155555608,36.27729309191032,0.0,0.0,,,74307.0,74307.0,21.71570155555608,36.27729309191032,74307.0,47.0,21.71570155555608,36.27729309191032,0.0,0.0,,,74307.0,47.0,21.71570155555608,36.27729309191032,47.0,47.0,21.24908701115713,35.85662593352465,0.0,0.0,,,47.0,47.0,21.24908701115713,35.85662593352465,188.0,188.0,21.545938477453102,35.91142777306051,0.0,0.0,,,188.0,188.0,21.545938477453102,35.91142777306051
M50O0D1,work-1,1101,1.101,50,142.0,0.1159183673469387,5.68,0.98,0.02,5.68,,200,19600.0,260.0,0.0132653061224489,2.6,0.68,410,150,0.98,0.98,35.68247944339026,71.36495888678051,,0,0,24.0,0.0,0.98,0.48,0.36,0.14,0.98,0.48,0.36,0.14,0.98,0.48,0.36,0.14,77469.0,77469.0,23.23442233488568,36.2862624277894,0.0,0.0,,,77469.0,77469.0,23.23442233488568,36.2862624277894,77469.0,48.99999999999999,23.23442233488568,36.2862624277894,0.0,0.0,,,77469.0,48.99999999999999,23.23442233488568,36.2862624277894,49.0,49.0,22.95796381768077,37.41529096705824,0.0,0.0,,,49.0,49.0,22.95796381768077,37.41529096705824,196.0,196.0,22.99934870978162,36.1318076096668,0.0,0.0,,,196.0,196.0,22.99934870978162,36.1318076096668
M50O0D1,work-1,1201,1.201,50,157.0,0.1281632653061224,6.28,1.0,0.0,6.28,,200,19600.0,255.0,0.0130102040816326,2.55,0.595,405,150,1.0,1.0,28.585705249841872,57.17141049968375,,0,0,23.0,0.0,1.0,0.46,0.42,0.12,1.0,0.46,0.42,0.12,1.0,0.46,0.42,0.12,79050.0,79050.0,22.732625448544752,36.06860337870133,0.0,0.0,,,79050.0,79050.0,22.732625448544752,36.06860337870133,79050.0,50.0,22.73262544854475,36.06860337870133,0.0,0.0,,,79050.0,50.0,22.73262544854475,36.06860337870133,50.0,50.0,22.4470425695381,35.193132020870564,0.0,0.0,,,50.0,50.0,22.4470425695381,35.193132020870564,200.0,200.0,22.521811521807987,35.2703420334823,0.0,0.0,,,200.0,200.0,22.521811521807987,35.2703420334823
M50O0D1,work-1,1301,1.301,50,117.0,0.0955102040816326,4.68,0.94,0.06,4.68,,200,19600.0,200.0,0.010204081632653,2.0,0.53,350,150,0.94,0.94,28.18595825426945,56.3719165085389,,0,0,22.0,0.0,0.94,0.44,0.28,0.22,0.94,0.44,0.28,0.22,0.94,0.44,0.28,0.22,74307.0,74307.0,21.905933896795343,35.46972673683672,0.0,0.0,,,74307.0,74307.0,21.905933896795343,35.46972673683672,74307.0,47.0,21.905933896795343,35.46972673683672,0.0,0.0,,,74307.0,47.0,21.905933896795343,35.46972673683672,47.0,47.0,20.81616319172852,30.76585110451873,0.0,0.0,,,47.0,47.0,20.81616319172852,30.76585110451873,188.0,188.0,21.653063680415407,34.855712619080656,0.0,0.0,,,188.0,188.0,21.653063680415407,34.855712619080656
M50O0D1,work-1,1401,1.401,50,138.0,0.1126530612244898,5.52,1.0,0.0,5.52,,200,19600.0,229.0,0.0116836734693877,2.29,0.335,379,150,1.0,1.0,26.62618595825427,53.25237191650854,,0,0,22.0,0.0,1.0,0.44,0.34,0.22,1.0,0.44,0.34,0.22,1.0,0.44,0.34,0.22,79050.0,79050.0,23.11971253717716,35.79076678078625,0.0,0.0,,,79050.0,79050.0,23.11971253717716,35.79076678078625,79050.0,50.0,23.11971253717716,35.79076678078625,0.0,0.0,,,79050.0,50.0,23.11971253717716,35.79076678078625,50.0,50.0,22.691084718362426,34.89363099974337,0.0,0.0,,,50.0,50.0,22.691084718362426,34.89363099974337,200.0,200.0,22.963698175980586,35.42742092133818,0.0,0.0,,,200.0,200.0,22.963698175980586,35.42742092133818
M50O0D1,work-1,1501,1.501,50,125.0,0.1020408163265306,5.0,1.0,0.0,5.0,,200,19600.0,190.0,0.0096938775510204,1.9,0.435,340,150,1.0,1.0,22.0404807084124,44.08096141682479,,0,0,24.0,0.0,1.0,0.48,0.36,0.16,1.0,0.48,0.36,0.16,1.0,0.48,0.36,0.16,79050.0,79050.0,23.49380849206194,35.7199153386345,0.0,0.0,,,79050.0,79050.0,23.49380849206194,35.7199153386345,79050.0,50.0,23.49380849206193,35.7199153386345,0.0,0.0,,,79050.0,50.0,23.49380849206193,35.7199153386345,50.0,50.0,23.134127774711963,35.10597916420595,0.0,0.0,,,50.0,50.0,23.134127774711963,35.10597916420595,200.0,200.0,23.35851385723468,35.436367051724254,0.0,0.0,,,200.0,200.0,23.35851385723468,35.436367051724254
M50O0D1,work-1,1601,1.601,50,130.0,0.1061224489795918,5.2,0.98,0.02,5.2,,200,19600.0,217.0,0.0110714285714285,2.17,0.35,367,150,0.98,0.98,25.796331435800127,51.592662871600254,,0,0,25.0,0.0,0.98,0.5,0.3,0.18,0.98,0.5,0.3,0.18,0.98,0.5,0.3,0.18,77469.0,77469.0,22.01797142227456,33.94376830897003,0.0,0.0,,,77469.0,77469.0,22.01797142227456,33.94376830897003,77469.0,48.99999999999999,22.017971422274567,33.94376830897003,0.0,0.0,,,77469.0,48.99999999999999,22.017971422274567,33.94376830897003,49.0,49.0,21.92597742032966,33.69858767828299,0.0,0.0,,,49.0,49.0,21.92597742032966,33.69858767828299,196.0,196.0,21.79790145910606,34.44417324961681,0.0,0.0,,,196.0,196.0,21.79790145910606,34.44417324961681
M50O0D1,work-1,1701,1.701,50,127.0,0.1036734693877551,5.08,0.98,0.02,5.08,,200,19600.0,203.0,0.0103571428571428,2.03,0.63,353,150,0.98,0.98,22.47944339025933,44.95888678051866,,0,0,22.0,0.0,0.98,0.44,0.34,0.2,0.98,0.44,0.34,0.2,0.98,0.44,0.34,0.2,77469.0,77469.0,22.809737105941863,35.35229362030833,0.0,0.0,,,77469.0,77469.0,22.809737105941863,35.35229362030833,77469.0,48.99999999999999,22.809737105941867,35.35229362030833,0.0,0.0,,,77469.0,48.99999999999999,22.809737105941867,35.35229362030833,49.0,49.0,22.752596878293826,33.21909076590849,0.0,0.0,,,49.0,49.0,22.752596878293826,33.21909076590849,196.0,196.0,22.57622768318117,34.71799879861903,0.0,0.0,,,196.0,196.0,22.57622768318117,34.71799879861903
M50O0D1,work-1,1801,1.801,50,128.0,0.1044897959183673,5.12,1.0,0.0,5.12,,200,19600.0,219.0,0.0111734693877551,2.19,0.43,369,150,1.0,1.0,26.91714104996837,53.83428209993675,,0,0,23.0,0.0,1.0,0.46,0.28,0.26,1.0,0.46,0.28,0.26,1.0,0.46,0.28,0.26,79050.0,79050.0,22.50219783742581,35.4972764860191,0.0,0.0,,,79050.0,79050.0,22.50219783742581,35.4972764860191,79050.0,50.0,22.50219783742581,35.4972764860191,0.0,0.0,,,79050.0,50.0,22.50219783742581,35.4972764860191,50.0,50.0,22.14176742910623,33.29122855120527,0.0,0.0,,,50.0,50.0,22.14176742910623,33.29122855120527,200.0,200.0,22.387312227267184,35.11340908440084,0.0,0.0,,,200.0,200.0,22.387312227267184,35.11340908440084
M50O0D1,work-1,1901,1.901,50,128.0,0.1044897959183673,5.12,0.98,0.02,5.12,,200,19600.0,218.0,0.0111224489795918,2.18,0.46,368,150,0.98,0.98,27.88867805186591,55.77735610373182,,0,0,22.0,0.0,0.98,0.44,0.38,0.16,0.98,0.44,0.38,0.16,0.98,0.44,0.38,0.16,77469.0,77469.0,22.96408268386521,37.23542957490508,0.0,0.0,,,77469.0,77469.0,22.96408268386521,37.23542957490508,77469.0,48.99999999999999,22.96408268386521,37.23542957490508,0.0,0.0,,,77469.0,48.99999999999999,22.96408268386521,37.23542957490508,49.0,49.0,22.58473295883274,37.95157070921455,0.0,0.0,,,49.0,49.0,22.58473295883274,37.95157070921455,196.0,196.0,22.837284676698285,37.84975906114359,0.0,0.0,,,196.0,196.0,22.837284676698285,37.84975906114359
M50O0D1,work-1,2001,2.001,50,134.0,0.1093877551020408,5.36,1.0,0.0,5.36,,200,19600.0,224.0,0.0114285714285714,2.24,0.63,374,150,1.0,1.0,30.251739405439597,60.50347881087919,,0,0,25.0,0.0,1.0,0.5,0.36,0.14,1.0,0.5,0.36,0.14,1.0,0.5,0.36,0.14,79050.0,79050.0,22.178611927727093,35.714272287491326,0.0,0.0,,,79050.0,79050.0,22.178611927727093,35.714272287491326,79050.0,50.0,22.17861192772709,35.714272287491326,0.0,0.0,,,79050.0,50.0,22.17861192772709,35.714272287491326,50.0,50.0,22.021041175423797,33.83028166042666,0.0,0.0,,,50.0,50.0,22.021041175423797,33.83028166042666,200.0,200.0,22.084008640740358,35.40318848253822,0.0,0.0,,,200.0,200.0,22.084008640740358,35.40318848253822
M50O0D1,work-1,2101,2.101,50,129.0,0.1053061224489795,5.16,0.98,0.02,5.16,,200,19600.0,232.0,0.0118367346938775,2.32,0.53,382,150,0.98,0.98,28.33649588867805,56.6729917773561,,0,0,25.0,0.0,0.98,0.5,0.4,0.08,0.98,0.5,0.4,0.08,0.98,0.5,0.4,0.08,77469.0,77469.0,22.92351810307491,36.97692842985561,0.0,0.0,,,77469.0,77469.0,22.92351810307491,36.97692842985561,77469.0,48.99999999999999,22.923518103074912,36.97692842985561,0.0,0.0,,,77469.0,48.99999999999999,22.923518103074912,36.97692842985561,49.0,49.0,22.72217078988907,34.34158493144911,0.0,0.0,,,49.0,49.0,22.72217078988907,34.34158493144911,196.0,196.0,22.856177289881053,37.25188457543061,0.0,0.0,,,196.0,196.0,22.856177289881053,37.25188457543061
M50O0D1,work-1,2201,2.201,50,135.0,0.110204081632653,5.4,1.0,0.0,5.4,,200,19600.0,216.0,0.0110204081632653,2.16,0.61,366,150,1.0,1.0,27.319418089816573,54.638836179633145,,0,0,24.0,0.0,1.0,0.48,0.44,0.08,1.0,0.48,0.44,0.08,1.0,0.48,0.44,0.08,79050.0,79050.0,22.85872491360578,36.17392323360534,0.0,0.0,,,79050.0,79050.0,22.85872491360578,36.17392323360534,79050.0,50.0,22.858724913605784,36.17392323360534,0.0,0.0,,,79050.0,50.0,22.858724913605784,36.17392323360534,50.0,50.0,22.586416607586315,36.139016602341336,0.0,0.0,,,50.0,50.0,22.586416607586315,36.139016602341336,200.0,200.0,22.72227795173469,35.666653355825474,0.0,0.0,,,200.0,200.0,22.72227795173469,35.666653355825474
M50O0D1,work-1,2301,2.301,50,133.0,0.1085714285714285,5.32,0.98,0.02,5.32,,200,19600.0,216.0,0.0110204081632653,2.16,0.585,366,150,0.98,0.98,25.475015812776725,50.95003162555345,,0,0,26.0,0.0,0.98,0.52,0.34,0.12,0.98,0.52,0.34,0.12,0.98,0.52,0.34,0.12,77469.0,77469.0,23.058371338323976,35.78275569915144,0.0,0.0,,,77469.0,77469.0,23.058371338323976,35.78275569915144,77469.0,48.99999999999999,23.058371338323976,35.78275569915144,0.0,0.0,,,77469.0,48.99999999999999,23.058371338323976,35.78275569915144,49.0,49.0,22.588952181122345,35.83495902995627,0.0,0.0,,,49.0,49.0,22.588952181122345,35.83495902995627,196.0,196.0,22.913474997521448,35.92412811679374,0.0,0.0,,,196.0,196.0,22.913474997521448,35.92412811679374
M50O0D1,work-1,2401,2.401,50,143.0,0.116734693877551,5.72,1.0,0.0,5.72,,200,19600.0,234.0,0.011938775510204,2.34,0.56,384,150,1.0,1.0,27.51043643263757,55.020872865275145,,0,0,26.0,0.0,1.0,0.52,0.38,0.1,1.0,0.52,0.38,0.1,1.0,0.52,0.38,0.1,79050.0,79050.0,23.77736062566772,36.93496847576559,0.0,0.0,,,79050.0,79050.0,23.77736062566772,36.93496847576559,79050.0,50.0,23.777360625667725,36.93496847576559,0.0,0.0,,,79050.0,50.0,23.777360625667725,36.93496847576559,50.0,50.0,23.212854625095865,34.76836322987972,0.0,0.0,,,50.0,50.0,23.212854625095865,34.76836322987972,200.0,200.0,23.64746235838714,36.80007265613168,0.0,0.0,,,200.0,200.0,23.64746235838714,36.80007265613168
M50O0D1,work-1,2501,2.501,50,135.0,0.110204081632653,5.4,0.96,0.04,5.4,,200,19600.0,227.0,0.0115816326530612,2.27,0.52,377,150,0.96,0.96,27.805186590765334,55.61037318153068,,0,0,28.0,0.0,0.96,0.56,0.36,0.04,0.96,0.56,0.36,0.04,0.96,0.56,0.36,0.04,75888.0,75888.0,20.09033923753681,31.405225958504133,0.0,0.0,,,75888.0,75888.0,20.09033923753681,31.405225958504133,75888.0,47.99999999999999,20.090339237536813,31.405225958504133,0.0,0.0,,,75888.0,47.99999999999999,20.090339237536813,31.405225958504133,48.0,48.0,19.552243518313123,29.810875339144182,0.0,0.0,,,48.0,48.0,19.552243518313123,29.810875339144182,192.0,192.0,19.92910642230383,30.55102360780212,0.0,0.0,,,192.0,192.0,19.92910642230383,30.55102360780212
M50O0D1,work-1,2601,2.601,50,144.0,0.1175510204081632,5.76,0.98,0.02,5.76,,200,19600.0,223.0,0.0113775510204081,2.23,0.42,373,150,0.98,0.98,27.323213156230235,54.64642631246047,,0,0,29.0,0.0,0.98,0.58,0.36,0.04,0.98,0.58,0.36,0.04,0.98,0.58,0.36,0.04,77469.0,77469.0,22.43146418648765,34.631789288056346,0.0,0.0,,,77469.0,77469.0,22.43146418648765,34.631789288056346,77469.0,48.99999999999999,22.43146418648765,34.631789288056346,0.0,0.0,,,77469.0,48.99999999999999,22.43146418648765,34.631789288056346,49.0,49.0,21.73787833084924,32.65837433748988,0.0,0.0,,,49.0,49.0,21.73787833084924,32.65837433748988,196.0,196.0,22.236816216146988,35.03293292938525,0.0,0.0,,,196.0,196.0,22.236816216146988,35.03293292938525
M50O0D1,work-1,2701,2.701,50,140.0,0.1142857142857142,5.6,1.0,0.0,5.6,,200,19600.0,220.0,0.0112244897959183,2.2,0.51,370,150,1.0,1.0,23.43453510436433,46.86907020872865,,0,0,25.0,0.0,1.0,0.5,0.38,0.12,1.0,0.5,0.38,0.12,1.0,0.5,0.38,0.12,79050.0,79050.0,21.164067446143413,33.60320558305351,0.0,0.0,,,79050.0,79050.0,21.164067446143413,33.60320558305351,79050.0,50.0,21.164067446143417,33.60320558305351,0.0,0.0,,,79050.0,50.0,21.164067446143417,33.60320558305351,50.0,50.0,20.967982136601005,32.286199486573096,0.0,0.0,,,50.0,50.0,20.967982136601005,32.286199486573096,200.0,200.0,20.9393194132158,33.06830671739389,0.0,0.0,,,200.0,200.0,20.9393194132158,33.06830671739389
M50O0D1,work-1,2801,2.801,50,154.0,0.1257142857142857,6.16,0.98,0.02,6.16,,200,19600.0,256.0,0.0130612244897959,2.56,0.57,406,150,0.98,0.98,32.33396584440228,64.66793168880456,,0,0,28.0,0.0,0.98,0.56,0.32,0.1,0.98,0.56,0.32,0.1,0.98,0.56,0.32,0.1,77469.0,77469.0,21.4549274961592,34.69400050722063,0.0,0.0,,,77469.0,77469.0,21.4549274961592,34.69400050722063,77469.0,48.99999999999999,21.454927496159204,34.69400050722063,0.0,0.0,,,77469.0,48.99999999999999,21.454927496159204,34.69400050722063,49.0,49.0,20.97877720187721,34.42286189066759,0.0,0.0,,,49.0,49.0,20.97877720187721,34.42286189066759,196.0,196.0,21.219685311294565,35.36089333043271,0.0,0.0,,,196.0,196.0,21.219685311294565,35.36089333043271
M50O0D1,work-1,2901,2.901,50,148.0,0.1208163265306122,5.92,1.0,0.0,5.92,,200,19600.0,228.0,0.0116326530612244,2.28,0.525,378,150,1.0,1.0,29.90638836179633,59.81277672359266,,0,0,24.0,0.0,1.0,0.48,0.48,0.04,1.0,0.48,0.48,0.04,1.0,0.48,0.48,0.04,79050.0,79050.0,21.464525601498934,34.6122653528562,0.0,0.0,,,79050.0,79050.0,21.464525601498934,34.6122653528562,79050.0,50.0,21.46452560149894,34.6122653528562,0.0,0.0,,,79050.0,50.0,21.46452560149894,34.6122653528562,50.0,50.0,21.09129737987316,31.530403089664837,0.0,0.0,,,50.0,50.0,21.09129737987316,31.530403089664837,200.0,200.0,21.320253172771977,34.191333154181386,0.0,0.0,,,200.0,200.0,21.320253172771977,34.191333154181386
M50O0D1,work-1,3001,3.001,50,132.0,0.1077551020408163,5.28,0.96,0.04,5.28,,200,19600.0,226.0,0.0115306122448979,2.26,0.555,376,150,0.96,0.96,28.36812144212524,56.73624288425047,,0,0,24.0,0.0,0.96,0.48,0.42,0.06,0.96,0.48,0.42,0.06,0.96,0.48,0.42,0.06,75888.0,75888.0,21.491903554126004,33.86920736184717,0.0,0.0,,,75888.0,75888.0,21.491903554126004,33.86920736184717,75888.0,47.99999999999999,21.49190355412601,33.86920736184717,0.0,0.0,,,75888.0,47.99999999999999,21.49190355412601,33.86920736184717,48.0,48.0,20.904437856949293,34.45311157074673,0.0,0.0,,,48.0,48.0,20.904437856949293,34.45311157074673,192.0,192.0,21.223733385284284,33.864025331354185,0.0,0.0,,,192.0,192.0,21.223733385284284,33.864025331354185
M50O0D1,work-1,3101,3.101,50,113.0,0.0922448979591836,4.52,0.98,0.02,4.52,,200,19600.0,184.0,0.0093877551020408,1.84,0.39,334,150,0.98,0.98,22.59076533839342,45.18153067678684,,0,0,23.0,0.0,0.98,0.46,0.36,0.16,0.98,0.46,0.36,0.16,0.98,0.46,0.36,0.16,77469.0,77469.0,22.98715155711773,36.8682655195076,0.0,0.0,,,77469.0,77469.0,22.98715155711773,36.8682655195076,77469.0,48.99999999999999,22.987151557117738,36.8682655195076,0.0,0.0,,,77469.0,48.99999999999999,22.987151557117738,36.8682655195076,49.0,49.0,22.90904991873682,39.203927717615855,0.0,0.0,,,49.0,49.0,22.90904991873682,39.203927717615855,196.0,196.0,22.860261349823976,37.01661387354355,0.0,0.0,,,196.0,196.0,22.860261349823976,37.01661387354355
M50O0D1,work-1,3201,3.201,50,138.0,0.1126530612244898,5.52,0.98,0.02,5.52,,200,19600.0,235.0,0.0119897959183673,2.35,0.7,385,150,0.98,0.98,32.18342820999367,64.36685641998734,,0,0,25.0,0.0,0.98,0.5,0.4,0.08,0.98,0.5,0.4,0.08,0.98,0.5,0.4,0.08,77469.0,77469.0,24.256956531565024,37.95622236437016,0.0,0.0,,,77469.0,77469.0,24.256956531565024,37.95622236437016,77469.0,48.99999999999999,24.256956531565027,37.95622236437016,0.0,0.0,,,77469.0,48.99999999999999,24.256956531565027,37.95622236437016,49.0,49.0,24.529076849333176,40.43383287630704,0.0,0.0,,,49.0,49.0,24.529076849333176,40.43383287630704,196.0,196.0,24.27157267982063,37.899062877152566,0.0,0.0,,,196.0,196.0,24.27157267982063,37.899062877152566
M50O0D1,work-1,3301,3.301,50,134.0,0.1093877551020408,5.36,1.0,0.0,5.36,,200,19600.0,209.0,0.0106632653061224,2.09,0.47,359,150,1.0,1.0,25.748260594560406,51.49652118912081,,0,0,23.0,0.0,1.0,0.46,0.4,0.14,1.0,0.46,0.4,0.14,1.0,0.46,0.4,0.14,79050.0,79050.0,21.672249509436227,35.38137321807884,0.0,0.0,,,79050.0,79050.0,21.672249509436227,35.38137321807884,79050.0,50.0,21.672249509436227,35.38137321807884,0.0,0.0,,,79050.0,50.0,21.672249509436227,35.38137321807884,50.0,50.0,20.83472794121384,33.49100778999533,0.0,0.0,,,50.0,50.0,20.83472794121384,33.49100778999533,200.0,200.0,21.507534449756594,34.595449242511165,0.0,0.0,,,200.0,200.0,21.507534449756594,34.595449242511165
M50O0D1,work-1,3401,3.401,50,131.0,0.106938775510204,5.24,0.98,0.02,5.24,,200,19600.0,221.0,0.0112755102040816,2.21,0.57,371,150,0.98,0.98,27.826691967109426,55.65338393421885,,0,0,24.0,0.0,0.98,0.48,0.42,0.08,0.98,0.48,0.42,0.08,0.98,0.48,0.42,0.08,77469.0,77469.0,22.5917741630399,36.50254538900036,0.0,0.0,,,77469.0,77469.0,22.5917741630399,36.50254538900036,77469.0,48.99999999999999,22.591774163039904,36.50254538900036,0.0,0.0,,,77469.0,48.99999999999999,22.591774163039904,36.50254538900036,49.0,49.0,21.786062849435822,34.21029270063845,0.0,0.0,,,49.0,49.0,21.786062849435822,34.21029270063845,196.0,196.0,22.398804185317417,36.91273004615598,0.0,0.0,,,196.0,196.0,22.398804185317417,36.91273004615598
M50O0D1,work-1,3501,3.501,50,126.0,0.1028571428571428,5.04,0.98,0.02,5.04,,200,19600.0,226.0,0.0115306122448979,2.26,0.515,376,150,0.98,0.98,25.89753320683112,51.79506641366224,,0,0,24.0,0.0,0.98,0.48,0.3,0.2,0.98,0.48,0.3,0.2,0.98,0.48,0.3,0.2,77469.0,77469.0,22.821405239480637,36.78358151347433,0.0,0.0,,,77469.0,77469.0,22.821405239480637,36.78358151347433,77469.0,48.99999999999999,22.82140523948064,36.78358151347433,0.0,0.0,,,77469.0,48.99999999999999,22.82140523948064,36.78358151347433,49.0,49.0,22.629100597962665,37.6960906735576,0.0,0.0,,,49.0,49.0,22.629100597962665,37.6960906735576,196.0,196.0,22.61733036902644,36.697052557402536,0.0,0.0,,,196.0,196.0,22.61733036902644,36.697052557402536
M50O0D1,work-1,3601,3.601,50,136.0,0.1110204081632653,5.44,1.0,0.0,5.44,,200,19600.0,231.0,0.0117857142857142,2.31,0.38,381,150,1.0,1.0,33.19038583175205,66.3807716635041,,0,0,23.0,0.0,1.0,0.46,0.36,0.18,1.0,0.46,0.36,0.18,1.0,0.46,0.36,0.18,79050.0,79050.0,22.36251383831806,36.5909834912648,0.0,0.0,,,79050.0,79050.0,22.36251383831806,36.5909834912648,79050.0,50.0,22.362513838318065,36.5909834912648,0.0,0.0,,,79050.0,50.0,22.362513838318065,36.5909834912648,50.0,50.0,22.19258591951724,36.34887927456371,0.0,0.0,,,50.0,50.0,22.19258591951724,36.34887927456371,200.0,200.0,22.14337681145428,36.07449567281965,0.0,0.0,,,200.0,200.0,22.14337681145428,36.07449567281965
M50O0D1,work-1,3701,3.701,50,131.0,0.106938775510204,5.24,0.98,0.02,5.24,,200,19600.0,222.0,0.0113265306122448,2.22,0.525,372,150,0.98,0.98,23.93548387096774,47.87096774193548,,0,0,22.0,0.0,0.98,0.44,0.32,0.22,0.98,0.44,0.32,0.22,0.98,0.44,0.32,0.22,77469.0,77469.0,21.85872222243948,34.94276970603192,0.0,0.0,,,77469.0,77469.0,21.85872222243948,34.94276970603192,77469.0,48.99999999999999,21.85872222243948,34.94276970603192,0.0,0.0,,,77469.0,48.99999999999999,21.85872222243948,34.94276970603192,49.0,49.0,21.00380996938328,33.4032429028122,0.0,0.0,,,49.0,49.0,21.00380996938328,33.4032429028122,196.0,196.0,21.582323284050357,34.81710421740589,0.0,0.0,,,196.0,196.0,21.582323284050357,34.81710421740589
M50O0D1,work-1,3801,3.801,50,118.0,0.0963265306122449,4.72,0.94,0.06,4.72,,200,19600.0,207.0,0.0105612244897959,2.07,0.555,357,150,0.94,0.94,33.89120809614168,67.78241619228336,,0,0,23.0,0.0,0.94,0.46,0.26,0.22,0.94,0.46,0.26,0.22,0.94,0.46,0.26,0.22,74307.0,74307.0,21.62928101756513,36.03212037695824,0.0,0.0,,,74307.0,74307.0,21.62928101756513,36.03212037695824,74307.0,47.0,21.62928101756513,36.03212037695824,0.0,0.0,,,74307.0,47.0,21.62928101756513,36.03212037695824,47.0,47.0,21.421667031039537,34.74139187901173,0.0,0.0,,,47.0,47.0,21.421667031039537,34.74139187901173,188.0,188.0,21.49183678772433,36.23794820524432,0.0,0.0,,,188.0,188.0,21.49183678772433,36.23794820524432
M50O0D1,work-1,3901,3.901,50,139.0,0.113469387755102,5.56,1.0,0.0,5.56,,200,19600.0,263.0,0.0134183673469387,2.63,0.51,413,150,1.0,1.0,32.2909550917141,64.5819101834282,,0,0,24.0,0.0,1.0,0.48,0.38,0.14,1.0,0.48,0.38,0.14,1.0,0.48,0.38,0.14,79050.0,79050.0,21.96717904254903,36.08481031123601,0.0,0.0,,,79050.0,79050.0,21.96717904254903,36.08481031123601,79050.0,50.0,21.967179042549034,36.08481031123601,0.0,0.0,,,79050.0,50.0,21.967179042549034,36.08481031123601,50.0,50.0,22.1013297427118,36.18169079859065,0.0,0.0,,,50.0,50.0,22.1013297427118,36.18169079859065,200.0,200.0,21.871508755426003,36.17752468197979,0.0,0.0,,,200.0,200.0,21.871508755426003,36.17752468197979
M50O0D1,work-1,4001,4.001,50,130.0,0.1061224489795918,5.2,0.94,0.02,5.2,,200,19600.0,233.0,0.0118877551020408,2.33,0.5,383,150,0.94,0.94,31.390259329538267,62.780518659076535,,0,0,25.0,0.0,0.94,0.5,0.26,0.18,0.94,0.5,0.26,0.18,0.94,0.5,0.26,0.18,74307.0,74307.0,21.10075109952514,36.57659882012436,0.0,0.0,,,74307.0,74307.0,21.10075109952514,36.57659882012436,74307.0,47.0,21.10075109952514,36.57659882012436,0.0,0.0,,,74307.0,47.0,21.10075109952514,36.57659882012436,47.0,47.0,20.112908392881465,36.63528496978888,0.0,0.0,,,47.0,47.0,20.112908392881465,36.63528496978888,188.0,188.0,20.85441911406162,37.05036611467523,0.0,0.0,,,188.0,188.0,20.85441911406162,37.05036611467523
M50O0D1,work-1,4101,4.101,50,130.0,0.1061224489795918,5.2,1.0,0.0,5.2,,200,19600.0,228.0,0.0116326530612244,2.28,0.63,378,150,1.0,1.0,32.106261859582546,64.21252371916509,,0,0,25.0,0.0,1.0,0.5,0.34,0.16,1.0,0.5,0.34,0.16,1.0,0.5,0.34,0.16,79050.0,79050.0,22.524981320741198,35.73751243382203,0.0,0.0,,,79050.0,79050.0,22.524981320741198,35.73751243382203,79050.0,50.0,22.524981320741198,35.73751243382203,0.0,0.0,,,79050.0,50.0,22.524981320741198,35.73751243382203,50.0,50.0,21.72197846810899,34.21322895427154,0.0,0.0,,,50.0,50.0,21.72197846810899,34.21322895427154,200.0,200.0,22.405503870476515,35.43790315982345,0.0,0.0,,,200.0,200.0,22.405503870476515,35.43790315982345
M50O0D1,work-1,4201,4.2010000000000005,50,134.0,0.1093877551020408,5.36,0.98,0.02,5.36,,200,19600.0,220.0,0.0112244897959183,2.2,0.56,370,150,0.98,0.98,24.94117647058824,49.88235294117647,,0,0,23.0,0.0,0.98,0.46,0.38,0.14,0.98,0.46,0.38,0.14,0.98,0.46,0.38,0.14,77469.0,77469.0,22.74724243671956,35.908035266989785,0.0,0.0,,,77469.0,77469.0,22.74724243671956,35.908035266989785,77469.0,48.99999999999999,22.747242436719564,35.908035266989785,0.0,0.0,,,77469.0,48.99999999999999,22.747242436719564,35.908035266989785,49.0,49.0,22.042395722021386,36.37980880478985,0.0,0.0,,,49.0,49.0,22.042395722021386,36.37980880478985,196.0,196.0,22.5183714225534,35.33054999323585,0.0,0.0,,,196.0,196.0,22.5183714225534,35.33054999323585
M50O0D1,work-1,4301,4.301,50,119.0,0.0971428571428571,4.76,0.96,0.04,4.76,,200,19600.0,202.0,0.0103061224489795,2.02,0.43,352,150,0.96,0.96,21.397849462365592,42.795698924731184,,0,0,22.0,0.0,0.96,0.44,0.26,0.26,0.96,0.44,0.26,0.26,0.96,0.44,0.26,0.26,75888.0,75888.0,22.90369204267284,36.60321260060587,0.0,0.0,,,75888.0,75888.0,22.90369204267284,36.60321260060587,75888.0,47.99999999999999,22.903692042672844,36.60321260060587,0.0,0.0,,,75888.0,47.99999999999999,22.903692042672844,36.60321260060587,48.0,48.0,22.229009521725544,36.99448899431687,0.0,0.0,,,48.0,48.0,22.229009521725544,36.99448899431687,192.0,192.0,22.76697230674039,36.15197009858117,0.0,0.0,,,192.0,192.0,22.76697230674039,36.15197009858117
M50O0D1,work-1,4401,4.401,50,125.0,0.1020408163265306,5.0,1.0,0.0,5.0,,200,19600.0,223.0,0.0113775510204081,2.23,0.4,373,150,1.0,1.0,24.93864642631246,49.87729285262492,,0,0,22.0,0.0,1.0,0.44,0.34,0.22,1.0,0.44,0.34,0.22,1.0,0.44,0.34,0.22,79050.0,79050.0,22.809802774873283,35.50798795737248,0.0,0.0,,,79050.0,79050.0,22.809802774873283,35.50798795737248,79050.0,50.0,22.809802774873283,35.50798795737248,0.0,0.0,,,79050.0,50.0,22.809802774873283,35.50798795737248,50.0,50.0,22.269786367766496,33.32097423684604,0.0,0.0,,,50.0,50.0,22.269786367766496,33.32097423684604,200.0,200.0,22.63394056360761,35.50122668486682,0.0,0.0,,,200.0,200.0,22.63394056360761,35.50122668486682
M50O0D1,work-1,4501,4.501,50,132.0,0.1077551020408163,5.28,0.98,0.02,5.28,,200,19600.0,204.0,0.0104081632653061,2.04,0.31,354,150,0.98,0.98,23.120809614168248,46.241619228336496,,0,0,22.0,0.0,0.98,0.44,0.28,0.26,0.98,0.44,0.28,0.26,0.98,0.44,0.28,0.26,77469.0,77469.0,23.054316376815947,37.96928125087788,0.0,0.0,,,77469.0,77469.0,23.054316376815947,37.96928125087788,77469.0,48.99999999999999,23.05431637681595,37.96928125087788,0.0,0.0,,,77469.0,48.99999999999999,23.05431637681595,37.96928125087788,49.0,49.0,22.173945047494392,37.25200320624934,0.0,0.0,,,49.0,49.0,22.173945047494392,37.25200320624934,196.0,196.0,22.7764151228732,38.40704203815919,0.0,0.0,,,196.0,196.0,22.7764151228732,38.40704203815919
M50O0D1,work-1,4601,4.601,50,137.0,0.1118367346938775,5.48,1.0,0.0,5.48,,200,19600.0,249.0,0.012704081632653,2.49,0.47,399,150,1.0,1.0,32.57179000632511,65.14358001265022,,0,0,22.0,0.0,1.0,0.44,0.32,0.24,1.0,0.44,0.32,0.24,1.0,0.44,0.32,0.24,79050.0,79050.0,22.467038608929958,35.54699298312676,0.0,0.0,,,79050.0,79050.0,22.467038608929958,35.54699298312676,79050.0,50.0,22.46703860892995,35.54699298312676,0.0,0.0,,,79050.0,50.0,22.46703860892995,35.54699298312676,50.0,50.0,21.680708881021538,34.77710651842787,0.0,0.0,,,50.0,50.0,21.680708881021538,34.77710651842787,200.0,200.0,22.244027353133824,35.122843074010504,0.0,0.0,,,200.0,200.0,22.244027353133824,35.122843074010504
M50O0D1,work-1,4701,4.7010000000000005,50,116.0,0.0946938775510204,4.64,0.96,0.04,4.64,,200,19600.0,224.0,0.0114285714285714,2.24,0.51,374,150,0.96,0.96,33.617963314358,67.235926628716,,0,0,24.0,0.0,0.96,0.48,0.4,0.08,0.96,0.48,0.4,0.08,0.96,0.48,0.4,0.08,75888.0,75888.0,22.471330985690045,35.830350079054654,0.0,0.0,,,75888.0,75888.0,22.471330985690045,35.830350079054654,75888.0,47.99999999999999,22.47133098569005,35.830350079054654,0.0,0.0,,,75888.0,47.99999999999999,22.47133098569005,35.830350079054654,48.0,48.0,22.24670540799792,35.322450997749904,0.0,0.0,,,48.0,48.0,22.24670540799792,35.322450997749904,192.0,192.0,22.244008317099645,35.68213692606569,0.0,0.0,,,192.0,192.0,22.244008317099645,35.68213692606569
M50O0D1,work-1,4801,4.801,50,125.0,0.1020408163265306,5.0,0.96,0.04,5.0,,200,19600.0,219.0,0.0111734693877551,2.19,0.555,369,150,0.96,0.96,32.84756483238456,65.69512966476913,,0,0,26.0,0.0,0.96,0.52,0.3,0.14,0.96,0.52,0.3,0.14,0.96,0.52,0.3,0.14,75888.0,75888.0,22.83850976667384,35.61350450306795,0.0,0.0,,,75888.0,75888.0,22.83850976667384,35.61350450306795,75888.0,47.99999999999999,22.83850976667384,35.61350450306795,0.0,0.0,,,75888.0,47.99999999999999,22.83850976667384,35.61350450306795,48.0,48.0,23.102872185728188,35.54872687517891,0.0,0.0,,,48.0,48.0,23.102872185728188,35.54872687517891,192.0,192.0,22.736300194414337,35.32404539320839,0.0,0.0,,,192.0,192.0,22.736300194414337,35.32404539320839
M50O0D1,work-1,4901,4.901,50,131.0,0.106938775510204,5.24,0.98,0.02,5.24,,200,19600.0,205.0,0.0104591836734693,2.05,0.33,355,150,0.98,0.98,26.779253636938645,53.55850727387729,,0,0,26.0,0.0,0.98,0.52,0.3,0.16,0.98,0.52,0.3,0.16,0.98,0.52,0.3,0.16,77469.0,77469.0,23.269975257891364,35.47946676136292,0.0,0.0,,,77469.0,77469.0,23.269975257891364,35.47946676136292,77469.0,48.99999999999999,23.26997525789137,35.47946676136292,0.0,0.0,,,77469.0,48.99999999999999,23.26997525789137,35.47946676136292,49.0,49.0,22.86081151449621,35.411853611513465,0.0,0.0,,,49.0,49.0,22.86081151449621,35.411853611513465,196.0,196.0,23.0901558931462,35.53488291223241,0.0,0.0,,,196.0,196.0,23.0901558931462,35.53488291223241
M10O90-S2,work-1,1001,1.001,100,64.0,0.0129292929292929,1.28,0.29,0.24,3.3,1.0555555555555556,130,8325.0,68.0,0.0081681681681681,1.0461538461538462,0.0692307692307692,88,20,0.1615384615384615,0.1642190416925949,46.64177556523543,48.52624920936116,115.12345679012346,0,0,,,,,,,,,,,,,,,,,,,,,,,,,,,,,,,,,,,,,,,,,,,,,,,,,,,,,,,,,,,,,,
M10O90-S2,work-1,1101,1.101,100,62.0,0.0125252525252525,1.24,0.19,0.34,2.6,1.0888888888888888,130,8325.0,64.0,0.0076876876876876,0.9846153846153848,0.1,84,20,0.1153846153846153,0.1142501555693839,36.26011200995645,29.253636938646427,93.63271604938272,0,0,,,,,,,,,,,,,,,,,,,,,,,,,,,,,,,,,,,,,,,,,,,,,,,,,,,,,,,,,,,,,,
M10O90-S2,work-1,1201,1.201,100,69.0,0.0139393939393939,1.38,0.19,0.33,3.5,1.1444444444444444,130,8325.0,77.0,0.0092492492492492,1.1846153846153846,0.1461538461538461,97,20,0.1538461538461538,0.1540759178593652,36.32648828043974,45.28779253636939,86.00617283950618,0,0,,,,,,,,,,,,,,,,,,,,,,,,,,,,,,,,,,,,,,,,,,,,,,,,,,,,,,,,,,,,,,
M10O90-S2,work-1,1301,1.301,100,88.0,0.0177777777777777,1.76,0.25,0.2,3.6,1.5555555555555556,130,8325.0,97.0,0.0116516516516516,1.4923076923076923,0.0769230769230769,117,20,0.1076923076923077,0.1092719352831362,50.84007467330429,57.12207463630614,123.42283950617283,1,41,,,,,,,,,,,,,,,,,,,,,,,,,,,,,,,,,,,,,,,,,,,,,,,,,,,,,,,,,,,,,,
M10O90-S2,work-1,1401,1.401,100,73.0,0.0147474747474747,1.46,0.23,0.31,4.4,1.1333333333333333,130,8325.0,83.0,0.0099699699699699,1.2769230769230768,0.1,103,20,0.1076923076923077,0.110392034847542,46.36797344949181,55.87602783048703,110.72222222222224,0,0,,,,,,,,,,,,,,,,,,,,,,,,,,,,,,,,,,,,,,,,,,,,,,,,,,,,,,,,,,,,,,
M10O90-S2,work-1,1501,1.501,100,55.0,0.0111111111111111,1.1,0.1,0.31,2.6,0.9333333333333332,130,8325.0,61.0,0.0073273273273273,0.9384615384615383,0.0615384615384615,81,20,0.0692307692307692,0.0694461729931549,42.18004563368596,35.19291587602783,108.35185185185183,0,0,,,,,,,,,,,,,,,,,,,,,,,,,,,,,,,,,,,,,,,,,,,,,,,,,,,,,,,,,,,,,,
M10O90-S2,work-1,1601,1.601,100,75.0,0.0151515151515151,1.5,0.25,0.24,3.5,1.2777777777777777,130,8325.0,82.0,0.0098498498498498,1.2615384615384615,0.1076923076923077,102,20,0.1153846153846153,0.114934660858743,52.12404065546567,55.39531941808982,128.08641975308643,0,0,,,,,,,,,,,,,,,,,,,,,,,,,,,,,,,,,,,,,,,,,,,,,,,,,,,,,,,,,,,,,,
M10O90-S2,work-1,1701,1.701,100,75.0,0.0151515151515151,1.5,0.22,0.23,3.1,1.3222222222222222,130,8325.0,82.0,0.0098498498498498,1.2615384615384615,0.1153846153846153,102,20,0.1461538461538461,0.1488487865588052,52.086704003318815,51.35989879822897,129.94444444444446,0,0,,,,,,,,,,,,,,,,,,,,,,,,,,,,,,,,,,,,,,,,,,,,,,,,,,,,,,,,,,,,,,
M10O90-S2,work-1,1801,1.801,100,67.0,0.0135353535353535,1.34,0.14,0.29,2.3,1.2333333333333334,130,8325.0,76.0,0.0091291291291291,1.1692307692307693,0.0769230769230769,96,20,0.0769230769230769,0.0764779091474797,44.51773490976976,41.17014547754586,112.39197530864196,0,0,,,,,,,,,,,,,,,,,,,,,,,,,,,,,,,,,,,,,,,,,,,,,,,,,,,,,,,,,,,,,,
M10O90-S2,work-1,1901,1.901,100,73.0,0.0147474747474747,1.46,0.15,0.28,2.8,1.3111111111111111,130,8325.0,79.0,0.0094894894894894,1.2153846153846153,0.1076923076923077,99,20,0.123076923076923,0.125326695706285,39.94399502177971,28.49462365591398,104.96604938271604,1,34,,,,,,,,,,,,,,,,,,,,,,,,,,,,,,,,,,,,,,,,,,,,,,,,,,,,,,,,,,,,,,
M10O90-S2,work-1,2001,2.001,100,65.0,0.0131313131313131,1.3,0.12,0.34,2.9,1.1222222222222222,130,8325.0,74.0,0.0088888888888888,1.1384615384615384,0.0538461538461538,94,20,0.0615384615384615,0.0626633478531425,46.23936942543041,55.40164452877925,110.570987654321,1,40,,,,,,,,,,,,,,,,,,,,,,,,,,,,,,,,,,,,,,,,,,,,,,,,,,,,,,,,,,,,,,
M10O90-S2,work-1,2101,2.101,100,82.0,0.0165656565656565,1.64,0.28,0.26,4.3,1.3444444444444446,130,8325.0,98.0,0.0117717717717717,1.5076923076923077,0.1153846153846153,118,20,0.1923076923076923,0.1947728686994399,55.22505704210744,80.70841239721695,124.96296296296296,0,0,,,,,,,,,,,,,,,,,,,,,,,,,,,,,,,,,,,,,,,,,,,,,,,,,,,,,,,,,,,,,,
M10O90-S2,work-1,2201,2.201,100,54.0,0.0109090909090909,1.08,0.12,0.41,2.8,0.8888888888888888,130,8325.0,64.0,0.0076876876876876,0.9846153846153848,0.0692307692307692,84,20,0.0846153846153846,0.0832607342874922,37.672682016179216,51.865907653383935,86.80246913580247,0,0,,,,,,,,,,,,,,,,,,,,,,,,,,,,,,,,,,,,,,,,,,,,,,,,,,,,,,,,,,,,,,
M10O90-S2,work-1,2301,2.301,100,68.0,0.0137373737373737,1.36,0.13,0.21,3.4,1.1333333333333333,130,8325.0,78.0,0.0093693693693693,1.2,0.0615384615384615,98,20,0.0692307692307692,0.0683260734287492,52.71313005600498,60.74636306135358,127.2283950617284,0,0,,,,,,,,,,,,,,,,,,,,,,,,,,,,,,,,,,,,,,,,,,,,,,,,,,,,,,,,,,,,,,
M10O90-S2,work-1,2401,2.401,100,61.0,0.0123232323232323,1.22,0.2,0.32,3.6,0.9555555555555556,130,8325.0,68.0,0.0081681681681681,1.0461538461538462,0.0692307692307692,88,20,0.0846153846153846,0.0879900435594275,45.6502800248911,51.61290322580645,110.66666666666669,0,0,,,,,,,,,,,,,,,,,,,,,,,,,,,,,,,,,,,,,,,,,,,,,,,,,,,,,,,,,,,,,,
M10O90-S2,work-1,2501,2.501,100,62.0,0.0125252525252525,1.24,0.12,0.29,2.8,1.0666666666666669,130,8325.0,71.0,0.0085285285285285,1.0923076923076922,0.1,91,20,0.1,0.1,41.008089607965154,43.42188488298545,100.84876543209876,0,0,,,,,,,,,,,,,,,,,,,,,,,,,,,,,,,,,,,,,,,,,,,,,,,,,,,,,,,,,,,,,,
M10O90-S2,work-1,2601,2.601,100,71.0,0.0143434343434343,1.42,0.25,0.27,3.7,1.1666666666666667,130,8325.0,78.0,0.0093693693693693,1.2,0.0923076923076923,98,20,0.1076923076923077,0.1085874299937772,34.515660651317155,34.23782416192283,86.00925925925925,0,0,,,,,,,,,,,,,,,,,,,,,,,,,,,,,,,,,,,,,,,,,,,,,,,,,,,,,,,,,,,,,,
M10O90-S2,work-1,2701,2.701,100,78.0,0.0157575757575757,1.56,0.32,0.27,4.5,1.2333333333333334,130,8325.0,86.0,0.0103303303303303,1.323076923076923,0.1153846153846153,106,20,0.123076923076923,0.1242065961418792,55.1939431653184,75.9898798228969,127.17283950617283,0,0,,,,,,,,,,,,,,,,,,,,,,,,,,,,,,,,,,,,,,,,,,,,,,,,,,,,,,,,,,,,,,
M10O90-S2,work-1,2801,2.801,100,68.0,0.0137373737373737,1.36,0.22,0.25,4.0,1.0666666666666669,130,8325.0,82.0,0.0098498498498498,1.2615384615384615,0.0846153846153846,102,20,0.1153846153846153,0.1160547604231487,47.882182119892136,70.05692599620494,108.30864197530865,0,0,,,,,,,,,,,,,,,,,,,,,,,,,,,,,,,,,,,,,,,,,,,,,,,,,,,,,,,,,,,,,,
M10O90-S2,work-1,2901,2.901,100,78.0,0.0157575757575757,1.56,0.15,0.21,3.5,1.3444444444444446,130,8325.0,82.0,0.0098498498498498,1.2615384615384615,0.0615384615384615,102,20,0.0923076923076923,0.0943372744243932,45.51130470856669,47.956989247311824,112.03703703703704,0,0,,,,,,,,,,,,,,,,,,,,,,,,,,,,,,,,,,,,,,,,,,,,,,,,,,,,,,,,,,,,,,
M10O90-S2,work-1,3001,3.001,100,56.0,0.0113131313131313,1.12,0.09,0.32,2.4,0.9777777777777776,130,8325.0,62.0,0.0074474474474474,0.953846153846154,0.0538461538461538,82,20,0.0538461538461538,0.055196017423771,41.51628292885294,30.92346616065781,108.45987654320987,0,0,,,,,,,,,,,,,,,,,,,,,,,,,,,,,,,,,,,,,,,,,,,,,,,,,,,,,,,,,,,,,,
M10O90-S2,work-1,3101,3.101,100,74.0,0.0149494949494949,1.48,0.35,0.24,3.9,1.211111111111111,130,8325.0,78.0,0.0093693693693693,1.2,0.0846153846153846,98,20,0.123076923076923,0.1246421904169259,39.491806679112216,40.02530044275775,97.99382716049382,1,239,,,,,,,,,,,,,,,,,,,,,,,,,,,,,,,,,,,,,,,,,,,,,,,,,,,,,,,,,,,,,,
M10O90-S2,work-1,3201,3.201,100,61.0,0.0123232323232323,1.22,0.24,0.38,2.7,1.0555555555555556,130,8325.0,66.0,0.0079279279279279,1.015384615384615,0.0769230769230769,86,20,0.1538461538461538,0.15588052271313,40.5849408836341,42.118912080961415,100.2253086419753,1,91,,,,,,,,,,,,,,,,,,,,,,,,,,,,,,,,,,,,,,,,,,,,,,,,,,,,,,,,,,,,,,
M10O90-S2,work-1,3301,3.301,100,68.0,0.0137373737373737,1.36,0.22,0.32,3.6,1.1111111111111112,130,8325.0,75.0,0.009009009009009,1.1538461538461535,0.0692307692307692,95,20,0.1615384615384615,0.1619788425637834,41.96017423771002,44.7944339025933,103.01234567901234,0,0,,,,,,,,,,,,,,,,,,,,,,,,,,,,,,,,,,,,,,,,,,,,,,,,,,,,,,,,,,,,,,
M10O90-S2,work-1,3401,3.401,100,70.0,0.0141414141414141,1.4,0.36,0.27,3.7,1.1444444444444444,130,8325.0,79.0,0.0094894894894894,1.2153846153846153,0.1307692307692307,99,20,0.1307692307692307,0.1316739265712507,44.98444306160548,47.77988614800759,110.55555555555556,0,0,,,,,,,,,,,,,,,,,,,,,,,,,,,,,,,,,,,,,,,,,,,,,,,,,,,,,,,,,,,,,,
M10O90-S2,work-1,3501,3.501,100,77.0,0.0155555555555555,1.54,0.23,0.27,4.0,1.2666666666666666,130,8325.0,86.0,0.0103303303303303,1.323076923076923,0.1,106,20,0.1153846153846153,0.1178593652769135,45.44492843808339,60.06325110689437,105.9320987654321,0,0,,,,,,,,,,,,,,,,,,,,,,,,,,,,,,,,,,,,,,,,,,,,,,,,,,,,,,,,,,,,,,
M10O90-S2,work-1,3601,3.601,100,69.0,0.0139393939393939,1.38,0.19,0.24,3.6,1.1333333333333333,130,8325.0,77.0,0.0092492492492492,1.1846153846153846,0.0538461538461538,97,20,0.1384615384615384,0.1413814561294337,46.228998133167394,38.5831752055661,118.74691358024693,0,0,,,,,,,,,,,,,,,,,,,,,,,,,,,,,,,,,,,,,,,,,,,,,,,,,,,,,,,,,,,,,,
M10O90-S2,work-1,3701,3.701,100,60.0,0.0121212121212121,1.2,0.27,0.36,3.5,0.9444444444444444,130,8325.0,63.0,0.0075675675675675,0.9692307692307692,0.1153846153846153,83,20,0.1769230769230769,0.1794026135656503,31.561916614810205,47.91903858317521,70.54320987654322,1,209,,,,,,,,,,,,,,,,,,,,,,,,,,,,,,,,,,,,,,,,,,,,,,,,,,,,,,,,,,,,,,
M10O90-S2,work-1,3801,3.801,100,62.0,0.0125252525252525,1.24,0.13,0.32,2.6,1.0888888888888888,130,8325.0,68.0,0.0081681681681681,1.0461538461538462,0.0615384615384615,88,20,0.1,0.0981953951462352,35.65650280024891,43.30170777988615,84.98148148148148,0,0,,,,,,,,,,,,,,,,,,,,,,,,,,,,,,,,,,,,,,,,,,,,,,,,,,,,,,,,,,,,,,
M10O90-S2,work-1,3901,3.901,100,91.0,0.0183838383838383,1.82,0.4,0.26,4.8,1.488888888888889,130,8325.0,102.0,0.0122522522522522,1.5692307692307692,0.1153846153846153,122,20,0.1307692307692307,0.1327940261356565,53.85812072184194,73.38393421884884,124.46913580246914,0,0,,,,,,,,,,,,,,,,,,,,,,,,,,,,,,,,,,,,,,,,,,,,,,,,,,,,,,,,,,,,,,
M10O90-S2,work-1,4001,4.001,100,78.0,0.0157575757575757,1.56,0.18,0.19,3.4,1.3555555555555556,130,8325.0,84.0,0.01009009009009,1.2923076923076924,0.1,104,20,0.1307692307692307,0.1316739265712507,48.46712300352624,45.230866540164456,122.16358024691358,1,7,,,,,,,,,,,,,,,,,,,,,,,,,,,,,,,,,,,,,,,,,,,,,,,,,,,,,,,,,,,,,,
M10O90-S2,work-1,4101,4.101,100,80.0,0.0161616161616161,1.6,0.27,0.19,3.9,1.3444444444444446,130,8325.0,85.0,0.0102102102102102,1.3076923076923077,0.0923076923076923,105,20,0.1384615384615384,0.140261356565028,45.079858950425226,37.235926628716,115.98456790123456,0,0,,,,,,,,,,,,,,,,,,,,,,,,,,,,,,,,,,,,,,,,,,,,,,,,,,,,,,,,,,,,,,
M10O90-S2,work-1,4201,4.2010000000000005,100,55.0,0.0111111111111111,1.1,0.1,0.27,2.4,0.9555555555555556,130,8325.0,61.0,0.0073273273273273,0.9384615384615383,0.0384615384615384,81,20,0.0461538461538461,0.0502177971375233,41.47064924289567,39.31056293485136,104.23148148148148,0,0,,,,,,,,,,,,,,,,,,,,,,,,,,,,,,,,,,,,,,,,,,,,,,,,,,,,,,,,,,,,,,
M10O90-S2,work-1,4301,4.301,100,54.0,0.0109090909090909,1.08,0.19,0.35,3.4,0.8222222222222222,130,8325.0,64.0,0.0076876876876876,0.9846153846153848,0.1,84,20,0.1076923076923077,0.110392034847542,31.25492636382493,41.91650853889943,72.55864197530865,0,0,,,,,,,,,,,,,,,,,,,,,,,,,,,,,,,,,,,,,,,,,,,,,,,,,,,,,,,,,,,,,,
M10O90-S2,work-1,4401,4.401,100,71.0,0.0143434343434343,1.42,0.26,0.31,3.2,1.2222222222222223,130,8325.0,76.0,0.0091291291291291,1.1692307692307693,0.1538461538461538,96,20,0.1769230769230769,0.1775980087118855,38.94005393071977,36.48323845667299,98.08024691358024,0,0,,,,,,,,,,,,,,,,,,,,,,,,,,,,,,,,,,,,,,,,,,,,,,,,,,,,,,,,,,,,,,
M10O90-S2,work-1,4501,4.501,100,55.0,0.0111111111111111,1.1,0.17,0.34,2.4,0.9555555555555556,130,8325.0,60.0,0.0072072072072072,0.9230769230769232,0.0615384615384615,80,20,0.0692307692307692,0.070130678282514,30.23439120514416,26.95762175838077,76.82098765432099,0,0,,,,,,,,,,,,,,,,,,,,,,,,,,,,,,,,,,,,,,,,,,,,,,,,,,,,,,,,,,,,,,
M10O90-S2,work-1,4601,4.601,100,73.0,0.0147474747474747,1.46,0.29,0.3,3.9,1.1888888888888889,130,8325.0,87.0,0.0104504504504504,1.3384615384615384,0.0923076923076923,107,20,0.1692307692307692,0.1730553827006845,47.548226509023024,56.06578115117014,114.14197530864196,1,446,,,,,,,,,,,,,,,,,,,,,,,,,,,,,,,,,,,,,,,,,,,,,,,,,,,,,,,,,,,,,,
M10O90-S2,work-1,4701,4.7010000000000005,100,67.0,0.0135353535353535,1.34,0.26,0.37,3.8,1.0666666666666669,130,8325.0,78.0,0.0093693693693693,1.2,0.1461538461538461,98,20,0.1923076923076923,0.1929682638456751,54.37253681808753,68.34914611005692,128.45679012345678,0,0,,,,,,,,,,,,,,,,,,,,,,,,,,,,,,,,,,,,,,,,,,,,,,,,,,,,,,,,,,,,,,
M10O90-S2,work-1,4801,4.801,100,66.0,0.0133333333333333,1.32,0.13,0.31,3.1,1.1222222222222222,130,8325.0,72.0,0.0086486486486486,1.1076923076923078,0.0692307692307692,92,20,0.0923076923076923,0.0918481642812694,46.96121136693632,45.68627450980392,117.45987654320987,1,128,,,,,,,,,,,,,,,,,,,,,,,,,,,,,,,,,,,,,,,,,,,,,,,,,,,,,,,,,,,,,,
M10O90-S2,work-1,4901,4.901,100,72.0,0.0145454545454545,1.44,0.13,0.25,2.7,1.3,130,8325.0,78.0,0.0093693693693693,1.2,0.0769230769230769,98,20,0.0769230769230769,0.0775980087118855,45.61709188964945,27.53953194180898,122.3148148148148,0,0,,,,,,,,,,,,,,,,,,,,,,,,,,,,,,,,,,,,,,,,,,,,,,,,,,,,,,,,,,,,,,
M10O90D1-S2,work-1,1001,1.001,100,156.0,0.0315151515151515,3.12,0.66,0.26,5.9,2.811111111111111,130,8325.0,168.0,0.0201801801801801,2.5846153846153848,0.3846153846153846,188,20,0.4076923076923077,0.4042937149968886,66.11906243517943,73.3459835547122,160.97530864197532,0,0,5.0,29.0,0.4181818181818181,0.3090909090909091,0.0909090909090909,0.0181818181818181,0.4042937149968886,0.2975108898568762,0.0918481642812694,0.014934660858743,0.46,0.34,0.1,0.02,19491.0,19491.0,7.895180540414022,16.963063026250065,14040.0,14040.0,6.120321966676175,13.22051791774589,5451.0,5451.0,12.466637956535717,24.15982170281611,19491.0,46.0,7.09103495492012,15.21366020458368,14040.0,38.99999999999999,6.120321966676177,13.226750204978142,5451.0,7.0,12.499293032279244,24.220415396525595,46.0,46.0,5.83555373283407,13.873524985489476,39.0,39.0,4.972908881185068,13.764942658704966,7.0,7.0,10.641717906307088,20.423380795086864,53.0,53.0,6.707404648798185,16.16596111880291,39.0,39.0,4.972908881185068,13.764942658704966,14.0,14.0,11.539214287149012,20.14973035864424
M10O90D1-S2,work-1,1101,1.101,100,145.0,0.0292929292929292,2.9,0.49,0.2,4.3,2.7444444444444445,130,8325.0,150.0,0.018018018018018,2.3076923076923075,0.3615384615384615,170,20,0.4,0.4011200995644057,62.54718937979672,44.59835547122075,164.37345679012347,0,0,5.0,28.0,0.3909090909090909,0.3,0.0818181818181818,0.009090909090909,0.4011200995644057,0.2900435594275046,0.1036092097075295,0.0074673304293715,0.41,0.33,0.09,0.01,19338.0,19338.0,8.37714230762607,19.493791330759045,12240.0,12240.0,5.596769094783422,11.349585958850396,7098.0,7098.0,13.171699665359798,27.37009251101139,19338.0,41.00000000000001,6.760287404207046,14.396700606967537,12240.0,33.99999999999999,5.596769094783424,11.353011154355078,7098.0,6.999999999999998,12.411662049978949,27.13940145448865,43.0,43.0,5.91004469355048,15.20833010876613,34.0,34.0,4.318490667605456,9.887159008039191,9.0,9.0,11.922582124898346,25.519567530032297,52.0,52.0,7.183447305216584,16.979040559109627,34.0,34.0,4.318490667605456,9.887159008039191,18.0,18.0,12.595032065148713,27.45774147219185
M10O90D1-S2,work-1,1201,1.201,100,167.0,0.0337373737373737,3.34,0.61,0.23,6.2,3.022222222222222,130,8325.0,182.0,0.0218618618618618,2.8,0.4692307692307692,202,20,0.4846153846153846,0.4843808338518979,75.56108691142916,87.16002530044275,182.33333333333331,0,0,5.0,29.0,0.4818181818181818,0.3090909090909091,0.109090909090909,0.0636363636363636,0.4843808338518979,0.2975108898568762,0.1081518357187305,0.0787181082762912,0.52,0.34,0.12,0.07,23352.0,23352.0,9.597014938894135,20.32583030122781,15480.0,15480.0,7.312970666404177,16.601384747817256,7872.0,7872.0,14.088504438150304,24.082877651451064,23352.0,52.0,8.514896553737424,18.69489071972722,15480.0,42.99999999999999,7.312970666404181,16.602476751039944,7872.0,9.0,14.257431348774045,24.483506162272626,53.0,53.0,7.496604955018144,18.570229136768777,43.0,43.0,6.233428805189035,16.57434722734806,10.0,10.0,12.928262399283316,19.06844610172904,63.0,63.0,8.584625561917324,20.98494013698866,43.0,43.0,6.233428805189035,16.57434722734806,20.0,20.0,13.63969858888315,22.52111385786534
M10O90D1-S2,work-1,1301,1.301,100,165.0,0.0333333333333333,3.3,0.54,0.19,6.3,2.966666666666667,130,8325.0,171.0,0.0205405405405405,2.6307692307692307,0.3692307692307692,191,20,0.5230769230769231,0.525326695706285,72.21323376892761,59.76597090449083,185.73765432098764,0,0,5.0,30.0,0.509090909090909,0.3181818181818182,0.0636363636363636,0.1272727272727272,0.525326695706285,0.3049782202862476,0.070130678282514,0.1502177971375233,0.52,0.35,0.07,0.14,25326.0,25326.0,15.062220130901869,38.61624337959097,15840.0,15840.0,10.516904226622383,30.89632413902772,9486.0,9486.0,22.65212145114085,40.23891214752626,25326.0,52.0,12.259565319552175,34.89914411544473,15840.0,43.99999999999999,10.516904226622389,30.896938392984715,9486.0,8.0,21.844201330666017,40.0808682777398,56.0,56.0,12.011832334390366,38.4475093819401,44.0,44.0,9.30140439365173,30.32817883230281,12.0,12.0,21.95006811709869,40.385225665952426,68.0,68.0,13.912205561450197,39.944415404218894,44.0,44.0,9.30140439365173,30.32817883230281,24.0,24.0,22.36534103574738,40.55243480470794
M10O90D1-S2,work-1,1401,1.401,100,162.0,0.0327272727272727,3.24,0.58,0.23,4.9,3.055555555555556,130,8325.0,178.0,0.0213813813813813,2.7384615384615385,0.4076923076923077,198,20,0.4769230769230769,0.4757934038581207,73.42874922215309,62.85262492093612,187.8487654320988,1,75,4.0,31.0,0.4818181818181818,0.3181818181818182,0.1,0.0636363636363636,0.4757934038581207,0.2963907902924704,0.1092719352831362,0.070130678282514,0.51,0.35,0.11,0.07,22938.0,22938.0,9.698227681256792,21.626568412684943,15840.0,15840.0,7.2786397694249345,17.187064101582447,7098.0,7098.0,15.097815244431862,27.424366602486163,22938.0,51.0,8.445012928414718,20.383062989314126,15840.0,43.99999999999999,7.278639769424937,17.19427592240265,7098.0,6.999999999999999,15.776501356350504,28.199291882324108,53.0,53.0,7.322618574206457,18.31386300672461,44.0,44.0,5.896357460544812,17.42036631292168,9.0,9.0,14.29545068544117,28.43793832177165,62.0,62.0,8.422671024316282,20.08699851120404,44.0,44.0,5.896357460544812,17.42036631292168,18.0,18.0,14.598104180202094,26.46962735201336
M10O90D1-S2,work-1,1501,1.501,100,143.0,0.0288888888888888,2.86,0.67,0.23,5.7,2.5444444444444443,130,8325.0,149.0,0.0178978978978978,2.292307692307692,0.5076923076923077,169,20,0.5769230769230769,0.5751088985687617,63.65276913503423,51.012017710309934,164.53395061728395,0,0,4.0,30.0,0.5818181818181818,0.3090909090909091,0.1363636363636363,0.1363636363636363,0.5751088985687617,0.2889234598630989,0.1477286869943995,0.1384567517112632,0.61,0.34,0.15,0.14,27726.0,27726.0,13.923109788599923,32.96200268455699,19080.0,19080.0,11.237381499070986,32.676783004165,8646.0,8646.0,19.849977214486128,34.951489094773095,27726.0,60.99999999999999,12.175516899777874,32.49001718589955,19080.0,53.000000000000014,11.237381499070985,32.678078681616874,8646.0,8.0,18.390663929460985,30.895990929424368,64.0,64.0,11.714274754940815,33.392738268230005,53.0,53.0,10.17772757878131,33.4992016655378,11.0,11.0,19.117638421891165,32.11754222707138,75.0,75.0,12.933468459975336,33.68274549648078,53.0,53.0,10.17772757878131,33.4992016655378,22.0,22.0,19.57229876467004,34.55934715870381
M10O90D1-S2,work-1,1601,1.601,100,150.0,0.0303030303030303,3.0,0.49,0.3,5.5,2.7222222222222223,130,8325.0,158.0,0.0189789789789789,2.4307692307692306,0.3846153846153846,178,20,0.4384615384615384,0.4391412570006223,68.87367766023647,66.96394686907021,172.28703703703704,0,0,5.0,29.0,0.4363636363636363,0.3181818181818182,0.0818181818181818,0.0363636363636363,0.4391412570006223,0.3142501555693839,0.0764779091474797,0.0484131922837585,0.46,0.34,0.09,0.04,21171.0,21171.0,9.098445758522248,20.61337472111684,14040.0,14040.0,6.805521105195954,13.16168394496266,7131.0,7131.0,13.612912471844531,22.75269229347763,21171.0,46.0,7.863714110020081,18.266024624178097,14040.0,38.99999999999999,6.8055211051959565,13.167096328744314,7131.0,7.0,13.75936085118308,22.913303276153187,48.0,48.0,6.913313298412604,17.115702814673494,39.0,39.0,5.620395242009828,12.549352231838432,9.0,9.0,12.515958209491297,22.30367814175149,57.0,57.0,7.9947512644381,20.218473073547223,39.0,39.0,5.620395242009828,12.549352231838432,18.0,18.0,13.13918931303269,22.48783361378426
M10O90D1-S2,work-1,1701,1.701,100,160.0,0.0323232323232323,3.2,0.55,0.22,5.8,2.911111111111111,130,8325.0,165.0,0.0198198198198198,2.5384615384615383,0.3692307692307692,185,20,0.4769230769230769,0.4755444928438083,65.63783447417548,56.36306135357368,167.83024691358025,1,67,5.0,27.0,0.4727272727272727,0.3,0.1272727272727272,0.0454545454545454,0.4755444928438083,0.2986309894212819,0.1224019912881144,0.0545115121344119,0.5,0.32,0.14,0.05,22926.0,22926.0,10.763143496483607,24.593165646198827,15120.0,15120.0,8.309629710786458,21.756108331818567,7806.0,7806.0,15.515529922276698,27.384282114773097,22926.0,50.0,9.65918326677024,23.430632646501746,15120.0,41.99999999999999,8.30962971078646,21.763152805016983,7806.0,8.0,16.74433943568509,28.9114222199194,52.0,52.0,8.718259264380823,22.69020013352197,42.0,42.0,7.331415708838385,21.257455804333997,10.0,10.0,14.543002197659064,22.69020013352197,62.0,62.0,9.779872095928816,23.885328963927503,42.0,42.0,7.331415708838385,21.257455804333997,20.0,20.0,14.921630508818726,23.885328963927503
M10O90D1-S2,work-1,1801,1.801,100,125.0,0.0252525252525252,2.5,0.46,0.27,4.0,2.333333333333333,130,8325.0,126.0,0.0151351351351351,1.9384615384615385,0.3307692307692307,146,20,0.4,0.3993154947106409,49.70752955818295,30.49968374446553,133.04320987654322,0,0,5.0,28.0,0.4,0.3,0.0727272727272727,0.0272727272727272,0.3993154947106409,0.2900435594275046,0.0775980087118855,0.0316739265712507,0.42,0.33,0.08,0.03,19251.0,19251.0,10.461517885503907,23.83224993379449,12960.0,12960.0,7.107954312973074,16.329367587569156,6291.0,6291.0,17.370146704451553,33.52423300501871,19251.0,42.0,8.627627576224286,20.44129926324634,12960.0,36.0,7.107954312973074,16.331962646692155,6291.0,6.0,17.745667155731553,33.95728435722729,44.0,44.0,7.898929702484003,20.37114588810638,36.0,36.0,6.086972876765085,14.982825635677903,8.0,8.0,16.052735418219136,35.25099269946577,52.0,52.0,9.3500349690712,23.14925383937035,36.0,36.0,6.086972876765085,14.982825635677903,16.0,16.0,16.69192467675997,32.18329122301849
M10O90D1-S2,work-1,1901,1.901,100,158.0,0.0319191919191919,3.16,0.53,0.23,5.2,2.933333333333333,130,8325.0,163.0,0.0195795795795795,2.507692307692308,0.3230769230769231,183,20,0.4307692307692308,0.4285003111387679,68.19954366314043,51.15749525616698,177.99382716049382,0,0,4.0,30.0,0.4363636363636363,0.3181818181818182,0.0272727272727272,0.0909090909090909,0.4285003111387679,0.3049782202862476,0.0309894212818917,0.0925326695706285,0.46,0.34,0.03,0.1,20658.0,20658.0,11.116517953188048,26.6229362442754,14400.0,14400.0,8.862380808481657,21.80286260562216,6258.0,6258.0,16.303410711860472,27.05064415767348,20658.0,46.00000000000001,9.874768244687022,27.125710945424924,14400.0,40.0,8.862380808481657,24.52050051627142,6258.0,5.999999999999999,16.62401781938946,29.56270955004658,48.0,48.0,8.761229660828652,29.657440715023068,40.0,40.0,7.494569351055524,16.859061768491138,8.0,8.0,15.094531209694292,29.657440715023068,56.0,56.0,9.874292968595654,30.166807992454185,40.0,40.0,7.494569351055524,16.859061768491138,16.0,16.0,15.823602012445978,30.166807992454185
M10O90D1-S2,work-1,2001,2.001,100,123.0,0.0248484848484848,2.46,0.47,0.25,3.3,2.3666666666666667,130,8325.0,132.0,0.0158558558558558,2.0307692307692307,0.3,152,20,0.3230769230769231,0.3181082762912259,65.29350757104335,47.97596457938014,170.89814814814815,0,0,4.0,28.0,0.3454545454545454,0.2909090909090909,0.0454545454545454,0.009090909090909,0.3181082762912259,0.2733042937149968,0.0373366521468574,0.0074673304293715,0.38,0.32,0.05,0.01,15336.0,15336.0,6.248789352155841,12.960710492237558,12240.0,12240.0,5.0851817276646365,9.789221840941035,3096.0,3096.0,10.849098565260604,20.14302992846442,15336.0,37.99999999999999,5.691909815832634,11.45479966508744,12240.0,33.99999999999999,5.085181727664637,9.79045126968051,3096.0,4.0,10.849098565260606,20.14302992846442,38.0,38.0,4.168637740637993,9.068265760390966,34.0,34.0,3.646567581690779,8.552750329733989,4.0,4.0,8.6062340916893,12.189743089627518,42.0,42.0,4.872129188947523,10.067233070715318,34.0,34.0,3.646567581690779,8.552750329733989,8.0,8.0,10.08076601978868,18.83917057879692
M10O90D1-S2,work-1,2101,2.101,100,163.0,0.0329292929292929,3.26,0.53,0.25,5.8,2.977777777777778,130,8325.0,171.0,0.0205405405405405,2.6307692307692307,0.3461538461538461,191,20,0.4307692307692308,0.4266957062850031,63.23169466915578,61.65085388994307,158.0895061728395,0,0,5.0,31.0,0.4454545454545454,0.3272727272727272,0.0545454545454545,0.0636363636363636,0.4266957062850031,0.3117610454262601,0.0533914125700062,0.0615432482887367,0.49,0.36,0.06,0.07,20571.0,20571.0,10.899514933903726,27.072917530443437,15120.0,15120.0,8.204378938500433,26.97078064538785,5451.0,5451.0,18.375291167713637,27.225639953028228,20571.0,49.00000000000001,9.652879852771854,27.03776065489513,15120.0,41.99999999999999,8.204378938500437,26.97844570098925,5451.0,7.0,18.343885338400387,27.254795780429458,49.0,49.0,8.55306064162033,23.695249768965077,42.0,42.0,6.956947799820414,23.695249768965077,7.0,7.0,18.129737692419827,23.125561461880864,56.0,56.0,9.711055259345542,24.592621578924305,42.0,42.0,6.956947799820414,23.695249768965077,14.0,14.0,17.97337763792092,24.592621578924305
M10O90D1-S2,work-1,2201,2.201,100,151.0,0.0305050505050505,3.02,0.59,0.29,4.3,2.8777777777777778,130,8325.0,160.0,0.0192192192192192,2.4615384615384617,0.4076923076923077,180,20,0.4461538461538462,0.4434349719975108,61.46235220908525,38.52624920936116,164.10802469135805,0,0,5.0,30.0,0.4545454545454545,0.3181818181818182,0.109090909090909,0.0272727272727272,0.4434349719975108,0.3042937149968886,0.1074673304293715,0.0316739265712507,0.49,0.35,0.12,0.03,21378.0,21378.0,8.660198813242676,18.6596546333086,15120.0,15120.0,5.921321202421166,12.764323305967496,6258.0,6258.0,15.277621228650354,26.4358634460986,21378.0,49.0,7.317199820016582,16.247446020422096,15120.0,41.99999999999999,5.921321202421166,12.766201563967432,6258.0,6.999999999999999,15.69247152558908,26.795313962221613,50.0,50.0,6.032036426450725,14.480752203708084,42.0,42.0,4.540248082601214,10.60018893575449,8.0,8.0,13.863925231660664,27.70152313387666,58.0,58.0,7.329963382529731,18.724322479288013,42.0,42.0,4.540248082601214,10.60018893575449,16.0,16.0,14.652966044842088,22.423955649099927
M10O90D1-S2,work-1,2301,2.301,100,153.0,0.0309090909090909,3.06,0.61,0.23,6.2,2.7111111111111112,130,8325.0,158.0,0.0189789789789789,2.4307692307692306,0.3769230769230769,178,20,0.4384615384615384,0.4366521468574984,59.93777224642191,46.73624288425047,155.5648148148148,0,0,5.0,29.0,0.4454545454545454,0.3181818181818182,0.1181818181818181,0.009090909090909,0.4366521468574984,0.3135656502800248,0.115619166148102,0.0074673304293715,0.48,0.34,0.13,0.01,21051.0,21051.0,8.748324205203527,19.414017682617292,14760.0,14760.0,6.489683311368315,13.025716557069613,6291.0,6291.0,14.04756750404436,24.32492200209406,21051.0,48.0,7.616450878726892,16.795618691576816,14760.0,41.0,6.489683311368317,13.02789919580767,6291.0,7.0,14.216089487541408,24.298006388594366,49.0,49.0,6.467583950319605,14.778612422384054,41.0,41.0,5.232530994376886,11.397125848836092,8.0,8.0,12.79723034952604,19.599117986910667,57.0,57.0,7.559389000281847,19.51482131539351,41.0,41.0,5.232530994376886,11.397125848836092,16.0,16.0,13.521962640413305,22.69428739595253
M10O90D1-S2,work-1,2401,2.401,100,152.0,0.0307070707070707,3.04,0.57,0.31,5.1,2.811111111111111,130,8325.0,166.0,0.0199399399399399,2.5538461538461537,0.3846153846153846,186,20,0.4461538461538462,0.4441194772868699,65.03007674756275,52.27071473750791,168.0185185185185,0,0,5.0,31.0,0.4545454545454545,0.3272727272727272,0.0909090909090909,0.0363636363636363,0.4441194772868699,0.3117610454262601,0.0932171748599875,0.0391412570006222,0.49,0.36,0.1,0.04,21411.0,21411.0,8.92215518387268,20.646065800325022,15120.0,15120.0,7.102890757476081,13.149438685569246,6291.0,6291.0,13.29463620868854,23.352016143438227,21411.0,49.0,7.95779038992767,17.993401446011266,15120.0,41.99999999999999,7.102890757476083,13.150721364811387,6291.0,6.999999999999999,13.087188184637192,23.607779778072807,50.0,50.0,6.932349534399715,14.353760874004662,42.0,42.0,5.927491267595052,10.1339627157577,8.0,8.0,12.207855435124197,19.764993061551305,58.0,58.0,7.86785488893721,20.180730207652427,42.0,42.0,5.927491267595052,10.1339627157577,16.0,16.0,12.961309394960374,22.090452214440795
M10O90D1-S2,work-1,2501,2.501,100,160.0,0.0323232323232323,3.2,0.62,0.24,6.3,2.855555555555556,130,8325.0,166.0,0.0199399399399399,2.5538461538461537,0.4,186,20,0.4461538461538462,0.4427504667081518,64.16303671437461,56.92599620493359,163.16666666666666,0,0,6.0,31.0,0.4545454545454545,0.3363636363636363,0.0818181818181818,0.0363636363636363,0.4427504667081518,0.3285003111387679,0.0757934038581207,0.0384567517112632,0.5,0.37,0.09,0.04,21345.0,21345.0,8.669047915997327,19.113305986706425,15120.0,15120.0,6.919100253777833,14.664853831584375,6225.0,6225.0,12.91952320158106,24.088998001393893,21345.0,50.0,7.886478568543343,17.34118773103069,15120.0,41.99999999999999,6.919100253777834,14.66528682235859,6225.0,7.999999999999999,12.96521472106227,24.092754675793294,50.0,50.0,6.631092332241849,16.025118845673777,42.0,42.0,5.644624349381265,13.753431273900032,8.0,8.0,11.81004924225991,19.67155373940028,58.0,58.0,7.499423070790896,19.40907227507525,42.0,42.0,5.644624349381265,13.753431273900032,16.0,16.0,12.36826971449118,23.235662201592177
M10O90D1-S2,work-1,2601,2.601,100,145.0,0.0292929292929292,2.9,0.55,0.24,5.7,2.588888888888889,130,8325.0,152.0,0.0182582582582582,2.3384615384615386,0.3307692307692307,172,20,0.3538461538461538,0.3515868077162414,62.54718937979672,55.73055028462999,158.94135802469137,1,186,5.0,30.0,0.3818181818181818,0.3181818181818182,0.0545454545454545,0.009090909090909,0.3757934038581207,0.3049782202862476,0.0633478531425015,0.0074673304293715,0.41,0.35,0.06,0.01,18117.0,18117.0,7.590205734860982,18.23221664943345,12600.0,12600.0,5.502337990365156,11.033434589545008,5517.0,5517.0,12.358582312828617,21.38729216013853,18117.0,41.0,6.3945858202371255,13.657717590177048,12600.0,35.0,5.502337990365156,11.03470918725522,5517.0,5.999999999999999,11.59936482782361,20.770235205845157,42.0,42.0,5.255164330852145,10.978062929593076,35.0,35.0,4.03919199433236,10.34081323544195,7.0,7.0,11.33502601345107,20.285115056578583,49.0,49.0,6.18166330361352,19.368736677140888,35.0,35.0,4.03919199433236,10.34081323544195,14.0,14.0,11.537841576816415,20.372914856594548
M10O90D1-S2,work-1,2701,2.701,100,157.0,0.0317171717171717,3.14,0.63,0.21,6.0,2.8222222222222224,130,8325.0,164.0,0.0196996996996997,2.523076923076923,0.4153846153846154,184,20,0.4538461538461538,0.4522713130056005,68.14768720182535,69.7786211258697,168.7530864197531,0,0,4.0,29.0,0.4636363636363636,0.3,0.1272727272727272,0.0363636363636363,0.4522713130056005,0.2807716241443684,0.1323584318606098,0.0391412570006222,0.5,0.33,0.14,0.04,21804.0,21804.0,8.650278675428142,19.51878998124088,15480.0,15480.0,6.805519814037115,14.361570956320293,6324.0,6324.0,13.16591232095836,24.21540567621701,21804.0,50.0,7.73991106796477,16.433889363222548,15480.0,42.99999999999999,6.805519814037118,14.363075514597028,6324.0,7.0,13.479743056377504,24.770009167528205,51.0,51.0,6.760647545395493,14.670451313722248,43.0,43.0,5.716063008346354,14.619901468897508,8.0,8.0,12.37528943203462,22.40716065729133,59.0,59.0,7.640346826381098,20.882383743221386,43.0,43.0,5.716063008346354,14.619901468897508,16.0,16.0,12.811859587349474,24.506803047684404
M10O90D1-S2,work-1,2801,2.801,100,134.0,0.027070707070707,2.68,0.58,0.25,5.2,2.4,130,8325.0,143.0,0.0171771771771771,2.2,0.3384615384615385,163,20,0.4,0.3975108898568761,61.92491184401577,59.44339025932954,155.27777777777777,0,0,6.0,29.0,0.4090909090909091,0.3181818181818182,0.0545454545454545,0.0363636363636363,0.3975108898568761,0.3142501555693839,0.0533914125700062,0.029869321717486,0.44,0.35,0.06,0.04,19164.0,19164.0,9.64939932703476,24.586296487901645,13680.0,13680.0,8.145566366285648,24.727984667307584,5484.0,5484.0,13.400755071573016,24.3871296300101,19164.0,44.00000000000001,8.83254129705582,24.677057722170154,13680.0,37.99999999999999,8.145566366285651,24.73190463339383,5484.0,6.0,13.183382525266913,24.48391934019852,45.0,45.0,7.750863513959776,23.407696226801267,38.0,38.0,6.960108330924911,25.563030373746667,7.0,7.0,12.04353450757761,18.586966864884808,52.0,52.0,8.562072625665309,23.407696226801267,38.0,38.0,6.960108330924911,25.563030373746667,14.0,14.0,12.910261425674962,21.90320017217833
M10O90D1-S2,work-1,2901,2.901,100,144.0,0.029090909090909,2.88,0.56,0.24,6.1,2.522222222222222,130,8325.0,149.0,0.0178978978978978,2.292307692307692,0.3384615384615385,169,20,0.4384615384615384,0.4384567517112632,62.54718937979672,56.86907020872865,158.3858024691358,0,0,6.0,29.0,0.4363636363636363,0.3181818181818182,0.0727272727272727,0.0454545454545454,0.4384567517112632,0.3135656502800248,0.0782825140012445,0.0466085874299937,0.46,0.35,0.08,0.05,21138.0,21138.0,11.687811839233024,31.97793756448756,14040.0,14040.0,9.284955940851276,30.08775175039711,7098.0,7098.0,16.44071361625186,34.24382443933657,21138.0,46.0,10.17582764226541,30.318701826863972,14040.0,38.99999999999999,9.28495594085128,30.11995813564521,7098.0,6.999999999999999,15.1392556930013,31.981661650809382,48.0,48.0,9.4788959558362,30.606171664382945,39.0,39.0,8.084322163778673,30.606171664382945,9.0,9.0,15.522049054752152,34.415661804250945,57.0,57.0,10.60651194562983,32.40295445619725,39.0,39.0,8.084322163778673,30.606171664382945,18.0,18.0,16.071256472974007,33.832846455194336
M10O90D1-S2,work-1,3001,3.001,100,165.0,0.0333333333333333,3.3,0.56,0.2,7.6,2.8222222222222224,130,8325.0,174.0,0.0209009009009009,2.6769230769230767,0.3846153846153846,194,20,0.4230769230769231,0.4217174859987554,66.74133997096038,85.2561669829222,157.01543209876544,0,0,8.0,27.0,0.4272727272727272,0.3181818181818182,0.0818181818181818,0.0272727272727272,0.4217174859987554,0.3321095208462974,0.0672059738643435,0.0224019912881145,0.47,0.35,0.09,0.03,20331.0,20331.0,7.86506437232346,16.60380001768537,14040.0,14040.0,6.819859622833336,13.452738092649264,6291.0,6291.0,10.197710165176955,21.243115776190464,20331.0,47.0,7.406063237910351,15.437688519978988,14040.0,38.99999999999999,6.819859622833338,13.457919020237672,6291.0,8.0,10.263805861410797,21.32657838434718,47.0,47.0,6.233451804882078,13.457651442458186,39.0,39.0,5.60877948519358,13.457651442458186,8.0,8.0,9.278729363363508,14.27535026231232,55.0,55.0,6.80818984206383,16.185449819292863,39.0,39.0,5.60877948519358,13.457651442458186,16.0,16.0,9.731752586935064,21.62733225035273
M10O90D1-S2,work-1,3101,3.101,100,146.0,0.0294949494949494,2.92,0.56,0.19,6.9,2.477777777777778,130,8325.0,153.0,0.0183783783783783,2.353846153846154,0.4,173,20,0.4384615384615384,0.4377722464219041,68.98568761667704,58.46932321315623,176.76543209876544,0,0,9.0,26.0,0.4363636363636363,0.3181818181818182,0.0818181818181818,0.0363636363636363,0.4377722464219041,0.3406969508400747,0.0672059738643435,0.029869321717486,0.48,0.35,0.09,0.04,21105.0,21105.0,9.709228028526685,21.54177824374975,14040.0,14040.0,8.338199003244798,20.35361409467496,7065.0,7065.0,12.433820741188772,26.415192880853105,21105.0,48.0,9.117936953066572,20.93183214175545,14040.0,38.99999999999999,8.3381990032448,20.354333436668103,7065.0,9.0,12.496801402294263,26.46151504812466,48.0,48.0,7.944366167261195,19.032571346448385,39.0,39.0,7.13357724895365,19.102968594686267,9.0,9.0,11.457784813260554,18.31704093248808,57.0,57.0,8.688133670899761,22.48076781928232,39.0,39.0,7.13357724895365,19.102968594686267,18.0,18.0,12.056339251783005,29.536885994699546
M10O90D1-S2,work-1,3201,3.201,100,154.0,0.0311111111111111,3.08,0.44,0.24,6.6,2.688888888888889,130,8325.0,160.0,0.0192192192192192,2.4615384615384617,0.3461538461538461,180,20,0.3692307692307692,0.3705662725575607,71.00394109105994,57.35610373181531,183.3148148148148,0,0,9.0,25.0,0.3545454545454545,0.3090909090909091,0.0363636363636363,0.009090909090909,0.3705662725575607,0.3332296204107032,0.029869321717486,0.0074673304293715,0.39,0.34,0.04,0.01,17865.0,17865.0,7.267167669602798,15.604429272933109,10800.0,10800.0,5.061256034897937,10.352985650600878,7065.0,7065.0,10.639261888259911,24.376191665328424,17865.0,39.0,6.364452649675681,12.519562357214552,10800.0,30.0,5.061256034897936,10.352985650600878,7065.0,9.0,10.708441365601496,24.522620423606377,39.0,39.0,4.904410390603915,12.917178717907683,30.0,30.0,3.6510764506454874,8.662753799377986,9.0,9.0,9.08219019046534,20.15815099381146,48.0,48.0,5.998299550724934,13.273169403170137,30.0,30.0,3.6510764506454874,8.662753799377986,18.0,18.0,9.910338050857348,23.2217187510865
M10O90D1-S2,work-1,3301,3.301,100,147.0,0.0296969696969696,2.94,0.5,0.17,8.3,2.344444444444445,130,8325.0,162.0,0.0194594594594594,2.4923076923076923,0.4923076923076923,182,20,0.5307692307692308,0.5354698195395147,69.83405932379175,82.57432005060089,167.52777777777777,1,25,9.0,26.0,0.4909090909090909,0.3181818181818182,0.0909090909090909,0.0818181818181818,0.5354698195395147,0.3406969508400747,0.1011200995644057,0.0936527691350342,0.49,0.35,0.1,0.09,25815.0,25815.0,12.547639740966364,28.800064318062493,14040.0,14040.0,9.5752559935633,24.85467627408004,11775.0,11775.0,16.091781381181995,32.237730823530654,25815.0,49.0,10.944283992484632,27.042174674195483,14040.0,38.99999999999999,9.575255993563305,24.862065337377285,11775.0,10.0,16.283493188277824,31.810877379429925,54.0,54.0,10.286689940973323,26.43668347481321,39.0,39.0,8.537870832597257,26.43668347481321,15.0,15.0,14.833619622751106,27.475679970513056,69.0,69.0,11.6009811983373,30.18200408736225,39.0,39.0,8.537870832597257,26.43668347481321,30.0,30.0,15.58302467379936,30.392957152240065
M10O90D1-S2,work-1,3401,3.401,100,153.0,0.0309090909090909,3.06,0.51,0.27,8.4,2.466666666666667,130,8325.0,167.0,0.02006006006006,2.569230769230769,0.4307692307692308,187,20,0.5230769230769231,0.5286869943995022,66.12113669363202,80.57558507273878,157.4537037037037,0,0,9.0,29.0,0.4818181818181818,0.3545454545454545,0.0727272727272727,0.0545454545454545,0.5286869943995022,0.3798382078406969,0.0769135034225264,0.0719352831362787,0.48,0.38,0.08,0.06,25488.0,25488.0,12.28600314215105,30.256817276382897,13680.0,13680.0,7.906124474020195,23.15735690851549,11808.0,11808.0,17.36025281864411,33.60778446851153,25488.0,48.0,9.696773248316106,28.05492044330421,13680.0,37.99999999999999,7.906124474020198,23.160374395116,11808.0,9.999999999999998,16.501238590640565,33.10411764328816,53.0,53.0,9.553108948204985,28.20051579856522,38.0,38.0,6.639542407288716,28.20051579856522,15.0,15.0,16.934144185192867,31.386585916436864,68.0,68.0,11.33633174534213,29.48490634885589,38.0,38.0,6.639542407288716,28.20051579856522,30.0,30.0,17.285598240209783,33.766316073994105
M10O90D1-S2,work-1,3501,3.501,100,133.0,0.0268686868686868,2.66,0.48,0.33,7.0,2.1777777777777776,130,8325.0,147.0,0.0176576576576576,2.261538461538461,0.3538461538461538,167,20,0.3769230769230769,0.3798382078406969,59.68886123210952,60.31625553447185,148.19753086419752,1,117,8.0,27.0,0.3545454545454545,0.3181818181818182,0.0272727272727272,0.009090909090909,0.3798382078406969,0.3314250155569384,0.040945861854387,0.0074673304293715,0.37,0.35,0.03,0.01,18312.0,18312.0,8.150548593215436,17.279401823674203,10440.0,10440.0,5.054337880842334,10.19746669614887,7872.0,7872.0,12.256803653832202,21.45815703349911,18312.0,37.0,6.604246738286474,14.622382878395031,10440.0,29.000000000000004,5.054337880842334,10.19746669614887,7872.0,8.0,12.222666346521484,22.77721101928589,39.0,39.0,5.491419259830728,14.481892297766567,29.0,29.0,3.632120737615345,4.991811953708175,10.0,10.0,10.883384974255335,16.674075719041028,49.0,49.0,6.922357796945184,16.47412527542477,29.0,29.0,3.632120737615345,4.991811953708175,20.0,20.0,11.693201532973452,19.9223263207648
M10O90D1-S2,work-1,3601,3.601,100,160.0,0.0323232323232323,3.2,0.51,0.26,7.3,2.7444444444444445,130,8325.0,167.0,0.02006006006006,2.569230769230769,0.3692307692307692,187,20,0.4384615384615384,0.4395768512756689,63.723293922422734,66.58444022770398,157.14506172839506,0,0,7.0,26.0,0.4272727272727272,0.3090909090909091,0.0727272727272727,0.0454545454545454,0.4395768512756689,0.3239576851275669,0.0782825140012445,0.0373366521468574,0.45,0.33,0.08,0.05,21192.0,21192.0,9.621849931532376,21.86597833226473,13320.0,13320.0,7.882501558903113,20.078374562814005,7872.0,7872.0,12.564954647414208,23.22084053967677,21192.0,45.0,8.685853724200253,20.831161267671632,13320.0,37.0,7.882501558903113,20.081411294336544,7872.0,8.0,12.401357488699524,22.940847237597367,47.0,47.0,7.746037405662992,20.321320356856116,37.0,37.0,6.731709272333798,20.321320356856116,10.0,10.0,11.499051498981013,17.019692829241006,57.0,57.0,8.577395315538842,22.178419296900177,37.0,37.0,6.731709272333798,20.321320356856116,20.0,20.0,11.991914495468176,22.178419296900177
M10O90D1-S2,work-1,3701,3.701,100,144.0,0.029090909090909,2.88,0.6,0.28,6.8,2.4444444444444446,130,8325.0,156.0,0.0187387387387387,2.4,0.3307692307692307,176,20,0.4,0.3986309894212819,67.21634515660651,84.11132194813409,158.98765432098764,1,423,7.0,29.0,0.4,0.3272727272727272,0.0454545454545454,0.0272727272727272,0.3986309894212819,0.3296204107031736,0.0466085874299937,0.0224019912881145,0.43,0.36,0.05,0.03,19218.0,19218.0,9.078042156360585,22.60651859533687,12960.0,12960.0,7.342395519153661,20.20838053351247,6258.0,6258.0,12.672478145207132,23.739550906490763,19218.0,43.00000000000001,8.111317007051701,20.992984977367,12960.0,36.0,7.342395519153661,20.209179635593177,6258.0,7.0,12.06577037338448,23.162667510715483,44.0,44.0,7.045251924862677,19.539539855441145,36.0,36.0,6.095759689739881,19.539539855441145,8.0,8.0,11.317966982915255,24.426078318061585,52.0,52.0,7.951195794406881,21.74218684175716,36.0,36.0,6.095759689739881,19.539539855441145,16.0,16.0,12.125927029907633,24.15499986990916
M10O90D1-S2,work-1,3801,3.801,100,127.0,0.0256565656565656,2.54,0.42,0.31,5.2,2.2444444444444445,130,8325.0,133.0,0.0159759759759759,2.046153846153846,0.3230769230769231,153,20,0.3461538461538461,0.3441194772868699,59.31134619373574,54.37697659709045,149.97222222222223,0,0,5.0,28.0,0.3545454545454545,0.3,0.0454545454545454,0.009090909090909,0.3441194772868699,0.2900435594275046,0.0466085874299937,0.0074673304293715,0.38,0.33,0.05,0.01,16590.0,16590.0,6.933212796670094,13.959791931374191,11880.0,11880.0,5.081748362076971,10.60061104439932,4710.0,4710.0,11.60314856800052,19.563105058266498,16590.0,37.99999999999999,5.9061493564262815,11.806448472460458,11880.0,33.0,5.08174836207697,10.60364275123854,4710.0,5.0,11.347195919131725,19.73496960862992,39.0,39.0,4.566634117338514,11.017051408604848,33.0,33.0,3.579527042085102,8.895414942437839,6.0,6.0,9.99572303123228,13.77924615951883,45.0,45.0,5.53286823339017,12.31044281540014,33.0,33.0,3.579527042085102,8.895414942437839,12.0,12.0,10.904556509479107,16.945329481640247
M10O90D1-S2,work-1,3901,3.901,100,146.0,0.0294949494949494,2.92,0.55,0.11,5.6,2.6222222222222222,130,8325.0,154.0,0.0184984984984984,2.3692307692307693,0.3538461538461538,174,20,0.4230769230769231,0.4199128811449906,70.75088155984236,59.92409867172675,181.30864197530863,0,0,5.0,29.0,0.4363636363636363,0.3090909090909091,0.0818181818181818,0.0454545454545454,0.4199128811449906,0.2975108898568762,0.0757934038581207,0.0466085874299937,0.47,0.34,0.09,0.05,20244.0,20244.0,10.20172349749669,26.85044487678989,14760.0,14760.0,7.880537849863289,19.424614529683453,5484.0,5484.0,16.44911594079884,28.4298637704048,20244.0,47.0,8.892513923712585,25.74472037104139,14760.0,41.0,7.880537849863289,19.464286269439544,5484.0,6.0,15.807683761682762,28.064696998192872,48.0,48.0,7.844898732217248,25.82867947257709,41.0,41.0,6.594981477293496,13.982077384947202,7.0,7.0,15.165842653913511,25.82867947257709,55.0,55.0,9.010692950527204,27.132132408083564,41.0,41.0,6.594981477293496,13.982077384947202,14.0,14.0,16.085276550711637,28.5297243219342
M10O90D1-S2,work-1,4001,4.001,100,144.0,0.029090909090909,2.88,0.44,0.26,6.1,2.522222222222222,130,8325.0,159.0,0.0190990990990991,2.4461538461538463,0.3461538461538461,179,20,0.3615384615384615,0.3608587429993777,66.72059738643435,62.02403542061986,168.29012345679013,1,6,5.0,28.0,0.3636363636363636,0.3181818181818182,0.0363636363636363,0.009090909090909,0.3608587429993777,0.3235220908525202,0.029869321717486,0.0074673304293715,0.38,0.33,0.04,0.01,17397.0,17397.0,6.969471763283634,15.490351711622518,11880.0,11880.0,5.650653065691508,13.260519405888765,5517.0,5517.0,9.809342368212844,19.54374050254638,17397.0,38.0,6.117391455903379,14.071605931667817,11880.0,33.0,5.650653065691508,13.269416903799064,5517.0,5.0,9.197864831301722,17.961376206934823,40.0,40.0,5.03399085269618,12.274679273840526,33.0,33.0,4.330085423431482,12.274679273840526,7.0,7.0,8.352402162086898,14.017758906791888,47.0,47.0,5.775547889143619,14.94493768590282,33.0,33.0,4.330085423431482,12.274679273840526,14.0,14.0,9.182709415465084,18.31286979258518
M10O90D1-S2,work-1,4101,4.101,100,131.0,0.0264646464646464,2.62,0.45,0.25,4.7,2.388888888888889,130,8325.0,146.0,0.0175375375375375,2.246153846153846,0.3538461538461538,166,20,0.3692307692307692,0.3683260734287492,62.41651109728272,61.91650853889943,155.53395061728395,1,86,5.0,28.0,0.3727272727272727,0.3090909090909091,0.0545454545454545,0.009090909090909,0.3683260734287492,0.3067828251400124,0.0540759178593652,0.0074673304293715,0.4,0.33,0.06,0.01,17757.0,17757.0,6.496783791952269,13.00193848521372,12240.0,12240.0,5.285905956619981,10.550605848723889,5517.0,5517.0,9.18323380182488,17.126363218139726,17757.0,40.0,5.921983663302056,11.66947728844835,12240.0,33.99999999999999,5.285905956619982,10.55135891395103,5517.0,6.0,9.526424001167152,17.70899608166239,41.0,41.0,4.339933319596907,9.31028763986208,34.0,34.0,3.7036537936431255,9.31028763986208,7.0,7.0,7.43043387422956,12.09346146088252,48.0,48.0,5.047622673774121,10.505782014702715,34.0,34.0,3.7036537936431255,9.31028763986208,14.0,14.0,8.311547096949397,16.110948561374695
M10O90D1-S2,work-1,4201,4.2010000000000005,100,132.0,0.0266666666666666,2.64,0.56,0.28,6.7,2.188888888888889,130,8325.0,142.0,0.017057057057057,2.1846153846153844,0.4076923076923077,162,20,0.4538461538461538,0.4563161169881767,60.13690105787181,66.87539531941809,146.33024691358025,1,49,7.0,27.0,0.4363636363636363,0.3181818181818182,0.0909090909090909,0.0272727272727272,0.4563161169881767,0.3321095208462974,0.0932171748599875,0.0309894212818917,0.45,0.34,0.1,0.03,21999.0,21999.0,9.693056229632347,23.492615700388185,13320.0,13320.0,6.554710814034568,13.061048509041626,8679.0,8679.0,14.509597413612354,28.26181439632653,21999.0,45.0,8.03436244906759,17.376528768541018,13320.0,37.0,6.554710814034567,13.06159907315364,8679.0,7.999999999999999,14.87775126109532,29.71815557276025,48.0,48.0,7.227506346862607,15.150322346225035,37.0,37.0,5.4389223371140085,11.74440398718331,11.0,11.0,13.243652561471526,25.31630541959403,59.0,59.0,8.61747036143771,23.919672233029168,37.0,37.0,5.4389223371140085,11.74440398718331,22.0,22.0,13.963210220527571,29.329082978755864
M10O90D1-S2,work-1,4301,4.301,100,161.0,0.0325252525252525,3.22,0.59,0.26,6.6,2.844444444444445,130,8325.0,174.0,0.0209009009009009,2.6769230769230767,0.3615384615384615,194,20,0.4076923076923077,0.4067828251400124,75.90126529765608,65.26249209361164,194.0308641975309,1,129,6.0,31.0,0.4090909090909091,0.3454545454545454,0.0454545454545454,0.0181818181818181,0.4067828251400124,0.3452395768512756,0.0466085874299937,0.014934660858743,0.43,0.37,0.05,0.02,19611.0,19611.0,7.695140392118123,18.43388429837972,13320.0,13320.0,5.444914875307166,10.53082127142281,6291.0,6291.0,12.45956637907122,25.02267168555241,19611.0,43.0,6.398954861819786,14.449673948063404,13320.0,37.0,5.444914875307166,10.535303868169033,6291.0,5.999999999999998,12.28220144531428,26.40070464309725,45.0,45.0,5.276924947510888,17.327428780634854,37.0,37.0,3.888041359907268,9.56682649497919,8.0,8.0,11.700511540177626,20.5992545698469,53.0,53.0,6.269533540136593,17.143981834319145,37.0,37.0,3.888041359907268,9.56682649497919,16.0,16.0,11.776734206916904,31.11427893595585
M10O90D1-S2,work-1,4401,4.401,100,177.0,0.0357575757575757,3.54,0.47,0.24,7.1,3.1444444444444444,130,8325.0,191.0,0.0229429429429429,2.9384615384615387,0.4230769230769231,211,20,0.4461538461538462,0.4459240821406347,72.53474382908111,76.40101201771031,178.57716049382717,2,42,6.0,32.0,0.4454545454545454,0.3454545454545454,0.0818181818181818,0.0181818181818181,0.4459240821406347,0.3359676415681394,0.0950217797137523,0.014934660858743,0.46,0.38,0.09,0.02,21498.0,21498.0,7.824437278475524,17.401948845726647,14400.0,14400.0,5.9534553990538015,11.573940590072535,7098.0,7098.0,11.620173973836582,19.940641082019177,21498.0,46.0,6.640412035224371,14.299990048842508,14400.0,40.0,5.953455399053803,11.578846066259745,7098.0,5.999999999999999,11.22012294302817,19.63619597193315,49.0,49.0,5.7300868245819885,12.81557321233874,40.0,40.0,4.586620314147382,8.680194444956797,9.0,9.0,10.812160204291352,16.530044782676136,58.0,58.0,6.661050934460127,17.639270277651544,40.0,40.0,4.586620314147382,8.680194444956797,18.0,18.0,11.270896757377333,19.9302405444263
M10O90D1-S2,work-1,4501,4.501,100,165.0,0.0333333333333333,3.3,0.54,0.23,5.0,3.111111111111111,130,8325.0,176.0,0.0211411411411411,2.707692307692308,0.4153846153846154,196,20,0.4923076923076923,0.4925326695706285,78.83426674963701,79.96204933586338,195.58641975308643,1,53,4.0,34.0,0.4909090909090909,0.3545454545454545,0.0727272727272727,0.0636363636363636,0.4925326695706285,0.3348475420037337,0.0775980087118855,0.0800871188550093,0.51,0.38,0.08,0.07,23745.0,23745.0,10.172422149688304,23.14978514177272,15840.0,15840.0,7.4127304894649555,17.916833834636613,7905.0,7905.0,15.70227868326678,25.80481615623317,23745.0,51.0,8.578198882782656,20.918395601278792,15840.0,43.99999999999999,7.412730489464958,17.916918307058083,7905.0,7.0,15.904000212208205,26.356259018282785,54.0,54.0,7.84237560213211,19.42638328648496,44.0,44.0,6.163550819878244,17.69951567145121,10.0,10.0,15.229204644049114,21.329540046631443,64.0,64.0,9.008689570833472,21.87225669440865,44.0,44.0,6.163550819878244,17.69951567145121,20.0,20.0,15.267994822934975,22.14211741469754
M10O90D1-S2,work-1,4601,4.601,100,158.0,0.0319191919191919,3.16,0.59,0.25,5.1,2.9444444444444446,130,8325.0,170.0,0.0204204204204204,2.6153846153846154,0.4230769230769231,190,20,0.4923076923076923,0.4918481642812694,69.56855424185854,56.69829222011385,179.3641975308642,1,33,3.0,33.0,0.4909090909090909,0.3363636363636363,0.0636363636363636,0.0909090909090909,0.4918481642812694,0.3113254511512134,0.0879900435594275,0.0925326695706285,0.51,0.36,0.06,0.09,23712.0,23712.0,12.018090440253095,30.232522433183934,15840.0,15840.0,8.689185445388027,23.68612954137026,7872.0,7872.0,18.71649683235964,33.188635889070945,23712.0,50.99999999999999,10.03338475068416,26.885343060607145,15840.0,43.99999999999999,8.68918544538803,23.686410046226545,7872.0,7.0,18.482637526831265,32.136834732417825,54.0,54.0,9.429542913416876,28.925962776145248,44.0,44.0,7.447280371423457,22.39850336028639,10.0,10.0,18.151498098187925,31.598781643426843,64.0,64.0,10.886454134102792,30.031280917669807,44.0,44.0,7.447280371423457,22.39850336028639,20.0,20.0,18.45263641199733,30.626411612225223
M10O90D1-S2,work-1,4701,4.7010000000000005,100,136.0,0.0274747474747474,2.72,0.52,0.25,3.9,2.588888888888889,130,8325.0,139.0,0.0166966966966966,2.1384615384615384,0.3461538461538461,159,20,0.4307692307692308,0.4244555071561917,58.16635552789877,31.29032258064516,157.83024691358025,0,0,3.0,32.0,0.4636363636363636,0.3181818181818182,0.0909090909090909,0.0545454545454545,0.4244555071561917,0.2871188550093341,0.0832607342874922,0.0540759178593652,0.5,0.35,0.1,0.06,20463.0,20463.0,11.527923168014848,29.458383690671248,16560.0,16560.0,9.114590471071931,24.77558761038519,3903.0,3903.0,21.767428538595095,41.83035920578152,20463.0,50.0,10.248180325466569,27.488291317733218,16560.0,45.99999999999999,9.114590471071931,24.776514366011043,3903.0,4.0,23.28446365100488,42.83769821531495,51.0,51.0,9.10065353336345,25.30440037417738,46.0,46.0,7.789786465763313,25.30440037417738,5.0,5.0,21.16063055528472,43.71279778640497,56.0,56.0,10.237376461249736,29.467653958739884,46.0,46.0,7.789786465763313,25.30440037417738,10.0,10.0,21.49629044048728,38.52216149884842
M10O90D1-S2,work-1,4801,4.801,100,164.0,0.0331313131313131,3.28,0.67,0.24,5.1,3.077777777777778,130,8325.0,175.0,0.021021021021021,2.6923076923076925,0.5230769230769231,195,20,0.5384615384615384,0.5355320472930927,67.26197884256378,52.85262492093612,174.37654320987653,0,0,3.0,33.0,0.5545454545454546,0.3272727272727272,0.1545454545454545,0.0727272727272727,0.5355320472930927,0.2945861854387057,0.1633478531425015,0.0775980087118855,0.59,0.36,0.17,0.08,25818.0,25818.0,10.394201539692656,22.453494430160852,18720.0,18720.0,8.102151058683896,19.070012341314488,7098.0,7098.0,16.439169841254216,25.68047018366436,25818.0,59.0,9.050402920424558,20.97015621629573,18720.0,52.0,8.102151058683896,19.07898291551098,7098.0,6.999999999999999,16.094559607640896,25.557686525449533,61.0,61.0,8.125613676761372,19.998337985209464,52.0,52.0,6.873924576109234,18.133410586246296,9.0,9.0,15.357595147195951,22.924596483498277,70.0,70.0,9.186937213228376,22.41095558433706,52.0,52.0,6.873924576109234,18.133410586246296,18.0,18.0,15.868973720461453,24.79474692479434
M10O90D1-S2,work-1,4901,4.901,100,158.0,0.0319191919191919,3.16,0.57,0.21,4.3,3.033333333333333,130,8325.0,167.0,0.02006006006006,2.569230769230769,0.3692307692307692,187,20,0.4538461538461538,0.4533914125700062,70.28624766645925,41.84060721062619,188.75,3,482,3.0,33.0,0.4545454545454545,0.3272727272727272,0.0818181818181818,0.0454545454545454,0.4533914125700062,0.2945861854387057,0.0943372744243932,0.0644679527069072,0.47,0.36,0.09,0.05,21858.0,21858.0,10.51162612885942,26.64419048229642,14760.0,14760.0,6.182363680516898,12.97953662387397,7098.0,7098.0,19.514149901406,29.955319782823963,21858.0,47.0,8.033009257088299,22.46043158444154,14760.0,41.0,6.182363680516899,12.988794097573624,7098.0,5.999999999999999,20.679087363659526,29.88636635482513,50.0,50.0,7.198682809177812,20.4097302749614,41.0,41.0,4.64185611444699,8.986440742777607,9.0,9.0,18.846448862951554,30.305063099567644,59.0,59.0,9.063868730675292,24.91546378424401,41.0,41.0,4.64185611444699,8.986440742777607,18.0,18.0,19.13623080097309,29.783280877117225
M10O90-S4,work-1,1001,1.001,100,68.0,0.0137373737373737,1.36,0.21,0.3,4.6,1.0,130,8325.0,81.0,0.0097297297297297,1.2461538461538462,0.0692307692307692,81,0,0.0692307692307692,0.070815183571873,53.78137315909562,104.50980392156865,109.05246913580248,10,6648,,,,,,,,,,,,,,,,,,,,,,,,,,,,,,,,,,,,,,,,,,,,,,,,,,,,,,,,,,,,,,
M10O90-S4,work-1,1101,1.101,100,69.0,0.0139393939393939,1.38,0.22,0.28,3.6,1.1333333333333333,130,8325.0,83.0,0.0099699699699699,1.2769230769230768,0.0769230769230769,83,0,0.0769230769230769,0.0803567724538477,53.82700684505289,90.04427577482606,116.24691358024693,12,6073,,,,,,,,,,,,,,,,,,,,,,,,,,,,,,,,,,,,,,,,,,,,,,,,,,,,,,,,,,,,,,
M10O90-S4,work-1,1201,1.201,100,72.0,0.0145454545454545,1.44,0.2,0.26,4.6,1.0888888888888888,130,8325.0,86.0,0.0103303303303303,1.323076923076923,0.0769230769230769,86,0,0.0769230769230769,0.0776809790499896,60.34432690313213,100.96774193548389,130.31172839506172,12,5703,,,,,,,,,,,,,,,,,,,,,,,,,,,,,,,,,,,,,,,,,,,,,,,,,,,,,,,,,,,,,,
M10O90-S4,work-1,1301,1.301,100,68.0,0.0137373737373737,1.36,0.24,0.35,4.0,1.0666666666666669,130,8325.0,83.0,0.0099699699699699,1.2769230769230768,0.1,83,0,0.1,0.0988799004355942,59.87969300974901,109.79127134724858,124.62345679012346,10,6602,,,,,,,,,,,,,,,,,,,,,,,,,,,,,,,,,,,,,,,,,,,,,,,,,,,,,,,,,,,,,,
M10O90-S4,work-1,1401,1.401,100,86.0,0.0173737373737373,1.72,0.46,0.26,5.2,1.3333333333333333,130,8325.0,99.0,0.0118918918918918,1.523076923076923,0.1307692307692307,99,0,0.1307692307692307,0.1337481850238539,54.119477286869945,100.64516129032258,111.94444444444444,10,6119,,,,,,,,,,,,,,,,,,,,,,,,,,,,,,,,,,,,,,,,,,,,,,,,,,,,,,,,,,,,,,
M10O90-S4,work-1,1501,1.501,100,69.0,0.0139393939393939,1.38,0.21,0.29,4.1,1.0777777777777775,130,8325.0,82.0,0.0098498498498498,1.2615384615384615,0.0538461538461538,82,0,0.0538461538461538,0.0559634930512341,63.16116988176727,117.56483238456671,130.59567901234567,11,6606,,,,,,,,,,,,,,,,,,,,,,,,,,,,,,,,,,,,,,,,,,,,,,,,,,,,,,,,,,,,,,
M10O90-S4,work-1,1601,1.601,100,81.0,0.0163636363636363,1.62,0.19,0.24,4.3,1.3222222222222222,130,8325.0,94.0,0.0112912912912912,1.446153846153846,0.0615384615384615,94,0,0.0615384615384615,0.0626633478531425,68.94005393071977,114.15559772296017,149.45679012345678,10,5533,,,,,,,,,,,,,,,,,,,,,,,,,,,,,,,,,,,,,,,,,,,,,,,,,,,,,,,,,,,,,,
M10O90-S4,work-1,1701,1.701,100,78.0,0.0157575757575757,1.56,0.29,0.26,3.9,1.3,130,8325.0,92.0,0.011051051051051,1.4153846153846157,0.0846153846153846,92,0,0.0846153846153846,0.0878241028832192,64.40365069487657,101.55597722960152,142.10493827160494,10,5654,,,,,,,,,,,,,,,,,,,,,,,,,,,,,,,,,,,,,,,,,,,,,,,,,,,,,,,,,,,,,,
M10O90-S4,work-1,1801,1.801,100,75.0,0.0151515151515151,1.5,0.32,0.29,4.9,1.1222222222222222,130,8325.0,91.0,0.0109309309309309,1.4,0.123076923076923,91,0,0.123076923076923,0.1249740717693424,60.28209914955404,124.6932321315623,118.54938271604938,10,6302,,,,,,,,,,,,,,,,,,,,,,,,,,,,,,,,,,,,,,,,,,,,,,,,,,,,,,,,,,,,,,
M10O90-S4,work-1,1901,1.901,100,78.0,0.0157575757575757,1.56,0.13,0.22,3.6,1.3333333333333333,130,8325.0,97.0,0.0116516516516516,1.4923076923076923,0.0769230769230769,97,0,0.0769230769230769,0.0783654843393486,72.64675378552168,111.62555344718533,161.72222222222223,12,6131,,,,,,,,,,,,,,,,,,,,,,,,,,,,,,,,,,,,,,,,,,,,,,,,,,,,,,,,,,,,,,
M10O90-S4,work-1,2001,2.001,100,83.0,0.0167676767676767,1.66,0.26,0.28,4.5,1.3444444444444446,130,8325.0,100.0,0.012012012012012,1.5384615384615383,0.0923076923076923,100,0,0.0923076923076923,0.0914125700062227,67.0109935697988,133.13092979127134,134.45679012345678,10,5388,,,,,,,,,,,,,,,,,,,,,,,,,,,,,,,,,,,,,,,,,,,,,,,,,,,,,,,,,,,,,,
M10O90-S4,work-1,2101,2.101,100,69.0,0.0139393939393939,1.38,0.11,0.33,3.9,1.1,130,8325.0,84.0,0.01009009009009,1.2923076923076924,0.0692307692307692,84,0,0.0692307692307692,0.0690105787181082,53.8954573739888,108.48829854522454,107.45061728395062,10,6356,,,,,,,,,,,,,,,,,,,,,,,,,,,,,,,,,,,,,,,,,,,,,,,,,,,,,,,,,,,,,,
M10O90-S4,work-1,2201,2.201,100,84.0,0.0169696969696969,1.68,0.46,0.3,4.8,1.3333333333333333,130,8325.0,97.0,0.0116516516516516,1.4923076923076923,0.1769230769230769,97,0,0.1769230769230769,0.1840904376685335,50.99149554034432,89.90512333965845,107.87654320987654,10,5964,,,,,,,,,,,,,,,,,,,,,,,,,,,,,,,,,,,,,,,,,,,,,,,,,,,,,,,,,,,,,,
M10O90-S4,work-1,2301,2.301,100,83.0,0.0167676767676767,1.66,0.47,0.34,4.7,1.3222222222222222,130,8325.0,101.0,0.0121321321321321,1.553846153846154,0.1846153846153846,101,0,0.1846153846153846,0.1879070732213233,55.01140842148932,100.05692599620494,114.8858024691358,10,6034,,,,,,,,,,,,,,,,,,,,,,,,,,,,,,,,,,,,,,,,,,,,,,,,,,,,,,,,,,,,,,
M10O90-S4,work-1,2401,2.401,100,62.0,0.0125252525252525,1.24,0.23,0.34,3.6,0.9777777777777776,130,8325.0,72.0,0.0086486486486486,1.1076923076923078,0.0538461538461538,72,0,0.0538461538461538,0.053308442231902,50.172163451566064,87.9000632511069,106.41666666666669,10,5906,,,,,,,,,,,,,,,,,,,,,,,,,,,,,,,,,,,,,,,,,,,,,,,,,,,,,,,,,,,,,,
M10O90-S4,work-1,2501,2.501,100,77.0,0.0155555555555555,1.54,0.26,0.3,3.5,1.3222222222222222,130,8325.0,90.0,0.0108108108108108,1.3846153846153846,0.1153846153846153,90,0,0.1153846153846153,0.1138975316324414,61.951877203899606,97.28020240354206,136.89506172839506,11,5741,,,,,,,,,,,,,,,,,,,,,,,,,,,,,,,,,,,,,,,,,,,,,,,,,,,,,,,,,,,,,,
M10O90-S4,work-1,2601,2.601,100,72.0,0.0145454545454545,1.44,0.3,0.32,4.1,1.1444444444444444,130,8325.0,85.0,0.0102102102102102,1.3076923076923077,0.0846153846153846,85,0,0.0846153846153846,0.0868699439950217,59.17859365276914,91.55597722960152,131.4351851851852,10,6023,,,,,,,,,,,,,,,,,,,,,,,,,,,,,,,,,,,,,,,,,,,,,,,,,,,,,,,,,,,,,,
M10O90-S4,work-1,2701,2.701,100,75.0,0.0151515151515151,1.5,0.34,0.27,4.3,1.1888888888888889,130,8325.0,86.0,0.0103303303303303,1.323076923076923,0.1692307692307692,86,0,0.1692307692307692,0.1728894420244762,56.61066168844638,92.3719165085389,123.39506172839506,10,6338,,,,,,,,,,,,,,,,,,,,,,,,,,,,,,,,,,,,,,,,,,,,,,,,,,,,,,,,,,,,,,
M10O90-S4,work-1,2801,2.801,100,80.0,0.0161616161616161,1.6,0.39,0.21,4.7,1.2555555555555555,130,8325.0,97.0,0.0116516516516516,1.4923076923076923,0.1076923076923077,97,0,0.1076923076923077,0.1091889649450321,64.61522505704211,108.51992409867172,139.33641975308643,10,5587,,,,,,,,,,,,,,,,,,,,,,,,,,,,,,,,,,,,,,,,,,,,,,,,,,,,,,,,,,,,,,
M10O90-S4,work-1,2901,2.901,100,72.0,0.0145454545454545,1.44,0.3,0.31,4.2,1.1333333333333333,130,8325.0,90.0,0.0108108108108108,1.3846153846153846,0.1615384615384615,90,0,0.1615384615384615,0.1632648828043974,51.45820369218004,99.66476913345984,104.50308641975307,11,5979,,,,,,,,,,,,,,,,,,,,,,,,,,,,,,,,,,,,,,,,,,,,,,,,,,,,,,,,,,,,,,
M10O90-S4,work-1,3001,3.001,100,84.0,0.0169696969696969,1.68,0.3,0.2,4.9,1.3222222222222222,130,8325.0,97.0,0.0116516516516516,1.4923076923076923,0.1307692307692307,97,0,0.1307692307692307,0.1310723916199958,66.31819124662933,111.53067678684376,142.9351851851852,10,6284,,,,,,,,,,,,,,,,,,,,,,,,,,,,,,,,,,,,,,,,,,,,,,,,,,,,,,,,,,,,,,
M10O90-S4,work-1,3101,3.101,100,72.0,0.0145454545454545,1.44,0.14,0.31,4.1,1.1444444444444444,130,8325.0,84.0,0.01009009009009,1.2923076923076924,0.0769230769230769,84,0,0.0769230769230769,0.0783654843393486,54.17548226509023,97.05249841872232,113.8641975308642,10,6502,,,,,,,,,,,,,,,,,,,,,,,,,,,,,,,,,,,,,,,,,,,,,,,,,,,,,,,,,,,,,,
M10O90-S4,work-1,3201,3.201,100,79.0,0.0159595959595959,1.58,0.48,0.32,5.7,1.1222222222222222,130,8325.0,92.0,0.011051051051051,1.4153846153846157,0.1153846153846153,92,0,0.1153846153846153,0.1159717900850446,58.01078614395354,117.2865275142315,115.40432098765432,11,6293,,,,,,,,,,,,,,,,,,,,,,,,,,,,,,,,,,,,,,,,,,,,,,,,,,,,,,,,,,,,,,
M10O90-S4,work-1,3301,3.301,100,89.0,0.0179797979797979,1.78,0.39,0.23,4.8,1.4444444444444444,130,8325.0,106.0,0.0127327327327327,1.6307692307692307,0.1,106,0,0.1,0.1017216345156606,66.06305745695914,123.18785578747628,136.48765432098764,10,5816,,,,,,,,,,,,,,,,,,,,,,,,,,,,,,,,,,,,,,,,,,,,,,,,,,,,,,,,,,,,,,
M10O90-S4,work-1,3401,3.401,100,81.0,0.0163636363636363,1.62,0.54,0.32,5.8,1.1555555555555554,130,8325.0,94.0,0.0112912912912912,1.446153846153846,0.2230769230769231,94,0,0.2230769230769231,0.2252437253681808,56.88861232109521,105.00316255534472,118.05864197530865,10,6988,,,,,,,,,,,,,,,,,,,,,,,,,,,,,,,,,,,,,,,,,,,,,,,,,,,,,,,,,,,,,,
M10O90-S4,work-1,3501,3.501,100,68.0,0.0137373737373737,1.36,0.13,0.32,4.2,1.0444444444444445,130,8325.0,82.0,0.0098498498498498,1.2615384615384615,0.0692307692307692,82,0,0.0692307692307692,0.070815183571873,55.94275046670816,100.58823529411764,117.39814814814817,10,5990,,,,,,,,,,,,,,,,,,,,,,,,,,,,,,,,,,,,,,,,,,,,,,,,,,,,,,,,,,,,,,
M10O90-S4,work-1,3601,3.601,100,75.0,0.0151515151515151,1.5,0.23,0.29,3.9,1.2333333333333334,130,8325.0,87.0,0.0104504504504504,1.3384615384615384,0.1538461538461538,87,0,0.1538461538461538,0.1553827006845053,62.0784069695084,103.78241619228336,134.09876543209876,10,5731,,,,,,,,,,,,,,,,,,,,,,,,,,,,,,,,,,,,,,,,,,,,,,,,,,,,,,,,,,,,,,
M10O90-S4,work-1,3701,3.701,100,75.0,0.0151515151515151,1.5,0.18,0.2,4.1,1.211111111111111,130,8325.0,90.0,0.0108108108108108,1.3846153846153846,0.0692307692307692,90,0,0.0692307692307692,0.0690105787181082,58.73677660236466,108.14674256799492,122.0246913580247,10,5997,,,,,,,,,,,,,,,,,,,,,,,,,,,,,,,,,,,,,,,,,,,,,,,,,,,,,,,,,,,,,,
M10O90-S4,work-1,3801,3.801,100,76.0,0.0153535353535353,1.52,0.44,0.3,5.0,1.1333333333333333,130,8325.0,87.0,0.0104504504504504,1.3384615384615384,0.123076923076923,87,0,0.123076923076923,0.1246421904169259,54.4140219871396,87.02087286527514,119.46913580246914,11,5891,,,,,,,,,,,,,,,,,,,,,,,,,,,,,,,,,,,,,,,,,,,,,,,,,,,,,,,,,,,,,,
M10O90-S4,work-1,3901,3.901,100,83.0,0.0167676767676767,1.66,0.34,0.25,5.4,1.2444444444444445,130,8325.0,95.0,0.0114114114114114,1.4615384615384617,0.0692307692307692,95,0,0.0692307692307692,0.0693632026550508,60.77369840282099,106.66666666666669,128.80864197530863,10,5366,,,,,,,,,,,,,,,,,,,,,,,,,,,,,,,,,,,,,,,,,,,,,,,,,,,,,,,,,,,,,,
M10O90-S4,work-1,4001,4.001,100,72.0,0.0145454545454545,1.44,0.24,0.3,4.2,1.1333333333333333,130,8325.0,84.0,0.01009009009009,1.2923076923076924,0.1153846153846153,84,0,0.1153846153846153,0.1150176311968471,56.54428541796308,104.11764705882354,117.46604938271604,10,5969,,,,,,,,,,,,,,,,,,,,,,,,,,,,,,,,,,,,,,,,,,,,,,,,,,,,,,,,,,,,,,
M10O90-S4,work-1,4101,4.101,100,85.0,0.0171717171717171,1.7,0.26,0.23,4.8,1.3555555555555556,130,8325.0,97.0,0.0116516516516516,1.4923076923076923,0.0846153846153846,97,0,0.0846153846153846,0.0832607342874922,60.7156191661481,108.5325743200506,127.7253086419753,10,5322,,,,,,,,,,,,,,,,,,,,,,,,,,,,,,,,,,,,,,,,,,,,,,,,,,,,,,,,,,,,,,
M10O90-S4,work-1,4201,4.2010000000000005,100,67.0,0.0135353535353535,1.34,0.18,0.3,4.2,1.022222222222222,130,8325.0,81.0,0.0097297297297297,1.2461538461538462,0.0769230769230769,81,0,0.0769230769230769,0.0795892968263845,59.404687824102886,108.3807716635041,123.89814814814817,10,5505,,,,,,,,,,,,,,,,,,,,,,,,,,,,,,,,,,,,,,,,,,,,,,,,,,,,,,,,,,,,,,
M10O90-S4,work-1,4301,4.301,100,87.0,0.0175757575757575,1.74,0.36,0.31,5.8,1.288888888888889,130,8325.0,99.0,0.0118918918918918,1.523076923076923,0.123076923076923,99,0,0.123076923076923,0.1264053101016386,57.00062227753578,106.67931688804552,117.57407407407408,10,6037,,,,,,,,,,,,,,,,,,,,,,,,,,,,,,,,,,,,,,,,,,,,,,,,,,,,,,,,,,,,,,
M10O90-S4,work-1,4401,4.401,100,65.0,0.0131313131313131,1.3,0.34,0.31,3.7,1.0333333333333334,130,8325.0,77.0,0.0092492492492492,1.1846153846153846,0.0846153846153846,77,0,0.0846153846153846,0.0876374196224849,63.21302634308235,99.91777356103732,139.36111111111111,10,5778,,,,,,,,,,,,,,,,,,,,,,,,,,,,,,,,,,,,,,,,,,,,,,,,,,,,,,,,,,,,,,
M10O90-S4,work-1,4501,4.501,100,73.0,0.0147474747474747,1.46,0.21,0.23,4.0,1.1777777777777778,130,8325.0,84.0,0.01009009009009,1.2923076923076924,0.0692307692307692,84,0,0.0692307692307692,0.0684090437668533,53.936942543040864,79.1967109424415,121.86728395061728,10,5875,,,,,,,,,,,,,,,,,,,,,,,,,,,,,,,,,,,,,,,,,,,,,,,,,,,,,,,,,,,,,,
M10O90-S4,work-1,4601,4.601,100,93.0,0.0187878787878787,1.86,0.26,0.2,4.0,1.6222222222222222,130,8325.0,106.0,0.0127327327327327,1.6307692307692307,0.1538461538461538,106,0,0.1538461538461538,0.1578718108276291,69.0333955610869,85.99620493358634,163.47530864197532,11,5285,,,,,,,,,,,,,,,,,,,,,,,,,,,,,,,,,,,,,,,,,,,,,,,,,,,,,,,,,,,,,,
M10O90-S4,work-1,4701,4.7010000000000005,100,75.0,0.0151515151515151,1.5,0.43,0.3,4.8,1.1333333333333333,130,8325.0,87.0,0.0104504504504504,1.3384615384615384,0.1692307692307692,87,0,0.1692307692307692,0.1736984028209915,53.64032358431861,96.09740670461731,112.73765432098766,10,5650,,,,,,,,,,,,,,,,,,,,,,,,,,,,,,,,,,,,,,,,,,,,,,,,,,,,,,,,,,,,,,
M10O90-S4,work-1,4801,4.801,100,73.0,0.0147474747474747,1.46,0.33,0.36,4.0,1.1777777777777778,130,8325.0,85.0,0.0102102102102102,1.3076923076923077,0.1384615384615384,85,0,0.1384615384615384,0.1383737813731591,47.53785521676001,74.45920303605313,105.1358024691358,10,6182,,,,,,,,,,,,,,,,,,,,,,,,,,,,,,,,,,,,,,,,,,,,,,,,,,,,,,,,,,,,,,
M10O90-S4,work-1,4901,4.901,100,74.0,0.0149494949494949,1.48,0.23,0.32,4.7,1.1222222222222222,130,8325.0,88.0,0.0105705705705705,1.353846153846154,0.1,88,0,0.1,0.1025720804812279,55.95519601742377,105.51549652118912,115.03086419753086,10,5595,,,,,,,,,,,,,,,,,,,,,,,,,,,,,,,,,,,,,,,,,,,,,,,,,,,,,,,,,,,,,,
M10O90D1-S4,work-1,1001,1.001,100,159.0,0.0321212121212121,3.18,0.67,0.26,7.4,2.7111111111111112,130,8325.0,170.0,0.0204204204204204,2.6153846153846154,0.4230769230769231,170,0,0.4230769230769231,0.4242273387264053,72.15515453225471,99.7786211258697,166.04012345679013,10,6174,5.0,29.0,0.4230769230769231,0.2615384615384615,0.123076923076923,0.0384615384615384,0.4242273387264053,0.2590748807301389,0.127940261356565,0.0372121966397013,0.49,0.34,0.13,0.05,20452.0,20452.0,8.488347379837064,17.22203832732454,14400.0,14400.0,7.441772715394991,14.658114929645002,6052.0,6052.0,10.97854486297749,19.997305874730973,20452.0,49.0,8.100247798952909,16.647177856014924,14400.0,40.0,7.441772715394992,14.66045501836027,6052.0,8.999999999999998,11.026803725876984,21.332483497190434,55.0,55.0,7.222868336003605,14.878531555190012,40.0,40.0,6.097577807793595,13.314084894559793,15.0,15.0,10.22364307789696,19.010492551702985,55.0,55.0,7.222868336003605,14.878531555190012,40.0,40.0,6.097577807793595,13.314084894559793,15.0,15.0,10.22364307789696,19.010492551702985
M10O90D1-S4,work-1,1101,1.101,100,165.0,0.0333333333333333,3.3,0.72,0.21,6.7,2.922222222222222,130,8325.0,179.0,0.0215015015015015,2.753846153846154,0.4692307692307692,179,0,0.4692307692307692,0.4669570628500311,77.32835511304708,111.1954459203036,175.8641975308642,10,6471,4.0,32.0,0.4692307692307692,0.2846153846153846,0.1153846153846153,0.0692307692307692,0.4669570628500311,0.2823688031528728,0.1137730761252852,0.070815183571873,0.55,0.36,0.14,0.07,22512.0,22512.0,7.962209151590615,16.131903590731042,17280.0,17280.0,7.14684933391104,14.889742881192548,5232.0,5232.0,10.65514065952316,18.72942490768839,22512.0,55.0,7.578948720685945,15.460186904277332,17280.0,48.0,7.146849333911039,14.89064994915787,5232.0,7.0,10.541915944285297,18.46599873352439,61.0,61.0,6.847366559794391,14.519981309553817,48.0,48.0,6.0136694440044325,14.519981309553817,13.0,13.0,9.925632833480396,17.925658568641587,61.0,61.0,6.847366559794391,14.519981309553817,48.0,48.0,6.0136694440044325,14.519981309553817,13.0,13.0,9.925632833480396,17.925658568641587
M10O90D1-S4,work-1,1201,1.201,100,183.0,0.0369696969696969,3.66,0.61,0.18,7.4,3.2444444444444445,130,8325.0,195.0,0.0234234234234234,3.0,0.4384615384615384,195,0,0.4384615384615384,0.4374403650694876,75.12134411947729,98.01391524351676,175.7283950617284,10,6978,4.0,33.0,0.4384615384615384,0.2923076923076923,0.1,0.0461538461538461,0.4374403650694876,0.2898361335822443,0.0997510889856876,0.0478531425015556,0.51,0.37,0.11,0.06,21089.0,21089.0,7.879898582051632,16.570839609364754,15480.0,15480.0,6.699738160652122,14.08799606830502,5609.0,5609.0,11.136964605097525,22.19692873881661,21089.0,51.0,7.43278037971552,15.71008171888215,15480.0,42.99999999999999,6.6997381606521245,14.09077885847182,5609.0,7.999999999999998,11.372882307181287,22.010613479420773,57.0,57.0,6.643087399699046,13.664091890727068,43.0,43.0,5.364776953391257,12.477272965161182,14.0,14.0,10.5693266276444,19.24558718391988,57.0,57.0,6.643087399699046,13.664091890727068,43.0,43.0,5.364776953391257,12.477272965161182,14.0,14.0,10.5693266276444,19.24558718391988
M10O90D1-S4,work-1,1301,1.301,100,160.0,0.0323232323232323,3.2,0.56,0.27,6.5,2.833333333333333,130,8325.0,169.0,0.0203003003003003,2.6,0.4076923076923077,169,0,0.4076923076923077,0.4074051026757934,70.97697573117611,83.16255534471853,170.64197530864195,10,6817,4.0,33.0,0.4076923076923077,0.2923076923076923,0.0692307692307692,0.0461538461538461,0.4074051026757934,0.2898361335822443,0.068886123210952,0.0486828458825969,0.47,0.37,0.09,0.05,19641.0,19641.0,8.297075066081945,20.53625615048937,14760.0,14760.0,6.655834622493857,14.36061434009481,4881.0,4881.0,13.2601377473686,26.871879318980508,19641.0,47.0,7.645739436500981,18.22954892677608,14760.0,41.0,6.655834622493859,14.363964110999149,4881.0,5.999999999999999,14.41008899888299,29.8783033476117,53.0,53.0,7.192926005320294,19.9946349728028,41.0,41.0,5.477867820062522,12.101147878984746,12.0,12.0,13.052708138284348,30.991557269538383,53.0,53.0,7.192926005320294,19.9946349728028,41.0,41.0,5.477867820062522,12.101147878984746,12.0,12.0,13.052708138284348,30.991557269538383
M10O90D1-S4,work-1,1401,1.401,100,169.0,0.0341414141414141,3.38,0.51,0.11,5.6,3.1333333333333333,130,8325.0,180.0,0.0216216216216216,2.769230769230769,0.3384615384615385,180,0,0.3384615384615385,0.3353661066168845,84.50736361750674,104.08602150537637,200.69753086419752,10,7144,4.0,32.0,0.3384615384615385,0.2769230769230769,0.0461538461538461,0.0153846153846153,0.3353661066168845,0.2738643434971997,0.0465671022609417,0.014934660858743,0.41,0.36,0.05,0.02,16168.0,16168.0,6.054763213822178,12.69921420039223,12960.0,12960.0,5.533988884740057,11.057249687378713,3208.0,3208.0,8.15863955574995,15.149492202795132,16168.0,40.99999999999999,5.934807916179695,12.841410898545067,12960.0,36.0,5.533988884740057,11.060707442880448,3208.0,5.0,8.82070494254507,18.20552275516135,44.0,44.0,4.674301934872905,11.341582824876404,36.0,36.0,4.1262733675400245,8.90847003909384,8.0,8.0,7.140430487870866,14.845117337076518,44.0,44.0,4.674301934872905,11.341582824876404,36.0,36.0,4.1262733675400245,8.90847003909384,8.0,8.0,7.140430487870866,14.845117337076518
M10O90D1-S4,work-1,1501,1.501,100,157.0,0.0317171717171717,3.14,0.61,0.23,5.7,2.855555555555556,130,8325.0,170.0,0.0204204204204204,2.6153846153846154,0.3692307692307692,170,0,0.3692307692307692,0.3673096867869737,71.81082762912258,81.18912080961417,174.08641975308643,10,7916,4.0,31.0,0.3692307692307692,0.2769230769230769,0.0538461538461538,0.0384615384615384,0.3673096867869737,0.2737398879900435,0.0533914125700062,0.0401783862269238,0.44,0.35,0.07,0.04,17708.0,17708.0,6.956664701826865,18.35822866976486,13680.0,13680.0,5.233227935416302,9.422933128568069,4028.0,4028.0,12.809846172655192,22.8991235978924,17708.0,43.99999999999999,6.239909374384513,13.351270157333673,13680.0,37.99999999999999,5.233227935416304,9.429311235682247,4028.0,6.0,12.61555848784984,23.58054325235764,48.0,48.0,5.462423151949943,17.544436886624336,38.0,38.0,3.681242021130675,7.663782283004201,10.0,10.0,12.230911449063155,20.239722425970356,48.0,48.0,5.462423151949943,17.544436886624336,38.0,38.0,3.681242021130675,7.663782283004201,10.0,10.0,12.230911449063155,20.239722425970356
M10O90D1-S4,work-1,1601,1.601,100,144.0,0.029090909090909,2.88,0.52,0.28,5.5,2.588888888888889,130,8325.0,156.0,0.0187387387387387,2.4,0.3692307692307692,156,0,0.3692307692307692,0.3673096867869737,70.46878241028833,86.17963314358,167.65740740740742,10,7182,4.0,30.0,0.3692307692307692,0.2692307692307692,0.0384615384615384,0.0615384615384615,0.3673096867869737,0.2662725575606721,0.0384567517112632,0.0625803775150383,0.44,0.34,0.05,0.07,17708.0,17708.0,9.200685663805872,22.71603373674984,13680.0,13680.0,7.229021957247415,18.97267070930819,4028.0,4028.0,15.896902025702522,31.47929103224315,17708.0,43.99999999999999,8.528795260740154,21.682673442629557,13680.0,37.99999999999999,7.229021957247417,18.97679916380704,4028.0,6.0,16.76069284952749,33.58548375270544,48.0,48.0,7.80721075874715,24.18829296544507,38.0,38.0,5.82640805009236,19.956504448893806,10.0,10.0,15.334261051635352,26.00032521039597,48.0,48.0,7.80721075874715,24.18829296544507,38.0,38.0,5.82640805009236,19.956504448893806,10.0,10.0,15.334261051635352,26.00032521039597
M10O90D1-S4,work-1,1701,1.701,100,153.0,0.0309090909090909,3.06,0.62,0.24,6.0,2.7333333333333334,130,8325.0,167.0,0.02006006006006,2.569230769230769,0.3538461538461538,167,0,0.3538461538461538,0.3503007674756274,69.92532669570629,82.84629981024668,167.66666666666666,11,6675,4.0,30.0,0.3538461538461538,0.2615384615384615,0.0538461538461538,0.0384615384615384,0.3503007674756274,0.2589296826384567,0.0540759178593652,0.0372951669778054,0.42,0.34,0.07,0.04,16888.0,16888.0,7.08317190442241,18.715651965981568,13680.0,13680.0,6.161112953485223,10.785504325049043,3208.0,3208.0,11.015143989466276,21.43065287035381,16888.0,41.99999999999999,6.428932353230173,13.087014856031514,13680.0,37.99999999999999,6.161112953485224,10.807620427721105,3208.0,4.0,8.973216650807176,18.885959947347157,46.0,46.0,5.721366714753664,18.5941456396238,38.0,38.0,4.762552164768927,8.789075456353066,8.0,8.0,10.275735827181167,20.302244181873583,46.0,46.0,5.721366714753664,18.5941456396238,38.0,38.0,4.762552164768927,8.789075456353066,8.0,8.0,10.275735827181167,20.302244181873583
M10O90D1-S4,work-1,1801,1.801,100,149.0,0.0301010101010101,2.98,0.66,0.18,5.7,2.6777777777777776,130,8325.0,159.0,0.0190990990990991,2.4461538461538463,0.4076923076923077,159,0,0.4076923076923077,0.404563368595727,70.18046048537647,78.24161922833649,170.67283950617283,10,6708,4.0,29.0,0.4076923076923077,0.2615384615384615,0.1153846153846153,0.0307692307692307,0.404563368595727,0.2588052271313005,0.114976146027795,0.0307819954366314,0.51,0.33,0.15,0.04,19504.0,19504.0,7.189209371637787,14.739129954022484,15840.0,15840.0,6.7104208203272,14.179883604488335,3664.0,3664.0,9.259081274683556,16.014264119253983,19504.0,51.0,7.15588907865371,14.834892214403224,15840.0,43.99999999999999,6.710420820327203,14.180382901814218,3664.0,6.999999999999999,9.955975273848908,16.58381033304825,53.0,53.0,6.093063426171807,13.438063167365556,44.0,44.0,5.600851901342337,13.438063167365556,9.0,9.0,8.499430880893653,14.876117847071246,53.0,53.0,6.093063426171807,13.438063167365556,44.0,44.0,5.600851901342337,13.438063167365556,9.0,9.0,8.499430880893653,14.876117847071246
M10O90D1-S4,work-1,1901,1.901,100,152.0,0.0307070707070707,3.04,0.66,0.2,6.7,2.6333333333333333,130,8325.0,164.0,0.0196996996996997,2.523076923076923,0.4846153846153846,164,0,0.4846153846153846,0.4854179630781995,80.85874299937772,105.96457938013916,188.92283950617283,9,5529,5.0,30.0,0.4923076923076923,0.2692307692307692,0.1076923076923077,0.1153846153846153,0.494814353868492,0.2683260734287492,0.1090645094378759,0.1174237710018668,0.56,0.35,0.14,0.14,23855.0,23855.0,8.98151044076746,17.985326403112367,16920.0,16920.0,7.952100825849328,16.388750335263524,6935.0,6935.0,11.493062089565548,19.027318067444828,23855.0,55.99999999999999,8.624035682034286,17.917242583097202,16920.0,46.99999999999999,7.952100825849333,16.390778935947328,6935.0,8.999999999999998,12.133028819889052,20.60221763772043,64.0,64.0,7.799715329832245,16.344728980424403,47.0,47.0,6.729242970651679,15.93169648627608,17.0,17.0,10.759256558154984,19.343738719403856,64.0,64.0,7.799715329832245,16.344728980424403,47.0,47.0,6.729242970651679,15.93169648627608,17.0,17.0,10.759256558154984,19.343738719403856
M10O90D1-S4,work-1,2001,2.001,100,176.0,0.0355555555555555,3.52,0.6,0.22,8.1,3.011111111111111,130,8325.0,186.0,0.0223423423423423,2.8615384615384616,0.3846153846153846,186,0,0.3846153846153846,0.3818917237087741,81.91039203484755,108.9247311827957,190.60802469135805,9,5654,5.0,31.0,0.3846153846153846,0.2846153846153846,0.0923076923076923,0.0076923076923076,0.3818917237087741,0.2851897946484132,0.0892345986309894,0.0074673304293715,0.46,0.36,0.12,0.01,18411.0,18411.0,5.827216158287131,11.14054852606761,14760.0,14760.0,5.565191059160823,10.827335504861932,3651.0,3651.0,6.886512368395135,11.819431906730838,18411.0,46.0,5.70075663966504,11.057856444132648,14760.0,41.0,5.565191059160822,10.831587874146258,3651.0,4.999999999999998,6.81239439979962,12.42418339451683,50.0,50.0,4.391329783211728,9.222689607656887,41.0,41.0,4.047708544061389,9.210471016665212,9.0,9.0,5.95671542822994,10.420170727738816,50.0,50.0,4.391329783211728,9.222689607656887,41.0,41.0,4.047708544061389,9.210471016665212,9.0,9.0,5.95671542822994,10.420170727738816
M10O90D1-S4,work-1,2101,2.101,100,185.0,0.0373737373737373,3.7,0.58,0.16,7.2,3.311111111111111,130,8325.0,201.0,0.0241441441441441,3.0923076923076924,0.4076923076923077,201,0,0.4076923076923077,0.4062227753578096,77.30761252852105,106.72991777356104,177.9814814814815,9,5040,5.0,32.0,0.4153846153846154,0.2923076923076923,0.1076923076923077,0.0153846153846153,0.4135656502800249,0.2926571250777847,0.1060983198506533,0.0148102053515868,0.48,0.37,0.14,0.02,19938.0,19938.0,6.035361994844195,11.618612020004258,15480.0,15480.0,5.730879929415878,11.393525261587596,4458.0,4458.0,7.092648305483578,11.956076970234063,19938.0,48.0,5.870973532825116,11.533424609056166,15480.0,42.99999999999999,5.73087992941588,11.394203767058825,4458.0,5.0,7.075778522144562,12.198259349389003,54.0,54.0,4.770497695232625,9.165213996684264,43.0,43.0,4.432664591543232,8.733570434366062,11.0,11.0,6.091118009654801,9.467969625622665,54.0,54.0,4.770497695232625,9.165213996684264,43.0,43.0,4.432664591543232,8.733570434366062,11.0,11.0,6.091118009654801,9.467969625622665
M10O90D1-S4,work-1,2201,2.201,100,174.0,0.0351515151515151,3.48,0.59,0.23,8.0,2.977777777777778,130,8325.0,195.0,0.0234234234234234,3.0,0.4615384615384615,195,0,0.4615384615384615,0.4612943372744243,71.86683260734287,115.06641366223909,157.72222222222223,9,5827,5.0,30.0,0.4615384615384615,0.2769230769230769,0.1076923076923077,0.0769230769230769,0.4612943372744243,0.2756689483509645,0.111076540136901,0.0745488487865588,0.51,0.35,0.11,0.1,22239.0,22239.0,7.665007809987841,15.390117108700805,16200.0,16200.0,7.584558571401776,15.976314300597265,6039.0,6039.0,7.880817988013057,13.30647844788892,22239.0,51.00000000000001,7.64038123141674,15.762666840024236,16200.0,44.99999999999999,7.584558571401779,15.977316136940743,6039.0,5.999999999999999,8.059051181528984,13.701351910541648,60.0,60.0,6.59398989704549,14.012629406529074,45.0,45.0,6.418091217591268,14.922181778640352,15.0,15.0,7.121685935408155,9.770339401161165,60.0,60.0,6.59398989704549,14.012629406529074,45.0,45.0,6.418091217591268,14.922181778640352,15.0,15.0,7.121685935408155,9.770339401161165
M10O90D1-S4,work-1,2301,2.301,100,180.0,0.0363636363636363,3.6,0.52,0.24,8.8,3.022222222222222,130,8325.0,204.0,0.0245045045045045,3.1384615384615384,0.4076923076923077,204,0,0.4076923076923077,0.4081103505496785,86.1045426260112,139.05755850727388,188.3858024691358,9,5651,5.0,31.0,0.4153846153846154,0.3,0.1076923076923077,0.0076923076923076,0.4154532254718938,0.301929060360921,0.1061812901887575,0.0073428749222153,0.45,0.36,0.13,0.01,20029.0,20029.0,6.497715961063668,13.799145610061542,14400.0,14400.0,6.154855806233995,13.65878296294026,5629.0,5629.0,7.374814243093745,14.03710827550377,20029.0,45.0,6.289908093868426,13.681742946467995,14400.0,40.0,6.154855806233995,13.659551375003746,5629.0,4.999999999999998,7.370326394943885,13.834627499468152,54.0,54.0,5.356388794305238,12.23425934005763,40.0,40.0,4.775467434517976,12.017675829364546,14.0,14.0,7.016164107983129,13.66473704768326,54.0,54.0,5.356388794305238,12.23425934005763,40.0,40.0,4.775467434517976,12.017675829364546,14.0,14.0,7.016164107983129,13.66473704768326
M10O90D1-S4,work-1,2401,2.401,100,160.0,0.0323232323232323,3.2,0.63,0.25,7.9,2.6777777777777776,130,8325.0,177.0,0.0212612612612612,2.723076923076923,0.4,177,0,0.4,0.4025305953121759,80.88155984235635,125.51549652118912,179.4506172839506,9,5749,5.0,30.0,0.4,0.2769230769230769,0.1076923076923077,0.0153846153846153,0.4025305953121759,0.2765608794855839,0.1099979257415474,0.0159717900850445,0.44,0.35,0.13,0.02,19406.0,19406.0,7.513376913030241,16.57425952617274,12960.0,12960.0,6.156654117984545,13.919845910369853,6446.0,6446.0,10.241134813091088,20.04403473934079,19406.0,44.0,6.965926695037056,15.389464075020864,12960.0,36.0,6.156654117984546,13.920285681549643,6446.0,7.999999999999999,10.607653291773351,20.164584663952795,52.0,52.0,6.352851326579825,14.69918483200348,36.0,36.0,4.971917178306232,13.726378556646782,16.0,16.0,9.459953160195417,18.470495277364417,52.0,52.0,6.352851326579825,14.69918483200348,36.0,36.0,4.971917178306232,13.726378556646782,16.0,16.0,9.459953160195417,18.470495277364417
M10O90D1-S4,work-1,2501,2.501,100,131.0,0.0264646464646464,2.62,0.47,0.32,6.2,2.2222222222222223,130,8325.0,147.0,0.0176576576576576,2.261538461538461,0.4230769230769231,147,0,0.4230769230769231,0.4264467952706907,70.5828666251815,110.79063883617964,155.98765432098764,10,5994,4.0,27.0,0.4230769230769231,0.2461538461538461,0.1384615384615384,0.0384615384615384,0.4264467952706907,0.2468160132752541,0.1384360091267372,0.0411947728686994,0.45,0.31,0.15,0.05,20559.0,20559.0,7.265408496177306,14.236949014473486,13680.0,13680.0,6.495858238136161,14.038364218414502,6879.0,6879.0,8.795783191627642,14.420870747105088,20559.0,45.0,6.887348895802859,14.18481394195402,13680.0,37.99999999999999,6.495858238136162,14.040144223893364,6879.0,6.999999999999998,9.012583894564935,14.573810514088194,55.0,55.0,6.370376269473657,14.613841480923677,38.0,38.0,5.487226163884368,14.630077037288322,17.0,17.0,8.344476505496774,14.613841480923677,55.0,55.0,6.370376269473657,14.613841480923677,38.0,38.0,5.487226163884368,14.630077037288322,17.0,17.0,8.344476505496774,14.613841480923677
M10O90D1-S4,work-1,2601,2.601,100,147.0,0.0296969696969696,2.94,0.57,0.27,7.3,2.455555555555556,130,8325.0,170.0,0.0204204204204204,2.6153846153846154,0.3923076923076923,170,0,0.3923076923076923,0.3940883634100809,68.53349927400954,95.9013282732448,157.15432098765433,9,5056,4.0,26.0,0.3923076923076923,0.2538461538461538,0.1,0.0384615384615384,0.3940883634100809,0.2562953744036507,0.0995436631404273,0.0382493258660029,0.43,0.3,0.13,0.05,18999.0,18999.0,6.993114359724779,14.086207705146297,12960.0,12960.0,6.460337836828229,13.24824527827564,6039.0,6039.0,8.136479773988613,15.21772825846153,18999.0,43.0,6.9913677422730585,14.373863580591312,12960.0,36.0,6.460337836828228,13.257861354986607,6039.0,6.999999999999998,9.722378684560754,18.88997504762407,51.0,51.0,5.605418263254443,13.557028098230706,36.0,36.0,4.951997409003811,11.023874784600428,15.0,15.0,7.1736283134559615,13.956262471253254,51.0,51.0,5.605418263254443,13.557028098230706,36.0,36.0,4.951997409003811,11.023874784600428,15.0,15.0,7.1736283134559615,13.956262471253254
M10O90D1-S4,work-1,2701,2.701,100,148.0,0.0298989898989899,2.96,0.51,0.28,6.8,2.533333333333333,130,8325.0,161.0,0.0193393393393393,2.476923076923077,0.3923076923076923,161,0,0.3923076923076923,0.3947313835303879,67.73490976975731,94.73750790638836,155.34567901234567,9,6034,5.0,28.0,0.4,0.2692307692307692,0.0615384615384615,0.0692307692307692,0.4041277743206803,0.2730761252852105,0.0600290396183364,0.0710226094171333,0.41,0.33,0.08,0.08,19483.0,19483.0,7.830363622938164,21.843184685603028,12240.0,12240.0,6.797695318724289,21.01996116495682,7243.0,7243.0,9.575477532033547,22.94015256358056,19483.0,41.0,7.183767787532361,21.13009521417507,12240.0,33.99999999999999,6.79769531872429,21.021922033972547,7243.0,6.999999999999998,9.058976921742996,22.00687445647912,52.0,52.0,6.829055421611476,20.78551312683915,34.0,34.0,5.611416326538333,20.78551312683915,18.0,18.0,9.129040378971858,25.63928248421825,52.0,52.0,6.829055421611476,20.78551312683915,34.0,34.0,5.611416326538333,20.78551312683915,18.0,18.0,9.129040378971858,25.63928248421825
M10O90D1-S4,work-1,2801,2.801,100,206.0,0.0416161616161616,4.12,0.73,0.14,8.6,3.6222222222222222,130,8325.0,225.0,0.027027027027027,3.4615384615384617,0.5076923076923077,225,0,0.5076923076923077,0.5099564405724953,88.68906865795478,121.30929791271348,204.73765432098764,10,5593,5.0,29.0,0.5153846153846153,0.2923076923076923,0.1769230769230769,0.0461538461538461,0.5172993154947106,0.2952292055590126,0.1763534536403236,0.0457166562953744,0.57,0.34,0.21,0.06,24939.0,24939.0,8.524755361092565,16.783012573244008,17640.0,17640.0,8.163053342071498,17.19165053470807,7299.0,7299.0,9.39890573998442,16.394858412577804,24939.0,57.00000000000001,8.407238975927761,16.922750119094296,17640.0,49.0,8.163053342071496,17.192203516002838,7299.0,7.999999999999998,9.902875983297404,16.301459958543866,67.0,67.0,7.634805373177215,17.49141589335382,49.0,49.0,7.191353617786341,18.30128489973021,18.0,18.0,8.841979596185713,15.55565642138821,67.0,67.0,7.634805373177215,17.49141589335382,49.0,49.0,7.191353617786341,18.30128489973021,18.0,18.0,8.841979596185713,15.55565642138821
M10O90D1-S4,work-1,2901,2.901,100,155.0,0.0313131313131313,3.1,0.63,0.25,7.1,2.6555555555555554,130,8325.0,172.0,0.0206606606606606,2.646153846153846,0.3615384615384615,172,0,0.3615384615384615,0.3639908732628085,82.26716448869529,118.82352941176472,186.8395061728395,9,5244,5.0,29.0,0.3615384615384615,0.2769230769230769,0.0769230769230769,0.0076923076923076,0.3639908732628085,0.280543455714582,0.075980087118855,0.0074673304293715,0.4,0.34,0.09,0.01,17548.0,17548.0,5.712524830669201,11.837127659119426,12240.0,12240.0,5.335913979918025,11.142721221467118,5308.0,5308.0,6.580971856515925,12.742135808831252,17548.0,40.0,5.487814306016133,11.452358960538504,12240.0,33.99999999999999,5.335913979918026,11.156356829683558,5308.0,6.0,6.348582820572079,12.376313421936777,47.0,47.0,4.378913336750952,9.775887204661732,34.0,34.0,3.794769237513222,9.775887204661732,13.0,13.0,5.906674827065015,9.122838057369297,47.0,47.0,4.378913336750952,9.775887204661732,34.0,34.0,3.794769237513222,9.775887204661732,13.0,13.0,5.906674827065015,9.122838057369297
M10O90D1-S4,work-1,3001,3.001,100,153.0,0.0309090909090909,3.06,0.61,0.22,7.2,2.6,130,8325.0,165.0,0.0198198198198198,2.5384615384615383,0.3692307692307692,165,0,0.3692307692307692,0.3696535988384152,70.1286040240614,97.88741302972802,160.9320987654321,9,6119,5.0,28.0,0.3692307692307692,0.2615384615384615,0.0769230769230769,0.0307692307692307,0.3696535988384152,0.2645716656295374,0.0741754822650902,0.0309064509437875,0.42,0.33,0.1,0.04,17821.0,17821.0,6.107059058600372,11.806246362284396,13320.0,13320.0,6.036182044302644,11.861774045766332,4501.0,4501.0,6.316808409954675,9.775755167855555,17821.0,42.0,6.077929744788254,11.847757049310886,13320.0,37.0,6.036182044302645,11.86360620598389,4501.0,5.0,6.386862728381763,10.131265440635524,48.0,48.0,4.975596325018274,11.222965588407714,37.0,37.0,4.873239011588631,11.222965588407714,11.0,11.0,5.319889106554343,6.093382354670525,48.0,48.0,4.975596325018274,11.222965588407714,37.0,37.0,4.873239011588631,11.222965588407714,11.0,11.0,5.319889106554343,6.093382354670525
M10O90D1-S4,work-1,3101,3.101,100,120.0,0.0242424242424242,2.4,0.54,0.3,5.8,2.022222222222222,130,8325.0,137.0,0.0164564564564564,2.107692307692308,0.3846153846153846,137,0,0.3846153846153846,0.386351379381871,63.34163036714374,94.04807084123972,142.60802469135805,10,7040,5.0,27.0,0.3846153846153846,0.2615384615384615,0.0538461538461538,0.0692307692307692,0.386351379381871,0.2644472101223812,0.0518979464841319,0.0700062227753578,0.42,0.32,0.07,0.07,18626.0,18626.0,8.451531814330455,21.43518292537049,12600.0,12600.0,7.32824059675358,19.15014780445316,6026.0,6026.0,10.80026552516162,26.578141375230697,18626.0,42.0,8.013740311363247,20.699035453436213,12600.0,35.0,7.328240596753582,19.163472328506728,6026.0,6.999999999999999,11.44123888441158,28.25312791647447,50.0,50.0,7.565624024513927,20.35032337404655,35.0,35.0,6.256118759868666,19.76981077866325,15.0,15.0,10.621136308686202,27.359577759217164,50.0,50.0,7.565624024513927,20.35032337404655,35.0,35.0,6.256118759868666,19.76981077866325,15.0,15.0,10.621136308686202,27.359577759217164
M10O90D1-S4,work-1,3201,3.201,100,159.0,0.0321212121212121,3.18,0.46,0.22,7.1,2.7444444444444445,130,8325.0,177.0,0.0212612612612612,2.723076923076923,0.3461538461538461,177,0,0.3461538461538461,0.3462974486621033,79.77390582866626,102.99177735610373,187.14506172839504,11,5805,5.0,28.0,0.3461538461538461,0.2769230769230769,0.0538461538461538,0.0153846153846153,0.3462974486621033,0.279257415473968,0.0521053723293922,0.014934660858743,0.39,0.33,0.07,0.02,16695.0,16695.0,5.8287396845161545,12.87626200273675,12240.0,12240.0,5.909401075947272,14.328357908191636,4455.0,4455.0,5.607124548462981,9.953173126342822,16695.0,38.99999999999999,5.805917592158132,13.46135567615799,12240.0,33.99999999999999,5.909401075947274,14.33376774450023,4455.0,5.0,5.1022299023919615,8.774885686461854,45.0,45.0,4.751967132665239,12.397851631810887,34.0,34.0,4.798537314907549,12.397851631810887,11.0,11.0,4.608022933007187,7.867807246283737,45.0,45.0,4.751967132665239,12.397851631810887,34.0,34.0,4.798537314907549,12.397851631810887,11.0,11.0,4.608022933007187,7.867807246283737
M10O90D1-S4,work-1,3301,3.301,100,166.0,0.0335353535353535,3.32,0.48,0.23,8.2,2.7777777777777777,130,8325.0,182.0,0.0218618618618618,2.8,0.4,182,0,0.4,0.401286040240614,73.8954573739888,120.3415559772296,161.1851851851852,9,5534,6.0,27.0,0.4,0.2692307692307692,0.1153846153846153,0.0153846153846153,0.401286040240614,0.2738436009126737,0.1124248081310931,0.0150176311968471,0.43,0.33,0.14,0.02,19346.0,19346.0,6.567697087723775,12.377019866953002,13320.0,13320.0,5.956538875757207,11.272235772394758,6026.0,6026.0,7.91861434351446,14.802778601607802,19346.0,43.00000000000001,6.170801341591243,11.68111242747466,13320.0,37.0,5.956538875757209,11.272388144175114,6026.0,5.999999999999999,7.492086547567813,13.702869714749855,52.0,52.0,5.4393215399729975,12.021720249407595,37.0,37.0,4.671795971247625,9.786691234885364,15.0,15.0,7.332551276162247,13.57400595941161,52.0,52.0,5.4393215399729975,12.021720249407595,37.0,37.0,4.671795971247625,9.786691234885364,15.0,15.0,7.332551276162247,13.57400595941161
M10O90D1-S4,work-1,3401,3.401,100,147.0,0.0296969696969696,2.94,0.53,0.23,6.2,2.577777777777778,130,8325.0,165.0,0.0198198198198198,2.5384615384615383,0.3846153846153846,165,0,0.3846153846153846,0.3871188550093342,73.507571043352,104.68690702087288,167.66975308641975,10,6227,4.0,29.0,0.3846153846153846,0.2615384615384615,0.0923076923076923,0.0307692307692307,0.3871188550093342,0.2626426052686165,0.0947313835303878,0.0297448662103298,0.41,0.33,0.09,0.04,18663.0,18663.0,7.217325580870257,16.59836867886067,12240.0,12240.0,6.008192291257607,14.4125636494598,6423.0,6423.0,9.521512326138645,17.914450826294885,18663.0,41.0,6.62488742087902,16.00258565797591,12240.0,33.99999999999999,6.008192291257609,14.44023228400504,6423.0,7.0,9.620263764754451,18.472105947855024,50.0,50.0,6.093370909765329,14.986136420689055,34.0,34.0,4.717422808803024,13.630536557246856,16.0,16.0,9.017260624310229,16.446228482428022,50.0,50.0,6.093370909765329,14.986136420689055,34.0,34.0,4.717422808803024,13.630536557246856,16.0,16.0,9.017260624310229,16.446228482428022
M10O90D1-S4,work-1,3501,3.501,100,162.0,0.0327272727272727,3.24,0.57,0.25,7.9,2.7222222222222223,130,8325.0,178.0,0.0213813813813813,2.7384615384615385,0.3846153846153846,178,0,0.3846153846153846,0.3865173200580792,72.04521883426675,110.48703352308664,160.48765432098764,10,5404,6.0,29.0,0.3923076923076923,0.2846153846153846,0.0923076923076923,0.0153846153846153,0.3938601949802945,0.2878863306367973,0.0911636589919104,0.0148102053515868,0.45,0.35,0.12,0.02,18988.0,18988.0,6.428053466137929,13.180908078636236,13680.0,13680.0,6.1838208728150725,13.56756563043783,5308.0,5308.0,7.057499938755996,12.86069738539882,18988.0,45.00000000000001,6.285915707052789,13.28019890169965,13680.0,37.99999999999999,6.183820872815074,13.571702850906483,5308.0,7.0,6.840144807200401,12.68053603483259,51.0,51.0,5.320818890418946,11.953885614202562,38.0,38.0,5.051690813775403,12.013875872109711,13.0,13.0,6.107500960607757,11.953885614202562,51.0,51.0,5.320818890418946,11.953885614202562,38.0,38.0,5.051690813775403,12.013875872109711,13.0,13.0,6.107500960607757,11.953885614202562
M10O90D1-S4,work-1,3601,3.601,100,148.0,0.0298989898989899,2.96,0.56,0.24,6.3,2.588888888888889,130,8325.0,164.0,0.0196996996996997,2.523076923076923,0.3846153846153846,164,0,0.3846153846153846,0.3865380626426052,66.13358224434765,104.08602150537637,146.0185185185185,9,5933,6.0,30.0,0.3923076923076923,0.2923076923076923,0.0846153846153846,0.0153846153846153,0.3938809375648205,0.2953536610661688,0.0815183571873055,0.0170089193113461,0.44,0.36,0.11,0.02,18989.0,18989.0,6.468751245829005,13.632335490906064,12960.0,12960.0,5.441205314688768,11.155231812897782,6029.0,6029.0,8.677574478135767,17.139934794997274,18989.0,44.00000000000001,6.184996550509345,12.796985114759854,12960.0,36.0,5.441205314688768,11.158968764886222,6029.0,7.999999999999998,9.532057111701947,20.513690033250825,51.0,51.0,5.160116704565403,11.576519799471578,36.0,36.0,4.051924271868738,10.511552351995832,15.0,15.0,7.8197785430374,16.33748568679491,51.0,51.0,5.160116704565403,11.576519799471578,36.0,36.0,4.051924271868738,10.511552351995832,15.0,15.0,7.8197785430374,16.33748568679491
M10O90D1-S4,work-1,3701,3.701,100,148.0,0.0298989898989899,2.96,0.54,0.31,6.6,2.555555555555556,130,8325.0,163.0,0.0195795795795795,2.507692307692308,0.3615384615384615,163,0,0.3615384615384615,0.362331466500726,66.83260734287492,103.88361796331436,148.19753086419752,10,5210,5.0,28.0,0.3615384615384615,0.2769230769230769,0.0769230769230769,0.0076923076923076,0.362331466500726,0.2795270690728064,0.0742999377722464,0.008504459655673,0.41,0.33,0.1,0.01,17468.0,17468.0,6.224489251003739,14.163376240680302,12600.0,12600.0,5.686015646120335,13.62992094424951,4868.0,4868.0,7.618237694210574,17.32902971921683,17468.0,41.0,6.23643836682277,14.40165853608467,12600.0,35.0,5.686015646120336,13.640956662956896,4868.0,5.999999999999999,9.447237570920302,24.205057239696576,47.0,47.0,4.949872571955376,12.936407719208988,35.0,35.0,4.345294556524447,12.936407719208988,12.0,12.0,6.713225116962259,8.014536053205727,47.0,47.0,4.949872571955376,12.936407719208988,35.0,35.0,4.345294556524447,12.936407719208988,12.0,12.0,6.713225116962259,8.014536053205727
M10O90D1-S4,work-1,3801,3.801,100,162.0,0.0327272727272727,3.24,0.62,0.19,8.1,2.7,130,8325.0,176.0,0.0211411411411411,2.707692307692308,0.3846153846153846,176,0,0.3846153846153846,0.3856253889234599,73.02841734080066,111.10689437065147,163.11111111111111,9,5439,4.0,30.0,0.3846153846153846,0.2769230769230769,0.1,0.0076923076923076,0.3856253889234599,0.2765608794855839,0.1015971790085044,0.0074673304293715,0.45,0.34,0.12,0.01,18591.0,18591.0,6.1852443136554,13.193151376761264,13680.0,13680.0,5.868981916238655,13.12778162619622,4911.0,4911.0,7.066219592959223,13.364332169888929,18591.0,45.0,6.123136289135106,13.28456146381438,13680.0,37.99999999999999,5.868981916238657,13.128739754915197,4911.0,7.0,7.502831456287265,13.752150091905614,50.0,50.0,5.025191319920797,10.405449403361636,38.0,38.0,4.662927952218336,13.79338344437538,12.0,12.0,6.17235865097859,8.714379258896415,50.0,50.0,5.025191319920797,10.405449403361636,38.0,38.0,4.662927952218336,13.79338344437538,12.0,12.0,6.17235865097859,8.714379258896415
M10O90D1-S4,work-1,3901,3.901,100,163.0,0.0329292929292929,3.26,0.65,0.24,6.9,2.855555555555556,130,8325.0,181.0,0.0217417417417417,2.7846153846153845,0.4384615384615384,181,0,0.4384615384615384,0.4397842771209292,75.01140842148932,101.94813409234662,173.4814814814815,11,6714,4.0,32.0,0.4461538461538462,0.2846153846153846,0.1307692307692307,0.0307692307692307,0.4471271520431445,0.2841526654221116,0.1332296204107032,0.0297448662103298,0.51,0.36,0.15,0.04,21556.0,21556.0,7.594446171077223,16.44047784280683,15120.0,15120.0,6.691794984149478,14.97574304030223,6436.0,6436.0,9.715031308794366,19.55980243851176,21556.0,51.0,7.476581730448859,16.636292998808326,15120.0,41.99999999999999,6.69179498414948,14.978452995626338,6436.0,8.999999999999998,11.13891987984597,24.54984494246464,58.0,58.0,6.4451449858646,15.440669598748608,42.0,42.0,5.348501412041709,14.098126252635714,16.0,16.0,9.32383436714969,15.440669598748608,58.0,58.0,6.4451449858646,15.440669598748608,42.0,42.0,5.348501412041709,14.098126252635714,16.0,16.0,9.32383436714969,15.440669598748608
M10O90D1-S4,work-1,4001,4.001,100,167.0,0.0337373737373737,3.34,0.59,0.23,6.5,2.988888888888889,130,8325.0,180.0,0.0216216216216216,2.769230769230769,0.4538461538461538,180,0,0.4538461538461538,0.4535158680771624,75.34743829081104,92.83997469955725,178.92592592592592,9,5777,5.0,31.0,0.4538461538461538,0.2846153846153846,0.0923076923076923,0.0769230769230769,0.4535158680771624,0.2860817257830326,0.088985687616677,0.0784484546774528,0.5,0.36,0.12,0.08,21864.0,21864.0,8.593738427270143,20.023167746789785,15120.0,15120.0,6.373680843075023,13.972805175989626,6744.0,6744.0,13.571091729914006,25.670605469839877,21864.0,50.0,7.584431139468365,17.021569409655875,15120.0,41.99999999999999,6.373680843075025,13.976812860911917,6744.0,7.999999999999998,13.940870195533416,26.287911117409195,59.0,59.0,7.427152330406774,17.999348492046586,42.0,42.0,5.032254307720745,13.129357305651888,17.0,17.0,13.34395920998402,25.723455482187905,59.0,59.0,7.427152330406774,17.999348492046586,42.0,42.0,5.032254307720745,13.129357305651888,17.0,17.0,13.34395920998402,25.723455482187905
M10O90D1-S4,work-1,4101,4.101,100,181.0,0.0365656565656565,3.62,0.64,0.26,7.7,3.1666666666666665,130,8325.0,197.0,0.0236636636636636,3.0307692307692307,0.4153846153846154,197,0,0.4153846153846154,0.4147687201825347,82.31279817465256,104.69955724225174,193.8672839506173,9,7208,5.0,33.0,0.4153846153846154,0.3,0.1,0.0153846153846153,0.4147687201825347,0.3010163866417755,0.0976975731176104,0.0160547604231487,0.47,0.38,0.13,0.02,19996.0,19996.0,7.100940303980801,14.252095375864076,14400.0,14400.0,5.578076565362771,11.212359170001788,5596.0,5596.0,11.019674727872795,23.97092673461588,19996.0,47.0,6.51562910336482,13.100068243145849,14400.0,40.0,5.578076565362771,11.213763000668887,5596.0,6.999999999999999,11.87307217766224,24.852926061600844,54.0,54.0,5.952144812541253,13.93435212602596,40.0,40.0,4.28880652855454,9.52081702167604,14.0,14.0,10.704539909646138,20.674046541106573,54.0,54.0,5.952144812541253,13.93435212602596,40.0,40.0,4.28880652855454,9.52081702167604,14.0,14.0,10.704539909646138,20.674046541106573
M10O90D1-S4,work-1,4201,4.2010000000000005,100,182.0,0.0367676767676767,3.64,0.69,0.18,8.3,3.1222222222222222,130,8325.0,198.0,0.0237837837837837,3.046153846153846,0.3846153846153846,198,0,0.3846153846153846,0.3827421696743414,76.24559220078822,109.22201138519924,173.60493827160494,9,5239,5.0,32.0,0.3846153846153846,0.2923076923076923,0.0769230769230769,0.0153846153846153,0.3827421696743414,0.293549056212404,0.0742584526031943,0.014934660858743,0.45,0.37,0.1,0.02,18452.0,18452.0,5.732826299403135,11.756035190525598,14040.0,14040.0,5.2233467716300925,10.700709953004054,4412.0,4412.0,7.35410748025842,15.182387967030245,18452.0,45.0,5.621102634186095,11.6804034171455,14040.0,38.99999999999999,5.223346771630094,10.701185099118735,4412.0,6.0,8.206515740800105,15.596135278391484,50.0,50.0,4.565634120442786,10.03870660553727,39.0,39.0,3.9397640390548063,10.284474997564269,11.0,11.0,6.784628045363807,9.719376357033015,50.0,50.0,4.565634120442786,10.03870660553727,39.0,39.0,3.9397640390548063,10.284474997564269,11.0,11.0,6.784628045363807,9.719376357033015
M10O90D1-S4,work-1,4301,4.301,100,194.0,0.0391919191919191,3.88,0.67,0.19,8.3,3.388888888888889,130,8325.0,215.0,0.0258258258258258,3.3076923076923075,0.4461538461538462,215,0,0.4461538461538462,0.4484339348682846,93.92864550923044,133.88994307400378,214.19135802469137,8,5239,5.0,31.0,0.4461538461538462,0.2923076923076923,0.1384615384615384,0.0153846153846153,0.4484339348682846,0.2934246007052479,0.1390375440779921,0.0159717900850445,0.49,0.36,0.14,0.02,21619.0,21619.0,7.731315116020433,16.40362138906552,14760.0,14760.0,6.473129149005385,14.176906243574225,6859.0,6859.0,10.438827125517747,19.8957279074486,21619.0,49.0,7.280844507565949,15.754356893616542,14760.0,41.0,6.473129149005385,14.191175563769615,6859.0,7.999999999999998,11.420385720188838,24.24284508355515,58.0,58.0,6.442968783983888,15.919052288505087,41.0,41.0,5.096114756308998,11.151966859430326,17.0,17.0,9.691263791905678,18.052917399114268,58.0,58.0,6.442968783983888,15.919052288505087,41.0,41.0,5.096114756308998,11.151966859430326,17.0,17.0,9.691263791905678,18.052917399114268
M10O90D1-S4,work-1,4401,4.401,100,169.0,0.0341414141414141,3.38,0.59,0.32,7.5,2.922222222222222,130,8325.0,183.0,0.0219819819819819,2.815384615384616,0.3461538461538461,183,0,0.3461538461538461,0.3453225471893797,76.57332503629952,110.63883617963316,173.88888888888889,8,5428,5.0,30.0,0.3461538461538461,0.2846153846153846,0.0538461538461538,0.0076923076923076,0.3453225471893797,0.2859572702758763,0.0518979464841319,0.0074673304293715,0.4,0.35,0.07,0.01,16648.0,16648.0,5.348853453114352,10.460699718200598,12600.0,12600.0,5.308940900887228,11.4745524214448,4048.0,4048.0,5.473087187813409,9.186783854658122,16648.0,39.99999999999999,5.346393559941493,10.938464532708572,12600.0,35.0,5.308940900887227,11.47514614473228,4048.0,4.999999999999999,5.608562173321351,9.527002823994346,45.0,45.0,3.9890326310862254,7.606562830455769,35.0,35.0,3.844968715880946,10.473431654706513,10.0,10.0,4.493256334304703,6.572137004000684,45.0,45.0,3.9890326310862254,7.606562830455769,35.0,35.0,3.844968715880946,10.473431654706513,10.0,10.0,4.493256334304703,6.572137004000684
M10O90D1-S4,work-1,4501,4.501,100,186.0,0.0375757575757575,3.72,0.67,0.16,8.7,3.1666666666666665,130,8325.0,204.0,0.0245045045045045,3.1384615384615384,0.4230769230769231,204,0,0.4230769230769231,0.4230864965774735,82.8583281476872,111.54965211891208,192.14814814814812,9,5886,5.0,30.0,0.4230769230769231,0.2846153846153846,0.0846153846153846,0.0538461538461538,0.4230864965774735,0.2859572702758763,0.0829288529350757,0.0542003733665214,0.46,0.35,0.09,0.07,20397.0,20397.0,6.926461033554193,14.935944650413182,14040.0,14040.0,6.39107580768982,15.65589980548968,6357.0,6357.0,8.108906931168756,14.104826277999976,20397.0,46.0,6.76757958804302,15.43365240515276,14040.0,38.99999999999999,6.391075807689823,15.65921130061279,6357.0,6.999999999999999,8.865243507153695,15.047326038373184,55.0,55.0,5.630508828146648,14.98918595389436,39.0,39.0,4.88938013703074,15.965537218219744,16.0,16.0,7.437010012741673,12.353413161133014,55.0,55.0,5.630508828146648,14.98918595389436,39.0,39.0,4.88938013703074,15.965537218219744,16.0,16.0,7.437010012741673,12.353413161133014
M10O90D1-S4,work-1,4601,4.601,100,163.0,0.0329292929292929,3.26,0.51,0.22,7.8,2.7555555555555555,130,8325.0,179.0,0.0215015015015015,2.753846153846154,0.4307692307692308,179,0,0.4307692307692308,0.4321510060153495,74.75627463181912,111.52435167615434,168.0493827160494,9,4777,5.0,29.0,0.4307692307692308,0.2769230769230769,0.1153846153846153,0.0384615384615384,0.4321510060153495,0.2786973656917652,0.1131922837585563,0.040261356565028,0.46,0.34,0.14,0.04,20834.0,20834.0,7.161789732902401,14.56200610513638,13680.0,13680.0,6.116030193240997,13.010798745418969,7154.0,7154.0,9.161508841452584,17.592089846351502,20834.0,46.0,6.745422341581117,14.233803315518996,13680.0,37.99999999999999,6.116030193240998,13.01288025638216,7154.0,7.999999999999999,9.73503504619669,18.86907721511575,56.0,56.0,6.023900354110245,12.806481172232465,38.0,38.0,5.020121073240079,12.418558593979748,18.0,18.0,8.142989947058371,17.753490558429643,56.0,56.0,6.023900354110245,12.806481172232465,38.0,38.0,5.020121073240079,12.418558593979748,18.0,18.0,8.142989947058371,17.753490558429643
M10O90D1-S4,work-1,4701,4.7010000000000005,100,175.0,0.0353535353535353,3.5,0.67,0.2,8.1,2.988888888888889,130,8325.0,192.0,0.023063063063063,2.953846153846154,0.3769230769230769,192,0,0.3769230769230769,0.3769964737606305,79.30512341837793,112.56799493991144,181.0771604938272,9,5282,4.0,31.0,0.3769230769230769,0.2846153846153846,0.0846153846153846,0.0076923076923076,0.3769964737606305,0.2840282099149554,0.0835718730553827,0.0093963907902924,0.43,0.35,0.1,0.01,18175.0,18175.0,6.045742772781614,12.72606431476381,13320.0,13320.0,5.3521880177816685,11.005000999288722,4855.0,4855.0,7.948554170639343,14.663615572821282,18175.0,43.0,5.770578732316365,12.148608586972705,13320.0,37.0,5.352188017781669,11.005387937879036,4855.0,5.999999999999999,8.350654805280323,14.646169616759453,49.0,49.0,4.7452470667038185,12.224193585642496,37.0,37.0,4.016054101189953,10.148142267243058,12.0,12.0,6.993592043704901,13.86776537486607,49.0,49.0,4.7452470667038185,12.224193585642496,37.0,37.0,4.016054101189953,10.148142267243058,12.0,12.0,6.993592043704901,13.86776537486607
M10O90D1-S4,work-1,4801,4.801,100,141.0,0.0284848484848484,2.82,0.44,0.24,6.5,2.411111111111111,130,8325.0,152.0,0.0182582582582582,2.3384615384615386,0.3769230769230769,152,0,0.3769230769230769,0.3755444928438083,73.97013067828252,105.3067678684377,168.74382716049382,9,3907,3.0,31.0,0.3769230769230769,0.2692307692307692,0.0769230769230769,0.0307692307692307,0.3755444928438083,0.2672889442024476,0.0754200373366521,0.0328355113047085,0.42,0.34,0.09,0.04,18105.0,18105.0,6.702495534577942,14.31295885932763,13680.0,13680.0,5.624113544662353,11.955463813091496,4425.0,4425.0,10.036340872893255,17.937535007215992,18105.0,42.00000000000001,6.080924385121745,13.081160039468845,13680.0,37.99999999999999,5.624113544662355,11.957531405974969,4425.0,3.999999999999999,10.42062736948598,17.49390021164834,49.0,49.0,5.391282481964499,13.381531784182554,38.0,38.0,4.310400238262543,11.4840264534094,11.0,11.0,9.125239323843982,16.026649356592483,49.0,49.0,5.391282481964499,13.381531784182554,38.0,38.0,4.310400238262543,11.4840264534094,11.0,11.0,9.125239323843982,16.026649356592483
M10O90D1-S4,work-1,4901,4.901,100,165.0,0.0333333333333333,3.3,0.37,0.26,6.2,2.977777777777778,130,8325.0,177.0,0.0212612612612612,2.723076923076923,0.2076923076923077,177,0,0.2076923076923077,0.2044596556730968,80.8462974486621,97.67235926628716,192.9320987654321,10,4795,3.0,31.0,0.3615384615384615,0.2692307692307692,0.0692307692307692,0.023076923076923,0.3585355735324621,0.2672889442024476,0.0688446380419,0.0224019912881145,0.42,0.34,0.07,0.03,17285.0,17285.0,7.417342692561467,15.823869072354237,13680.0,13680.0,6.872578660704952,15.24990890046304,3605.0,3605.0,9.484574857831127,16.117475415035475,17285.0,42.0,7.078334499471607,15.610863217514895,13680.0,37.99999999999999,6.872578660704954,15.271632496007475,3605.0,3.999999999999999,9.033014967754836,15.969517274204414,47.0,47.0,6.137206992692426,14.90191660120708,38.0,38.0,5.572508409823411,14.90191660120708,9.0,9.0,8.521489898139379,15.872933697581889,47.0,47.0,6.137206992692426,14.90191660120708,38.0,38.0,5.572508409823411,14.90191660120708,9.0,9.0,8.521489898139379,15.872933697581889
M10O90,work-2,1001,1.001,100,58.0,0.0117171717171717,1.16,0.18,0.4,2.8,0.9777777777777776,130,8325.0,76.0,0.0091291291291291,1.1692307692307693,0.1,106,30,0.2769230769230769,0.286372121966397,43.05745695913711,63.63693864642632,97.08333333333331,0,0,,,,,,,,,,,,,,,,,,,,,,,,,,,,,,,,,,,,,,,,,,,,,,,,,,,,,,,,,,,,,,
M10O90,work-2,1101,1.101,100,58.0,0.0117171717171717,1.16,0.21,0.31,2.4,1.022222222222222,130,8325.0,67.0,0.008048048048048,1.0307692307692309,0.0692307692307692,97,30,0.3,0.3087741132545115,43.30844223190209,48.41872232764074,105.25617283950618,0,0,,,,,,,,,,,,,,,,,,,,,,,,,,,,,,,,,,,,,,,,,,,,,,,,,,,,,,,,,,,,,,
M10O90,work-2,1201,1.201,100,68.0,0.0137373737373737,1.36,0.16,0.32,2.8,1.2,130,8325.0,74.0,0.0088888888888888,1.1384615384615384,0.1153846153846153,104,30,0.1846153846153846,0.1879900435594275,45.274839244969925,44.206198608475646,113.16358024691358,0,0,,,,,,,,,,,,,,,,,,,,,,,,,,,,,,,,,,,,,,,,,,,,,,,,,,,,,,,,,,,,,,
M10O90,work-2,1301,1.301,100,58.0,0.0117171717171717,1.16,0.18,0.35,3.4,0.9111111111111112,130,8325.0,66.0,0.0079279279279279,1.015384615384615,0.1076923076923077,96,30,0.2538461538461538,0.261045426260112,43.03878863306368,61.74573055028463,97.95061728395062,0,0,,,,,,,,,,,,,,,,,,,,,,,,,,,,,,,,,,,,,,,,,,,,,,,,,,,,,,,,,,,,,,
M10O90,work-2,1401,1.401,100,74.0,0.0149494949494949,1.48,0.2,0.2,2.5,1.3666666666666667,130,8325.0,81.0,0.0097297297297297,1.2461538461538462,0.0692307692307692,111,30,0.3153846153846154,0.326633478531425,51.87305538270069,44.25047438330171,132.77777777777777,0,0,,,,,,,,,,,,,,,,,,,,,,,,,,,,,,,,,,,,,,,,,,,,,,,,,,,,,,,,,,,,,,
M10O90,work-2,1501,1.501,100,58.0,0.0117171717171717,1.16,0.13,0.32,3.2,0.9333333333333332,130,8325.0,73.0,0.0087687687687687,1.123076923076923,0.1,103,30,0.1461538461538461,0.1477286869943995,39.24704418170504,40.88551549652119,96.84567901234568,0,0,,,,,,,,,,,,,,,,,,,,,,,,,,,,,,,,,,,,,,,,,,,,,,,,,,,,,,,,,,,,,,
M10O90,work-2,1601,1.601,100,53.0,0.0107070707070707,1.06,0.1,0.33,2.6,0.8888888888888888,130,8325.0,58.0,0.0069669669669669,0.8923076923076924,0.0769230769230769,88,30,0.1692307692307692,0.175980087118855,35.6482057664385,39.74699557242252,86.69135802469135,0,0,,,,,,,,,,,,,,,,,,,,,,,,,,,,,,,,,,,,,,,,,,,,,,,,,,,,,,,,,,,,,,
M10O90,work-2,1701,1.701,100,62.0,0.0125252525252525,1.24,0.09,0.31,2.7,1.0777777777777775,130,8325.0,72.0,0.0086486486486486,1.1076923076923078,0.0769230769230769,102,30,0.1076923076923077,0.110392034847542,46.015349512549264,48.33649588867805,113.35185185185183,0,0,,,,,,,,,,,,,,,,,,,,,,,,,,,,,,,,,,,,,,,,,,,,,,,,,,,,,,,,,,,,,,
M10O90,work-2,1801,1.801,100,57.0,0.0115151515151515,1.14,0.13,0.36,3.3,0.9,130,8325.0,68.0,0.0081681681681681,1.0461538461538462,0.0692307692307692,98,30,0.1923076923076923,0.1983820784069695,35.546567102260944,49.82289690069576,81.47222222222223,0,0,,,,,,,,,,,,,,,,,,,,,,,,,,,,,,,,,,,,,,,,,,,,,,,,,,,,,,,,,,,,,,
M10O90,work-2,1901,1.901,100,58.0,0.0117171717171717,1.16,0.1,0.32,2.6,1.0,130,8325.0,68.0,0.0081681681681681,1.0461538461538462,0.0615384615384615,98,30,0.123076923076923,0.125326695706285,46.90105787181083,39.05755850727388,120.51543209876544,0,0,,,,,,,,,,,,,,,,,,,,,,,,,,,,,,,,,,,,,,,,,,,,,,,,,,,,,,,,,,,,,,
M10O90,work-2,2001,2.001,100,64.0,0.0129292929292929,1.28,0.1,0.29,3.0,1.0888888888888888,130,8325.0,74.0,0.0088888888888888,1.1384615384615384,0.1076923076923077,104,30,0.1461538461538461,0.15065339141257,42.17382285832815,42.78304870335231,104.62962962962963,0,0,,,,,,,,,,,,,,,,,,,,,,,,,,,,,,,,,,,,,,,,,,,,,,,,,,,,,,,,,,,,,,
M10O90,work-2,2101,2.101,100,50.0,0.0101010101010101,1.0,0.09,0.44,2.3,0.8555555555555555,130,8325.0,60.0,0.0072072072072072,0.9230769230769232,0.0615384615384615,90,30,0.1384615384615384,0.1431860609831985,35.82244347645717,49.3864642631246,82.50617283950618,0,0,,,,,,,,,,,,,,,,,,,,,,,,,,,,,,,,,,,,,,,,,,,,,,,,,,,,,,,,,,,,,,
M10O90,work-2,2201,2.201,100,65.0,0.0131313131313131,1.3,0.18,0.3,3.1,1.1,130,8325.0,75.0,0.009009009009009,1.1538461538461535,0.1,105,30,0.2307692307692307,0.235718730553827,44.82472516075503,55.16129032258065,106.4783950617284,0,0,,,,,,,,,,,,,,,,,,,,,,,,,,,,,,,,,,,,,,,,,,,,,,,,,,,,,,,,,,,,,,
M10O90,work-2,2301,2.301,100,61.0,0.0123232323232323,1.22,0.11,0.31,3.2,1.0,130,8325.0,71.0,0.0085285285285285,1.0923076923076922,0.0538461538461538,101,30,0.1461538461538461,0.15065339141257,44.66085874299938,49.49399114484503,108.75617283950618,0,0,,,,,,,,,,,,,,,,,,,,,,,,,,,,,,,,,,,,,,,,,,,,,,,,,,,,,,,,,,,,,,
M10O90,work-2,2401,2.401,100,60.0,0.0121212121212121,1.2,0.08,0.31,2.6,1.0444444444444445,130,8325.0,71.0,0.0085285285285285,1.0923076923076922,0.0769230769230769,101,30,0.1076923076923077,0.110392034847542,40.30284173408007,38.564199873497785,101.12037037037037,0,0,,,,,,,,,,,,,,,,,,,,,,,,,,,,,,,,,,,,,,,,,,,,,,,,,,,,,,,,,,,,,,
M10O90,work-2,2501,2.501,100,61.0,0.0123232323232323,1.22,0.22,0.34,3.0,1.022222222222222,130,8325.0,76.0,0.0091291291291291,1.1692307692307693,0.0923076923076923,106,30,0.2615384615384615,0.265588052271313,49.55610869114292,65.14231499051233,115.68827160493828,0,0,,,,,,,,,,,,,,,,,,,,,,,,,,,,,,,,,,,,,,,,,,,,,,,,,,,,,,,,,,,,,,
M10O90,work-2,2601,2.601,100,62.0,0.0125252525252525,1.24,0.11,0.33,3.2,1.022222222222222,130,8325.0,72.0,0.0086486486486486,1.1076923076923078,0.0923076923076923,102,30,0.1384615384615384,0.1431860609831985,41.178178801078616,64.67425679949399,90.98456790123456,0,0,,,,,,,,,,,,,,,,,,,,,,,,,,,,,,,,,,,,,,,,,,,,,,,,,,,,,,,,,,,,,,
M10O90,work-2,2701,2.701,100,67.0,0.0135353535353535,1.34,0.11,0.25,2.7,1.1888888888888889,130,8325.0,76.0,0.0091291291291291,1.1692307692307693,0.0923076923076923,106,30,0.1307692307692307,0.1327940261356565,48.294959551960176,47.61543327008223,120.48765432098766,0,0,,,,,,,,,,,,,,,,,,,,,,,,,,,,,,,,,,,,,,,,,,,,,,,,,,,,,,,,,,,,,,
M10O90,work-2,2801,2.801,100,52.0,0.0105050505050505,1.04,0.13,0.42,2.7,0.8555555555555555,130,8325.0,63.0,0.0075675675675675,0.9692307692307692,0.0615384615384615,93,30,0.1692307692307692,0.1730553827006845,36.52354283343705,62.59962049335864,78.14506172839506,0,0,,,,,,,,,,,,,,,,,,,,,,,,,,,,,,,,,,,,,,,,,,,,,,,,,,,,,,,,,,,,,,
M10O90,work-2,2901,2.901,100,47.0,0.0094949494949494,0.94,0.17,0.41,2.6,0.7555555555555555,130,8325.0,53.0,0.0063663663663663,0.8153846153846154,0.0846153846153846,83,30,0.2230769230769231,0.2282514001244555,38.53142501555694,49.96204933586338,90.28703703703704,0,0,,,,,,,,,,,,,,,,,,,,,,,,,,,,,,,,,,,,,,,,,,,,,,,,,,,,,,,,,,,,,,
M10O90,work-2,3001,3.001,100,61.0,0.0123232323232323,1.22,0.12,0.28,2.8,1.0444444444444445,130,8325.0,74.0,0.0088888888888888,1.1384615384615384,0.0769230769230769,104,30,0.1384615384615384,0.140261356565028,45.407591785936525,51.511701454775455,109.99382716049382,0,0,,,,,,,,,,,,,,,,,,,,,,,,,,,,,,,,,,,,,,,,,,,,,,,,,,,,,,,,,,,,,,
M10O90,work-2,3101,3.101,100,49.0,0.0098989898989898,0.98,0.1,0.38,2.3,0.8333333333333334,130,8325.0,55.0,0.0066066066066066,0.8461538461538461,0.0538461538461538,85,30,0.1461538461538461,0.15065339141257,35.6482057664385,53.2764073371284,80.0895061728395,0,0,,,,,,,,,,,,,,,,,,,,,,,,,,,,,,,,,,,,,,,,,,,,,,,,,,,,,,,,,,,,,,
M10O90,work-2,3201,3.201,100,72.0,0.0145454545454545,1.44,0.17,0.28,3.1,1.2555555555555555,130,8325.0,83.0,0.0099699699699699,1.2769230769230768,0.1307692307692307,113,30,0.2076923076923077,0.2133167392657125,47.96515245799627,49.05755850727388,118.80246913580248,0,0,,,,,,,,,,,,,,,,,,,,,,,,,,,,,,,,,,,,,,,,,,,,,,,,,,,,,,,,,,,,,,
M10O90,work-2,3301,3.301,100,65.0,0.0131313131313131,1.3,0.28,0.3,3.6,1.0444444444444445,130,8325.0,79.0,0.0094894894894894,1.2153846153846153,0.1846153846153846,109,30,0.3538461538461538,0.361045426260112,46.72267164488695,72.11258697027198,103.85493827160494,0,0,,,,,,,,,,,,,,,,,,,,,,,,,,,,,,,,,,,,,,,,,,,,,,,,,,,,,,,,,,,,,,
M10O90,work-2,3401,3.401,100,80.0,0.0161616161616161,1.6,0.15,0.26,3.5,1.3888888888888888,130,8325.0,85.0,0.0102102102102102,1.3076923076923077,0.1,115,30,0.1846153846153846,0.1879900435594275,47.87388508608173,34.086021505376344,125.83641975308642,0,0,,,,,,,,,,,,,,,,,,,,,,,,,,,,,,,,,,,,,,,,,,,,,,,,,,,,,,,,,,,,,,
M10O90,work-2,3501,3.501,100,63.0,0.0127272727272727,1.26,0.2,0.36,2.7,1.1,130,8325.0,72.0,0.0086486486486486,1.1076923076923078,0.0923076923076923,102,30,0.2923076923076923,0.30130678282514,44.23771001866832,53.617963314358,105.48456790123456,0,0,,,,,,,,,,,,,,,,,,,,,,,,,,,,,,,,,,,,,,,,,,,,,,,,,,,,,,,,,,,,,,
M10O90,work-2,3601,3.601,100,60.0,0.0121212121212121,1.2,0.15,0.3,2.4,1.0666666666666669,130,8325.0,66.0,0.0079279279279279,1.015384615384615,0.0846153846153846,96,30,0.1615384615384615,0.1626633478531425,36.52976560879485,29.323213156230235,94.40123456790124,0,0,,,,,,,,,,,,,,,,,,,,,,,,,,,,,,,,,,,,,,,,,,,,,,,,,,,,,,,,,,,,,,
M10O90,work-2,3701,3.701,100,63.0,0.0127272727272727,1.26,0.12,0.26,3.1,1.0555555555555556,130,8325.0,70.0,0.0084084084084084,1.0769230769230769,0.0769230769230769,100,30,0.1538461538461538,0.1581207218419415,46.24974071769343,44.1808981657179,116.07716049382717,0,0,,,,,,,,,,,,,,,,,,,,,,,,,,,,,,,,,,,,,,,,,,,,,,,,,,,,,,,,,,,,,,
M10O90,work-2,3801,3.801,100,67.0,0.0135353535353535,1.34,0.08,0.26,2.3,1.2333333333333334,130,8325.0,77.0,0.0092492492492492,1.1846153846153846,0.0923076923076923,107,30,0.1153846153846153,0.120784069695084,38.22858328147687,27.685009487666036,100.25617283950618,0,0,,,,,,,,,,,,,,,,,,,,,,,,,,,,,,,,,,,,,,,,,,,,,,,,,,,,,,,,,,,,,,
M10O90,work-2,3901,3.901,100,57.0,0.0115151515151515,1.14,0.19,0.34,2.1,1.0333333333333334,130,8325.0,61.0,0.0073273273273273,0.9384615384615383,0.0923076923076923,91,30,0.2384615384615384,0.2431860609831985,37.44451358639287,30.75268817204301,96.42592592592592,0,0,,,,,,,,,,,,,,,,,,,,,,,,,,,,,,,,,,,,,,,,,,,,,,,,,,,,,,,,,,,,,,
M10O90,work-2,4001,4.001,100,65.0,0.0131313131313131,1.3,0.12,0.35,3.8,1.022222222222222,130,8325.0,78.0,0.0093693693693693,1.2,0.1076923076923077,108,30,0.1615384615384615,0.165588052271313,46.76830533084422,69.23466160657811,105.39506172839506,0,0,,,,,,,,,,,,,,,,,,,,,,,,,,,,,,,,,,,,,,,,,,,,,,,,,,,,,,,,,,,,,,
M10O90,work-2,4101,4.101,100,70.0,0.0141414141414141,1.4,0.11,0.31,3.0,1.2222222222222223,130,8325.0,74.0,0.0088888888888888,1.1384615384615384,0.0538461538461538,104,30,0.1307692307692307,0.1327940261356565,45.16905206388716,36.07210626185958,116.8179012345679,0,0,,,,,,,,,,,,,,,,,,,,,,,,,,,,,,,,,,,,,,,,,,,,,,,,,,,,,,,,,,,,,,
M10O90,work-2,4201,4.2010000000000005,100,55.0,0.0111111111111111,1.1,0.19,0.34,2.1,0.9888888888888888,130,8325.0,58.0,0.0069669669669669,0.8923076923076924,0.0615384615384615,88,30,0.2384615384615384,0.2431860609831985,44.138145612943376,26.944971537001894,118.20370370370372,0,0,,,,,,,,,,,,,,,,,,,,,,,,,,,,,,,,,,,,,,,,,,,,,,,,,,,,,,,,,,,,,,
M10O90,work-2,4301,4.301,100,53.0,0.0107070707070707,1.06,0.17,0.33,2.9,0.8555555555555555,130,8325.0,59.0,0.007087087087087,0.9076923076923076,0.0692307692307692,89,30,0.2230769230769231,0.2282514001244555,40.59531217589712,29.4370651486401,106.44444444444444,0,0,,,,,,,,,,,,,,,,,,,,,,,,,,,,,,,,,,,,,,,,,,,,,,,,,,,,,,,,,,,,,,
M10O90,work-2,4401,4.401,100,68.0,0.0137373737373737,1.36,0.1,0.24,3.0,1.1777777777777778,130,8325.0,80.0,0.0096096096096096,1.2307692307692308,0.0769230769230769,110,30,0.1076923076923077,0.110392034847542,44.81227961003941,42.19481340923466,112.76851851851852,0,0,,,,,,,,,,,,,,,,,,,,,,,,,,,,,,,,,,,,,,,,,,,,,,,,,,,,,,,,,,,,,,
M10O90,work-2,4501,4.501,100,46.0,0.0092929292929292,0.92,0.1,0.4,2.8,0.7111111111111111,130,8325.0,56.0,0.0067267267267267,0.8615384615384616,0.0846153846153846,86,30,0.123076923076923,0.125326695706285,31.165733250362997,37.40037950664136,74.49691358024691,0,0,,,,,,,,,,,,,,,,,,,,,,,,,,,,,,,,,,,,,,,,,,,,,,,,,,,,,,,,,,,,,,
M10O90,work-2,4601,4.601,100,69.0,0.0139393939393939,1.38,0.25,0.3,3.1,1.1888888888888889,130,8325.0,72.0,0.0086486486486486,1.1076923076923078,0.123076923076923,102,30,0.2846153846153846,0.2879900435594275,37.80128604024061,48.25426944971537,88.94753086419753,0,0,,,,,,,,,,,,,,,,,,,,,,,,,,,,,,,,,,,,,,,,,,,,,,,,,,,,,,,,,,,,,,
M10O90,work-2,4701,4.7010000000000005,100,58.0,0.0117171717171717,1.16,0.24,0.36,3.6,0.8888888888888888,130,8325.0,68.0,0.0081681681681681,1.0461538461538462,0.0692307692307692,98,30,0.3,0.305849408836341,36.90313213026343,50.48070841239722,85.18827160493827,0,0,,,,,,,,,,,,,,,,,,,,,,,,,,,,,,,,,,,,,,,,,,,,,,,,,,,,,,,,,,,,,,
M10O90,work-2,4801,4.801,100,70.0,0.0141414141414141,1.4,0.13,0.17,2.3,1.3,130,8325.0,82.0,0.0098498498498498,1.2615384615384615,0.1307692307692307,112,30,0.1692307692307692,0.1730553827006845,55.39722049367351,49.79759645793801,140.55864197530863,0,0,,,,,,,,,,,,,,,,,,,,,,,,,,,,,,,,,,,,,,,,,,,,,,,,,,,,,,,,,,,,,,
M10O90,work-2,4901,4.901,100,69.0,0.0139393939393939,1.38,0.18,0.3,3.8,1.1111111111111112,130,8325.0,81.0,0.0097297297297297,1.2461538461538462,0.0769230769230769,111,30,0.2538461538461538,0.261045426260112,47.54615225057042,51.34724857685009,116.43827160493828,0,0,,,,,,,,,,,,,,,,,,,,,,,,,,,,,,,,,,,,,,,,,,,,,,,,,,,,,,,,,,,,,,
M0O100D1,work-2,1001,1.001,100,135.0,0.0272727272727272,2.7,0.4,0.24,,2.7,100,4950.0,135.0,0.0272727272727272,2.7,0.4,135,0,0.4,0.4,87.99166666666666,,175.98333333333332,0,0,0.0,35.0,0.4,0.35,0.05,0.0,0.4,0.35,0.05,0.0,0.4,0.35,0.05,0.0,14400.0,14400.0,4.681987691342622,9.494082885450174,14400.0,14400.0,4.681987691342622,9.494082885450174,0.0,0.0,,,14400.0,40.0,4.681987691342623,9.494295419160624,14400.0,40.0,4.681987691342623,9.494295419160624,0.0,0.0,,,40.0,40.0,3.3792081074920426,7.575435374267828,40.0,40.0,3.3792081074920426,7.575435374267828,0.0,0.0,,,40.0,40.0,3.3792081074920426,7.575435374267828,40.0,40.0,3.3792081074920426,7.575435374267828,0.0,0.0,,
M0O100D1,work-2,1101,1.101,100,124.0,0.025050505050505,2.48,0.41,0.3,,2.48,100,4950.0,124.0,0.025050505050505,2.48,0.41,124,0,0.41,0.41,83.63333333333334,,167.26666666666668,0,0,0.0,36.0,0.41,0.36,0.03,0.02,0.41,0.36,0.03,0.02,0.41,0.36,0.03,0.02,14760.0,14760.0,5.759976251891617,12.338875841976678,14760.0,14760.0,5.759976251891617,12.338875841976678,0.0,0.0,,,14760.0,41.0,5.759976251891616,12.347001204296664,14760.0,41.0,5.759976251891616,12.347001204296664,0.0,0.0,,,41.0,41.0,4.354307320837711,8.95371959255125,41.0,41.0,4.354307320837711,8.95371959255125,0.0,0.0,,,41.0,41.0,4.354307320837711,8.95371959255125,41.0,41.0,4.354307320837711,8.95371959255125,0.0,0.0,,
M0O100D1,work-2,1201,1.201,100,144.0,0.029090909090909,2.88,0.53,0.22,,2.88,100,4950.0,144.0,0.029090909090909,2.88,0.53,144,0,0.53,0.53,97.62222222222222,,195.24444444444444,0,0,0.0,37.0,0.53,0.37,0.1,0.06,0.53,0.37,0.1,0.06,0.53,0.37,0.1,0.06,19080.0,19080.0,7.361862792957618,15.782871185803032,19080.0,19080.0,7.361862792957618,15.782871185803032,0.0,0.0,,,19080.0,53.000000000000014,7.361862792957616,15.784094727601776,19080.0,53.000000000000014,7.361862792957616,15.784094727601776,0.0,0.0,,,53.0,53.0,6.227779168939647,15.284367214499314,53.0,53.0,6.227779168939647,15.284367214499314,0.0,0.0,,,53.0,53.0,6.227779168939647,15.284367214499314,53.0,53.0,6.227779168939647,15.284367214499314,0.0,0.0,,
M0O100D1,work-2,1301,1.301,100,156.0,0.0315151515151515,3.12,0.48,0.23,,3.12,100,4950.0,156.0,0.0315151515151515,3.12,0.48,156,0,0.48,0.48,93.33333333333331,,186.66666666666663,0,0,0.0,36.0,0.48,0.36,0.1,0.02,0.48,0.36,0.1,0.02,0.48,0.36,0.1,0.02,17280.0,17280.0,6.264047374619255,14.094404704015504,17280.0,17280.0,6.264047374619255,14.094404704015504,0.0,0.0,,,17280.0,48.0,6.264047374619256,14.095138100257994,17280.0,48.0,6.264047374619256,14.095138100257994,0.0,0.0,,,48.0,48.0,5.013598755441786,14.560008518486876,48.0,48.0,5.013598755441786,14.560008518486876,0.0,0.0,,,48.0,48.0,5.013598755441786,14.560008518486876,48.0,48.0,5.013598755441786,14.560008518486876,0.0,0.0,,
M0O100D1,work-2,1401,1.401,100,139.0,0.028080808080808,2.78,0.47,0.25,,2.78,100,4950.0,139.0,0.028080808080808,2.78,0.47,139,0,0.47,0.47,79.61111111111111,,159.22222222222223,0,0,0.0,35.0,0.47,0.35,0.09,0.03,0.47,0.35,0.09,0.03,0.47,0.35,0.09,0.03,16920.0,16920.0,6.57172636339997,14.104589820800967,16920.0,16920.0,6.57172636339997,14.104589820800967,0.0,0.0,,,16920.0,46.99999999999999,6.571726363399971,14.10605785919756,16920.0,46.99999999999999,6.571726363399971,14.10605785919756,0.0,0.0,,,47.0,47.0,5.24082557312929,12.895818497842678,47.0,47.0,5.24082557312929,12.895818497842678,0.0,0.0,,,47.0,47.0,5.24082557312929,12.895818497842678,47.0,47.0,5.24082557312929,12.895818497842678,0.0,0.0,,
M0O100D1,work-2,1501,1.501,100,137.0,0.0276767676767676,2.74,0.47,0.3,,2.74,100,4950.0,137.0,0.0276767676767676,2.74,0.47,137,0,0.47,0.47,83.075,,166.15,0,0,0.0,35.0,0.47,0.35,0.07,0.05,0.47,0.35,0.07,0.05,0.47,0.35,0.07,0.05,16920.0,16920.0,6.338692760124155,14.063265826892522,16920.0,16920.0,6.338692760124155,14.063265826892522,0.0,0.0,,,16920.0,46.99999999999999,6.3386927601241565,14.06346052294129,16920.0,46.99999999999999,6.3386927601241565,14.06346052294129,0.0,0.0,,,47.0,47.0,4.911792517184303,12.68407180400167,47.0,47.0,4.911792517184303,12.68407180400167,0.0,0.0,,,47.0,47.0,4.911792517184303,12.68407180400167,47.0,47.0,4.911792517184303,12.68407180400167,0.0,0.0,,
M0O100D1,work-2,1601,1.601,100,132.0,0.0266666666666666,2.64,0.41,0.27,,2.64,100,4950.0,132.0,0.0266666666666666,2.64,0.41,132,0,0.41,0.41,83.91111111111111,,167.82222222222222,0,0,0.0,35.0,0.41,0.35,0.06,0.0,0.41,0.35,0.06,0.0,0.41,0.35,0.06,0.0,14760.0,14760.0,4.996369499212572,10.251088445103331,14760.0,14760.0,4.996369499212572,10.251088445103331,0.0,0.0,,,14760.0,41.0,4.996369499212572,10.251826378033282,14760.0,41.0,4.996369499212572,10.251826378033282,0.0,0.0,,,41.0,41.0,3.476996949692009,7.49458509823611,41.0,41.0,3.476996949692009,7.49458509823611,0.0,0.0,,,41.0,41.0,3.476996949692009,7.49458509823611,41.0,41.0,3.476996949692009,7.49458509823611,0.0,0.0,,
M0O100D1,work-2,1701,1.701,100,137.0,0.0276767676767676,2.74,0.42,0.34,,2.74,100,4950.0,137.0,0.0276767676767676,2.74,0.42,137,0,0.42,0.42,84.91944444444445,,169.8388888888889,0,0,0.0,35.0,0.42,0.35,0.06,0.01,0.42,0.35,0.06,0.01,0.42,0.35,0.06,0.01,15120.0,15120.0,5.50946374382804,12.101753193804065,15120.0,15120.0,5.50946374382804,12.101753193804065,0.0,0.0,,,15120.0,41.99999999999999,5.50946374382804,12.101889856510253,15120.0,41.99999999999999,5.50946374382804,12.101889856510253,0.0,0.0,,,42.0,42.0,3.870064644364549,9.955548521526714,42.0,42.0,3.870064644364549,9.955548521526714,0.0,0.0,,,42.0,42.0,3.870064644364549,9.955548521526714,42.0,42.0,3.870064644364549,9.955548521526714,0.0,0.0,,
M0O100D1,work-2,1801,1.801,100,140.0,0.0282828282828282,2.8,0.51,0.29,,2.8,100,4950.0,140.0,0.0282828282828282,2.8,0.51,140,0,0.51,0.51,85.71388888888889,,171.42777777777778,0,0,0.0,36.0,0.51,0.36,0.1,0.05,0.51,0.36,0.1,0.05,0.51,0.36,0.1,0.05,18360.0,18360.0,7.086201608227515,15.775210129635218,18360.0,18360.0,7.086201608227515,15.775210129635218,0.0,0.0,,,18360.0,51.0,7.086201608227515,15.775278145107102,18360.0,51.0,7.086201608227515,15.775278145107102,0.0,0.0,,,51.0,51.0,5.952642165472591,15.426550257055784,51.0,51.0,5.952642165472591,15.426550257055784,0.0,0.0,,,51.0,51.0,5.952642165472591,15.426550257055784,51.0,51.0,5.952642165472591,15.426550257055784,0.0,0.0,,
M0O100D1,work-2,1901,1.901,100,138.0,0.0278787878787878,2.76,0.42,0.25,,2.76,100,4950.0,138.0,0.0278787878787878,2.76,0.42,138,0,0.42,0.42,90.02222222222223,,180.04444444444445,0,0,0.0,34.0,0.42,0.34,0.08,0.0,0.42,0.34,0.08,0.0,0.42,0.34,0.08,0.0,15120.0,15120.0,4.880111075762667,9.670590233940734,15120.0,15120.0,4.880111075762667,9.670590233940734,0.0,0.0,,,15120.0,41.99999999999999,4.880111075762667,9.673456105450004,15120.0,41.99999999999999,4.880111075762667,9.673456105450004,0.0,0.0,,,42.0,42.0,3.4948173222279384,8.795715893210831,42.0,42.0,3.4948173222279384,8.795715893210831,0.0,0.0,,,42.0,42.0,3.4948173222279384,8.795715893210831,42.0,42.0,3.4948173222279384,8.795715893210831,0.0,0.0,,
M0O100D1,work-2,2001,2.001,100,126.0,0.0254545454545454,2.52,0.45,0.34,,2.52,100,4950.0,126.0,0.0254545454545454,2.52,0.45,126,0,0.45,0.45,81.91388888888889,,163.82777777777778,0,0,0.0,34.0,0.45,0.34,0.08,0.03,0.45,0.34,0.08,0.03,0.45,0.34,0.08,0.03,16200.0,16200.0,6.055126121005995,11.946480082295995,16200.0,16200.0,6.055126121005995,11.946480082295995,0.0,0.0,,,16200.0,44.99999999999999,6.055126121005998,11.946918531627407,16200.0,44.99999999999999,6.055126121005998,11.946918531627407,0.0,0.0,,,45.0,45.0,4.704052738816693,10.576641753055153,45.0,45.0,4.704052738816693,10.576641753055153,0.0,0.0,,,45.0,45.0,4.704052738816693,10.576641753055153,45.0,45.0,4.704052738816693,10.576641753055153,0.0,0.0,,
M0O100D1,work-2,2101,2.101,100,130.0,0.0262626262626262,2.6,0.44,0.2,,2.6,100,4950.0,130.0,0.0262626262626262,2.6,0.44,130,0,0.44,0.44,93.57777777777778,,187.1555555555556,0,0,0.0,34.0,0.44,0.34,0.07,0.03,0.44,0.34,0.07,0.03,0.44,0.34,0.07,0.03,15840.0,15840.0,6.171352963648686,14.194143131929456,15840.0,15840.0,6.171352963648686,14.194143131929456,0.0,0.0,,,15840.0,43.99999999999999,6.171352963648688,14.195566053289976,15840.0,43.99999999999999,6.171352963648688,14.195566053289976,0.0,0.0,,,44.0,44.0,4.939620931826351,13.474824279708196,44.0,44.0,4.939620931826351,13.474824279708196,0.0,0.0,,,44.0,44.0,4.939620931826351,13.474824279708196,44.0,44.0,4.939620931826351,13.474824279708196,0.0,0.0,,
M0O100D1,work-2,2201,2.201,100,136.0,0.0274747474747474,2.72,0.47,0.24,,2.72,100,4950.0,136.0,0.0274747474747474,2.72,0.47,136,0,0.47,0.47,96.64166666666668,,193.28333333333333,0,0,0.0,34.0,0.47,0.34,0.11,0.02,0.47,0.34,0.11,0.02,0.47,0.34,0.11,0.02,16920.0,16920.0,6.012063422169228,12.360137863424692,16920.0,16920.0,6.012063422169228,12.360137863424692,0.0,0.0,,,16920.0,46.99999999999999,6.012063422169231,12.361153144778957,16920.0,46.99999999999999,6.012063422169231,12.361153144778957,0.0,0.0,,,47.0,47.0,4.749370299427372,11.606073032294155,47.0,47.0,4.749370299427372,11.606073032294155,0.0,0.0,,,47.0,47.0,4.749370299427372,11.606073032294155,47.0,47.0,4.749370299427372,11.606073032294155,0.0,0.0,,
M0O100D1,work-2,2301,2.301,100,132.0,0.0266666666666666,2.64,0.42,0.29,,2.64,100,4950.0,132.0,0.0266666666666666,2.64,0.42,132,0,0.42,0.42,86.22777777777777,,172.45555555555555,0,0,0.0,35.0,0.42,0.35,0.06,0.01,0.42,0.35,0.06,0.01,0.42,0.35,0.06,0.01,15120.0,15120.0,5.003389268040813,10.154299857978724,15120.0,15120.0,5.003389268040813,10.154299857978724,0.0,0.0,,,15120.0,41.99999999999999,5.003389268040814,10.154453055290066,15120.0,41.99999999999999,5.003389268040814,10.154453055290066,0.0,0.0,,,42.0,42.0,3.4312966687312745,7.71201203983684,42.0,42.0,3.4312966687312745,7.71201203983684,0.0,0.0,,,42.0,42.0,3.4312966687312745,7.71201203983684,42.0,42.0,3.4312966687312745,7.71201203983684,0.0,0.0,,
M0O100D1,work-2,2401,2.401,100,150.0,0.0303030303030303,3.0,0.49,0.3,,3.0,100,4950.0,150.0,0.0303030303030303,3.0,0.49,150,0,0.49,0.49,83.475,,166.95,0,0,0.0,37.0,0.49,0.37,0.09,0.03,0.49,0.37,0.09,0.03,0.49,0.37,0.09,0.03,17640.0,17640.0,6.472474656001859,13.949108093467377,17640.0,17640.0,6.472474656001859,13.949108093467377,0.0,0.0,,,17640.0,49.0,6.472474656001859,13.949841056866978,17640.0,49.0,6.472474656001859,13.949841056866978,0.0,0.0,,,49.0,49.0,5.277631170719253,14.329380798284456,49.0,49.0,5.277631170719253,14.329380798284456,0.0,0.0,,,49.0,49.0,5.277631170719253,14.329380798284456,49.0,49.0,5.277631170719253,14.329380798284456,0.0,0.0,,
M0O100D1,work-2,2501,2.501,100,158.0,0.0319191919191919,3.16,0.5,0.2,,3.16,100,4950.0,158.0,0.0319191919191919,3.16,0.5,158,0,0.5,0.5,91.6138888888889,,183.2277777777778,0,0,0.0,37.0,0.5,0.37,0.1,0.03,0.5,0.37,0.1,0.03,0.5,0.37,0.1,0.03,18000.0,18000.0,7.043283734111654,16.937480154985906,18000.0,18000.0,7.043283734111654,16.937480154985906,0.0,0.0,,,18000.0,50.00000000000001,7.043283734111654,16.942830406246642,18000.0,50.00000000000001,7.043283734111654,16.942830406246642,0.0,0.0,,,50.0,50.0,5.734169527073468,16.49274080921066,50.0,50.0,5.734169527073468,16.49274080921066,0.0,0.0,,,50.0,50.0,5.734169527073468,16.49274080921066,50.0,50.0,5.734169527073468,16.49274080921066,0.0,0.0,,
M0O100D1,work-2,2601,2.601,100,146.0,0.0294949494949494,2.92,0.42,0.27,,2.92,100,4950.0,146.0,0.0294949494949494,2.92,0.42,146,0,0.42,0.42,88.86944444444444,,177.73888888888888,0,0,0.0,35.0,0.42,0.35,0.06,0.01,0.42,0.35,0.06,0.01,0.42,0.35,0.06,0.01,15120.0,15120.0,5.323246558707827,10.829693450922123,15120.0,15120.0,5.323246558707827,10.829693450922123,0.0,0.0,,,15120.0,41.99999999999999,5.323246558707827,10.83182748413747,15120.0,41.99999999999999,5.323246558707827,10.83182748413747,0.0,0.0,,,42.0,42.0,3.7807230212236735,9.562098562537049,42.0,42.0,3.7807230212236735,9.562098562537049,0.0,0.0,,,42.0,42.0,3.7807230212236735,9.562098562537049,42.0,42.0,3.7807230212236735,9.562098562537049,0.0,0.0,,
M0O100D1,work-2,2701,2.701,100,144.0,0.029090909090909,2.88,0.47,0.28,,2.88,100,4950.0,144.0,0.029090909090909,2.88,0.47,144,0,0.47,0.47,90.84722222222224,,181.69444444444449,0,0,0.0,35.0,0.47,0.35,0.07,0.05,0.47,0.35,0.07,0.05,0.47,0.35,0.07,0.05,16920.0,16920.0,6.31359388023136,14.1381081598042,16920.0,16920.0,6.31359388023136,14.1381081598042,0.0,0.0,,,16920.0,46.99999999999999,6.3135938802313625,14.138280395238423,16920.0,46.99999999999999,6.3135938802313625,14.138280395238423,0.0,0.0,,,47.0,47.0,5.0764718245237885,14.60705854033973,47.0,47.0,5.0764718245237885,14.60705854033973,0.0,0.0,,,47.0,47.0,5.0764718245237885,14.60705854033973,47.0,47.0,5.0764718245237885,14.60705854033973,0.0,0.0,,
M0O100D1,work-2,2801,2.801,100,141.0,0.0284848484848484,2.82,0.45,0.28,,2.82,100,4950.0,141.0,0.0284848484848484,2.82,0.45,141,0,0.45,0.45,95.53055555555557,,191.0611111111111,0,0,0.0,39.0,0.45,0.39,0.06,0.0,0.45,0.39,0.06,0.0,0.45,0.39,0.06,0.0,16200.0,16200.0,5.273559042084305,10.81885121767958,16200.0,16200.0,5.273559042084305,10.81885121767958,0.0,0.0,,,16200.0,44.99999999999999,5.273559042084307,10.820243278952608,16200.0,44.99999999999999,5.273559042084307,10.820243278952608,0.0,0.0,,,45.0,45.0,3.9635980801981914,8.436491885484468,45.0,45.0,3.9635980801981914,8.436491885484468,0.0,0.0,,,45.0,45.0,3.9635980801981914,8.436491885484468,45.0,45.0,3.9635980801981914,8.436491885484468,0.0,0.0,,
M0O100D1,work-2,2901,2.901,100,164.0,0.0331313131313131,3.28,0.5,0.27,,3.28,100,4950.0,164.0,0.0331313131313131,3.28,0.5,164,0,0.5,0.5,93.01388888888889,,186.02777777777777,0,0,0.0,37.0,0.5,0.37,0.09,0.04,0.5,0.37,0.09,0.04,0.5,0.37,0.09,0.04,18000.0,18000.0,6.15238095087631,12.680799214955618,18000.0,18000.0,6.15238095087631,12.680799214955618,0.0,0.0,,,18000.0,50.00000000000001,6.152380950876309,12.683271475112967,18000.0,50.00000000000001,6.152380950876309,12.683271475112967,0.0,0.0,,,50.0,50.0,4.723044662601943,11.380230162785962,50.0,50.0,4.723044662601943,11.380230162785962,0.0,0.0,,,50.0,50.0,4.723044662601943,11.380230162785962,50.0,50.0,4.723044662601943,11.380230162785962,0.0,0.0,,
M0O100D1,work-2,3001,3.001,100,141.0,0.0284848484848484,2.82,0.47,0.17,,2.82,100,4950.0,141.0,0.0284848484848484,2.82,0.47,141,0,0.47,0.47,90.88333333333334,,181.76666666666668,0,0,0.0,37.0,0.47,0.37,0.1,0.0,0.47,0.37,0.1,0.0,0.47,0.37,0.1,0.0,16920.0,16920.0,5.799792119776953,11.482707604189152,16920.0,16920.0,5.799792119776953,11.482707604189152,0.0,0.0,,,16920.0,46.99999999999999,5.799792119776956,11.483129402589825,16920.0,46.99999999999999,5.799792119776956,11.483129402589825,0.0,0.0,,,47.0,47.0,4.469831444171815,10.797957055185076,47.0,47.0,4.469831444171815,10.797957055185076,0.0,0.0,,,47.0,47.0,4.469831444171815,10.797957055185076,47.0,47.0,4.469831444171815,10.797957055185076,0.0,0.0,,
M0O100D1,work-2,3101,3.101,100,139.0,0.028080808080808,2.78,0.44,0.23,,2.78,100,4950.0,139.0,0.028080808080808,2.78,0.44,139,0,0.44,0.44,92.22222222222224,,184.44444444444449,0,0,0.0,35.0,0.44,0.35,0.09,0.0,0.44,0.35,0.09,0.0,0.44,0.35,0.09,0.0,15840.0,15840.0,5.723646743557831,13.12254654540665,15840.0,15840.0,5.723646743557831,13.12254654540665,0.0,0.0,,,15840.0,43.99999999999999,5.723646743557833,13.12875241450842,15840.0,43.99999999999999,5.723646743557833,13.12875241450842,0.0,0.0,,,44.0,44.0,4.395549664380998,13.158512836884938,44.0,44.0,4.395549664380998,13.158512836884938,0.0,0.0,,,44.0,44.0,4.395549664380998,13.158512836884938,44.0,44.0,4.395549664380998,13.158512836884938,0.0,0.0,,
M0O100D1,work-2,3201,3.201,100,156.0,0.0315151515151515,3.12,0.5,0.22,,3.12,100,4950.0,156.0,0.0315151515151515,3.12,0.5,156,0,0.5,0.5,96.34166666666668,,192.6833333333333,0,0,0.0,37.0,0.5,0.37,0.08,0.05,0.5,0.37,0.08,0.05,0.5,0.37,0.08,0.05,18000.0,18000.0,6.383810919117845,14.673503155779075,18000.0,18000.0,6.383810919117845,14.673503155779075,0.0,0.0,,,18000.0,50.00000000000001,6.3838109191178445,14.678207918371523,18000.0,50.00000000000001,6.3838109191178445,14.678207918371523,0.0,0.0,,,50.0,50.0,5.113315457597672,15.077031567794174,50.0,50.0,5.113315457597672,15.077031567794174,0.0,0.0,,,50.0,50.0,5.113315457597672,15.077031567794174,50.0,50.0,5.113315457597672,15.077031567794174,0.0,0.0,,
M0O100D1,work-2,3301,3.301,100,136.0,0.0274747474747474,2.72,0.55,0.27,,2.72,100,4950.0,136.0,0.0274747474747474,2.72,0.55,136,0,0.55,0.55,86.45277777777778,,172.90555555555557,0,0,0.0,35.0,0.55,0.35,0.09,0.11,0.55,0.35,0.09,0.11,0.55,0.35,0.09,0.11,19800.0,19800.0,9.99386112153918,25.445117842032115,19800.0,19800.0,9.99386112153918,25.445117842032115,0.0,0.0,,,19800.0,55.0,9.993861121539178,25.45282686774112,19800.0,55.0,9.993861121539178,25.45282686774112,0.0,0.0,,,55.0,55.0,8.903357661051144,23.165127866331225,55.0,55.0,8.903357661051144,23.165127866331225,0.0,0.0,,,55.0,55.0,8.903357661051144,23.165127866331225,55.0,55.0,8.903357661051144,23.165127866331225,0.0,0.0,,
M0O100D1,work-2,3401,3.401,100,156.0,0.0315151515151515,3.12,0.52,0.25,,3.12,100,4950.0,156.0,0.0315151515151515,3.12,0.52,156,0,0.52,0.52,97.78888888888888,,195.57777777777775,0,0,0.0,35.0,0.52,0.35,0.1,0.07,0.52,0.35,0.1,0.07,0.52,0.35,0.1,0.07,18720.0,18720.0,7.742940556601332,18.313126574084603,18720.0,18720.0,7.742940556601332,18.313126574084603,0.0,0.0,,,18720.0,52.0,7.742940556601335,18.321642343388053,18720.0,52.0,7.742940556601335,18.321642343388053,0.0,0.0,,,52.0,52.0,6.453871962122406,17.253665024174392,52.0,52.0,6.453871962122406,17.253665024174392,0.0,0.0,,,52.0,52.0,6.453871962122406,17.253665024174392,52.0,52.0,6.453871962122406,17.253665024174392,0.0,0.0,,
M0O100D1,work-2,3501,3.501,100,160.0,0.0323232323232323,3.2,0.45,0.26,,3.2,100,4950.0,160.0,0.0323232323232323,3.2,0.45,160,0,0.45,0.45,96.99722222222222,,193.99444444444444,0,0,0.0,38.0,0.45,0.38,0.06,0.01,0.45,0.38,0.06,0.01,0.45,0.38,0.06,0.01,16200.0,16200.0,5.245435080665216,10.6819956695918,16200.0,16200.0,5.245435080665216,10.6819956695918,0.0,0.0,,,16200.0,44.99999999999999,5.245435080665218,10.682009078634245,16200.0,44.99999999999999,5.245435080665218,10.682009078634245,0.0,0.0,,,45.0,45.0,3.744606060615359,9.124048200068431,45.0,45.0,3.744606060615359,9.124048200068431,0.0,0.0,,,45.0,45.0,3.744606060615359,9.124048200068431,45.0,45.0,3.744606060615359,9.124048200068431,0.0,0.0,,
M0O100D1,work-2,3601,3.601,100,136.0,0.0274747474747474,2.72,0.4,0.28,,2.72,100,4950.0,136.0,0.0274747474747474,2.72,0.4,136,0,0.4,0.4,91.99722222222222,,183.99444444444444,0,0,0.0,36.0,0.4,0.36,0.02,0.02,0.4,0.36,0.02,0.02,0.4,0.36,0.02,0.02,14400.0,14400.0,4.970482596699012,9.84040844953876,14400.0,14400.0,4.970482596699012,9.84040844953876,0.0,0.0,,,14400.0,40.0,4.9704825966990125,9.845733610021748,14400.0,40.0,4.9704825966990125,9.845733610021748,0.0,0.0,,,40.0,40.0,3.50884468020674,5.688880693050899,40.0,40.0,3.50884468020674,5.688880693050899,0.0,0.0,,,40.0,40.0,3.50884468020674,5.688880693050899,40.0,40.0,3.50884468020674,5.688880693050899,0.0,0.0,,
M0O100D1,work-2,3701,3.701,100,141.0,0.0284848484848484,2.82,0.45,0.2,,2.82,100,4950.0,141.0,0.0284848484848484,2.82,0.45,141,0,0.45,0.45,91.09166666666668,,182.1833333333333,0,0,0.0,35.0,0.45,0.35,0.07,0.03,0.45,0.35,0.07,0.03,0.45,0.35,0.07,0.03,16200.0,16200.0,6.430430272146125,15.19102967314516,16200.0,16200.0,6.430430272146125,15.19102967314516,0.0,0.0,,,16200.0,44.99999999999999,6.430430272146127,15.20124907155509,16200.0,44.99999999999999,6.430430272146127,15.20124907155509,0.0,0.0,,,45.0,45.0,5.044057433865506,15.99921686972821,45.0,45.0,5.044057433865506,15.99921686972821,0.0,0.0,,,45.0,45.0,5.044057433865506,15.99921686972821,45.0,45.0,5.044057433865506,15.99921686972821,0.0,0.0,,
M0O100D1,work-2,3801,3.801,100,130.0,0.0262626262626262,2.6,0.49,0.23,,2.6,100,4950.0,130.0,0.0262626262626262,2.6,0.49,130,0,0.49,0.49,95.61666666666666,,191.2333333333333,0,0,0.0,35.0,0.49,0.35,0.09,0.05,0.49,0.35,0.09,0.05,0.49,0.35,0.09,0.05,17640.0,17640.0,6.8270318168534985,14.827380902716062,17640.0,17640.0,6.8270318168534985,14.827380902716062,0.0,0.0,,,17640.0,49.0,6.8270318168534985,14.827631124309631,17640.0,49.0,6.8270318168534985,14.827631124309631,0.0,0.0,,,49.0,49.0,5.528695292498739,14.931831433170863,49.0,49.0,5.528695292498739,14.931831433170863,0.0,0.0,,,49.0,49.0,5.528695292498739,14.931831433170863,49.0,49.0,5.528695292498739,14.931831433170863,0.0,0.0,,
M0O100D1,work-2,3901,3.901,100,152.0,0.0307070707070707,3.04,0.47,0.27,,3.04,100,4950.0,152.0,0.0307070707070707,3.04,0.47,152,0,0.47,0.47,101.83055555555556,,203.6611111111111,0,0,0.0,37.0,0.47,0.37,0.07,0.03,0.47,0.37,0.07,0.03,0.47,0.37,0.07,0.03,16920.0,16920.0,5.848882572547904,13.61938823769052,16920.0,16920.0,5.848882572547904,13.61938823769052,0.0,0.0,,,16920.0,46.99999999999999,5.848882572547906,13.621604430812155,16920.0,46.99999999999999,5.848882572547906,13.621604430812155,0.0,0.0,,,47.0,47.0,4.44741314435912,13.798403179170275,47.0,47.0,4.44741314435912,13.798403179170275,0.0,0.0,,,47.0,47.0,4.44741314435912,13.798403179170275,47.0,47.0,4.44741314435912,13.798403179170275,0.0,0.0,,
M0O100D1,work-2,4001,4.001,100,165.0,0.0333333333333333,3.3,0.52,0.24,,3.3,100,4950.0,165.0,0.0333333333333333,3.3,0.52,165,0,0.52,0.52,98.08888888888887,,196.17777777777775,0,0,0.0,38.0,0.52,0.38,0.1,0.04,0.52,0.38,0.1,0.04,0.52,0.38,0.1,0.04,18720.0,18720.0,6.487138908347133,13.347151667412868,18720.0,18720.0,6.487138908347133,13.347151667412868,0.0,0.0,,,18720.0,52.0,6.487138908347133,13.34893164399481,18720.0,52.0,6.487138908347133,13.34893164399481,0.0,0.0,,,52.0,52.0,5.247538967721081,12.959276409091318,52.0,52.0,5.247538967721081,12.959276409091318,0.0,0.0,,,52.0,52.0,5.247538967721081,12.959276409091318,52.0,52.0,5.247538967721081,12.959276409091318,0.0,0.0,,
M0O100D1,work-2,4101,4.101,100,165.0,0.0333333333333333,3.3,0.54,0.18,,3.3,100,4950.0,165.0,0.0333333333333333,3.3,0.54,165,0,0.54,0.54,95.53055555555557,,191.0611111111111,0,0,0.0,38.0,0.54,0.38,0.11,0.05,0.54,0.38,0.11,0.05,0.54,0.38,0.11,0.05,19440.0,19440.0,6.45336655516448,13.354805867985416,19440.0,19440.0,6.45336655516448,13.354805867985416,0.0,0.0,,,19440.0,54.00000000000001,6.453366555164479,13.356003143173206,19440.0,54.00000000000001,6.453366555164479,13.356003143173206,0.0,0.0,,,54.0,54.0,5.191552595337681,11.481085037229914,54.0,54.0,5.191552595337681,11.481085037229914,0.0,0.0,,,54.0,54.0,5.191552595337681,11.481085037229914,54.0,54.0,5.191552595337681,11.481085037229914,0.0,0.0,,
M0O100D1,work-2,4201,4.2010000000000005,100,173.0,0.0349494949494949,3.46,0.5,0.22,,3.46,100,4950.0,173.0,0.0349494949494949,3.46,0.5,173,0,0.5,0.5,100.625,,201.25,0,0,0.0,38.0,0.5,0.38,0.1,0.02,0.5,0.38,0.1,0.02,0.5,0.38,0.1,0.02,18000.0,18000.0,6.218507102368881,13.32585199263862,18000.0,18000.0,6.218507102368881,13.32585199263862,0.0,0.0,,,18000.0,50.00000000000001,6.218507102368881,13.326706227683555,18000.0,50.00000000000001,6.218507102368881,13.326706227683555,0.0,0.0,,,50.0,50.0,4.928020169706243,13.052640489088784,50.0,50.0,4.928020169706243,13.052640489088784,0.0,0.0,,,50.0,50.0,4.928020169706243,13.052640489088784,50.0,50.0,4.928020169706243,13.052640489088784,0.0,0.0,,
M0O100D1,work-2,4301,4.301,100,183.0,0.0369696969696969,3.66,0.56,0.26,,3.66,100,4950.0,183.0,0.0369696969696969,3.66,0.56,183,0,0.56,0.56,99.46666666666668,,198.9333333333333,0,0,0.0,41.0,0.56,0.41,0.1,0.05,0.56,0.41,0.1,0.05,0.56,0.41,0.1,0.05,20160.0,20160.0,7.077863559847303,16.213725752559426,20160.0,20160.0,7.077863559847303,16.213725752559426,0.0,0.0,,,20160.0,56.0,7.077863559847303,16.213846833984434,20160.0,56.0,7.077863559847303,16.213846833984434,0.0,0.0,,,56.0,56.0,5.813226839203011,16.182742343178226,56.0,56.0,5.813226839203011,16.182742343178226,0.0,0.0,,,56.0,56.0,5.813226839203011,16.182742343178226,56.0,56.0,5.813226839203011,16.182742343178226,0.0,0.0,,
M0O100D1,work-2,4401,4.401,100,164.0,0.0331313131313131,3.28,0.52,0.28,,3.28,100,4950.0,164.0,0.0331313131313131,3.28,0.52,164,0,0.52,0.52,102.38888888888889,,204.77777777777777,0,0,0.0,41.0,0.52,0.41,0.07,0.04,0.52,0.41,0.07,0.04,0.52,0.41,0.07,0.04,18720.0,18720.0,6.152318915149905,14.621826189497854,18720.0,18720.0,6.152318915149905,14.621826189497854,0.0,0.0,,,18720.0,52.0,6.152318915149906,14.6253979585499,18720.0,52.0,6.152318915149906,14.6253979585499,0.0,0.0,,,52.0,52.0,4.857939476018759,13.302152494685966,52.0,52.0,4.857939476018759,13.302152494685966,0.0,0.0,,,52.0,52.0,4.857939476018759,13.302152494685966,52.0,52.0,4.857939476018759,13.302152494685966,0.0,0.0,,
M0O100D1,work-2,4501,4.501,100,182.0,0.0367676767676767,3.64,0.56,0.25,,3.64,100,4950.0,182.0,0.0367676767676767,3.64,0.56,182,0,0.56,0.56,99.66388888888888,,199.32777777777775,0,0,0.0,41.0,0.56,0.41,0.11,0.04,0.56,0.41,0.11,0.04,0.56,0.41,0.11,0.04,20160.0,20160.0,6.60835290095272,14.83655919184299,20160.0,20160.0,6.60835290095272,14.83655919184299,0.0,0.0,,,20160.0,56.0,6.608352900952721,14.8421492166119,20160.0,56.0,6.608352900952721,14.8421492166119,0.0,0.0,,,56.0,56.0,5.34962613691149,13.861132924848029,56.0,56.0,5.34962613691149,13.861132924848029,0.0,0.0,,,56.0,56.0,5.34962613691149,13.861132924848029,56.0,56.0,5.34962613691149,13.861132924848029,0.0,0.0,,
M0O100D1,work-2,4601,4.601,100,160.0,0.0323232323232323,3.2,0.54,0.17,,3.2,100,4950.0,160.0,0.0323232323232323,3.2,0.54,160,0,0.54,0.54,90.23611111111111,,180.47222222222223,0,0,0.0,40.0,0.54,0.4,0.07,0.07,0.54,0.4,0.07,0.07,0.54,0.4,0.07,0.07,19440.0,19440.0,7.147730390070098,15.635200400913323,19440.0,19440.0,7.147730390070098,15.635200400913323,0.0,0.0,,,19440.0,54.00000000000001,7.147730390070097,15.641559889776522,19440.0,54.00000000000001,7.147730390070097,15.641559889776522,0.0,0.0,,,54.0,54.0,6.061127522140104,16.08836890306524,54.0,54.0,6.061127522140104,16.08836890306524,0.0,0.0,,,54.0,54.0,6.061127522140104,16.08836890306524,54.0,54.0,6.061127522140104,16.08836890306524,0.0,0.0,,
M0O100D1,work-2,4701,4.7010000000000005,100,181.0,0.0365656565656565,3.62,0.58,0.2,,3.62,100,4950.0,181.0,0.0365656565656565,3.62,0.58,181,0,0.58,0.58,103.95555555555556,,207.9111111111111,0,0,0.0,40.0,0.58,0.4,0.13,0.05,0.58,0.4,0.13,0.05,0.58,0.4,0.13,0.05,20880.0,20880.0,7.148229084040191,14.459451134035556,20880.0,20880.0,7.148229084040191,14.459451134035556,0.0,0.0,,,20880.0,58.00000000000001,7.148229084040189,14.459810420653335,20880.0,58.00000000000001,7.148229084040189,14.459810420653335,0.0,0.0,,,58.0,58.0,5.818490152302113,13.555380299514889,58.0,58.0,5.818490152302113,13.555380299514889,0.0,0.0,,,58.0,58.0,5.818490152302113,13.555380299514889,58.0,58.0,5.818490152302113,13.555380299514889,0.0,0.0,,
M0O100D1,work-2,4801,4.801,100,167.0,0.0337373737373737,3.34,0.49,0.22,,3.34,100,4950.0,167.0,0.0337373737373737,3.34,0.49,167,0,0.49,0.49,100.72222222222224,,201.44444444444449,0,0,0.0,39.0,0.49,0.39,0.1,0.0,0.49,0.39,0.1,0.0,0.49,0.39,0.1,0.0,17640.0,17640.0,5.397387691590331,10.692033606145856,17640.0,17640.0,5.397387691590331,10.692033606145856,0.0,0.0,,,17640.0,49.0,5.397387691590332,10.69233682312137,17640.0,49.0,5.397387691590332,10.69233682312137,0.0,0.0,,,49.0,49.0,4.061164373459715,10.441556205568478,49.0,49.0,4.061164373459715,10.441556205568478,0.0,0.0,,,49.0,49.0,4.061164373459715,10.441556205568478,49.0,49.0,4.061164373459715,10.441556205568478,0.0,0.0,,
M0O100D1,work-2,4901,4.901,100,141.0,0.0284848484848484,2.82,0.44,0.23,,2.82,100,4950.0,141.0,0.0284848484848484,2.82,0.44,141,0,0.44,0.44,93.01666666666668,,186.03333333333333,0,0,0.0,38.0,0.44,0.38,0.06,0.0,0.44,0.38,0.06,0.0,0.44,0.38,0.06,0.0,15840.0,15840.0,5.33791341320467,12.079848535372795,15840.0,15840.0,5.33791341320467,12.079848535372795,0.0,0.0,,,15840.0,43.99999999999999,5.337913413204673,12.08011771847135,15840.0,43.99999999999999,5.337913413204673,12.08011771847135,0.0,0.0,,,44.0,44.0,3.862024081389507,11.836075852060992,44.0,44.0,3.862024081389507,11.836075852060992,0.0,0.0,,,44.0,44.0,3.862024081389507,11.836075852060992,44.0,44.0,3.862024081389507,11.836075852060992,0.0,0.0,,
M10O90D1,work-2,1001,1.001,100,125.0,0.0252525252525252,2.5,0.52,0.33,3.8,2.355555555555556,130,8325.0,140.0,0.0168168168168168,2.1538461538461537,0.3769230769230769,170,30,0.5384615384615384,0.540261356565028,58.11035054967849,41.138519924098674,152.85802469135805,0,0,3.0,32.0,0.52,0.35,0.07,0.1,0.540261356565028,0.3373366521468575,0.0775980087118855,0.125326695706285,0.52,0.35,0.07,0.1,26046.0,26046.0,14.06627078135294,32.29007783510414,16560.0,16560.0,10.48551676751949,29.659832440758287,9486.0,9486.0,20.317302456356305,33.64083488223955,26046.0,52.0,11.61995357776989,30.557801851116185,16560.0,45.99999999999999,10.485516767519492,29.66310054202376,9486.0,5.999999999999999,20.317302456356312,33.64083488223955,52.0,52.0,10.241125451399755,28.55980207723722,46.0,46.0,9.179619739967864,28.737117173352104,6.0,6.0,18.37933590571092,28.25844474993564,70.0,70.0,12.842837779139431,31.272653692543305,46.0,46.0,9.179619739967864,28.737117173352104,24.0,24.0,19.864005687551607,32.0060854810745
M10O90D1,work-2,1101,1.101,100,159.0,0.0321212121212121,3.18,0.5,0.29,5.0,2.977777777777778,130,8325.0,175.0,0.021021021021021,2.6923076923076925,0.4230769230769231,205,30,0.5,0.5,68.94212818917237,58.31119544592031,176.71296296296296,0,0,3.0,34.0,0.5,0.37,0.07,0.06,0.5,0.3522713130056005,0.0775980087118855,0.070130678282514,0.5,0.37,0.07,0.06,24105.0,24105.0,10.261401405699395,22.281434836019105,16200.0,16200.0,7.531042507431916,17.53531468191369,7905.0,7905.0,15.856823815811124,25.537438056279345,24105.0,49.99999999999999,8.36362063826984,19.46028727968278,16200.0,44.99999999999999,7.531042507431919,17.54285060714745,7905.0,5.0,15.856823815811122,25.537438056279345,50.0,50.0,7.092188213561253,19.24168842238549,45.0,45.0,6.124877249691514,17.399539561425687,5.0,5.0,15.797986888388907,25.20203041559837,65.0,65.0,9.03201774745618,22.124872820100236,45.0,45.0,6.124877249691514,17.399539561425687,20.0,20.0,15.573083867426678,23.649085344157545
M10O90D1,work-2,1201,1.201,100,146.0,0.0294949494949494,2.92,0.49,0.26,3.9,2.811111111111111,130,8325.0,157.0,0.0188588588588588,2.4153846153846152,0.4076923076923077,187,30,0.4692307692307692,0.4672059738643435,61.88964945032151,38.38709677419355,165.44753086419752,0,0,3.0,35.0,0.49,0.38,0.09,0.02,0.4672059738643435,0.3597386434349719,0.0925326695706285,0.014934660858743,0.49,0.38,0.09,0.02,22524.0,22524.0,9.11457693704794,18.02297446524224,16200.0,16200.0,7.340503871285794,14.980478750816852,6324.0,6324.0,13.659166384446223,22.209740263491277,22524.0,49.00000000000001,7.856313056033583,16.21320418136814,16200.0,44.99999999999999,7.3405038712857955,14.982455501282754,6324.0,3.999999999999999,13.659166384446229,22.209740263491277,49.0,49.0,6.700385003451963,15.672743757318637,45.0,45.0,6.212076674887394,15.555535960089196,4.0,4.0,12.193853699803372,17.662385373435146,61.0,61.0,8.122490024601076,17.372343945405962,45.0,45.0,6.212076674887394,15.555535960089196,16.0,16.0,13.49552757067081,19.41649854995209
M10O90D1,work-2,1301,1.301,100,165.0,0.0333333333333333,3.3,0.47,0.27,4.7,3.1444444444444444,130,8325.0,185.0,0.0222222222222222,2.8461538461538463,0.4230769230769231,215,30,0.4538461538461538,0.4522713130056005,62.65712507778469,55.64199873497786,159.31172839506172,0,0,3.0,36.0,0.47,0.39,0.07,0.01,0.4522713130056005,0.3672059738643435,0.0775980087118855,0.0074673304293715,0.47,0.39,0.07,0.01,21804.0,21804.0,9.693243302553377,23.760506250957548,15480.0,15480.0,6.586402954594241,13.782656533021074,6324.0,6324.0,17.29822252241539,35.6322985159861,21804.0,47.0,7.49804717313221,15.953084426352442,15480.0,42.99999999999999,6.586402954594243,13.785816111773864,6324.0,3.999999999999999,17.298222522415397,35.6322985159861,47.0,47.0,6.412707584258091,14.330170499537797,43.0,43.0,5.322561770399529,12.398566747343825,4.0,4.0,18.131775083237624,37.43575943979046,59.0,59.0,8.518766367820074,23.158839683807315,43.0,43.0,5.322561770399529,12.398566747343825,16.0,16.0,17.108566223387786,35.659534603909435
M10O90D1,work-2,1401,1.401,100,170.0,0.0343434343434343,3.4,0.46,0.2,4.6,3.2666666666666666,130,8325.0,183.0,0.0219819819819819,2.815384615384616,0.3769230769230769,213,30,0.4230769230769231,0.419477286869944,61.73200580792367,47.25490196078432,160.65123456790124,0,0,3.0,36.0,0.46,0.39,0.05,0.02,0.419477286869944,0.3672059738643435,0.0373366521468574,0.014934660858743,0.46,0.39,0.05,0.02,20223.0,20223.0,8.16584613049894,18.16188604768206,15480.0,15480.0,6.082181698461156,12.755758715592597,4743.0,4743.0,14.966420747396452,30.901872138059083,20223.0,46.0,6.661588592956936,14.780552178414052,15480.0,42.99999999999999,6.082181698461158,12.76910453931973,4743.0,3.0,14.966420747396452,30.901872138059083,46.0,46.0,5.503637292357076,14.075873887084978,43.0,43.0,4.92674245484949,12.3343035806844,3.0,3.0,13.772463296632475,23.77050258490032,55.0,55.0,6.974761831918952,16.335966714666117,43.0,43.0,4.92674245484949,12.3343035806844,12.0,12.0,14.313497933084523,30.45265081255187
M10O90D1,work-2,1501,1.501,100,157.0,0.0317171717171717,3.14,0.47,0.27,4.1,3.033333333333333,130,8325.0,169.0,0.0203003003003003,2.6,0.3769230769230769,199,30,0.4769230769230769,0.4775980087118855,68.1788010786144,45.47122074636306,180.7067901234568,0,0,3.0,34.0,0.47,0.37,0.06,0.04,0.4775980087118855,0.3522713130056005,0.070130678282514,0.055196017423771,0.47,0.37,0.06,0.04,23025.0,23025.0,10.039977214295634,24.846247146339863,15120.0,15120.0,6.0609435999062855,13.494695597511184,7905.0,7905.0,17.650728416011887,30.050656524191343,23025.0,47.0,7.2938994314068815,19.55641051657221,15120.0,41.99999999999999,6.060943599906286,13.502493847943898,7905.0,5.0,17.650728416011887,30.050656524191343,47.0,47.0,6.023470770063711,20.446912416423643,42.0,42.0,4.523171155894806,10.072954544441105,5.0,5.0,18.62598752908251,27.70738062194612,62.0,62.0,8.715839203364903,23.75616043433174,42.0,42.0,4.523171155894806,10.072954544441105,20.0,20.0,17.5204421030521,28.99705579357479
M10O90D1,work-2,1601,1.601,100,150.0,0.0303030303030303,3.0,0.59,0.29,4.3,2.855555555555556,130,8325.0,166.0,0.0199399399399399,2.5538461538461537,0.3461538461538461,196,30,0.5923076923076923,0.5925326695706284,68.3841526654221,52.43516761543327,177.91975308641975,0,0,3.0,32.0,0.59,0.35,0.1,0.14,0.5925326695706284,0.3373366521468575,0.1,0.155196017423771,0.59,0.35,0.1,0.14,28566.0,28566.0,15.24333834359362,32.932262273853155,19080.0,19080.0,12.398500985137977,32.59764703836091,9486.0,9486.0,20.965402100639132,33.537814724794465,28566.0,58.99999999999999,13.2697112680703,32.69566427837872,19080.0,53.000000000000014,12.398500985137971,32.59953027264928,9486.0,5.999999999999999,20.96540210063914,33.537814724794465,59.0,59.0,12.115036408899194,33.468709851198675,53.0,53.0,11.31001413848752,33.468709851198675,6.0,6.0,19.226066464202336,31.740760670688637,77.0,77.0,14.151948674507343,33.468709851198675,53.0,53.0,11.31001413848752,33.468709851198675,24.0,24.0,20.42788744155112,31.831351878241225
M10O90D1,work-2,1701,1.701,100,139.0,0.028080808080808,2.78,0.42,0.28,4.2,2.6222222222222222,130,8325.0,155.0,0.0186186186186186,2.3846153846153846,0.3769230769230769,185,30,0.4153846153846154,0.414934660858743,64.20452188342668,47.07779886148008,168.09567901234567,0,0,3.0,32.0,0.42,0.35,0.05,0.02,0.414934660858743,0.3373366521468575,0.0626633478531425,0.014934660858743,0.42,0.35,0.05,0.02,20004.0,20004.0,6.806839511815942,13.896531235960012,13680.0,13680.0,5.012204846211137,10.223853364887594,6324.0,6324.0,10.68897142602747,17.293747634490998,20004.0,42.0,5.552849282384121,11.555673953805416,13680.0,37.99999999999999,5.012204846211138,10.225464735204936,6324.0,3.999999999999999,10.688971426027477,17.293747634490998,42.0,42.0,3.939105667343539,10.45019368515006,38.0,38.0,3.5144137926446923,10.036430433812097,4.0,4.0,7.973678476982584,12.486229377681546,54.0,54.0,5.3789846957079055,12.153555929880373,38.0,38.0,3.5144137926446923,10.036430433812097,16.0,16.0,9.807340590483037,13.923032273212897
M10O90D1,work-2,1801,1.801,100,140.0,0.0282828282828282,2.8,0.59,0.18,4.7,2.588888888888889,130,8325.0,150.0,0.018018018018018,2.3076923076923075,0.3846153846153846,180,30,0.5923076923076923,0.5925326695706284,62.70483302219456,49.58254269449716,162.4104938271605,0,0,3.0,31.0,0.59,0.34,0.09,0.16,0.5925326695706284,0.329869321717486,0.1178593652769135,0.144803982576229,0.59,0.34,0.09,0.16,28566.0,28566.0,13.612126630118611,30.215363128198625,19080.0,19080.0,10.624835626080232,28.27128140670889,9486.0,9486.0,19.62071954146715,31.96272106863071,28566.0,58.99999999999999,11.539671278492465,29.179410233951387,19080.0,53.000000000000014,10.62483562608023,28.28096590856345,9486.0,5.999999999999999,19.62071954146716,31.96272106863071,59.0,59.0,10.220463786970328,28.848148617922615,53.0,53.0,9.505874549308466,26.69374976923958,6.0,6.0,16.532668719650093,28.848148617922615,77.0,77.0,12.478798582661222,30.846158661779405,53.0,53.0,9.505874549308466,26.69374976923958,24.0,24.0,19.04400582298188,32.4497043322952
M10O90D1,work-2,1901,1.901,100,135.0,0.0272727272727272,2.7,0.41,0.27,4.2,2.533333333333333,130,8325.0,144.0,0.0172972972972972,2.2153846153846155,0.3230769230769231,174,30,0.4307692307692308,0.4327940261356565,71.22173822858328,56.66666666666666,184.2993827160494,0,0,3.0,30.0,0.41,0.33,0.06,0.02,0.4327940261356565,0.3224019912881145,0.070130678282514,0.040261356565028,0.41,0.33,0.06,0.02,20865.0,20865.0,10.891964663910096,28.376385133281307,12960.0,12960.0,5.866375672029187,11.999854237468114,7905.0,7905.0,19.13126046843591,32.188744183641646,20865.0,41.00000000000001,7.484044549639762,15.687148099669136,12960.0,36.0,5.866375672029188,12.00018651042555,7905.0,5.0,19.131260468435908,32.188744183641646,41.0,41.0,6.140270313553776,13.263184016114652,36.0,36.0,4.373967608775946,10.589719462850606,5.0,5.0,18.85764978795416,37.87748101116193,56.0,56.0,9.558598869196556,27.79962657569918,36.0,36.0,4.373967608775946,10.589719462850606,20.0,20.0,18.89093513795365,30.89479621571004
M10O90D1,work-2,2001,2.001,100,149.0,0.0301010101010101,2.98,0.55,0.15,4.9,2.7666666666666666,130,8325.0,163.0,0.0195795795795795,2.507692307692308,0.3846153846153846,193,30,0.5615384615384615,0.5626633478531425,69.30097490147273,67.05249841872232,173.51543209876544,0,0,2.0,31.0,0.55,0.33,0.11,0.11,0.5626633478531425,0.2970752955818295,0.1581207218419415,0.1074673304293715,0.55,0.33,0.11,0.11,27126.0,27126.0,15.181809386124332,35.508870143729624,17640.0,17640.0,11.006681541080724,31.93466976526643,9486.0,9486.0,22.94580424028512,37.66871949091127,27126.0,54.99999999999999,12.309131290084846,33.845008046384535,17640.0,49.0,11.006681541080727,31.93577709621876,9486.0,5.999999999999999,22.94580424028512,37.66871949091127,55.0,55.0,11.254398553242336,31.274743202766704,49.0,49.0,9.998126730782747,33.56896198186813,6.0,6.0,21.51395176999563,31.274743202766704,73.0,73.0,14.164278169204648,34.897261095499445,49.0,49.0,9.998126730782747,33.56896198186813,24.0,24.0,22.670170689316038,36.44123403687679
M10O90D1,work-2,2101,2.101,100,141.0,0.0284848484848484,2.82,0.44,0.22,4.0,2.688888888888889,130,8325.0,156.0,0.0187387387387387,2.4,0.2923076923076923,186,30,0.4538461538461538,0.455196017423771,71.76104542626011,53.64958886780519,187.37654320987653,0,0,2.0,32.0,0.44,0.34,0.03,0.07,0.455196017423771,0.304542626011201,0.0224019912881145,0.1282514001244555,0.44,0.34,0.03,0.07,21945.0,21945.0,16.83039912426959,46.81506579204266,14040.0,14040.0,9.132179761181934,33.279783441129766,7905.0,7905.0,30.50313787920325,50.64585186084175,21945.0,44.0,11.5606977291389,38.12445712458228,14040.0,38.99999999999999,9.132179761181938,33.29319614163885,7905.0,5.0,30.50313787920326,50.64585186084175,44.0,44.0,10.291341139056437,39.0104729368204,39.0,39.0,7.791500595605252,33.983934670059,5.0,5.0,29.790097377975663,51.46356889325265,59.0,59.0,15.487408937369016,47.76178980346805,39.0,39.0,7.791500595605252,33.983934670059,20.0,20.0,30.49443020380836,50.283704162886686
M10O90D1,work-2,2201,2.201,100,135.0,0.0272727272727272,2.7,0.42,0.26,2.9,2.6777777777777776,130,8325.0,147.0,0.0176576576576576,2.261538461538461,0.3538461538461538,177,30,0.3692307692307692,0.364281269446173,66.25596349305124,42.81467425679949,176.28086419753086,0,0,2.0,31.0,0.42,0.33,0.05,0.04,0.364281269446173,0.2970752955818295,0.0373366521468574,0.029869321717486,0.42,0.33,0.05,0.04,17562.0,17562.0,6.951801369803025,13.722826664128634,14400.0,14400.0,6.438073827885301,13.437764738659354,3162.0,3162.0,9.29135753792928,14.250611734406824,17562.0,42.0,6.573944480744539,13.54067532975969,14400.0,40.0,6.438073827885302,13.443826300171414,3162.0,1.9999999999999991,9.291357537929285,14.250611734406824,42.0,42.0,5.118685125746742,11.896549062555756,40.0,40.0,5.025078544504877,11.896549062555756,2.0,2.0,6.990816750584046,7.320352554102023,48.0,48.0,5.619452762307124,12.721568374956348,40.0,40.0,5.025078544504877,11.896549062555756,8.0,8.0,8.591323851318359,15.709389220832772
M10O90D1,work-2,2301,2.301,100,145.0,0.0292929292929292,2.9,0.44,0.2,3.5,2.833333333333333,130,8325.0,164.0,0.0196996996996997,2.523076923076923,0.3153846153846154,194,30,0.4538461538461538,0.455196017423771,71.2383322962041,47.874762808349146,188.63888888888889,0,0,3.0,31.0,0.44,0.34,0.09,0.01,0.455196017423771,0.329869321717486,0.1178593652769135,0.0074673304293715,0.44,0.34,0.09,0.01,21945.0,21945.0,11.820785788652152,29.364063606505837,14040.0,14040.0,7.800220417265767,26.30533743316545,7905.0,7905.0,18.96167608773689,32.015723504181445,21945.0,44.0,9.068567652546577,27.837969988908025,14040.0,38.99999999999999,7.800220417265769,26.314119034062355,7905.0,5.0,18.961676087736887,32.015723504181445,44.0,44.0,7.860020025632367,28.236447054331546,39.0,39.0,6.428901072445221,28.236447054331546,5.0,5.0,19.022747860492117,28.66928796025277,59.0,59.0,10.69943319590203,29.37483864694085,39.0,39.0,6.428901072445221,28.236447054331546,20.0,20.0,19.02697083664281,31.150777660642877
M10O90D1,work-2,2401,2.401,100,132.0,0.0266666666666666,2.64,0.41,0.28,3.8,2.511111111111111,130,8325.0,147.0,0.0176576576576576,2.261538461538461,0.3538461538461538,177,30,0.3846153846153846,0.3821406347230865,72.03484754200373,73.23845667299177,178.6327160493827,0,0,2.0,31.0,0.41,0.33,0.06,0.02,0.3821406347230865,0.2970752955818295,0.070130678282514,0.014934660858743,0.41,0.33,0.06,0.02,18423.0,18423.0,7.737575230939683,14.421450298349352,13680.0,13680.0,6.2108532467899655,13.122975395027192,4743.0,4743.0,12.141023837974922,29.937107196516607,18423.0,41.0,6.644768168096181,13.388489788821293,13680.0,37.99999999999999,6.210853246789966,13.12407417125548,4743.0,3.0,12.141023837974924,29.937107196516607,41.0,41.0,5.2508913047871975,12.348380975364064,38.0,38.0,4.842000693485317,12.348380975364064,3.0,3.0,10.4301723812777,22.27892328526122,50.0,50.0,6.47495802552111,12.832478630426984,38.0,38.0,4.842000693485317,12.348380975364064,12.0,12.0,11.645989576967793,27.908751410989037
M10O90D1,work-2,2501,2.501,100,122.0,0.0246464646464646,2.44,0.37,0.24,3.1,2.3666666666666667,130,8325.0,137.0,0.0164564564564564,2.107692307692308,0.2769230769230769,167,30,0.3538461538461538,0.3522713130056005,60.98734702343912,49.05123339658444,157.55864197530863,0,0,2.0,30.0,0.37,0.32,0.03,0.02,0.3522713130056005,0.289607965152458,0.0477286869943995,0.014934660858743,0.37,0.32,0.03,0.02,16983.0,16983.0,8.748215588135412,21.39144242540437,12240.0,12240.0,6.157332865857986,15.077310733719887,4743.0,4743.0,15.434364548851356,26.948970831022653,16983.0,36.99999999999999,6.90952462393853,17.883142122306005,12240.0,33.99999999999999,6.157332865857986,15.083053712637394,4743.0,3.0,15.43436454885136,26.948970831022653,37.0,37.0,5.3729261860052215,18.015192183590305,34.0,34.0,4.703984798004419,11.8762020795349,3.0,3.0,12.954261916680991,21.88645984258552,46.0,46.0,7.345160898255023,20.91466557767675,34.0,34.0,4.703984798004419,11.8762020795349,12.0,12.0,14.828493182298407,26.468169238750384
M10O90D1,work-2,2601,2.601,100,127.0,0.0256565656565656,2.54,0.47,0.29,3.2,2.466666666666667,130,8325.0,135.0,0.0162162162162162,2.076923076923077,0.3461538461538461,165,30,0.5,0.5029247044181705,58.58950425222983,39.76597090449083,154.9537037037037,0,0,3.0,30.0,0.47,0.33,0.09,0.05,0.5029247044181705,0.3224019912881145,0.1178593652769135,0.0626633478531425,0.47,0.33,0.09,0.05,24246.0,24246.0,13.395510544811142,30.237371082175105,14760.0,14760.0,8.69721857533365,23.502391580207885,9486.0,9486.0,20.70594586733779,38.1598976501788,24246.0,46.99999999999999,10.230247591334182,25.431665404726093,14760.0,41.0,8.69721857533365,23.50537991702724,9486.0,5.999999999999999,20.705945867337796,38.1598976501788,47.0,47.0,8.985493746760138,25.922677884607484,41.0,41.0,7.501093419407467,23.35715429078448,6.0,6.0,19.128895983670063,29.42099682173972,65.0,65.0,12.238384533187634,27.498113400173548,41.0,41.0,7.501093419407467,23.35715429078448,24.0,24.0,20.33125685256209,39.93144402324607
M10O90D1,work-2,2701,2.701,100,149.0,0.0301010101010101,2.98,0.53,0.24,4.8,2.7777777777777777,130,8325.0,164.0,0.0196996996996997,2.523076923076923,0.2769230769230769,194,30,0.5923076923076923,0.5983820784069696,73.62165525824518,56.3314358001265,191.6049382716049,0,0,3.0,31.0,0.53,0.34,0.04,0.15,0.5983820784069696,0.329869321717486,0.080522713130056,0.1879900435594275,0.53,0.34,0.04,0.15,28848.0,28848.0,16.94473323684739,33.23881926171477,16200.0,16200.0,11.662101664173468,33.32409349863977,12648.0,12648.0,23.7109121961546,33.17903987267693,28848.0,53.0,13.4807900463593,33.29210035955356,16200.0,44.99999999999999,11.662101664173475,33.3265347676932,12648.0,7.999999999999997,23.7109121961546,33.17903987267693,53.0,53.0,12.565714864554758,33.42294028842774,45.0,45.0,10.684378610905048,33.582944488343806,8.0,8.0,23.148231291334348,31.24065572960067,77.0,77.0,16.162419356492656,33.72443671031523,45.0,45.0,10.684378610905048,33.582944488343806,32.0,32.0,23.865914154975226,33.89464509534967
M10O90D1,work-2,2801,2.801,100,140.0,0.0282828282828282,2.8,0.51,0.25,4.0,2.6666666666666665,130,8325.0,154.0,0.0184984984984984,2.3692307692307693,0.4,184,30,0.5538461538461539,0.5581207218419415,65.03215100601535,54.206198608475646,167.08024691358025,0,0,2.0,30.0,0.51,0.32,0.08,0.11,0.5581207218419415,0.289607965152458,0.110392034847542,0.1581207218419415,0.51,0.32,0.08,0.11,26907.0,26907.0,12.505661860896994,25.209900358898658,15840.0,15840.0,8.430840536057515,19.952386873823,11067.0,11067.0,18.33788105177595,32.660974982615535,26907.0,50.99999999999999,9.790630410763969,21.72071228217697,15840.0,43.99999999999999,8.430840536057518,19.953114465495336,11067.0,6.999999999999999,18.337881051775952,32.660974982615535,51.0,51.0,8.795517267587615,20.390226020851788,44.0,44.0,7.395242913652584,19.435295564803848,7.0,7.0,17.597241778036377,33.352452176697724,72.0,72.0,11.523012396537911,24.14672534774181,44.0,44.0,7.395242913652584,19.435295564803848,28.0,28.0,18.009507298214853,32.76474291902247
M10O90D1,work-2,2901,2.901,100,131.0,0.0264646464646464,2.62,0.52,0.29,3.9,2.477777777777778,130,8325.0,149.0,0.0178978978978978,2.292307692307692,0.4230769230769231,179,30,0.5153846153846153,0.514934660858743,66.25803775150384,48.57052498418722,173.4783950617284,0,0,2.0,29.0,0.52,0.31,0.11,0.1,0.514934660858743,0.2821406347230865,0.1327940261356565,0.1,0.52,0.31,0.11,0.1,24825.0,24825.0,12.664246971781376,28.95644030440392,16920.0,16920.0,9.575802531107485,23.371799247830708,7905.0,7905.0,19.27480736851791,33.15007904921483,24825.0,52.00000000000001,10.508399150089252,25.8070845661188,16920.0,46.99999999999999,9.575802531107486,23.375464225881213,7905.0,5.0,19.274807368517912,33.15007904921483,52.0,52.0,9.291139850559624,23.68306766341756,47.0,47.0,8.445955192842172,23.20327075864857,5.0,5.0,17.23587563310367,26.93007686381933,67.0,67.0,11.54131337906575,28.589751931236805,47.0,47.0,8.445955192842172,23.20327075864857,20.0,20.0,18.81540511669116,30.685019411126746
M10O90D1,work-2,3001,3.001,100,133.0,0.0268686868686868,2.66,0.47,0.27,3.4,2.577777777777778,130,8325.0,143.0,0.0171771771771771,2.2,0.3307692307692307,173,30,0.4769230769230769,0.4775980087118855,67.83239991702966,38.95635673624288,182.8549382716049,0,0,2.0,29.0,0.47,0.31,0.05,0.11,0.4775980087118855,0.2821406347230865,0.0879900435594275,0.1074673304293715,0.47,0.31,0.05,0.11,23025.0,23025.0,11.686007891939362,26.171899062356857,15120.0,15120.0,8.691119625147174,24.02740013201933,7905.0,7905.0,17.414371028422337,34.56301910058507,23025.0,47.0,9.6191250935807,24.550405678159688,15120.0,41.99999999999999,8.691119625147175,24.044201083926776,7905.0,5.0,17.414371028422337,34.56301910058507,47.0,47.0,8.301476685270805,24.55884254739316,42.0,42.0,7.470120684602058,23.41372191282365,5.0,5.0,15.284867090888277,26.163903624799158,62.0,62.0,10.489753841757134,23.41372191282365,42.0,42.0,7.470120684602058,23.41372191282365,20.0,20.0,16.830983471782794,23.122339455211076
M10O90D1,work-2,3101,3.101,100,147.0,0.0296969696969696,2.94,0.47,0.24,5.0,2.7111111111111112,130,8325.0,163.0,0.0195795795795795,2.507692307692308,0.3615384615384615,193,30,0.4769230769230769,0.4775980087118855,66.07550300767475,67.44465528146742,163.72530864197532,0,0,3.0,30.0,0.47,0.33,0.08,0.06,0.4775980087118855,0.3224019912881145,0.110392034847542,0.044803982576229,0.47,0.33,0.08,0.06,23025.0,23025.0,9.827736422383582,22.183824052088777,15120.0,15120.0,7.672530053199505,18.62537610123664,7905.0,7905.0,13.950028680709105,23.59043371980307,23025.0,47.0,8.340349056126058,20.899557249963784,15120.0,41.99999999999999,7.672530053199507,18.626107005799486,7905.0,5.0,13.950028680709105,23.59043371980307,47.0,47.0,7.163071536660665,16.68632603376267,42.0,42.0,6.567883225054321,16.68632603376267,5.0,5.0,12.162653354153935,16.58478724217108,62.0,62.0,8.80428130647682,22.87098708539777,42.0,42.0,6.567883225054321,16.68632603376267,20.0,20.0,13.500717277464071,23.188132192424938
M10O90D1,work-2,3201,3.201,100,159.0,0.0321212121212121,3.18,0.68,0.2,5.5,2.922222222222222,130,8325.0,170.0,0.0204204204204204,2.6153846153846154,0.5307692307692308,200,30,0.7076923076923077,0.710392034847542,72.69861024683675,65.12333965844402,184.5679012345679,0,0,3.0,32.0,0.68,0.35,0.09,0.24,0.710392034847542,0.3373366521468575,0.1431860609831985,0.229869321717486,0.68,0.35,0.09,0.24,34248.0,34248.0,17.22025582014386,35.6798351923547,21600.0,21600.0,13.794763831615274,34.62880195806015,12648.0,12648.0,23.070242138314114,36.92201267287551,34248.0,67.99999999999999,14.885996573579847,34.97405081041104,21600.0,60.0,13.794763831615278,34.63027862266437,12648.0,7.999999999999997,23.070242138314125,36.92201267287551,68.0,68.0,14.122300878566865,36.09134906106692,60.0,60.0,12.959006212886871,34.04024282165015,8.0,8.0,22.847010871166788,41.37139465237152,92.0,92.0,16.402997293606862,35.69747172611368,60.0,60.0,12.959006212886871,34.04024282165015,32.0,32.0,22.86048056995685,36.1104724039058
M10O90D1,work-2,3301,3.301,100,156.0,0.0315151515151515,3.12,0.47,0.24,4.7,2.9444444444444446,130,8325.0,166.0,0.0199399399399399,2.5538461538461537,0.3461538461538461,196,30,0.4307692307692308,0.4269446172993155,67.37606305745696,53.97216951296648,174.16975308641975,0,0,3.0,32.0,0.47,0.35,0.11,0.01,0.4269446172993155,0.3373366521468575,0.0821406347230865,0.0074673304293715,0.47,0.35,0.11,0.01,20583.0,20583.0,10.615732984842554,29.898990109356355,15840.0,15840.0,8.037993579839897,22.597766699068806,4743.0,4743.0,19.22450215524991,37.57161113838389,20583.0,47.00000000000001,8.75202604210011,24.154816792014024,15840.0,43.99999999999999,8.0379935798399,22.60582217306707,4743.0,3.0,19.224502155249912,37.57161113838389,47.0,47.0,7.422413328864991,23.449231738013733,44.0,44.0,6.785256759780122,22.93428615157567,3.0,3.0,16.767376342109728,27.327489694258396,56.0,56.0,9.336677028025248,30.01323114995987,44.0,44.0,6.785256759780122,22.93428615157567,12.0,12.0,18.691884678257384,35.84156138143931
M10O90D1,work-2,3401,3.401,100,145.0,0.0292929292929292,2.9,0.48,0.3,4.3,2.7444444444444445,130,8325.0,156.0,0.0187387387387387,2.4,0.3769230769230769,186,30,0.4615384615384615,0.459738643434972,64.66085874299938,44.36432637571158,170.77777777777777,0,0,3.0,33.0,0.48,0.36,0.07,0.05,0.459738643434972,0.344803982576229,0.0775980087118855,0.0373366521468574,0.48,0.36,0.07,0.05,22164.0,22164.0,10.887161097707196,23.5731328269224,15840.0,15840.0,7.952734428199287,19.8636148877758,6324.0,6324.0,18.23714820159797,42.84429756548734,22164.0,48.0,8.809768909315844,21.23208205038264,15840.0,43.99999999999999,7.952734428199289,19.86438710723964,6324.0,3.999999999999999,18.237148201597986,42.84429756548734,48.0,48.0,7.715340182525536,22.55647243890815,44.0,44.0,6.7550249800286535,18.482537609763813,4.0,4.0,18.278807409991234,35.86946908891795,60.0,60.0,9.738540671524866,22.55647243890815,44.0,44.0,6.7550249800286535,18.482537609763813,16.0,16.0,17.943208823139447,44.08589837733204
M10O90D1,work-2,3501,3.501,100,156.0,0.0315151515151515,3.12,0.43,0.25,6.0,2.8,130,8325.0,174.0,0.0209009009009009,2.6769230769230767,0.3615384615384615,204,30,0.4461538461538462,0.4477286869943995,63.9618336444721,65.47122074636306,158.39814814814815,0,0,4.0,32.0,0.43,0.36,0.03,0.04,0.4477286869943995,0.370130678282514,0.0477286869943995,0.029869321717486,0.43,0.36,0.03,0.04,21585.0,21585.0,9.538592708478756,22.613006954019443,13680.0,13680.0,6.861413967086845,19.680940662492805,7905.0,7905.0,14.17158514139986,23.798057374256608,21585.0,43.0,7.71143387107673,21.42803307267812,13680.0,37.99999999999999,6.861413967086846,19.685407690326997,7905.0,5.0,14.171585141399865,23.798057374256608,43.0,43.0,6.310343936040668,20.306274744911967,38.0,38.0,5.62664415268699,21.63092602162524,5.0,5.0,11.506462289528626,20.306274744911967,58.0,58.0,8.380160784574771,22.76105459864795,38.0,38.0,5.62664415268699,21.63092602162524,20.0,20.0,13.611842385161555,23.77408111305479
M10O90D1,work-2,3601,3.601,100,139.0,0.028080808080808,2.78,0.4,0.28,4.5,2.588888888888889,130,8325.0,153.0,0.0183783783783783,2.353846153846154,0.3230769230769231,183,30,0.4,0.4,58.94005393071977,54.41492726122707,148.84876543209876,0,0,4.0,30.0,0.4,0.34,0.05,0.01,0.4,0.355196017423771,0.0373366521468574,0.0074673304293715,0.4,0.34,0.05,0.01,19284.0,19284.0,9.03291461508015,23.9961881726577,12960.0,12960.0,6.451475625073569,13.94547818314678,6324.0,6324.0,14.32315011642191,30.584465593814013,19284.0,40.0,7.238643074208404,19.513227953635013,12960.0,36.0,6.45147562507357,13.955410049439536,6324.0,3.999999999999999,14.323150116421916,30.584465593814013,40.0,40.0,5.999436575784306,13.004666594303606,36.0,36.0,5.292159701385729,13.004666594303606,4.0,4.0,12.3649284453715,24.375739140386536,52.0,52.0,7.955766707842856,25.209074702597416,36.0,36.0,5.292159701385729,13.004666594303606,16.0,16.0,13.948882472371391,27.837205809239112
M10O90D1,work-2,3701,3.701,100,136.0,0.0274747474747474,2.72,0.48,0.27,4.8,2.488888888888889,130,8325.0,152.0,0.0182582582582582,2.3384615384615386,0.3538461538461538,182,30,0.4846153846153846,0.485065339141257,63.8913088570836,71.86590765338393,155.0679012345679,0,0,4.0,31.0,0.48,0.35,0.06,0.07,0.485065339141257,0.3626633478531425,0.070130678282514,0.0522713130056005,0.48,0.35,0.06,0.07,23385.0,23385.0,11.85760591152736,27.113525647748386,15480.0,15480.0,9.009969313122063,25.282669479569496,7905.0,7905.0,17.434002438195794,31.7226902206438,23385.0,47.99999999999999,9.887472763650578,25.83398709048668,15480.0,42.99999999999999,9.009969313122069,25.283357942433543,7905.0,5.0,17.434002438195797,31.7226902206438,48.0,48.0,8.525908731516703,26.08686320511173,43.0,43.0,7.62687140348304,25.736576742782656,5.0,5.0,16.257629752606174,26.139854310408356,63.0,63.0,10.617797385766115,26.227021973789096,43.0,43.0,7.62687140348304,25.736576742782656,20.0,20.0,17.048288247674733,31.483133640070424
M10O90D1,work-2,3801,3.801,100,152.0,0.0307070707070707,3.04,0.5,0.27,5.6,2.7555555555555555,130,8325.0,166.0,0.0199399399399399,2.5538461538461537,0.3923076923076923,196,30,0.5461538461538461,0.55065339141257,69.6100394109106,61.935483870967744,176.9320987654321,0,0,3.0,30.0,0.5,0.33,0.11,0.06,0.55065339141257,0.3224019912881145,0.1581207218419415,0.070130678282514,0.5,0.33,0.11,0.06,26547.0,26547.0,13.13961454244042,33.053259391549766,15480.0,15480.0,8.610553815911205,28.84376647380243,11067.0,11067.0,19.474652045528185,36.503968214006846,26547.0,50.0,10.131527568057582,30.13339579105443,15480.0,42.99999999999999,8.610553815911206,28.84625245017201,11067.0,6.999999999999999,19.474652045528188,36.503968214006846,50.0,50.0,8.944041391063799,28.6565319462038,43.0,43.0,7.612019882834748,29.363449170327844,7.0,7.0,17.12645922732798,28.650896073368195,71.0,71.0,12.08682735100044,31.448128176557542,43.0,43.0,7.612019882834748,29.363449170327844,28.0,28.0,18.958853105683467,35.876497333367794
M10O90D1,work-2,3901,3.901,100,135.0,0.0272727272727272,2.7,0.52,0.17,4.4,2.511111111111111,130,8325.0,148.0,0.0177777777777777,2.276923076923077,0.3615384615384615,178,30,0.5153846153846153,0.514934660858743,68.8363410080896,56.8247944339026,177.12345679012347,0,0,3.0,29.0,0.52,0.32,0.16,0.04,0.514934660858743,0.314934660858743,0.170130678282514,0.029869321717486,0.52,0.32,0.16,0.04,24825.0,24825.0,14.48964942773388,39.5223398692598,16920.0,16920.0,12.81436821217357,40.16676566033116,7905.0,7905.0,18.07545058741516,37.66980401987976,24825.0,52.00000000000001,13.32024151748526,39.985335483177,16920.0,46.99999999999999,12.814368212173576,40.169487372591576,7905.0,5.0,18.07545058741516,37.66980401987976,52.0,52.0,12.36333965830468,39.47331066585357,47.0,47.0,11.835576518249722,40.346634919719946,5.0,5.0,17.32431317482129,30.763330092287376,67.0,67.0,13.636000915424114,40.346634919719946,47.0,47.0,11.835576518249722,40.346634919719946,20.0,20.0,17.866998248783936,36.85268088258582
M10O90D1,work-2,4001,4.001,100,132.0,0.0266666666666666,2.64,0.43,0.29,3.0,2.6,130,8325.0,140.0,0.0168168168168168,2.1538461538461537,0.3230769230769231,170,30,0.4230769230769231,0.4224019912881145,57.6664592408214,24.83870967741936,159.49074074074073,0,0,3.0,31.0,0.43,0.34,0.07,0.02,0.4224019912881145,0.329869321717486,0.0775980087118855,0.014934660858743,0.43,0.34,0.07,0.02,20364.0,20364.0,8.961351508790862,21.690967091315287,14040.0,14040.0,6.369421239608383,14.379208336637102,6324.0,6324.0,14.715731802801296,28.52906780488168,20364.0,43.0,7.14582222223098,18.09170987464213,14040.0,38.99999999999999,6.369421239608387,14.379914106978678,6324.0,3.999999999999999,14.7157318028013,28.52906780488168,43.0,43.0,5.816496912318272,15.08483709790299,39.0,39.0,4.923503381557572,13.353446229938196,4.0,4.0,14.523183837235084,21.8671406136875,55.0,55.0,7.637259301808564,21.76872699354588,39.0,39.0,4.923503381557572,13.353446229938196,16.0,16.0,14.252039357420356,28.9320492612608
M10O90D1,work-2,4101,4.101,100,145.0,0.0292929292929292,2.9,0.48,0.29,4.2,2.7555555555555555,130,8325.0,159.0,0.0190990990990991,2.4461538461538463,0.3076923076923077,189,30,0.5076923076923077,0.510392034847542,73.26488280439743,79.97469955724225,179.00617283950618,0,0,3.0,33.0,0.48,0.36,0.08,0.04,0.510392034847542,0.344803982576229,0.085065339141257,0.080522713130056,0.48,0.36,0.08,0.04,24606.0,24606.0,12.96818526123542,30.241888676892508,15120.0,15120.0,8.121929089055865,22.53868891841392,9486.0,9486.0,20.692768154273043,35.83439626347861,24606.0,48.0,9.693283972208013,27.74130036773049,15120.0,41.99999999999999,8.121929089055866,22.541872767719727,9486.0,5.999999999999999,20.692768154273047,35.83439626347861,48.0,48.0,8.589077453641627,28.477016724388758,42.0,42.0,6.925304518933941,19.71898033975636,6.0,6.0,20.23548799659543,28.477016724388758,66.0,66.0,11.863167570397511,30.59893769594346,42.0,42.0,6.925304518933941,19.71898033975636,24.0,24.0,20.50442791045876,34.466899403598724
M10O90D1,work-2,4201,4.2010000000000005,100,161.0,0.0325252525252525,3.22,0.45,0.3,4.5,3.077777777777778,130,8325.0,167.0,0.02006006006006,2.569230769230769,0.3384615384615385,197,30,0.4615384615384615,0.4626633478531425,64.0925119269861,46.12270714737508,168.2283950617284,0,0,4.0,33.0,0.45,0.37,0.05,0.03,0.4626633478531425,0.3775980087118855,0.0626633478531425,0.0224019912881145,0.45,0.37,0.05,0.03,22305.0,22305.0,10.850085529222127,27.17709803171081,14400.0,14400.0,7.0372638052068215,21.00611483197321,7905.0,7905.0,17.795643128946402,31.07307679344544,22305.0,45.00000000000001,8.23263928562233,23.41254460343545,14400.0,40.0,7.037263805206822,21.027134358154093,7905.0,5.0,17.795643128946402,31.07307679344544,45.0,45.0,6.765070146255497,22.68923618746433,40.0,40.0,5.59714748839278,18.13005083657918,5.0,5.0,16.108451409157247,27.81448098370023,60.0,60.0,9.485488296732507,25.948121964003647,40.0,40.0,5.59714748839278,18.13005083657918,20.0,20.0,17.262169913411963,31.49426534671465
M10O90D1,work-2,4301,4.301,100,171.0,0.0345454545454545,3.42,0.51,0.19,5.6,3.1777777777777776,130,8325.0,187.0,0.0224624624624624,2.876923076923077,0.3923076923076923,217,30,0.4846153846153846,0.4821406347230865,87.45073636175067,69.22833649588868,226.46604938271605,0,0,4.0,34.0,0.51,0.38,0.09,0.04,0.4821406347230865,0.385065339141257,0.0672059738643435,0.029869321717486,0.51,0.38,0.09,0.04,23244.0,23244.0,10.347960206536335,26.94821312914732,16920.0,16920.0,8.306089333381514,22.640270117477296,6324.0,6324.0,15.8110302846166,34.166917071672174,23244.0,51.0,8.894712153086227,25.037352501900784,16920.0,46.99999999999999,8.306089333381518,22.664349492088757,6324.0,3.999999999999999,15.811030284616605,34.166917071672174,51.0,51.0,7.702941222707023,24.695520671867065,47.0,47.0,7.198324584933652,24.695520671867065,4.0,4.0,13.632186716544124,27.606584945001103,63.0,63.0,9.285203906378372,25.82393181232865,47.0,47.0,7.198324584933652,24.695520671867065,16.0,16.0,15.415411913122234,37.45053929409194
M10O90D1,work-2,4401,4.401,100,170.0,0.0343434343434343,3.4,0.55,0.26,6.0,3.111111111111111,130,8325.0,185.0,0.0222222222222222,2.8461538461538463,0.4230769230769231,215,30,0.6076923076923076,0.6133167392657125,66.59821613773076,65.26249209361164,166.34567901234567,0,0,4.0,31.0,0.55,0.35,0.15,0.05,0.6133167392657125,0.3626633478531425,0.1879900435594275,0.0626633478531425,0.55,0.35,0.15,0.05,29568.0,29568.0,13.387093949985063,30.6063069197898,16920.0,16920.0,8.355901621301802,17.65672375735147,12648.0,12648.0,20.11762638209455,33.92538456613186,29568.0,54.99999999999999,10.066697950144386,25.941200120556,16920.0,46.99999999999999,8.355901621301804,17.659466097497155,12648.0,7.999999999999997,20.11762638209456,33.92538456613186,55.0,55.0,9.02907095911168,24.643049086737623,47.0,47.0,7.211865516930628,17.400984482907038,8.0,8.0,19.705152931925365,36.56311841666543,79.0,79.0,12.46510704466959,32.32443492589639,47.0,47.0,7.211865516930628,17.400984482907038,32.0,32.0,20.180805538536188,34.45159043389373
M10O90D1,work-2,4501,4.501,100,148.0,0.0298989898989899,2.96,0.49,0.27,4.7,2.7666666666666666,130,8325.0,160.0,0.0192192192192192,2.4615384615384617,0.3307692307692307,190,30,0.5384615384615384,0.5431860609831985,67.95270690728064,64.41492726122708,170.79012345679013,0,0,4.0,31.0,0.49,0.35,0.08,0.06,0.5431860609831985,0.3626633478531425,0.110392034847542,0.070130678282514,0.49,0.35,0.08,0.06,26187.0,26187.0,13.846091728271176,29.226871510101176,15120.0,15120.0,8.822316994647807,26.386333132429417,11067.0,11067.0,20.70969288236762,30.67938068712095,26187.0,48.99999999999999,10.520513550036352,27.749523809100477,15120.0,41.99999999999999,8.822316994647807,26.398477695816357,11067.0,6.999999999999999,20.709692882367623,30.67938068712095,49.0,49.0,9.48038854953149,29.554672975421497,42.0,42.0,7.623839523479235,25.76032141108345,7.0,7.0,20.61968270584502,33.724219241341025,70.0,70.0,12.810821898795949,29.180734854204356,42.0,42.0,7.623839523479235,25.76032141108345,28.0,28.0,20.59129546177101,32.1881530256259
M10O90D1,work-2,4601,4.601,100,143.0,0.0288888888888888,2.86,0.5,0.29,5.4,2.577777777777778,130,8325.0,159.0,0.0190990990990991,2.4461538461538463,0.4076923076923077,189,30,0.5461538461538461,0.55065339141257,70.53308442231902,59.46236559139785,180.8858024691358,0,0,4.0,31.0,0.5,0.35,0.11,0.04,0.55065339141257,0.3626633478531425,0.1327940261356565,0.055196017423771,0.5,0.35,0.11,0.04,26547.0,26547.0,14.303884811317904,34.300289529068934,15480.0,15480.0,8.678086185339295,25.68130091470219,11067.0,11067.0,22.17298779588001,36.14288133818734,26547.0,50.0,10.567372410814992,31.73209803236084,15480.0,42.99999999999999,8.678086185339296,25.68788891465349,11067.0,6.999999999999999,22.17298779588002,36.14288133818734,50.0,50.0,9.461574710533124,31.99667942806333,43.0,43.0,7.547455093206903,24.98023506818248,7.0,7.0,21.219738074108506,34.95284377828297,71.0,71.0,13.18106752524871,33.744661457437786,43.0,43.0,7.547455093206903,24.98023506818248,28.0,28.0,21.832686617312923,36.1830745438766
M10O90D1,work-2,4701,4.7010000000000005,100,165.0,0.0333333333333333,3.3,0.5,0.29,5.0,3.111111111111111,130,8325.0,171.0,0.0205405405405405,2.6307692307692307,0.3615384615384615,201,30,0.5,0.5,66.98610246836756,46.41998734977862,176.69444444444446,0,0,3.0,34.0,0.5,0.37,0.06,0.07,0.5,0.3522713130056005,0.095457373988799,0.0522713130056005,0.5,0.37,0.06,0.07,24105.0,24105.0,12.250213532466129,33.31467519978275,16200.0,16200.0,8.668557071970158,26.865827099195617,7905.0,7905.0,19.590230567258637,40.87428241317084,24105.0,49.99999999999999,9.760724421499008,29.209617249162264,16200.0,44.99999999999999,8.668557071970161,26.867930180520258,7905.0,5.0,19.59023056725864,40.87428241317084,50.0,50.0,8.270211914291787,27.28547760339672,45.0,45.0,7.312884296958929,29.571594267918265,5.0,5.0,16.886160470287525,27.28547760339672,65.0,65.0,10.988195725507584,33.54938028036225,45.0,45.0,7.312884296958929,29.571594267918265,20.0,20.0,19.257646439742068,38.60654334782927
M10O90D1,work-2,4801,4.801,100,141.0,0.0284848484848484,2.82,0.52,0.3,4.4,2.6444444444444444,130,8325.0,156.0,0.0187387387387387,2.4,0.3538461538461538,186,30,0.5384615384615384,0.540261356565028,63.53661066168845,68.1404174573055,155.83024691358025,0,0,3.0,32.0,0.52,0.35,0.06,0.11,0.540261356565028,0.3373366521468575,0.070130678282514,0.1327940261356565,0.52,0.35,0.06,0.11,26046.0,26046.0,15.268120825719135,40.20116992258171,16560.0,16560.0,10.14256502285142,25.657183376251123,9486.0,9486.0,24.21596017797397,45.0781184013774,26046.0,52.0,11.766418309980946,36.26134319094676,16560.0,45.99999999999999,10.142565022851423,25.65734228954214,9486.0,5.999999999999999,24.215960177973976,45.0781184013774,52.0,52.0,10.765834133745134,35.78067011091585,46.0,46.0,9.145804062980677,24.58334468116091,6.0,6.0,23.18606467627266,42.81481142390852,70.0,70.0,14.341344783976874,39.32689083479205,46.0,46.0,9.145804062980677,24.58334468116091,24.0,24.0,24.299464499219592,46.90874596674895
M10O90D1,work-2,4901,4.901,100,161.0,0.0325252525252525,3.22,0.54,0.25,4.2,3.111111111111111,130,8325.0,167.0,0.02006006006006,2.569230769230769,0.4,197,30,0.5769230769230769,0.580522713130056,65.36195809997926,34.88931056293485,177.48765432098764,0,0,3.0,33.0,0.54,0.36,0.12,0.06,0.580522713130056,0.344803982576229,0.165588052271313,0.070130678282514,0.54,0.36,0.12,0.06,27987.0,27987.0,14.068733939022913,34.20754838803671,16920.0,16920.0,7.252353822941159,16.159431673628475,11067.0,11067.0,24.49009036480256,37.46186030158263,27987.0,53.99999999999999,9.486875226515789,23.47201028249617,16920.0,46.99999999999999,7.25235382294116,16.159820863253834,11067.0,6.999999999999999,24.490090364802565,37.46186030158263,54.0,54.0,8.485184196223276,22.62287323272695,47.0,47.0,6.016465619576881,15.439047853730155,7.0,7.0,25.060866067991924,38.51503616238328,75.0,75.0,12.829523716001871,33.6976796234879,47.0,47.0,6.016465619576881,15.439047853730155,28.0,28.0,24.265728377858107,37.519036161049215
M20O80D1,work-2,1001,1.001,100,124.0,0.025050505050505,2.48,0.44,0.24,4.3,2.025,160,12600.0,157.0,0.0124603174603174,1.9625,0.30625,217,60,0.48125,0.4844587884806355,52.057265806024496,64.45604048070841,147.65625,0,0,7.0,20.0,0.44,0.27,0.11,0.06,0.4844587884806355,0.3023336643495531,0.1261668321747765,0.0559582919563058,0.44,0.27,0.11,0.06,29271.0,29271.0,15.222986959702189,34.9839751672108,11880.0,11880.0,9.724245313929613,33.41495340636405,17391.0,17391.0,18.979243112412107,35.770473581754494,29271.0,44.0,12.037994763550238,34.29376028717829,11880.0,33.0,9.724245313929616,33.41624224077356,17391.0,10.999999999999998,18.97924311241211,35.770473581754494,44.0,44.0,11.065030298222148,34.05627125730591,33.0,33.0,8.650138348959043,34.05627125730591,11.0,11.0,18.309706146011465,32.52107434106452,77.0,77.0,14.293894359126584,34.54882161970083,33.0,33.0,8.650138348959043,34.05627125730591,44.0,44.0,18.526711366752235,35.5119252220913
M20O80D1,work-2,1101,1.101,100,140.0,0.0282828282828282,2.8,0.58,0.19,4.35,2.4125,160,12600.0,164.0,0.013015873015873,2.05,0.3125,224,60,0.6625,0.6689175769612711,52.63985435286329,58.700189753320686,156.42013888888889,0,0,8.0,22.0,0.58,0.3,0.14,0.14,0.6689175769612711,0.3404170804369414,0.1440417080436941,0.1844587884806355,0.58,0.3,0.14,0.14,40416.0,40416.0,19.868603349216148,39.524544252193095,15120.0,15120.0,14.372212001120433,36.83376416004755,25296.0,25296.0,23.153922655952677,40.25707089548671,40416.0,58.0,16.794752871418982,38.254750522406944,15120.0,41.99999999999999,14.372212001120436,36.840610262125125,25296.0,15.999999999999996,23.15392265595268,40.25707089548671,58.0,58.0,16.153966576729506,37.676412534412805,42.0,42.0,13.418292620708266,37.267762200198725,16.0,16.0,23.33511071128526,40.43176567929055,106.0,106.0,19.14793509050512,38.99601717269372,42.0,42.0,13.418292620708266,37.267762200198725,64.0,64.0,22.908012961309307,39.37154114409225
M20O80D1,work-2,1201,1.201,100,133.0,0.0268686868686868,2.66,0.38,0.29,3.6,2.425,160,12600.0,167.0,0.0132539682539682,2.0875,0.33125,227,60,0.40625,0.4082919563058589,51.81893412777226,49.52877925363694,163.04513888888889,0,0,7.0,24.0,0.38,0.31,0.07,0.0,0.4082919563058589,0.3261668321747765,0.0821251241310824,0.0,0.38,0.31,0.07,0.0,24669.0,24669.0,12.562059816155976,30.862074006445976,10440.0,10440.0,6.434615674338224,12.459246795807504,14229.0,14229.0,17.057844259235416,32.695182945712766,24669.0,38.0,8.950643497077033,22.128443969134626,10440.0,29.000000000000004,6.434615674338224,12.459246795807504,14229.0,8.999999999999996,17.057844259235416,32.695182945712766,38.0,38.0,7.644160105352046,21.547774580002496,29.0,29.0,5.130375702744078,11.52643014078692,9.0,9.0,15.74413206931106,26.87309597508461,65.0,65.0,11.39368180367513,29.962757130037296,29.0,29.0,5.130375702744078,11.52643014078692,36.0,36.0,16.439122829425145,32.28182729363034
M20O80D1,work-2,1301,1.301,100,145.0,0.0292929292929292,2.9,0.51,0.24,5.05,2.3625,160,12600.0,178.0,0.0141269841269841,2.225,0.3,238,60,0.5625,0.5665839126117179,51.6203243958954,58.260594560404805,152.625,0,0,7.0,23.0,0.51,0.3,0.14,0.07,0.5665839126117179,0.3202085402184707,0.1844587884806355,0.0619165839126117,0.51,0.3,0.14,0.07,34233.0,34233.0,18.226818170291967,41.46805069717158,13680.0,13680.0,11.450563180838246,36.90647294210988,20553.0,20553.0,22.737068170570605,43.103922376510575,34233.0,50.99999999999999,14.327515433122969,39.37632073907189,13680.0,37.99999999999999,11.450563180838248,36.92783573576621,20553.0,12.999999999999998,22.737068170570613,43.103922376510575,51.0,51.0,13.39148435690782,39.15129335577215,38.0,38.0,10.251757802803088,39.15129335577215,13.0,13.0,22.56914659198319,46.65541363112936,90.0,90.0,17.308586803461232,41.0579018224454,38.0,38.0,10.251757802803088,39.15129335577215,52.0,52.0,22.465500303942186,42.65967632133618
M20O80D1,work-2,1401,1.401,100,136.0,0.0274747474747474,2.72,0.5,0.3,3.9,2.425,160,12600.0,162.0,0.0128571428571428,2.025,0.31875,222,60,0.5375,0.5404170804369414,48.26878517047335,63.70651486401012,132.58333333333334,0,0,7.0,23.0,0.5,0.3,0.14,0.06,0.5404170804369414,0.3202085402184707,0.1440417080436941,0.0761668321747765,0.5,0.3,0.14,0.06,32652.0,32652.0,16.878174329345665,37.72145667841072,13680.0,13680.0,10.978984570200987,31.049142194113195,18972.0,18972.0,21.1318595446682,39.229267397083696,32652.0,49.99999999999998,13.415674564073123,35.07391483603083,13680.0,37.99999999999999,10.97898457020099,31.052180503702715,18972.0,11.999999999999998,21.13185954466821,39.229267397083696,50.0,50.0,12.155886176657193,31.447269679901108,38.0,38.0,9.594337204359707,31.447269679901108,12.0,12.0,20.267457922265898,38.69776519823387,86.0,86.0,15.917038612732858,37.30156592129367,38.0,38.0,9.594337204359707,31.447269679901108,48.0,48.0,20.922510561028275,39.47848862401592
M20O80D1,work-2,1501,1.501,100,111.0,0.0224242424242424,2.22,0.48,0.25,3.85,1.8125,160,12600.0,124.0,0.0098412698412698,1.55,0.25,184,60,0.525,0.5285004965243297,40.66699768288646,41.166982922201136,125.43402777777776,0,0,7.0,23.0,0.48,0.3,0.09,0.09,0.5285004965243297,0.3202085402184707,0.1344587884806355,0.0738331678252234,0.48,0.3,0.09,0.09,31932.0,31932.0,20.02022638086294,38.853821228016656,12960.0,12960.0,13.27461840375154,38.32527912962815,18972.0,18972.0,24.6282318301231,39.132039062794256,31932.0,47.99999999999999,16.113021760344434,38.563985124071536,12960.0,36.0,13.27461840375154,38.329010861210826,18972.0,11.999999999999998,24.628231830123102,39.132039062794256,48.0,48.0,14.962936747615222,37.21781117937771,36.0,36.0,12.217930528199716,39.64833580801661,12.0,12.0,23.19795540586173,34.30263649739093,84.0,84.0,19.08270737738294,39.68374611090562,36.0,36.0,12.217930528199716,39.64833580801661,48.0,48.0,24.231290014270357,39.8897265428812
M20O80D1,work-2,1601,1.601,100,140.0,0.0282828282828282,2.8,0.39,0.16,4.0,2.5,160,12600.0,166.0,0.0131746031746031,2.075,0.30625,226,60,0.4125,0.4142502482621648,51.98444223766965,50.54395951929159,162.625,0,0,7.0,24.0,0.39,0.31,0.07,0.01,0.4142502482621648,0.3261668321747765,0.0821251241310824,0.0059582919563058,0.39,0.31,0.07,0.01,25029.0,25029.0,12.146580408403215,29.33109060308616,10800.0,10800.0,6.334444362189905,15.316007650985204,14229.0,14229.0,16.558068868527172,32.28026336403053,25029.0,39.0,8.693742325190815,22.092267311148007,10800.0,30.0,6.334444362189907,15.316007650985204,14229.0,8.999999999999996,16.55806886852718,32.28026336403053,39.0,39.0,7.340308053229532,18.79220273760419,30.0,30.0,5.018884415645913,14.350087736220008,9.0,9.0,15.078386845174938,33.05273426705467,66.0,66.0,11.017524027405573,29.3159460156124,30.0,30.0,5.018884415645913,14.350087736220008,36.0,36.0,16.01639037053862,31.781290093941266
M20O80D1,work-2,1701,1.701,100,155.0,0.0313131313131313,3.1,0.56,0.19,4.8,2.675,160,12600.0,181.0,0.0143650793650793,2.2625,0.31875,241,60,0.575,0.5761668321747766,48.95398874544853,49.34851359898799,151.22222222222223,0,0,9.0,25.0,0.56,0.34,0.13,0.09,0.5761668321747766,0.3844587884806355,0.1178748758689175,0.0738331678252234,0.56,0.34,0.13,0.09,34812.0,34812.0,17.558564795969236,38.59884027733289,15840.0,15840.0,13.421032649454862,37.56866377986006,18972.0,18972.0,21.013050838599835,39.21964051911744,34812.0,56.0,15.04789368998593,38.05559924399422,15840.0,43.99999999999999,13.421032649454869,37.57154782996787,18972.0,11.999999999999998,21.01305083859984,39.21964051911744,56.0,56.0,14.15789802519244,38.63846759666086,44.0,44.0,12.534341623700003,37.62073322515926,12.0,12.0,20.110938163998053,39.5622476577357,92.0,92.0,16.6700338423223,37.62073322515926,44.0,44.0,12.534341623700003,37.62073322515926,48.0,48.0,20.461085042726072,38.08994214245442
M20O80D1,work-2,1801,1.801,100,126.0,0.0254545454545454,2.52,0.5,0.28,4.2,2.1,160,12600.0,148.0,0.0117460317460317,1.85,0.30625,208,60,0.575,0.5808341608738828,43.45249917245945,53.345983554712205,123.75,0,0,7.0,23.0,0.5,0.3,0.14,0.06,0.5808341608738828,0.3202085402184707,0.1844587884806355,0.0761668321747765,0.5,0.3,0.14,0.06,35094.0,35094.0,17.825189076647845,36.872392728673816,12960.0,12960.0,11.298421124105134,32.007504592536094,22134.0,22134.0,21.64677183010196,38.73769664136683,35094.0,49.99999999999999,14.195959321784253,35.00774329162291,12960.0,36.0,11.298421124105138,32.02412694813185,22134.0,13.999999999999998,21.646771830101965,38.73769664136683,50.0,50.0,13.17562410789224,34.416662059657504,36.0,36.0,10.390916872202371,33.48431763876576,14.0,14.0,20.33629985680904,34.57270184808116,92.0,92.0,17.010623187607344,36.01273591442215,36.0,36.0,10.390916872202371,33.48431763876576,56.0,56.0,21.26614867608197,38.19154133002452
M20O80D1,work-2,1901,1.901,100,163.0,0.0329292929292929,3.26,0.57,0.19,5.7,2.65,160,12600.0,196.0,0.0155555555555555,2.45,0.36875,256,60,0.6,0.6023336643495532,53.25554452168157,58.18153067678684,159.57291666666666,0,0,7.0,25.0,0.57,0.32,0.14,0.11,0.6023336643495532,0.3321251241310824,0.1844587884806355,0.0857497517378351,0.57,0.32,0.14,0.11,36393.0,36393.0,17.68533775612027,38.370942562875264,15840.0,15840.0,13.07091830404456,40.16762688092575,20553.0,20553.0,21.24162657628663,37.36376539926875,36393.0,57.0,14.9344131731524,39.359049609832994,15840.0,43.99999999999999,13.070918304044564,40.17988098932256,20553.0,12.999999999999998,21.241626576286635,37.36376539926875,57.0,57.0,13.748303487328638,40.36589273964085,44.0,44.0,12.129252792595851,40.36589273964085,13.0,13.0,19.228167377193454,32.74749046755408,96.0,96.0,16.7813617188359,38.791531321834405,44.0,44.0,12.129252792595851,40.36589273964085,52.0,52.0,20.71776157950056,36.86391645577055
M20O80D1,work-2,2001,2.001,100,149.0,0.0301010101010101,2.98,0.48,0.25,5.05,2.4625,160,12600.0,165.0,0.013095238095238,2.0625,0.33125,225,60,0.4875,0.4880834160873882,45.92850049652433,49.433902593295386,138.43402777777777,0,0,7.0,25.0,0.48,0.32,0.13,0.03,0.4880834160873882,0.3321251241310824,0.1178748758689175,0.0380834160873882,0.48,0.32,0.13,0.03,29490.0,29490.0,15.622408766230077,38.47649407308863,13680.0,13680.0,11.280681264031434,35.72057444296746,15810.0,15810.0,19.379197648587912,39.50973753855186,29490.0,48.0,12.9678721774807,37.152969290551226,13680.0,37.99999999999999,11.280681264031436,35.722122737911945,15810.0,10.0,19.379197648587912,39.50973753855186,48.0,48.0,11.937257265094834,37.26631290002521,38.0,38.0,10.166953940308964,34.21826363805118,10.0,10.0,18.66440989928113,42.15950056048896,78.0,78.0,14.668569236486078,38.45292108967707,38.0,38.0,10.166953940308964,34.21826363805118,40.0,40.0,18.945103767854334,39.018993507686645
M20O80D1,work-2,2101,2.101,100,131.0,0.0264646464646464,2.62,0.43,0.33,4.2,2.225,160,12600.0,147.0,0.0116666666666666,1.8375,0.30625,207,60,0.475,0.4785004965243297,43.97053955643827,43.42820999367489,136.8125,0,0,8.0,25.0,0.43,0.33,0.05,0.05,0.4785004965243297,0.3582919563058589,0.05,0.0702085402184707,0.43,0.33,0.05,0.05,28911.0,28911.0,14.005488697354252,34.66851029875796,11520.0,11520.0,7.921528724812626,17.344144483010286,17391.0,17391.0,18.035574309664035,36.504768353554624,28911.0,43.0,10.50884271163508,32.35274960412219,11520.0,32.0,7.921528724812626,17.344144483010286,17391.0,10.999999999999998,18.03557430966404,36.504768353554624,43.0,43.0,9.23441006657286,32.49809887231222,32.0,32.0,6.579979096336606,16.787025773369805,11.0,11.0,16.9563910708965,32.56372011304492,76.0,76.0,12.939805747333516,35.05704704711512,32.0,32.0,6.579979096336606,16.787025773369805,44.0,44.0,17.56513422078581,35.75378321549457
M20O80D1,work-2,2201,2.201,100,157.0,0.0317171717171717,3.14,0.58,0.24,5.5,2.55,160,12600.0,197.0,0.0156349206349206,2.4625,0.33125,257,60,0.64375,0.6487090367428004,56.24627606752731,62.17900063251107,167.73263888888889,0,0,8.0,22.0,0.58,0.3,0.11,0.17,0.6487090367428004,0.3404170804369414,0.1463753723932472,0.1619165839126117,0.58,0.3,0.11,0.17,39195.0,39195.0,19.36206051384708,40.40545139676887,15480.0,15480.0,16.589711064659667,40.8636756830132,23715.0,23715.0,21.171715562273015,39.596174999978494,39195.0,58.0,17.774712227835536,40.72266010768645,15480.0,42.99999999999999,16.589711064659674,40.868399000864414,23715.0,14.999999999999998,21.171715562273015,39.596174999978494,58.0,58.0,16.894627454890383,40.31356888258813,43.0,43.0,15.871385977248757,40.31356888258813,15.0,15.0,19.827919690796385,39.77706465911751,103.0,103.0,18.653141248608147,40.11741391271727,43.0,43.0,15.871385977248757,40.31356888258813,60.0,60.0,20.646732526415708,38.65836118519249
M20O80D1,work-2,2301,2.301,100,140.0,0.0282828282828282,2.8,0.48,0.21,4.95,2.2625,160,12600.0,168.0,0.0133333333333333,2.1,0.35,228,60,0.525,0.5285004965243297,51.1519364448858,58.65275142314991,150.22916666666666,0,0,8.0,21.0,0.48,0.29,0.12,0.07,0.5285004965243297,0.3344587884806355,0.1523336643495531,0.041708043694141,0.48,0.29,0.12,0.07,31932.0,31932.0,15.60801680891922,30.34172888469408,12960.0,12960.0,10.4185766019571,29.14213591277185,18972.0,18972.0,19.152985451246284,30.87995469286037,31932.0,47.99999999999999,12.6021788142794,29.845355305551543,12960.0,36.0,10.4185766019571,29.142733638588496,18972.0,11.999999999999998,19.152985451246284,30.87995469286037,48.0,48.0,11.4442452255878,29.077535556845103,36.0,36.0,9.40231326951071,29.077535556845103,12.0,12.0,17.57004109381908,26.488405947307527,84.0,84.0,14.727053260757478,29.318540183818307,36.0,36.0,9.40231326951071,29.077535556845103,48.0,48.0,18.720608254192555,29.44127198684095
M20O80D1,work-2,2401,2.401,100,135.0,0.0272727272727272,2.7,0.45,0.19,4.55,2.2375,160,12600.0,163.0,0.0129365079365079,2.0375,0.3125,223,60,0.4875,0.4904170804369414,57.9179079774909,63.93738140417457,172.81597222222223,0,0,8.0,20.0,0.45,0.28,0.12,0.05,0.4904170804369414,0.3285004965243296,0.1119165839126117,0.05,0.45,0.28,0.12,0.05,29631.0,29631.0,14.258434013615288,29.45890267954536,12240.0,12240.0,9.85131268621046,23.2639134834717,17391.0,17391.0,17.360220285102553,30.636578879717643,29631.0,45.0,11.686823432606309,27.5127650506329,12240.0,33.99999999999999,9.851312686210465,23.26860873711516,17391.0,10.999999999999998,17.360220285102557,30.636578879717643,45.0,45.0,10.496272936603685,22.77649077896641,34.0,34.0,8.77749531932918,21.95579028231676,11.0,11.0,15.80885829908852,22.77649077896641,78.0,78.0,13.23381284060116,28.199457248350903,34.0,34.0,8.77749531932918,21.95579028231676,44.0,44.0,16.677330925220417,28.393439690744444
M20O80D1,work-2,2501,2.501,100,135.0,0.0272727272727272,2.7,0.54,0.24,4.65,2.2125,160,12600.0,158.0,0.0125396825396825,1.975,0.275,218,60,0.6,0.6046673286991062,46.40681893412777,62.43516761543327,126.16666666666669,0,0,8.0,22.0,0.54,0.3,0.1,0.14,0.6046673286991062,0.3404170804369414,0.1,0.1642502482621648,0.54,0.3,0.1,0.14,36534.0,36534.0,19.912790926708148,41.91962716543717,14400.0,14400.0,14.124397815118334,39.98068826607288,22134.0,22134.0,23.67862000445701,42.65138891776325,36534.0,54.0,16.601418382724656,40.96858762026382,14400.0,40.0,14.124397815118334,39.98407155808245,22134.0,13.999999999999998,23.67862000445701,42.65138891776325,54.0,54.0,15.785377008619006,41.5855362578495,40.0,40.0,13.226990413934365,38.74869126404476,14.0,14.0,23.095052993432272,41.70454154737495,96.0,96.0,19.215196600445683,42.26723001404009,40.0,40.0,13.226990413934365,38.74869126404476,56.0,56.0,23.492486733668056,43.437898725015664
M20O80D1,work-2,2601,2.601,100,133.0,0.0268686868686868,2.66,0.52,0.19,4.15,2.2875,160,12600.0,164.0,0.013015873015873,2.05,0.3125,224,60,0.56875,0.5725422045680238,49.33796756041046,50.30044275774826,151.78819444444446,0,0,7.0,23.0,0.52,0.3,0.1,0.12,0.5725422045680238,0.3202085402184707,0.1,0.1523336643495531,0.52,0.3,0.1,0.12,34593.0,34593.0,17.182839551575952,32.74183990144092,14040.0,14040.0,11.179750317266944,26.46034577179893,20553.0,20553.0,21.28362157121778,34.41318322472584,34593.0,52.0,13.705718130754654,29.329497147117905,14040.0,38.99999999999999,11.17975031726695,26.465012691642272,20553.0,12.999999999999998,21.28362157121778,34.41318322472584,52.0,52.0,12.634199420458687,25.794284353786143,39.0,39.0,10.16461258877821,25.78017501241893,13.0,13.0,20.042959915500123,30.334298069587227,91.0,91.0,16.248453094006837,32.55223197371911,39.0,39.0,10.16461258877821,25.78017501241893,52.0,52.0,20.811333472928304,32.81902274768592
M20O80D1,work-2,2701,2.701,100,154.0,0.0311111111111111,3.08,0.47,0.21,4.4,2.75,160,12600.0,174.0,0.0138095238095238,2.175,0.3,234,60,0.425,0.4214995034756703,53.0188679245283,49.36748893105629,168.25694444444446,0,0,6.0,25.0,0.47,0.31,0.11,0.05,0.4214995034756703,0.3059582919563058,0.0857497517378351,0.0297914597815292,0.47,0.31,0.11,0.05,25467.0,25467.0,12.99462689611806,29.71711046452005,14400.0,14400.0,10.6742796945662,29.314116876523613,11067.0,11067.0,16.01378291873908,31.242812315392985,25467.0,47.0,11.469524855613225,29.44935370823114,14400.0,40.0,10.6742796945662,29.318650193997385,11067.0,6.999999999999999,16.01378291873908,31.242812315392985,47.0,47.0,10.397255227006395,29.15537041668616,40.0,40.0,9.65629122278742,29.15537041668616,7.0,7.0,14.631335251114844,27.063341694808067,68.0,68.0,12.075150993513668,30.61604591111675,40.0,40.0,9.65629122278742,29.15537041668616,28.0,28.0,15.53066495169402,31.0554171023046
M20O80D1,work-2,2801,2.801,100,130.0,0.0262626262626262,2.6,0.4,0.26,3.8,2.3,160,12600.0,154.0,0.0122222222222222,1.925,0.24375,214,60,0.41875,0.4202085402184707,48.968884475339294,49.50347881087919,151.11458333333334,0,0,6.0,25.0,0.4,0.31,0.05,0.04,0.4202085402184707,0.3059582919563058,0.0702085402184707,0.0440417080436941,0.4,0.31,0.05,0.04,25389.0,25389.0,14.19563128831379,33.66286734185988,11160.0,11160.0,8.646212947821095,27.555260905984092,14229.0,14229.0,18.548116261249238,35.14725882100537,25389.0,40.0,10.874141193342428,29.78389794858472,11160.0,31.000000000000004,8.646212947821095,27.555260905984092,14229.0,8.999999999999996,18.548116261249245,35.14725882100537,40.0,40.0,9.463812599857343,26.98256373792096,31.0,31.0,7.310607802953571,25.906435372504557,9.0,9.0,16.88040690030367,31.50493144541921,67.0,67.0,13.081317691633288,34.04289717321362,31.0,31.0,7.310607802953571,25.906435372504557,36.0,36.0,18.05054009577416,35.63359471741901
M20O80D1,work-2,2901,2.901,100,141.0,0.0284848484848484,2.82,0.38,0.21,4.45,2.4125,160,12600.0,184.0,0.0146031746031746,2.3,0.28125,244,60,0.3875,0.3880834160873883,53.09665673618007,64.9146110056926,151.51388888888889,0,0,6.0,24.0,0.38,0.3,0.04,0.04,0.3880834160873883,0.3,0.0440417080436941,0.0440417080436941,0.38,0.3,0.04,0.04,23448.0,23448.0,11.986413970292617,30.05803207954032,10800.0,10800.0,7.60218535329029,22.99055468511926,12648.0,12648.0,15.730062694488154,30.95935957505411,23448.0,38.0,9.31331742512142,28.15545447991505,10800.0,30.0,7.60218535329029,22.99055468511926,12648.0,7.999999999999997,15.73006269448816,30.95935957505411,38.0,38.0,7.828004487668562,26.31354040131821,30.0,30.0,6.347734030622126,17.85052653109081,8.0,8.0,13.379018701592706,26.31354040131821,62.0,62.0,10.851412357747378,26.7977663147328,30.0,30.0,6.347734030622126,17.85052653109081,32.0,32.0,15.073610789427304,26.7977663147328
M20O80D1,work-2,3001,3.001,100,129.0,0.026060606060606,2.58,0.42,0.22,3.75,2.2875,160,12600.0,155.0,0.0123015873015873,1.9375,0.3,215,60,0.4125,0.4119165839126117,48.40946706388613,45.93611638203669,152.68402777777777,0,0,6.0,24.0,0.42,0.3,0.08,0.04,0.4119165839126117,0.3,0.0678748758689175,0.0440417080436941,0.42,0.3,0.08,0.04,24888.0,24888.0,12.150817896813836,27.49788136435358,12240.0,12240.0,8.308454112573923,22.17166407724153,12648.0,12648.0,15.869234462207304,31.627006820766844,24888.0,42.00000000000001,9.748602750599328,24.23309399293252,12240.0,33.99999999999999,8.308454112573926,22.179333345064705,12648.0,7.999999999999997,15.869234462207308,31.627006820766844,42.0,42.0,8.459311946906466,21.298783936466,34.0,34.0,7.117838735022214,21.298783936466,8.0,8.0,14.160573097414536,35.42230553151027,66.0,66.0,11.148698597857422,27.610787731372348,34.0,34.0,7.117838735022214,21.298783936466,32.0,32.0,15.431487202119833,29.08950085833188
M20O80D1,work-2,3101,3.101,100,122.0,0.0246464646464646,2.44,0.38,0.26,3.3,2.225,160,12600.0,147.0,0.0116666666666666,1.8375,0.2875,207,60,0.3875,0.3880834160873883,43.99536577292288,43.79822896900696,136.51041666666666,0,0,6.0,25.0,0.38,0.31,0.05,0.02,0.3880834160873883,0.3059582919563058,0.05,0.0321251241310824,0.38,0.31,0.05,0.02,23448.0,23448.0,11.334148341280168,24.745981431260574,10800.0,10800.0,6.352530849130911,15.509753799515057,12648.0,12648.0,15.58790141806795,27.22990898903473,23448.0,38.0,8.296819389959763,20.075814962248515,10800.0,30.0,6.352530849130913,15.509753799515057,12648.0,7.999999999999997,15.587901418067956,27.22990898903473,38.0,38.0,7.064278868665731,18.814087804689425,30.0,30.0,4.956807909749017,10.294536278449064,8.0,8.0,14.967294964603411,31.61159886680197,62.0,62.0,10.178967144019207,23.51675323471131,30.0,30.0,4.956807909749017,10.294536278449064,32.0,32.0,15.07474142614752,26.753625651436145
M20O80D1,work-2,3201,3.201,100,126.0,0.0254545454545454,2.52,0.49,0.28,4.1,2.125,160,12600.0,159.0,0.0126190476190476,1.9875,0.36875,219,60,0.49375,0.4940417080436941,56.37371731214829,69.12713472485768,160.63888888888889,0,0,6.0,23.0,0.49,0.29,0.1,0.1,0.4940417080436941,0.2940417080436941,0.0797914597815293,0.1202085402184707,0.49,0.29,0.1,0.1,29850.0,29850.0,14.908915666810476,31.05343969334267,14040.0,14040.0,10.498515633842937,27.53463350646547,15810.0,15810.0,18.82555174921809,33.084206324987754,29850.0,49.0,12.197910759429702,28.974538507622544,14040.0,38.99999999999999,10.498515633842942,27.535544146304456,15810.0,10.0,18.82555174921809,33.084206324987754,49.0,49.0,10.890608898172058,29.43642589068836,39.0,39.0,9.36922906106786,27.59873448211393,10.0,10.0,16.82399026287844,29.43642589068836,79.0,79.0,13.881309067309656,30.15775070305096,39.0,39.0,9.36922906106786,27.59873448211393,40.0,40.0,18.28058707339541,30.37115802124394
M20O80D1,work-2,3301,3.301,100,126.0,0.0254545454545454,2.52,0.51,0.26,3.9,2.175,160,12600.0,145.0,0.0115079365079365,1.8125,0.2625,205,60,0.5625,0.5665839126117179,48.00562727573651,48.94054395951929,147.69097222222223,0,0,6.0,25.0,0.51,0.31,0.1,0.1,0.5665839126117179,0.3059582919563058,0.0797914597815293,0.1808341608738828,0.51,0.31,0.1,0.1,34233.0,34233.0,23.38734702604164,49.02779579334658,13680.0,13680.0,12.057596596000494,40.85854248437832,20553.0,20553.0,30.928386576616397,51.08464185075941,34233.0,50.99999999999999,16.86779796360847,45.167875467714495,13680.0,37.99999999999999,12.057596596000495,40.87119312592535,20553.0,12.999999999999998,30.928386576616397,51.08464185075941,51.0,51.0,15.911237507701616,47.808034521852285,38.0,38.0,10.94310035859292,41.29898957969559,13.0,13.0,30.43348455894241,48.81432507363882,90.0,90.0,22.49241532277978,48.57428538312655,38.0,38.0,10.94310035859292,41.29898957969559,52.0,52.0,30.932299335070176,49.78931973851991
M20O80D1,work-2,3401,3.401,100,146.0,0.0294949494949494,2.92,0.56,0.23,4.5,2.525,160,12600.0,174.0,0.0138095238095238,2.175,0.24375,234,60,0.575,0.5761668321747766,50.73320092684541,48.85515496521189,159.22916666666666,0,0,6.0,26.0,0.56,0.32,0.09,0.15,0.5761668321747766,0.3119165839126117,0.0940417080436941,0.1702085402184707,0.56,0.32,0.09,0.15,34812.0,34812.0,22.72122768640071,43.359085068502594,15840.0,15840.0,16.320783320625388,39.23909042485574,18972.0,18972.0,28.065052204315585,44.63870129343423,34812.0,56.0,18.83741236713043,41.42357741017472,15840.0,43.99999999999999,16.320783320625395,39.24224105369794,18972.0,11.999999999999998,28.065052204315588,44.63870129343423,56.0,56.0,18.215367326220782,42.11186188041846,44.0,44.0,15.429051246318096,38.43528994479207,12.0,12.0,28.431859619197308,45.75543989684523,92.0,92.0,21.913527375448105,43.32878036513907,44.0,44.0,15.429051246318096,38.43528994479207,48.0,48.0,27.85763049381728,44.21686360919592
M20O80D1,work-2,3501,3.501,100,132.0,0.0266666666666666,2.64,0.42,0.22,4.2,2.25,160,12600.0,162.0,0.0128571428571428,2.025,0.325,222,60,0.39375,0.391708043694141,50.80767957629924,43.323845667299175,165.61458333333334,0,0,6.0,24.0,0.42,0.3,0.08,0.04,0.391708043694141,0.3,0.0678748758689175,0.0238331678252234,0.42,0.3,0.08,0.04,23667.0,23667.0,12.515609528756896,27.047623876189284,12600.0,12600.0,9.353683255900798,23.984342438046856,11067.0,11067.0,16.115525588934617,28.783695230286757,23667.0,42.0,10.4806569780731,25.46816221216607,12600.0,35.0,9.353683255900798,23.98671334715966,11067.0,6.999999999999999,16.11552558893462,28.783695230286757,42.0,42.0,9.178065788456564,22.861466183106334,35.0,35.0,8.156250781055387,22.881897868268425,7.0,7.0,14.287140825462446,20.97019649914896,63.0,63.0,11.446099092385449,25.92219563466222,35.0,35.0,8.156250781055387,22.881897868268425,28.0,28.0,15.55840948154803,27.45318190209982
M20O80D1,work-2,3601,3.601,100,160.0,0.0323232323232323,3.2,0.42,0.18,5.2,2.7,160,12600.0,191.0,0.0151587301587301,2.3875,0.2875,251,60,0.4125,0.4119165839126117,50.422045680238334,47.72928526249209,159.15972222222223,0,0,7.0,26.0,0.42,0.33,0.08,0.01,0.4119165839126117,0.3380834160873883,0.0678748758689175,0.0059582919563058,0.42,0.33,0.08,0.01,24888.0,24888.0,11.29971838080358,24.37906984974324,12240.0,12240.0,7.039784308211229,19.250182330250123,12648.0,12648.0,15.422235225247787,26.78988565959987,24888.0,42.00000000000001,8.636441625742002,21.410463100018237,12240.0,33.99999999999999,7.039784308211231,19.250401206776168,12648.0,7.999999999999997,15.42223522524779,26.78988565959987,42.0,42.0,7.312767264843579,19.94094669443681,34.0,34.0,5.729680478330886,19.94094669443681,8.0,8.0,14.040886107522528,21.567697821555736,66.0,66.0,10.181560878734912,24.367016149161184,34.0,34.0,5.729680478330886,19.94094669443681,32.0,32.0,14.911683804164191,25.535205660847254
M20O80D1,work-2,3701,3.701,100,132.0,0.0266666666666666,2.64,0.47,0.31,3.85,2.3375,160,12600.0,158.0,0.0125396825396825,1.975,0.3125,218,60,0.48125,0.4821251241310824,46.59549817941079,40.575585072738775,150.95833333333334,0,0,6.0,26.0,0.47,0.32,0.09,0.06,0.4821251241310824,0.3119165839126117,0.1142502482621648,0.0559582919563058,0.47,0.32,0.09,0.06,29130.0,29130.0,15.811279637963546,37.16228629462308,13320.0,13320.0,9.449101402248187,31.66247445384638,15810.0,15810.0,21.17144498266491,41.268812377433285,29130.0,47.0,11.943217057656002,34.65708153889394,13320.0,37.0,9.449101402248187,31.69222381440568,15810.0,10.0,21.171444982664912,41.268812377433285,47.0,47.0,10.756741498160514,33.34157446239647,37.0,37.0,8.320839321663106,33.34157446239647,10.0,10.0,19.76957955120092,30.69638408644869,77.0,77.0,14.820268815407728,36.20931026353653,37.0,37.0,8.320839321663106,33.34157446239647,40.0,40.0,20.832241097121496,39.02831444902565
M20O80D1,work-2,3801,3.801,100,129.0,0.026060606060606,2.58,0.4,0.24,4.0,2.225,160,12600.0,149.0,0.0118253968253968,1.8625,0.25,209,60,0.4,0.4,43.147964250248265,36.94813409234661,140.47569444444446,0,0,6.0,23.0,0.4,0.29,0.07,0.04,0.4,0.2940417080436941,0.041708043694141,0.0642502482621648,0.4,0.29,0.07,0.04,24168.0,24168.0,12.312659414343692,28.40437761928628,11520.0,11520.0,6.445133695219642,12.971736393784711,12648.0,12648.0,17.65689536345099,31.086211320471048,24168.0,39.99999999999999,8.687486028865912,21.293468125720796,11520.0,32.0,6.445133695219641,12.971736393784711,12648.0,7.999999999999997,17.656895363450996,31.086211320471048,40.0,40.0,7.488248025748355,16.809885571898608,32.0,32.0,5.200190223813195,11.281770363777538,8.0,8.0,16.640479233489,34.36421925894894,64.0,64.0,11.23555114685306,27.09016865009165,32.0,32.0,5.200190223813195,11.281770363777538,32.0,32.0,17.27091206989293,30.58342944618663
M20O80D1,work-2,3901,3.901,100,154.0,0.0311111111111111,3.08,0.61,0.29,5.1,2.575,160,12600.0,180.0,0.0142857142857142,2.25,0.3125,240,60,0.7,0.7070009930486594,46.83217477656405,49.76280834914611,141.86458333333334,0,0,7.0,24.0,0.61,0.31,0.1,0.2,0.7070009930486594,0.3261668321747765,0.1,0.2808341608738828,0.61,0.31,0.1,0.2,42717.0,42717.0,20.5124251053324,41.52243989064272,15840.0,15840.0,14.056882236148232,38.45707035387223,26877.0,26877.0,24.31700891483037,42.6899778014929,42717.0,61.0,16.91626180233834,39.80015162053229,15840.0,43.99999999999999,14.05688223614824,38.45966297655004,26877.0,17.0,24.31700891483038,42.6899778014929,61.0,61.0,16.35133860202064,40.03680666261601,44.0,44.0,13.203188178792631,39.586520695424326,17.0,17.0,24.49949263861077,42.12810458889888,112.0,112.0,19.814931291246264,41.43477577334864,44.0,44.0,13.203188178792631,39.586520695424326,68.0,68.0,24.0931180110692,43.00636527549834
M20O80D1,work-2,4001,4.001,100,153.0,0.0309090909090909,3.06,0.41,0.26,5.05,2.5625,160,12600.0,184.0,0.0146031746031746,2.3,0.325,244,60,0.425,0.4261668321747766,46.84707050645481,51.64452877925363,139.86111111111111,0,0,6.0,25.0,0.41,0.31,0.07,0.03,0.4261668321747766,0.3059582919563058,0.1023336643495531,0.0178748758689175,0.41,0.31,0.07,0.03,25749.0,25749.0,13.4765872518025,30.847911051601564,11520.0,11520.0,8.09272161585306,24.37314581113043,14229.0,14229.0,17.835441150610396,33.25628410131028,25749.0,41.0,10.23136736738516,26.597506713783677,11520.0,32.0,8.092721615853062,24.37314581113043,14229.0,8.999999999999996,17.835441150610407,33.25628410131028,41.0,41.0,8.876120580618968,24.9743288199534,32.0,32.0,6.798443518205408,24.503987408327635,9.0,9.0,16.263416802533854,27.130811817638897,68.0,68.0,12.465168241450003,30.270010580323707,32.0,32.0,6.798443518205408,24.503987408327635,36.0,36.0,17.502256884334088,33.02125215999347
M20O80D1,work-2,4101,4.101,100,135.0,0.0272727272727272,2.7,0.47,0.26,4.0,2.375,160,12600.0,168.0,0.0133333333333333,2.1,0.3625,228,60,0.48125,0.4821251241310824,52.83018867924528,44.99367488931056,172.26736111111111,0,0,6.0,26.0,0.47,0.32,0.1,0.05,0.4821251241310824,0.3119165839126117,0.1404170804369414,0.0297914597815292,0.47,0.32,0.1,0.05,29130.0,29130.0,12.848167649103685,27.110101885761875,13320.0,13320.0,9.07405904433483,22.6837212939658,15810.0,15810.0,16.027872052362447,29.0701645052815,29130.0,47.0,10.553593726893896,24.972133182481244,13320.0,37.0,9.074059044334827,22.68439357147304,15810.0,10.0,16.027872052362447,29.0701645052815,47.0,47.0,9.290224285264056,23.676206914834776,37.0,37.0,7.889687492771182,23.676206914834776,10.0,10.0,14.472210417487693,22.91344871067049,77.0,77.0,11.895149210173203,26.585126233441542,37.0,37.0,7.889687492771182,23.676206914834776,40.0,40.0,15.600201298770076,27.776540092931025
M20O80D1,work-2,4201,4.2010000000000005,100,145.0,0.0292929292929292,2.9,0.49,0.29,3.95,2.6375,160,12600.0,186.0,0.0147619047619047,2.325,0.38125,246,60,0.5125,0.5142502482621648,53.90433631247931,57.118912080961415,163.46180555555554,0,0,6.0,28.0,0.49,0.34,0.09,0.06,0.5142502482621648,0.3238331678252234,0.0738331678252234,0.1165839126117179,0.49,0.34,0.09,0.06,31071.0,31071.0,13.143530225718452,27.453601166233483,13680.0,13680.0,7.031525578057127,15.501913288063273,17391.0,17391.0,17.951317217841208,30.61506124190588,31071.0,48.99999999999999,9.482907374743352,24.01589031448996,13680.0,37.99999999999999,7.031525578057129,15.50910826572754,17391.0,10.999999999999998,17.951317217841215,30.61506124190588,49.0,49.0,7.973783659927408,21.175993114864035,38.0,38.0,5.590504392599045,15.498807395731276,11.0,11.0,16.206930219789026,24.408496338128145,82.0,82.0,11.9535259858396,25.222866026170063,38.0,38.0,5.590504392599045,15.498807395731276,44.0,44.0,17.448862816365533,29.068232215314293
M20O80D1,work-2,4301,4.301,100,133.0,0.0268686868686868,2.66,0.43,0.3,3.6,2.425,160,12600.0,161.0,0.0127777777777777,2.0125,0.30625,221,60,0.4375,0.4380834160873882,50.6140350877193,48.96584440227704,158.60763888888889,0,0,7.0,27.0,0.43,0.34,0.08,0.01,0.4380834160873882,0.3440417080436941,0.0880834160873882,0.0059582919563058,0.43,0.34,0.08,0.01,26469.0,26469.0,11.697413533932544,29.280697688931102,12240.0,12240.0,5.884386663745917,12.30815400648654,14229.0,14229.0,16.69786675559846,34.04865671056388,26469.0,42.99999999999999,8.147673194598775,17.76238138652996,12240.0,33.99999999999999,5.884386663745917,12.312499221514416,14229.0,8.999999999999996,16.697866755598472,34.04865671056388,43.0,43.0,6.852738768184264,13.297506954988773,34.0,34.0,4.538467449155295,11.217335418033247,9.0,9.0,15.595541528960371,38.01836832038351,70.0,70.0,10.526284953746414,27.305089441566757,34.0,34.0,4.538467449155295,11.217335418033247,36.0,36.0,16.181445930304694,33.836259557153674
M20O80D1,work-2,4401,4.401,100,142.0,0.0286868686868686,2.84,0.49,0.22,3.95,2.5625,160,12600.0,160.0,0.0126984126984126,2.0,0.29375,220,60,0.53125,0.5344587884806355,44.0383978814962,39.38013915243517,141.54166666666666,0,0,6.0,27.0,0.49,0.33,0.07,0.09,0.5344587884806355,0.3178748758689175,0.1023336643495531,0.1142502482621648,0.49,0.33,0.07,0.09,32292.0,32292.0,19.428441039903124,49.715327156436594,13320.0,13320.0,13.224107649770126,48.21944149475719,18972.0,18972.0,23.784424634493657,50.301111027961454,32292.0,48.99999999999999,15.810307727661607,49.04553589398179,13320.0,37.0,13.224107649770126,48.22564658714747,18972.0,11.999999999999998,23.784424634493654,50.301111027961454,49.0,49.0,14.793734380865612,50.67883040758967,37.0,37.0,12.06593280313371,49.74493530654528,12.0,12.0,23.20445591220565,50.7111437361247,85.0,85.0,18.497017686348386,50.12448374547285,37.0,37.0,12.06593280313371,49.74493530654528,48.0,48.0,23.45431228382636,50.46307831608387
M20O80D1,work-2,4501,4.501,100,169.0,0.0341414141414141,3.38,0.63,0.16,4.7,3.05,160,12600.0,198.0,0.0157142857142857,2.475,0.325,258,60,0.675,0.6785004965243296,55.63389606090698,53.007590132827325,175.23263888888889,0,0,7.0,29.0,0.63,0.36,0.12,0.15,0.6785004965243296,0.3559582919563058,0.1119165839126117,0.2106256206554121,0.63,0.36,0.12,0.15,40995.0,40995.0,20.47919148213014,41.20949035915761,17280.0,17280.0,13.883588844871756,37.3372104964156,23715.0,23715.0,25.28509549106225,43.23179748540638,40995.0,63.0,16.598233284440923,38.849620624045166,17280.0,48.0,13.883588844871758,37.3382805603911,23715.0,14.999999999999998,25.28509549106225,43.23179748540638,63.0,63.0,15.728052664759176,38.31063468416883,48.0,48.0,12.873101662715506,37.82825985886864,15.0,15.0,24.86389587129892,41.03673654870615,108.0,108.0,19.501516083677785,40.0153120821572,48.0,48.0,12.873101662715506,37.82825985886864,60.0,60.0,24.80424762044762,42.0571877039581
M20O80D1,work-2,4601,4.601,100,154.0,0.0311111111111111,3.08,0.45,0.19,3.6,2.95,160,12600.0,176.0,0.0139682539682539,2.2,0.3,236,60,0.45,0.45,53.49718636213174,45.87919038583176,174.09375,0,0,6.0,29.0,0.45,0.35,0.07,0.03,0.45,0.3297914597815293,0.0821251241310824,0.0380834160873882,0.45,0.35,0.07,0.03,27189.0,27189.0,13.37913806927986,30.69775342662081,12960.0,12960.0,7.077029929942248,14.066665895333903,14229.0,14229.0,19.119198613648084,32.67590336213992,27189.0,44.99999999999999,9.48546366668342,28.11538475216142,12960.0,36.0,7.077029929942248,14.088562950023316,14229.0,8.999999999999996,19.11919861364809,32.67590336213992,45.0,45.0,8.071229865650583,26.15177697867699,36.0,36.0,5.68340027481899,12.94321856549182,9.0,9.0,17.622548228976953,27.065509874454552,72.0,72.0,12.093080697158184,29.771479856188705,36.0,36.0,5.68340027481899,12.94321856549182,36.0,36.0,18.50276111949738,32.773153748794904
M20O80D1,work-2,4701,4.7010000000000005,100,147.0,0.0296969696969696,2.94,0.62,0.2,4.0,2.675,160,12600.0,167.0,0.0132539682539682,2.0875,0.36875,227,60,0.66875,0.6725422045680238,50.1704733531943,39.54142947501581,167.09375,0,0,6.0,30.0,0.62,0.36,0.08,0.18,0.6725422045680238,0.3357497517378351,0.0880834160873882,0.2487090367428004,0.62,0.36,0.08,0.18,40635.0,40635.0,18.152247957156995,35.598463734920024,16920.0,16920.0,11.30717220317146,29.72611020613336,23715.0,23715.0,23.03602117062675,39.13629896188432,40635.0,61.99999999999999,14.144796953362258,32.25314477493778,16920.0,46.99999999999999,11.307172203171469,29.73507594292376,23715.0,14.999999999999998,23.03602117062675,39.13629896188432,62.0,62.0,13.256987233672271,31.66395535667232,47.0,47.0,10.484063778007451,29.854184825594483,15.0,15.0,21.94548072808869,35.393680515693084,107.0,107.0,17.375344987628885,37.26334184849713,47.0,47.0,10.484063778007451,29.854184825594483,60.0,60.0,22.773515268499008,38.916770185557056
M20O80D1,work-2,4801,4.801,100,152.0,0.0307070707070707,3.04,0.62,0.26,4.0,2.8,160,12600.0,173.0,0.0137301587301587,2.1625,0.3625,233,60,0.66875,0.6725422045680238,48.43925852366766,41.30613535736875,157.89236111111111,0,0,7.0,28.0,0.62,0.35,0.16,0.11,0.6725422045680238,0.35,0.1559582919563058,0.1665839126117179,0.62,0.35,0.16,0.11,40635.0,40635.0,20.234779321943275,38.77835577245183,16920.0,16920.0,12.346289851727478,36.18307172722738,23715.0,23715.0,25.862999513216774,39.10002796598163,40635.0,61.99999999999999,15.616461544023275,38.233021484939535,16920.0,46.99999999999999,12.346289851727482,36.18342853582726,23715.0,14.999999999999998,25.862999513216785,39.10002796598163,62.0,62.0,14.88800363710534,38.801444799575485,47.0,47.0,11.29525340131737,36.18703801156357,15.0,15.0,26.14528770924097,39.64496426792231,107.0,107.0,19.4593768961456,38.93361095058235,47.0,47.0,11.29525340131737,36.18703801156357,60.0,60.0,25.854606967094377,39.28616090009898
M20O80D1,work-2,4901,4.901,100,155.0,0.0313131313131313,3.1,0.55,0.21,3.5,3.0,160,12600.0,170.0,0.0134920634920634,2.125,0.26875,230,60,0.56875,0.5702085402184707,52.98907646474677,40.7337128399747,177.61111111111111,0,0,5.0,30.0,0.55,0.35,0.08,0.12,0.5702085402184707,0.3095829195630586,0.1082919563058589,0.1523336643495531,0.55,0.35,0.08,0.12,34452.0,34452.0,17.109911749430466,35.1654772520561,15480.0,15480.0,10.68043764548383,29.20276760233796,18972.0,18972.0,22.355972213751254,37.93604291154503,34452.0,54.99999999999999,13.227827005833092,31.571157941154837,15480.0,42.99999999999999,10.680437645483837,29.205116223861268,18972.0,11.999999999999998,22.35597221375126,37.93604291154503,55.0,55.0,12.258535701138191,31.40503715514941,43.0,43.0,9.412207631356948,28.58737631020021,12.0,12.0,22.45787795118765,34.92042766776296,91.0,91.0,16.19232723060742,33.160118194171545,43.0,43.0,9.412207631356948,28.58737631020021,48.0,48.0,22.26618437160264,39.02380928399173
M50O0D1,work-2,1001,1.001,50,124.0,0.1012244897959183,4.96,1.0,0.0,4.96,,200,19600.0,226.0,0.0115306122448979,2.26,0.62,376,150,1.0,1.0,26.95382669196711,53.90765338393422,,0,0,18.0,0.0,1.0,0.36,0.42,0.22,1.0,0.36,0.42,0.22,1.0,0.36,0.42,0.22,79050.0,79050.0,21.77839480015927,33.72461481581996,0.0,0.0,,,79050.0,79050.0,21.77839480015927,33.72461481581996,79050.0,50.0,21.778394800159276,33.72461481581996,0.0,0.0,,,79050.0,50.0,21.778394800159276,33.72461481581996,50.0,50.0,20.63514126457305,29.15126705839664,0.0,0.0,,,50.0,50.0,20.63514126457305,29.15126705839664,200.0,200.0,21.460656423749985,33.426097227682895,0.0,0.0,,,200.0,200.0,21.460656423749985,33.426097227682895
M50O0D1,work-2,1101,1.101,50,127.0,0.1036734693877551,5.08,1.0,0.0,5.08,,200,19600.0,209.0,0.0106632653061224,2.09,0.475,359,150,1.0,1.0,25.905123339658445,51.81024667931689,,0,0,19.0,0.0,1.0,0.38,0.4,0.22,1.0,0.38,0.4,0.22,1.0,0.38,0.4,0.22,79050.0,79050.0,21.785513034201184,34.22241424167937,0.0,0.0,,,79050.0,79050.0,21.785513034201184,34.22241424167937,79050.0,50.0,21.785513034201184,34.22241424167937,0.0,0.0,,,79050.0,50.0,21.785513034201184,34.22241424167937,50.0,50.0,21.160145230956157,33.91752942947044,0.0,0.0,,,50.0,50.0,21.160145230956157,33.91752942947044,200.0,200.0,21.6724524657448,35.081100469181074,0.0,0.0,,,200.0,200.0,21.6724524657448,35.081100469181074
M50O0D1,work-2,1201,1.201,50,111.0,0.0906122448979591,4.44,1.0,0.0,4.44,,200,19600.0,212.0,0.0108163265306122,2.12,0.51,362,150,1.0,1.0,25.62681846932321,51.25363693864642,,0,0,21.0,0.0,1.0,0.42,0.32,0.26,1.0,0.42,0.32,0.26,1.0,0.42,0.32,0.26,79050.0,79050.0,21.93697014478467,35.82123889267197,0.0,0.0,,,79050.0,79050.0,21.93697014478467,35.82123889267197,79050.0,50.0,21.936970144784677,35.82123889267197,0.0,0.0,,,79050.0,50.0,21.936970144784677,35.82123889267197,50.0,50.0,21.08987739456463,34.0587185494772,0.0,0.0,,,50.0,50.0,21.08987739456463,34.0587185494772,200.0,200.0,21.736826180136,36.52509217688413,0.0,0.0,,,200.0,200.0,21.736826180136,36.52509217688413
M50O0D1,work-2,1301,1.301,50,116.0,0.0946938775510204,4.64,0.94,0.06,4.64,,200,19600.0,238.0,0.0121428571428571,2.38,0.46,388,150,0.94,0.94,28.86907020872865,57.7381404174573,,0,0,23.0,0.0,0.94,0.46,0.26,0.22,0.94,0.46,0.26,0.22,0.94,0.46,0.26,0.22,74307.0,74307.0,21.382361523397336,37.176340266896766,0.0,0.0,,,74307.0,74307.0,21.382361523397336,37.176340266896766,74307.0,47.0,21.38236152339734,37.176340266896766,0.0,0.0,,,74307.0,47.0,21.38236152339734,37.176340266896766,47.0,47.0,20.401606488819063,39.8408085486624,0.0,0.0,,,47.0,47.0,20.401606488819063,39.8408085486624,188.0,188.0,21.16803901354188,37.23760647538635,0.0,0.0,,,188.0,188.0,21.16803901354188,37.23760647538635
M50O0D1,work-2,1401,1.401,50,131.0,0.106938775510204,5.24,0.92,0.02,5.24,,200,19600.0,229.0,0.0116836734693877,2.29,0.575,379,150,0.92,0.92,28.29981024667932,56.59962049335864,,0,0,20.0,0.0,0.92,0.4,0.36,0.16,0.92,0.4,0.36,0.16,0.92,0.4,0.36,0.16,72726.0,72726.0,21.129283847856662,34.221492001103755,0.0,0.0,,,72726.0,72726.0,21.129283847856662,34.221492001103755,72726.0,45.99999999999999,21.129283847856662,34.221492001103755,0.0,0.0,,,72726.0,45.99999999999999,21.129283847856662,34.221492001103755,46.0,46.0,20.848013669639485,34.43600635547999,0.0,0.0,,,46.0,46.0,20.848013669639485,34.43600635547999,184.0,184.0,20.90993534322168,33.956466938084105,0.0,0.0,,,184.0,184.0,20.90993534322168,33.956466938084105
M50O0D1,work-2,1501,1.501,50,131.0,0.106938775510204,5.24,0.98,0.02,5.24,,200,19600.0,224.0,0.0114285714285714,2.24,0.48,374,150,0.98,0.98,28.92852624920936,57.85705249841872,,0,0,21.0,0.0,0.98,0.42,0.34,0.22,0.98,0.42,0.34,0.22,0.98,0.42,0.34,0.22,77469.0,77469.0,23.07151304250761,37.21383363236219,0.0,0.0,,,77469.0,77469.0,23.07151304250761,37.21383363236219,77469.0,48.99999999999999,23.07151304250762,37.21383363236219,0.0,0.0,,,77469.0,48.99999999999999,23.07151304250762,37.21383363236219,49.0,49.0,22.18759854524936,35.243334294429225,0.0,0.0,,,49.0,49.0,22.18759854524936,35.243334294429225,196.0,196.0,22.89145543336479,37.34452523653538,0.0,0.0,,,196.0,196.0,22.89145543336479,37.34452523653538
M50O0D1,work-2,1601,1.601,50,124.0,0.1012244897959183,4.96,0.96,0.04,4.96,,200,19600.0,229.0,0.0116836734693877,2.29,0.51,379,150,0.96,0.96,27.93042378241619,55.86084756483238,,0,0,23.0,0.0,0.96,0.46,0.42,0.08,0.96,0.46,0.42,0.08,0.96,0.46,0.42,0.08,75888.0,75888.0,21.383469244585093,34.230766361553734,0.0,0.0,,,75888.0,75888.0,21.383469244585093,34.230766361553734,75888.0,47.99999999999999,21.3834692445851,34.230766361553734,0.0,0.0,,,75888.0,47.99999999999999,21.3834692445851,34.230766361553734,48.0,48.0,20.86909789175746,33.50333220824669,0.0,0.0,,,48.0,48.0,20.86909789175746,33.50333220824669,192.0,192.0,21.240933620963357,34.171417862769665,0.0,0.0,,,192.0,192.0,21.240933620963357,34.171417862769665
M50O0D1,work-2,1701,1.701,50,127.0,0.1036734693877551,5.08,0.98,0.02,5.08,,200,19600.0,227.0,0.0115816326530612,2.27,0.435,377,150,0.98,0.98,28.666666666666668,57.333333333333336,,0,0,23.0,0.0,0.98,0.46,0.36,0.16,0.98,0.46,0.36,0.16,0.98,0.46,0.36,0.16,77469.0,77469.0,21.67814425402696,34.06479373313857,0.0,0.0,,,77469.0,77469.0,21.67814425402696,34.06479373313857,77469.0,48.99999999999999,21.678144254026968,34.06479373313857,0.0,0.0,,,77469.0,48.99999999999999,21.678144254026968,34.06479373313857,49.0,49.0,21.84741880407628,37.186167080578045,0.0,0.0,,,49.0,49.0,21.84741880407628,37.186167080578045,196.0,196.0,21.503380227710625,33.43522352562857,0.0,0.0,,,196.0,196.0,21.503380227710625,33.43522352562857
M50O0D1,work-2,1801,1.801,50,127.0,0.1036734693877551,5.08,1.0,0.0,5.08,,200,19600.0,221.0,0.0112755102040816,2.21,0.56,371,150,1.0,1.0,26.92979127134725,53.8595825426945,,0,0,20.0,0.0,1.0,0.4,0.4,0.2,1.0,0.4,0.4,0.2,1.0,0.4,0.4,0.2,79050.0,79050.0,22.427661162020406,35.79499452646431,0.0,0.0,,,79050.0,79050.0,22.427661162020406,35.79499452646431,79050.0,50.0,22.42766116202041,35.79499452646431,0.0,0.0,,,79050.0,50.0,22.42766116202041,35.79499452646431,50.0,50.0,22.193206761923616,35.671752673096414,0.0,0.0,,,50.0,50.0,22.193206761923616,35.671752673096414,200.0,200.0,22.32128526057611,36.73270656040176,0.0,0.0,,,200.0,200.0,22.32128526057611,36.73270656040176
M50O0D1,work-2,1901,1.901,50,139.0,0.113469387755102,5.56,0.98,0.02,5.56,,200,19600.0,244.0,0.0124489795918367,2.44,0.54,394,150,0.98,0.98,29.514231499051235,59.02846299810247,,0,0,20.0,0.0,0.98,0.4,0.38,0.2,0.98,0.4,0.38,0.2,0.98,0.4,0.38,0.2,77469.0,77469.0,21.03914512992938,36.02118185991357,0.0,0.0,,,77469.0,77469.0,21.03914512992938,36.02118185991357,77469.0,48.99999999999999,21.03914512992939,36.02118185991357,0.0,0.0,,,77469.0,48.99999999999999,21.03914512992939,36.02118185991357,49.0,49.0,20.617201520080943,34.69073903961545,0.0,0.0,,,49.0,49.0,20.617201520080943,34.69073903961545,196.0,196.0,20.817099700795858,36.09667530395727,0.0,0.0,,,196.0,196.0,20.817099700795858,36.09667530395727
M50O0D1,work-2,2001,2.001,50,116.0,0.0946938775510204,4.64,1.0,0.0,4.64,,200,19600.0,214.0,0.0109183673469387,2.14,0.51,364,150,1.0,1.0,26.148007590132828,52.296015180265655,,0,0,18.0,0.0,1.0,0.36,0.34,0.3,1.0,0.36,0.34,0.3,1.0,0.36,0.34,0.3,79050.0,79050.0,21.351997559809288,35.45332318925982,0.0,0.0,,,79050.0,79050.0,21.351997559809288,35.45332318925982,79050.0,50.0,21.351997559809288,35.45332318925982,0.0,0.0,,,79050.0,50.0,21.351997559809288,35.45332318925982,50.0,50.0,20.78177317049949,35.513899569285385,0.0,0.0,,,50.0,50.0,20.78177317049949,35.513899569285385,200.0,200.0,21.07280716605933,35.59649254113276,0.0,0.0,,,200.0,200.0,21.07280716605933,35.59649254113276
M50O0D1,work-2,2101,2.101,50,126.0,0.1028571428571428,5.04,0.98,0.02,5.04,,200,19600.0,221.0,0.0112755102040816,2.21,0.43,371,150,0.98,0.98,27.84566729917773,55.69133459835547,,0,0,20.0,0.0,0.98,0.4,0.36,0.22,0.98,0.4,0.36,0.22,0.98,0.4,0.36,0.22,77469.0,77469.0,21.79931447211764,34.691485846265074,0.0,0.0,,,77469.0,77469.0,21.79931447211764,34.691485846265074,77469.0,48.99999999999999,21.79931447211764,34.691485846265074,0.0,0.0,,,77469.0,48.99999999999999,21.79931447211764,34.691485846265074,49.0,49.0,20.881758159690666,34.74347378783943,0.0,0.0,,,49.0,49.0,20.881758159690666,34.74347378783943,196.0,196.0,21.53496872913105,33.606644744697064,0.0,0.0,,,196.0,196.0,21.53496872913105,33.606644744697064
M50O0D1,work-2,2201,2.201,50,119.0,0.0971428571428571,4.76,0.98,0.02,4.76,,200,19600.0,244.0,0.0124489795918367,2.44,0.565,394,150,0.98,0.98,29.798861480075903,59.597722960151806,,0,0,21.0,0.0,0.98,0.42,0.34,0.22,0.98,0.42,0.34,0.22,0.98,0.42,0.34,0.22,77469.0,77469.0,22.083693784076097,35.69457910717503,0.0,0.0,,,77469.0,77469.0,22.083693784076097,35.69457910717503,77469.0,48.99999999999999,22.083693784076104,35.69457910717503,0.0,0.0,,,77469.0,48.99999999999999,22.083693784076104,35.69457910717503,49.0,49.0,21.253124562390923,34.21202774631069,0.0,0.0,,,49.0,49.0,21.253124562390923,34.21202774631069,196.0,196.0,21.849121933795747,35.70436166249924,0.0,0.0,,,196.0,196.0,21.849121933795747,35.70436166249924
M50O0D1,work-2,2301,2.301,50,135.0,0.110204081632653,5.4,1.0,0.0,5.4,,200,19600.0,225.0,0.0114795918367346,2.25,0.475,375,150,1.0,1.0,26.59076533839342,53.18153067678684,,0,0,19.0,0.0,1.0,0.38,0.36,0.26,1.0,0.38,0.36,0.26,1.0,0.38,0.36,0.26,79050.0,79050.0,22.745331217093195,36.95696096564306,0.0,0.0,,,79050.0,79050.0,22.745331217093195,36.95696096564306,79050.0,50.0,22.7453312170932,36.95696096564306,0.0,0.0,,,79050.0,50.0,22.7453312170932,36.95696096564306,50.0,50.0,21.7248630844634,34.832311585736576,0.0,0.0,,,50.0,50.0,21.7248630844634,34.832311585736576,200.0,200.0,22.40739289565656,36.46195910794152,0.0,0.0,,,200.0,200.0,22.40739289565656,36.46195910794152
M50O0D1,work-2,2401,2.401,50,113.0,0.0922448979591836,4.52,0.98,0.02,4.52,,200,19600.0,201.0,0.0102551020408163,2.01,0.305,351,150,0.98,0.98,26.74003795066413,53.48007590132827,,0,0,20.0,0.0,0.98,0.4,0.34,0.24,0.98,0.4,0.34,0.24,0.98,0.4,0.34,0.24,77469.0,77469.0,22.23443117295408,35.39757308761561,0.0,0.0,,,77469.0,77469.0,22.23443117295408,35.39757308761561,77469.0,48.99999999999999,22.23443117295408,35.39757308761561,0.0,0.0,,,77469.0,48.99999999999999,22.23443117295408,35.39757308761561,49.0,49.0,21.748016661404357,36.87617515785247,0.0,0.0,,,49.0,49.0,21.748016661404357,36.87617515785247,196.0,196.0,21.995698263236648,35.63658364548261,0.0,0.0,,,196.0,196.0,21.995698263236648,35.63658364548261
M50O0D1,work-2,2501,2.501,50,139.0,0.113469387755102,5.56,0.98,0.02,5.56,,200,19600.0,250.0,0.0127551020408163,2.5,0.655,400,150,0.98,0.98,27.21062618595825,54.42125237191651,,0,0,22.0,0.0,0.98,0.44,0.38,0.16,0.98,0.44,0.38,0.16,0.98,0.44,0.38,0.16,77469.0,77469.0,22.39170353313599,36.78274017755718,0.0,0.0,,,77469.0,77469.0,22.39170353313599,36.78274017755718,77469.0,48.99999999999999,22.39170353313599,36.78274017755718,0.0,0.0,,,77469.0,48.99999999999999,22.39170353313599,36.78274017755718,49.0,49.0,21.69589080696228,37.39016744302656,0.0,0.0,,,49.0,49.0,21.69589080696228,37.39016744302656,196.0,196.0,22.109386935580137,36.358987019557695,0.0,0.0,,,196.0,196.0,22.109386935580137,36.358987019557695
M50O0D1,work-2,2601,2.601,50,121.0,0.0987755102040816,4.84,0.98,0.02,4.84,,200,19600.0,228.0,0.0116326530612244,2.28,0.545,378,150,0.98,0.98,25.337128399746994,50.67425679949399,,0,0,20.0,0.0,0.98,0.4,0.38,0.2,0.98,0.4,0.38,0.2,0.98,0.4,0.38,0.2,77469.0,77469.0,21.809092572826916,35.39081937800089,0.0,0.0,,,77469.0,77469.0,21.809092572826916,35.39081937800089,77469.0,48.99999999999999,21.809092572826916,35.39081937800089,0.0,0.0,,,77469.0,48.99999999999999,21.809092572826916,35.39081937800089,49.0,49.0,20.540901040691782,35.23610223412646,0.0,0.0,,,49.0,49.0,20.540901040691782,35.23610223412646,196.0,196.0,21.592524295339583,35.796878137165145,0.0,0.0,,,196.0,196.0,21.592524295339583,35.796878137165145
M50O0D1,work-2,2701,2.701,50,128.0,0.1044897959183673,5.12,0.92,0.04,5.12,,200,19600.0,245.0,0.0125,2.45,0.55,395,150,0.92,0.92,28.222643896268185,56.44528779253637,,0,0,21.0,0.0,0.92,0.42,0.36,0.14,0.92,0.42,0.36,0.14,0.92,0.42,0.36,0.14,72726.0,72726.0,19.630182835556766,32.988655925556664,0.0,0.0,,,72726.0,72726.0,19.630182835556766,32.988655925556664,72726.0,45.99999999999999,19.630182835556774,32.988655925556664,0.0,0.0,,,72726.0,45.99999999999999,19.630182835556774,32.988655925556664,46.0,46.0,18.12007356906501,32.235036604947155,0.0,0.0,,,46.0,46.0,18.12007356906501,32.235036604947155,184.0,184.0,19.28203077738806,32.423466056563164,0.0,0.0,,,184.0,184.0,19.28203077738806,32.423466056563164
M50O0D1,work-2,2801,2.801,50,129.0,0.1053061224489795,5.16,0.98,0.02,5.16,,200,19600.0,217.0,0.0110714285714285,2.17,0.37,367,150,0.98,0.98,29.70271979759646,59.40543959519292,,0,0,23.0,0.0,0.98,0.46,0.3,0.22,0.98,0.46,0.3,0.22,0.98,0.46,0.3,0.22,77469.0,77469.0,21.703872629717843,36.94286183553987,0.0,0.0,,,77469.0,77469.0,21.703872629717843,36.94286183553987,77469.0,48.99999999999999,21.703872629717846,36.94286183553987,0.0,0.0,,,77469.0,48.99999999999999,21.703872629717846,36.94286183553987,49.0,49.0,21.151568552356338,38.13031066293068,0.0,0.0,,,49.0,49.0,21.151568552356338,38.13031066293068,196.0,196.0,21.514533901892896,36.58898872264969,0.0,0.0,,,196.0,196.0,21.514533901892896,36.58898872264969
M50O0D1,work-2,2901,2.901,50,127.0,0.1036734693877551,5.08,0.96,0.04,5.08,,200,19600.0,218.0,0.0111224489795918,2.18,0.375,368,150,0.96,0.96,26.84503478810879,53.69006957621758,,0,0,21.0,0.0,0.96,0.42,0.38,0.16,0.96,0.42,0.38,0.16,0.96,0.42,0.38,0.16,75888.0,75888.0,21.38463731949014,34.77813717189986,0.0,0.0,,,75888.0,75888.0,21.38463731949014,34.77813717189986,75888.0,47.99999999999999,21.384637319490142,34.77813717189986,0.0,0.0,,,75888.0,47.99999999999999,21.384637319490142,34.77813717189986,48.0,48.0,21.06585995724954,34.574300959831795,0.0,0.0,,,48.0,48.0,21.06585995724954,34.574300959831795,192.0,192.0,21.19031924807368,34.51936839546631,0.0,0.0,,,192.0,192.0,21.19031924807368,34.51936839546631
M50O0D1,work-2,3001,3.001,50,124.0,0.1012244897959183,4.96,1.0,0.0,4.96,,200,19600.0,203.0,0.0103571428571428,2.03,0.47,353,150,1.0,1.0,26.70967741935484,53.41935483870968,,0,0,21.0,0.0,1.0,0.42,0.4,0.18,1.0,0.42,0.4,0.18,1.0,0.42,0.4,0.18,79050.0,79050.0,22.01070646621848,35.57599007718006,0.0,0.0,,,79050.0,79050.0,22.01070646621848,35.57599007718006,79050.0,50.0,22.01070646621848,35.57599007718006,0.0,0.0,,,79050.0,50.0,22.01070646621848,35.57599007718006,50.0,50.0,21.43801647496307,33.91748424443365,0.0,0.0,,,50.0,50.0,21.43801647496307,33.91748424443365,200.0,200.0,21.75414867883624,34.34659818884074,0.0,0.0,,,200.0,200.0,21.75414867883624,34.34659818884074
M50O0D1,work-2,3101,3.101,50,137.0,0.1118367346938775,5.48,1.0,0.0,5.48,,200,19600.0,236.0,0.0120408163265306,2.36,0.555,386,150,1.0,1.0,30.29348513598988,60.58697027197976,,0,0,23.0,0.0,1.0,0.46,0.38,0.16,1.0,0.46,0.38,0.16,1.0,0.46,0.38,0.16,79050.0,79050.0,21.87188247125955,34.71210102532819,0.0,0.0,,,79050.0,79050.0,21.87188247125955,34.71210102532819,79050.0,50.0,21.87188247125955,34.71210102532819,0.0,0.0,,,79050.0,50.0,21.87188247125955,34.71210102532819,50.0,50.0,21.74078522458904,33.59961593283621,0.0,0.0,,,50.0,50.0,21.74078522458904,33.59961593283621,200.0,200.0,21.698917261753557,35.067985372327584,0.0,0.0,,,200.0,200.0,21.698917261753557,35.067985372327584
M50O0D1,work-2,3201,3.201,50,152.0,0.1240816326530612,6.08,1.0,0.0,6.08,,200,19600.0,250.0,0.0127551020408163,2.5,0.675,400,150,1.0,1.0,31.97216951296648,63.94433902593296,,0,0,23.0,0.0,1.0,0.46,0.4,0.14,1.0,0.46,0.4,0.14,1.0,0.46,0.4,0.14,79050.0,79050.0,20.72534342001069,33.215198066945,0.0,0.0,,,79050.0,79050.0,20.72534342001069,33.215198066945,79050.0,50.0,20.72534342001069,33.215198066945,0.0,0.0,,,79050.0,50.0,20.72534342001069,33.215198066945,50.0,50.0,20.652091604912037,34.23404920397467,0.0,0.0,,,50.0,50.0,20.652091604912037,34.23404920397467,200.0,200.0,20.51425329317959,32.58432239409416,0.0,0.0,,,200.0,200.0,20.51425329317959,32.58432239409416
M50O0D1,work-2,3301,3.301,50,134.0,0.1093877551020408,5.36,1.0,0.0,5.36,,200,19600.0,211.0,0.0107653061224489,2.11,0.515,361,150,1.0,1.0,24.011385199240987,48.02277039848197,,0,0,24.0,0.0,1.0,0.48,0.34,0.18,1.0,0.48,0.34,0.18,1.0,0.48,0.34,0.18,79050.0,79050.0,22.867762672365448,36.14265095509712,0.0,0.0,,,79050.0,79050.0,22.867762672365448,36.14265095509712,79050.0,50.0,22.86776267236545,36.14265095509712,0.0,0.0,,,79050.0,50.0,22.86776267236545,36.14265095509712,50.0,50.0,22.39229809781199,37.45333276168563,0.0,0.0,,,50.0,50.0,22.39229809781199,37.45333276168563,200.0,200.0,22.685221197270028,36.19335849405103,0.0,0.0,,,200.0,200.0,22.685221197270028,36.19335849405103
M50O0D1,work-2,3401,3.401,50,151.0,0.1232653061224489,6.04,1.0,0.0,6.04,,200,19600.0,264.0,0.013469387755102,2.64,0.535,414,150,1.0,1.0,32.67678684376977,65.35357368753954,,0,0,24.0,0.0,1.0,0.48,0.38,0.14,1.0,0.48,0.38,0.14,1.0,0.48,0.38,0.14,79050.0,79050.0,22.65740753812273,37.20689429095887,0.0,0.0,,,79050.0,79050.0,22.65740753812273,37.20689429095887,79050.0,50.0,22.65740753812273,37.20689429095887,0.0,0.0,,,79050.0,50.0,22.65740753812273,37.20689429095887,50.0,50.0,22.03652128145648,35.39974807333729,0.0,0.0,,,50.0,50.0,22.03652128145648,35.39974807333729,200.0,200.0,22.454293214353275,36.93464026875285,0.0,0.0,,,200.0,200.0,22.454293214353275,36.93464026875285
M50O0D1,work-2,3501,3.501,50,130.0,0.1061224489795918,5.2,0.98,0.02,5.2,,200,19600.0,228.0,0.0116326530612244,2.28,0.495,378,150,0.98,0.98,25.634408602150536,51.26881720430107,,0,0,23.0,0.0,0.98,0.46,0.26,0.26,0.98,0.46,0.26,0.26,0.98,0.46,0.26,0.26,77469.0,77469.0,22.09001745704519,36.03860060648076,0.0,0.0,,,77469.0,77469.0,22.09001745704519,36.03860060648076,77469.0,48.99999999999999,22.090017457045192,36.03860060648076,0.0,0.0,,,77469.0,48.99999999999999,22.090017457045192,36.03860060648076,49.0,49.0,22.322656852533083,36.80225654595495,0.0,0.0,,,49.0,49.0,22.322656852533083,36.80225654595495,196.0,196.0,21.9299893141252,35.593414480493934,0.0,0.0,,,196.0,196.0,21.9299893141252,35.593414480493934
M50O0D1,work-2,3601,3.601,50,153.0,0.1248979591836734,6.12,0.94,0.0,6.12,,200,19600.0,245.0,0.0125,2.45,0.59,395,150,0.94,0.94,30.54522454142948,61.09044908285895,,0,0,21.0,0.0,0.94,0.42,0.44,0.08,0.94,0.42,0.44,0.08,0.94,0.42,0.44,0.08,74307.0,74307.0,22.377035032721764,35.706227117139804,0.0,0.0,,,74307.0,74307.0,22.377035032721764,35.706227117139804,74307.0,47.0,22.377035032721764,35.706227117139804,0.0,0.0,,,74307.0,47.0,22.377035032721764,35.706227117139804,47.0,47.0,22.40559601181587,37.44478058141813,0.0,0.0,,,47.0,47.0,22.40559601181587,37.44478058141813,188.0,188.0,22.17147064654121,35.80326616201326,0.0,0.0,,,188.0,188.0,22.17147064654121,35.80326616201326
M50O0D1,work-2,3701,3.701,50,132.0,0.1077551020408163,5.28,1.0,0.0,5.28,,200,19600.0,232.0,0.0118367346938775,2.32,0.565,382,150,1.0,1.0,30.394686907020876,60.78937381404175,,0,0,21.0,0.0,1.0,0.42,0.4,0.18,1.0,0.42,0.4,0.18,1.0,0.42,0.4,0.18,79050.0,79050.0,21.98100601587347,34.731337481929536,0.0,0.0,,,79050.0,79050.0,21.98100601587347,34.731337481929536,79050.0,50.0,21.98100601587347,34.731337481929536,0.0,0.0,,,79050.0,50.0,21.98100601587347,34.731337481929536,50.0,50.0,22.160358806229727,32.65707337632598,0.0,0.0,,,50.0,50.0,22.160358806229727,32.65707337632598,200.0,200.0,21.784644125634305,34.48849876087948,0.0,0.0,,,200.0,200.0,21.784644125634305,34.48849876087948
M50O0D1,work-2,3801,3.801,50,123.0,0.1004081632653061,4.92,1.0,0.0,4.92,,200,19600.0,201.0,0.0102551020408163,2.01,0.505,351,150,1.0,1.0,26.10246679316888,52.20493358633776,,0,0,20.0,0.0,1.0,0.4,0.36,0.24,1.0,0.4,0.36,0.24,1.0,0.4,0.36,0.24,79050.0,79050.0,23.86466014635568,37.48934605997565,0.0,0.0,,,79050.0,79050.0,23.86466014635568,37.48934605997565,79050.0,50.0,23.86466014635568,37.48934605997565,0.0,0.0,,,79050.0,50.0,23.86466014635568,37.48934605997565,50.0,50.0,23.529394046888225,36.64761285498653,0.0,0.0,,,50.0,50.0,23.529394046888225,36.64761285498653,200.0,200.0,23.67095024112481,37.27536631604673,0.0,0.0,,,200.0,200.0,23.67095024112481,37.27536631604673
M50O0D1,work-2,3901,3.901,50,123.0,0.1004081632653061,4.92,0.98,0.02,4.92,,200,19600.0,228.0,0.0116326530612244,2.28,0.24,378,150,0.98,0.98,37.08412397216952,74.16824794433903,,0,0,19.0,0.0,0.98,0.38,0.46,0.14,0.98,0.38,0.46,0.14,0.98,0.38,0.46,0.14,77469.0,77469.0,22.66730330543933,34.15762028760408,0.0,0.0,,,77469.0,77469.0,22.66730330543933,34.15762028760408,77469.0,48.99999999999999,22.667303305439333,34.15762028760408,0.0,0.0,,,77469.0,48.99999999999999,22.667303305439333,34.15762028760408,49.0,49.0,22.863548189953598,34.207362838585695,0.0,0.0,,,49.0,49.0,22.863548189953598,34.207362838585695,196.0,196.0,22.39106887603504,33.508761887368046,0.0,0.0,,,196.0,196.0,22.39106887603504,33.508761887368046
M50O0D1,work-2,4001,4.001,50,123.0,0.1004081632653061,4.92,1.0,0.0,4.92,,200,19600.0,210.0,0.0107142857142857,2.1,0.555,360,150,1.0,1.0,30.809614168247943,61.61922833649589,,0,0,19.0,0.0,1.0,0.38,0.44,0.18,1.0,0.38,0.44,0.18,1.0,0.38,0.44,0.18,79050.0,79050.0,22.704461954244582,34.68767031876762,0.0,0.0,,,79050.0,79050.0,22.704461954244582,34.68767031876762,79050.0,50.0,22.70446195424459,34.68767031876762,0.0,0.0,,,79050.0,50.0,22.70446195424459,34.68767031876762,50.0,50.0,22.70218452952457,35.70280239229658,0.0,0.0,,,50.0,50.0,22.70218452952457,35.70280239229658,200.0,200.0,22.48966585532773,34.563884589653426,0.0,0.0,,,200.0,200.0,22.48966585532773,34.563884589653426
M50O0D1,work-2,4101,4.101,50,131.0,0.106938775510204,5.24,0.96,0.04,5.24,,200,19600.0,211.0,0.0107653061224489,2.11,0.475,361,150,0.96,0.96,25.40543959519292,50.81087919038583,,0,0,20.0,0.0,0.96,0.4,0.28,0.28,0.96,0.4,0.28,0.28,0.96,0.4,0.28,0.28,75888.0,75888.0,21.373339533822342,36.39659059889318,0.0,0.0,,,75888.0,75888.0,21.373339533822342,36.39659059889318,75888.0,47.99999999999999,21.37333953382235,36.39659059889318,0.0,0.0,,,75888.0,47.99999999999999,21.37333953382235,36.39659059889318,48.0,48.0,21.461956394272345,38.4530399964144,0.0,0.0,,,48.0,48.0,21.461956394272345,38.4530399964144,192.0,192.0,21.093750490293232,36.77834037907653,0.0,0.0,,,192.0,192.0,21.093750490293232,36.77834037907653
M50O0D1,work-2,4201,4.2010000000000005,50,105.0,0.0857142857142857,4.2,1.0,0.0,4.2,,200,19600.0,195.0,0.0099489795918367,1.95,0.36,345,150,1.0,1.0,28.62745098039216,57.25490196078432,,0,0,17.0,0.0,1.0,0.34,0.3,0.36,1.0,0.34,0.3,0.36,1.0,0.34,0.3,0.36,79050.0,79050.0,22.5278350825144,33.95029749890428,0.0,0.0,,,79050.0,79050.0,22.5278350825144,33.95029749890428,79050.0,50.0,22.527835082514404,33.95029749890428,0.0,0.0,,,79050.0,50.0,22.527835082514404,33.95029749890428,50.0,50.0,22.09587355569226,32.82062207721393,0.0,0.0,,,50.0,50.0,22.09587355569226,32.82062207721393,200.0,200.0,22.34560620158071,33.75091890976418,0.0,0.0,,,200.0,200.0,22.34560620158071,33.75091890976418
M50O0D1,work-2,4301,4.301,50,131.0,0.106938775510204,5.24,1.0,0.0,5.24,,200,19600.0,229.0,0.0116836734693877,2.29,0.57,379,150,1.0,1.0,26.61227071473751,53.22454142947502,,0,0,17.0,0.0,1.0,0.34,0.38,0.28,1.0,0.34,0.38,0.28,1.0,0.34,0.38,0.28,79050.0,79050.0,22.01423497636715,36.39267748437411,0.0,0.0,,,79050.0,79050.0,22.01423497636715,36.39267748437411,79050.0,50.0,22.01423497636715,36.39267748437411,0.0,0.0,,,79050.0,50.0,22.01423497636715,36.39267748437411,50.0,50.0,21.495666192380227,34.283636424332066,0.0,0.0,,,50.0,50.0,21.495666192380227,34.283636424332066,200.0,200.0,21.747883634069886,36.21195976721941,0.0,0.0,,,200.0,200.0,21.747883634069886,36.21195976721941
M50O0D1,work-2,4401,4.401,50,107.0,0.0873469387755102,4.28,0.96,0.04,4.28,,200,19600.0,209.0,0.0106632653061224,2.09,0.455,359,150,0.96,0.96,24.893105629348515,49.78621125869703,,0,0,17.0,0.0,0.96,0.34,0.32,0.3,0.96,0.34,0.32,0.3,0.96,0.34,0.32,0.3,75888.0,75888.0,20.69026428232219,32.906916006258506,0.0,0.0,,,75888.0,75888.0,20.69026428232219,32.906916006258506,75888.0,47.99999999999999,20.690264282322197,32.906916006258506,0.0,0.0,,,75888.0,47.99999999999999,20.690264282322197,32.906916006258506,48.0,48.0,20.175258401599383,32.5349277421474,0.0,0.0,,,48.0,48.0,20.175258401599383,32.5349277421474,192.0,192.0,20.3366064466948,32.39229559507142,0.0,0.0,,,192.0,192.0,20.3366064466948,32.39229559507142
M50O0D1,work-2,4501,4.501,50,119.0,0.0971428571428571,4.76,0.96,0.04,4.76,,200,19600.0,200.0,0.010204081632653,2.0,0.485,350,150,0.96,0.96,22.03921568627451,44.07843137254902,,0,0,18.0,0.0,0.96,0.36,0.32,0.28,0.96,0.36,0.32,0.28,0.96,0.36,0.32,0.28,75888.0,75888.0,21.70822346209609,35.457914384933304,0.0,0.0,,,75888.0,75888.0,21.70822346209609,35.457914384933304,75888.0,47.99999999999999,21.708223462096093,35.457914384933304,0.0,0.0,,,75888.0,47.99999999999999,21.708223462096093,35.457914384933304,48.0,48.0,21.271956561511903,35.9124351607771,0.0,0.0,,,48.0,48.0,21.271956561511903,35.9124351607771,192.0,192.0,21.55273006443096,35.67595407359963,0.0,0.0,,,192.0,192.0,21.55273006443096,35.67595407359963
M50O0D1,work-2,4601,4.601,50,109.0,0.0889795918367346,4.36,0.94,0.06,4.36,,200,19600.0,193.0,0.0098469387755102,1.93,0.51,343,150,0.94,0.94,22.39848197343453,44.79696394686907,,0,0,19.0,0.0,0.94,0.38,0.32,0.24,0.94,0.38,0.32,0.24,0.94,0.38,0.32,0.24,74307.0,74307.0,20.7811557526997,34.1311826609052,0.0,0.0,,,74307.0,74307.0,20.7811557526997,34.1311826609052,74307.0,47.0,20.781155752699703,34.1311826609052,0.0,0.0,,,74307.0,47.0,20.781155752699703,34.1311826609052,47.0,47.0,20.478015561875885,35.195428318181,0.0,0.0,,,47.0,47.0,20.478015561875885,35.195428318181,188.0,188.0,20.65087975245822,34.73998930082628,0.0,0.0,,,188.0,188.0,20.65087975245822,34.73998930082628
M50O0D1,work-2,4701,4.7010000000000005,50,116.0,0.0946938775510204,4.64,0.98,0.02,4.64,,200,19600.0,211.0,0.0107653061224489,2.11,0.44,361,150,0.98,0.98,29.695129664769134,59.39025932953827,,0,0,20.0,0.0,0.98,0.4,0.38,0.2,0.98,0.4,0.38,0.2,0.98,0.4,0.38,0.2,77469.0,77469.0,20.861427281199568,34.537806989543974,0.0,0.0,,,77469.0,77469.0,20.861427281199568,34.537806989543974,77469.0,48.99999999999999,20.86142728119957,34.537806989543974,0.0,0.0,,,77469.0,48.99999999999999,20.86142728119957,34.537806989543974,49.0,49.0,20.3726620124068,34.36024048787079,0.0,0.0,,,49.0,49.0,20.3726620124068,34.36024048787079,196.0,196.0,20.65220765250558,34.35995415036571,0.0,0.0,,,196.0,196.0,20.65220765250558,34.35995415036571
M50O0D1,work-2,4801,4.801,50,132.0,0.1077551020408163,5.28,1.0,0.0,5.28,,200,19600.0,226.0,0.0115306122448979,2.26,0.405,376,150,1.0,1.0,33.56989247311828,67.13978494623656,,0,0,23.0,0.0,1.0,0.46,0.32,0.22,1.0,0.46,0.32,0.22,1.0,0.46,0.32,0.22,79050.0,79050.0,22.58583713505041,35.768226219570856,0.0,0.0,,,79050.0,79050.0,22.58583713505041,35.768226219570856,79050.0,50.0,22.58583713505041,35.768226219570856,0.0,0.0,,,79050.0,50.0,22.58583713505041,35.768226219570856,50.0,50.0,21.66907942684056,34.11392006135985,0.0,0.0,,,50.0,50.0,21.66907942684056,34.11392006135985,200.0,200.0,22.46024250393385,35.01675455510944,0.0,0.0,,,200.0,200.0,22.46024250393385,35.01675455510944
M50O0D1,work-2,4901,4.901,50,137.0,0.1118367346938775,5.48,0.98,0.02,5.48,,200,19600.0,246.0,0.0125510204081632,2.46,0.555,396,150,0.98,0.98,28.43010752688172,56.86021505376344,,0,0,21.0,0.0,0.98,0.42,0.42,0.14,0.98,0.42,0.42,0.14,0.98,0.42,0.42,0.14,77469.0,77469.0,23.184233290554637,37.103009832085135,0.0,0.0,,,77469.0,77469.0,23.184233290554637,37.103009832085135,77469.0,48.99999999999999,23.18423329055464,37.103009832085135,0.0,0.0,,,77469.0,48.99999999999999,23.18423329055464,37.103009832085135,49.0,49.0,23.045774454160995,38.98889570360266,0.0,0.0,,,49.0,49.0,23.045774454160995,38.98889570360266,196.0,196.0,22.94353492467508,36.69985827062262,0.0,0.0,,,196.0,196.0,22.94353492467508,36.69985827062262
M10O90-S2,work-2,1001,1.001,100,77.0,0.0155555555555555,1.54,0.23,0.26,3.7,1.3,130,8325.0,86.0,0.0103303303303303,1.323076923076923,0.1153846153846153,106,20,0.1307692307692307,0.1332296204107032,51.568139390168014,64.63630613535737,121.92283950617283,0,0,,,,,,,,,,,,,,,,,,,,,,,,,,,,,,,,,,,,,,,,,,,,,,,,,,,,,,,,,,,,,,
M10O90-S2,work-2,1101,1.101,100,70.0,0.0141414141414141,1.4,0.4,0.25,3.9,1.1222222222222222,130,8325.0,77.0,0.0092492492492492,1.1846153846153846,0.0923076923076923,97,20,0.123076923076923,0.1235220908525202,44.70649242895665,53.92789373814042,106.7283950617284,0,0,,,,,,,,,,,,,,,,,,,,,,,,,,,,,,,,,,,,,,,,,,,,,,,,,,,,,,,,,,,,,,
M10O90-S2,work-2,1201,1.201,100,59.0,0.0119191919191919,1.18,0.1,0.28,2.8,1.0,130,8325.0,64.0,0.0076876876876876,0.9846153846153848,0.0461538461538461,84,20,0.0923076923076923,0.0925326695706285,38.56461315079859,46.54648956356736,92.05246913580248,0,0,,,,,,,,,,,,,,,,,,,,,,,,,,,,,,,,,,,,,,,,,,,,,,,,,,,,,,,,,,,,,,
M10O90-S2,work-2,1301,1.301,100,61.0,0.0123232323232323,1.22,0.18,0.3,3.6,0.9555555555555556,130,8325.0,67.0,0.008048048048048,1.0307692307692309,0.0538461538461538,87,20,0.0769230769230769,0.0769135034225264,33.99087326280855,28.304870335230863,87.3425925925926,0,0,,,,,,,,,,,,,,,,,,,,,,,,,,,,,,,,,,,,,,,,,,,,,,,,,,,,,,,,,,,,,,
M10O90-S2,work-2,1401,1.401,100,62.0,0.0125252525252525,1.24,0.11,0.29,2.8,1.0666666666666669,130,8325.0,66.0,0.0079279279279279,1.015384615384615,0.0615384615384615,86,20,0.0692307692307692,0.0726197884256378,47.07322132337689,46.3314358001265,117.4783950617284,0,0,,,,,,,,,,,,,,,,,,,,,,,,,,,,,,,,,,,,,,,,,,,,,,,,,,,,,,,,,,,,,,
M10O90-S2,work-2,1501,1.501,100,70.0,0.0141414141414141,1.4,0.19,0.3,3.5,1.1666666666666667,130,8325.0,74.0,0.0088888888888888,1.1384615384615384,0.0692307692307692,94,20,0.0769230769230769,0.0769135034225264,38.34266749637005,42.51739405439595,93.35802469135804,0,0,,,,,,,,,,,,,,,,,,,,,,,,,,,,,,,,,,,,,,,,,,,,,,,,,,,,,,,,,,,,,,
M10O90-S2,work-2,1601,1.601,100,61.0,0.0123232323232323,1.22,0.13,0.29,2.7,1.0555555555555556,130,8325.0,71.0,0.0085285285285285,1.0923076923076922,0.0538461538461538,91,20,0.0769230769230769,0.0775980087118855,48.60402406139805,60.6831119544592,115.03086419753086,0,0,,,,,,,,,,,,,,,,,,,,,,,,,,,,,,,,,,,,,,,,,,,,,,,,,,,,,,,,,,,,,,
M10O90-S2,work-2,1701,1.701,100,45.0,0.009090909090909,0.9,0.15,0.37,2.7,0.7,130,8325.0,49.0,0.0058858858858858,0.7538461538461538,0.0538461538461538,69,20,0.0692307692307692,0.0726197884256378,33.97635345364032,36.60341555977229,83.25,0,0,,,,,,,,,,,,,,,,,,,,,,,,,,,,,,,,,,,,,,,,,,,,,,,,,,,,,,,,,,,,,,
M10O90-S2,work-2,1801,1.801,100,63.0,0.0127272727272727,1.26,0.24,0.29,3.2,1.0444444444444445,130,8325.0,68.0,0.0081681681681681,1.0461538461538462,0.0692307692307692,88,20,0.0923076923076923,0.0943372744243932,47.334577888404894,45.78115117014548,118.5246913580247,0,0,,,,,,,,,,,,,,,,,,,,,,,,,,,,,,,,,,,,,,,,,,,,,,,,,,,,,,,,,,,,,,
M10O90-S2,work-2,1901,1.901,100,72.0,0.0145454545454545,1.44,0.43,0.32,4.5,1.1,130,8325.0,84.0,0.01009009009009,1.2923076923076924,0.123076923076923,104,20,0.1769230769230769,0.1794026135656503,45.88674548848787,58.34914611005693,108.08333333333331,0,0,,,,,,,,,,,,,,,,,,,,,,,,,,,,,,,,,,,,,,,,,,,,,,,,,,,,,,,,,,,,,,
M10O90-S2,work-2,2001,2.001,100,63.0,0.0127272727272727,1.26,0.19,0.31,3.4,1.022222222222222,130,8325.0,69.0,0.0082882882882882,1.0615384615384615,0.0769230769230769,89,20,0.0846153846153846,0.0879900435594275,36.17714167185231,42.8842504743833,86.73456790123457,0,0,,,,,,,,,,,,,,,,,,,,,,,,,,,,,,,,,,,,,,,,,,,,,,,,,,,,,,,,,,,,,,
M10O90-S2,work-2,2101,2.101,100,76.0,0.0153535353535353,1.52,0.2,0.3,3.7,1.2777777777777777,130,8325.0,89.0,0.0106906906906906,1.3692307692307693,0.0923076923076923,109,20,0.1,0.1,51.48516905206389,77.69765970904491,115.30246913580248,0,0,,,,,,,,,,,,,,,,,,,,,,,,,,,,,,,,,,,,,,,,,,,,,,,,,,,,,,,,,,,,,,
M10O90-S2,work-2,2201,2.201,100,58.0,0.0117171717171717,1.16,0.16,0.37,2.8,0.9777777777777776,130,8325.0,66.0,0.0079279279279279,1.015384615384615,0.0846153846153846,86,20,0.1153846153846153,0.114934660858743,42.22982783654843,46.00885515496521,103.22222222222224,1,124,,,,,,,,,,,,,,,,,,,,,,,,,,,,,,,,,,,,,,,,,,,,,,,,,,,,,,,,,,,,,,
M10O90-S2,work-2,2301,2.301,100,66.0,0.0133333333333333,1.32,0.24,0.25,3.0,1.1333333333333333,130,8325.0,75.0,0.009009009009009,1.1538461538461535,0.1153846153846153,95,20,0.123076923076923,0.1248911014312383,46.40323584318606,45.483870967741936,115.89814814814817,1,77,,,,,,,,,,,,,,,,,,,,,,,,,,,,,,,,,,,,,,,,,,,,,,,,,,,,,,,,,,,,,,
M10O90-S2,work-2,2401,2.401,100,64.0,0.0129292929292929,1.28,0.1,0.24,2.9,1.1,130,8325.0,70.0,0.0084084084084084,1.0769230769230769,0.0769230769230769,90,20,0.0923076923076923,0.0925326695706285,44.51566065131716,49.74699557242252,108.20061728395062,2,514,,,,,,,,,,,,,,,,,,,,,,,,,,,,,,,,,,,,,,,,,,,,,,,,,,,,,,,,,,,,,,
M10O90-S2,work-2,2501,2.501,100,58.0,0.0117171717171717,1.16,0.11,0.3,2.9,0.9666666666666668,130,8325.0,65.0,0.0078078078078078,1.0,0.0692307692307692,85,20,0.0769230769230769,0.0769135034225264,35.39722049367351,32.232764073371285,89.61111111111111,0,0,,,,,,,,,,,,,,,,,,,,,,,,,,,,,,,,,,,,,,,,,,,,,,,,,,,,,,,,,,,,,,
M10O90-S2,work-2,2601,2.601,100,78.0,0.0157575757575757,1.56,0.43,0.31,5.0,1.1777777777777778,130,8325.0,90.0,0.0108108108108108,1.3846153846153846,0.1076923076923077,110,20,0.1153846153846153,0.1185438705662725,53.28147687201825,71.62555344718533,123.61111111111111,0,0,,,,,,,,,,,,,,,,,,,,,,,,,,,,,,,,,,,,,,,,,,,,,,,,,,,,,,,,,,,,,,
M10O90-S2,work-2,2701,2.701,100,64.0,0.0129292929292929,1.28,0.19,0.32,3.3,1.0555555555555556,130,8325.0,70.0,0.0084084084084084,1.0769230769230769,0.0538461538461538,90,20,0.0846153846153846,0.0868699439950217,52.966189587222566,65.65464895635674,125.58641975308642,1,42,,,,,,,,,,,,,,,,,,,,,,,,,,,,,,,,,,,,,,,,,,,,,,,,,,,,,,,,,,,,,,
M10O90-S2,work-2,2801,2.801,100,65.0,0.0131313131313131,1.3,0.22,0.29,3.7,1.0333333333333334,130,8325.0,73.0,0.0087687687687687,1.123076923076923,0.0538461538461538,93,20,0.0769230769230769,0.0787181082762912,43.52416511097282,61.09424414927261,99.71296296296296,0,0,,,,,,,,,,,,,,,,,,,,,,,,,,,,,,,,,,,,,,,,,,,,,,,,,,,,,,,,,,,,,,
M10O90-S2,work-2,2901,2.901,100,62.0,0.0125252525252525,1.24,0.2,0.39,3.3,1.011111111111111,130,8325.0,74.0,0.0088888888888888,1.1384615384615384,0.0769230769230769,94,20,0.0769230769230769,0.0757934038581207,41.18647583488903,45.84440227703985,100.19753086419752,0,0,,,,,,,,,,,,,,,,,,,,,,,,,,,,,,,,,,,,,,,,,,,,,,,,,,,,,,,,,,,,,,
M10O90-S2,work-2,3001,3.001,100,74.0,0.0149494949494949,1.48,0.19,0.3,4.8,1.1111111111111112,130,8325.0,84.0,0.01009009009009,1.2923076923076924,0.1076923076923077,104,20,0.1307692307692307,0.1345986309894213,50.190831777639495,74.00379506641366,113.25308641975307,0,0,,,,,,,,,,,,,,,,,,,,,,,,,,,,,,,,,,,,,,,,,,,,,,,,,,,,,,,,,,,,,,
M10O90-S2,work-2,3101,3.101,100,51.0,0.0103030303030303,1.02,0.06,0.32,2.1,0.9,130,8325.0,59.0,0.007087087087087,0.9076923076923076,0.0461538461538461,79,20,0.0461538461538461,0.0484131922837585,40.93341630367144,45.64199873497786,99.54320987654322,1,51,,,,,,,,,,,,,,,,,,,,,,,,,,,,,,,,,,,,,,,,,,,,,,,,,,,,,,,,,,,,,,
M10O90-S2,work-2,3201,3.201,100,64.0,0.0129292929292929,1.28,0.11,0.34,2.5,1.1444444444444444,130,8325.0,71.0,0.0085285285285285,1.0923076923076922,0.0615384615384615,91,20,0.0615384615384615,0.0626633478531425,36.27048330221945,26.62239089184061,94.94753086419752,0,0,,,,,,,,,,,,,,,,,,,,,,,,,,,,,,,,,,,,,,,,,,,,,,,,,,,,,,,,,,,,,,
M10O90-S2,work-2,3301,3.301,100,63.0,0.0127272727272727,1.26,0.11,0.31,2.8,1.0888888888888888,130,8325.0,66.0,0.0079279279279279,1.015384615384615,0.0615384615384615,86,20,0.0692307692307692,0.0694461729931549,43.61750674133997,37.07779886148008,111.70987654320987,0,0,,,,,,,,,,,,,,,,,,,,,,,,,,,,,,,,,,,,,,,,,,,,,,,,,,,,,,,,,,,,,,
M10O90-S2,work-2,3401,3.401,100,58.0,0.0117171717171717,1.16,0.22,0.38,3.1,0.9444444444444444,130,8325.0,63.0,0.0075675675675675,0.9692307692307692,0.0538461538461538,83,20,0.1,0.1024891101431238,46.09624559220079,58.741302972802025,108.51543209876544,0,0,,,,,,,,,,,,,,,,,,,,,,,,,,,,,,,,,,,,,,,,,,,,,,,,,,,,,,,,,,,,,,
M10O90-S2,work-2,3501,3.501,100,80.0,0.0161616161616161,1.6,0.11,0.3,3.6,1.3777777777777778,130,8325.0,85.0,0.0102102102102102,1.3076923076923077,0.0692307692307692,105,20,0.0692307692307692,0.0694461729931549,44.787388508608174,32.536369386464266,117.4074074074074,0,0,,,,,,,,,,,,,,,,,,,,,,,,,,,,,,,,,,,,,,,,,,,,,,,,,,,,,,,,,,,,,,
M10O90-S2,work-2,3601,3.601,100,73.0,0.0147474747474747,1.46,0.32,0.32,4.0,1.1777777777777778,130,8325.0,85.0,0.0102102102102102,1.3076923076923077,0.1,105,20,0.1153846153846153,0.1171748599875544,50.60983198506534,62.07463630613536,120.320987654321,0,0,,,,,,,,,,,,,,,,,,,,,,,,,,,,,,,,,,,,,,,,,,,,,,,,,,,,,,,,,,,,,,
M10O90-S2,work-2,3701,3.701,100,74.0,0.0149494949494949,1.48,0.19,0.31,4.0,1.2,130,8325.0,84.0,0.01009009009009,1.2923076923076924,0.0615384615384615,104,20,0.0923076923076923,0.0929682638456751,43.99709603816636,53.16888045540797,104.98765432098766,0,0,,,,,,,,,,,,,,,,,,,,,,,,,,,,,,,,,,,,,,,,,,,,,,,,,,,,,,,,,,,,,,
M10O90-S2,work-2,3801,3.801,100,68.0,0.0137373737373737,1.36,0.11,0.2,2.4,1.2444444444444445,130,8325.0,74.0,0.0088888888888888,1.1384615384615384,0.0615384615384615,94,20,0.0615384615384615,0.0615432482887367,50.33810412777432,39.17141049968375,130.68827160493828,0,0,,,,,,,,,,,,,,,,,,,,,,,,,,,,,,,,,,,,,,,,,,,,,,,,,,,,,,,,,,,,,,
M10O90-S2,work-2,3901,3.901,100,70.0,0.0141414141414141,1.4,0.3,0.37,4.3,1.0777777777777775,130,8325.0,79.0,0.0094894894894894,1.2153846153846153,0.1,99,20,0.1923076923076923,0.195457373988799,39.53951462352209,64.78810879190385,86.05246913580247,0,0,,,,,,,,,,,,,,,,,,,,,,,,,,,,,,,,,,,,,,,,,,,,,,,,,,,,,,,,,,,,,,
M10O90-S2,work-2,4001,4.001,100,57.0,0.0115151515151515,1.14,0.09,0.38,2.5,0.9888888888888888,130,8325.0,59.0,0.007087087087087,0.9076923076923076,0.0692307692307692,79,20,0.0769230769230769,0.0757934038581207,33.38104127774321,14.901960784313726,92.0679012345679,0,0,,,,,,,,,,,,,,,,,,,,,,,,,,,,,,,,,,,,,,,,,,,,,,,,,,,,,,,,,,,,,,
M10O90-S2,work-2,4101,4.101,100,76.0,0.0153535353535353,1.52,0.5,0.35,4.0,1.2444444444444445,130,8325.0,87.0,0.0104504504504504,1.3384615384615384,0.1769230769230769,107,20,0.2846153846153846,0.2855009334163036,45.75606720597386,61.66350411132195,106.07716049382717,0,0,,,,,,,,,,,,,,,,,,,,,,,,,,,,,,,,,,,,,,,,,,,,,,,,,,,,,,,,,,,,,,
M10O90-S2,work-2,4201,4.2010000000000005,100,76.0,0.0153535353535353,1.52,0.32,0.23,3.7,1.2777777777777777,130,8325.0,83.0,0.0099699699699699,1.2769230769230768,0.0615384615384615,103,20,0.1153846153846153,0.1189794648413192,51.300560049782206,52.96015180265655,126.82407407407408,1,134,,,,,,,,,,,,,,,,,,,,,,,,,,,,,,,,,,,,,,,,,,,,,,,,,,,,,,,,,,,,,,
M10O90-S2,work-2,4301,4.301,100,67.0,0.0135353535353535,1.34,0.22,0.32,4.3,1.011111111111111,130,8325.0,80.0,0.0096096096096096,1.2307692307692308,0.0846153846153846,100,20,0.0846153846153846,0.085065339141257,39.53329184816428,61.73308032890576,87.5246913580247,0,0,,,,,,,,,,,,,,,,,,,,,,,,,,,,,,,,,,,,,,,,,,,,,,,,,,,,,,,,,,,,,,
M10O90-S2,work-2,4401,4.401,100,74.0,0.0149494949494949,1.48,0.32,0.26,4.2,1.1777777777777778,130,8325.0,84.0,0.01009009009009,1.2923076923076924,0.1153846153846153,104,20,0.2076923076923077,0.2115121344119477,49.31549471064095,55.483870967741936,119.6851851851852,1,211,,,,,,,,,,,,,,,,,,,,,,,,,,,,,,,,,,,,,,,,,,,,,,,,,,,,,,,,,,,,,,
M10O90-S2,work-2,4501,4.501,100,56.0,0.0113131313131313,1.12,0.25,0.39,3.2,0.8888888888888888,130,8325.0,62.0,0.0074474474474474,0.953846153846154,0.0846153846153846,82,20,0.2,0.2029247044181705,37.50466708151836,33.32068311195446,95.35185185185183,0,0,,,,,,,,,,,,,,,,,,,,,,,,,,,,,,,,,,,,,,,,,,,,,,,,,,,,,,,,,,,,,,
M10O90-S2,work-2,4601,4.601,100,65.0,0.0131313131313131,1.3,0.14,0.28,2.9,1.1222222222222222,130,8325.0,72.0,0.0086486486486486,1.1076923076923078,0.0538461538461538,92,20,0.0538461538461538,0.055196017423771,38.64758348890272,41.38519924098672,94.8179012345679,1,190,,,,,,,,,,,,,,,,,,,,,,,,,,,,,,,,,,,,,,,,,,,,,,,,,,,,,,,,,,,,,,
M10O90-S2,work-2,4701,4.7010000000000005,100,70.0,0.0141414141414141,1.4,0.18,0.33,2.8,1.2444444444444445,130,8325.0,74.0,0.0088888888888888,1.1384615384615384,0.0923076923076923,94,20,0.1461538461538461,0.1459240821406347,46.50072599045841,30.967741935483872,123.2716049382716,1,79,,,,,,,,,,,,,,,,,,,,,,,,,,,,,,,,,,,,,,,,,,,,,,,,,,,,,,,,,,,,,,
M10O90-S2,work-2,4801,4.801,100,84.0,0.0169696969696969,1.68,0.46,0.18,4.5,1.3666666666666667,130,8325.0,94.0,0.0112912912912912,1.446153846153846,0.123076923076923,114,20,0.2153846153846154,0.2196639701306783,63.52209085252022,65.16761543327009,157.23765432098764,1,40,,,,,,,,,,,,,,,,,,,,,,,,,,,,,,,,,,,,,,,,,,,,,,,,,,,,,,,,,,,,,,
M10O90-S2,work-2,4901,4.901,100,73.0,0.0147474747474747,1.46,0.17,0.29,4.3,1.1444444444444444,130,8325.0,81.0,0.0097297297297297,1.2461538461538462,0.1153846153846153,101,20,0.1153846153846153,0.1131300560049782,50.70939639079029,60.20872865275143,121.52777777777776,0,0,,,,,,,,,,,,,,,,,,,,,,,,,,,,,,,,,,,,,,,,,,,,,,,,,,,,,,,,,,,,,,
M10O90D1-S2,work-2,1001,1.001,100,147.0,0.0296969696969696,2.94,0.54,0.24,6.2,2.577777777777778,130,8325.0,157.0,0.0188588588588588,2.4153846153846152,0.4076923076923077,177,20,0.4769230769230769,0.4769135034225264,68.00456336859573,83.37760910815939,161.69135802469137,0,0,6.0,27.0,0.4727272727272727,0.3,0.109090909090909,0.0636363636363636,0.4769135034225264,0.2986309894212819,0.1074673304293715,0.070815183571873,0.49,0.33,0.12,0.07,22992.0,22992.0,11.629765667683625,27.959193135931297,15120.0,15120.0,8.357864506389797,16.07955404055451,7872.0,7872.0,17.914209971388225,33.8194980885817,22992.0,49.0,9.677397247700856,22.271586858371936,15120.0,41.99999999999999,8.357864506389799,16.109544687959236,7872.0,7.0,17.594593695567205,32.147938594135745,52.0,52.0,9.160260649222662,19.1486509430024,42.0,42.0,7.313513247208911,15.032914634514922,10.0,10.0,16.916599737680425,21.72865428972693,62.0,62.0,10.579643459348166,28.744456608990028,42.0,42.0,7.313513247208911,15.032914634514922,20.0,20.0,17.438516904840604,31.75840566008582
M10O90D1-S2,work-2,1101,1.101,100,142.0,0.0286868686868686,2.84,0.51,0.28,5.7,2.522222222222222,130,8325.0,149.0,0.0178978978978978,2.292307692307692,0.3538461538461538,169,20,0.3923076923076923,0.3911636589919104,58.03775150383738,54.86401012017711,145.94444444444446,0,0,7.0,28.0,0.3909090909090909,0.3181818181818182,0.0636363636363636,0.009090909090909,0.3911636589919104,0.3228375855631611,0.0608587429993777,0.0074673304293715,0.43,0.35,0.07,0.01,18858.0,18858.0,7.964683875030673,16.487805093717927,12600.0,12600.0,5.600500670681167,12.135511433404846,6258.0,6258.0,12.724784286472632,21.26017376166598,18858.0,43.0,6.934942117668066,14.188952001283775,12600.0,35.0,5.600500670681166,12.13878740431066,6258.0,7.999999999999999,12.773123448235754,21.30369486911866,43.0,43.0,5.643480005366255,12.164103632584943,35.0,35.0,4.362869497106647,11.6708921875903,8.0,8.0,11.24615097900204,19.559024153965726,51.0,51.0,6.77200658704627,13.198087274192856,35.0,35.0,4.362869497106647,11.6708921875903,16.0,16.0,12.041993971289193,19.36119578166098
M10O90D1-S2,work-2,1201,1.201,100,147.0,0.0296969696969696,2.94,0.48,0.24,6.4,2.555555555555556,130,8325.0,156.0,0.0187387387387387,2.4,0.3384615384615385,176,20,0.3846153846153846,0.3832607342874922,59.5478116573325,57.66603415559772,149.070987654321,0,0,6.0,27.0,0.3909090909090909,0.3,0.0636363636363636,0.0272727272727272,0.3832607342874922,0.2993154947106409,0.0615432482887367,0.0224019912881145,0.42,0.33,0.07,0.03,18477.0,18477.0,8.096362390004433,17.696535580991412,12960.0,12960.0,7.230756127442232,15.8322472106194,5517.0,5517.0,10.12976046192869,22.177521261734327,18477.0,42.0,7.695550278489908,16.77578233410923,12960.0,36.0,7.230756127442232,15.833433348793742,5517.0,5.999999999999999,10.484315184775967,22.91327655953149,43.0,43.0,6.345386984229799,15.18817326676584,36.0,36.0,5.853944830035975,15.346623663734428,7.0,7.0,8.872803777226608,13.64487911914563,50.0,50.0,6.888088819582878,15.840347780233389,36.0,36.0,5.853944830035975,15.346623663734428,14.0,14.0,9.547316221274908,23.108695913716616
M10O90D1-S2,work-2,1301,1.301,100,152.0,0.0307070707070707,3.04,0.66,0.2,6.6,2.6444444444444444,130,8325.0,166.0,0.0199399399399399,2.5538461538461537,0.4538461538461538,186,20,0.4923076923076923,0.4932171748599875,72.58245177349097,89.32953826691967,172.4104938271605,0,0,6.0,28.0,0.4909090909090909,0.3090909090909091,0.1272727272727272,0.0545454545454545,0.4932171748599875,0.3074673304293715,0.1316739265712507,0.0540759178593652,0.53,0.34,0.14,0.06,23778.0,23778.0,10.504637611647942,23.53405925419552,15840.0,15840.0,8.55421597139853,19.720209032199783,7938.0,7938.0,14.396635442531126,25.5823565247864,23778.0,52.99999999999999,9.567128835921311,22.2256318061238,15840.0,43.99999999999999,8.554215971398534,19.732895293506218,7938.0,9.0,14.519147284699336,25.590003843962844,54.0,54.0,8.54929455275403,20.330321729835543,44.0,44.0,7.444701556466255,20.330321729835543,10.0,10.0,13.409503736420252,18.771484707635658,64.0,64.0,9.476392523562694,22.63296005371975,44.0,44.0,7.444701556466255,20.330321729835543,20.0,20.0,13.946112651174865,23.36445170745352
M10O90D1-S2,work-2,1401,1.401,100,136.0,0.0274747474747474,2.72,0.58,0.28,6.1,2.344444444444445,130,8325.0,151.0,0.0181381381381381,2.3230769230769237,0.3846153846153846,171,20,0.4153846153846154,0.4167392657125078,61.254926363824936,71.84693232131562,147.2314814814815,0,0,6.0,28.0,0.4090909090909091,0.3090909090909091,0.0818181818181818,0.0181818181818181,0.4167392657125078,0.3074673304293715,0.085749844430616,0.0235220908525202,0.44,0.34,0.09,0.02,20091.0,20091.0,7.798782056230816,17.497508752473056,12960.0,12960.0,5.895018612309968,11.558367312982032,7131.0,7131.0,11.258713935800897,20.969519798710053,20091.0,44.0,6.827081279875114,14.117060915979724,12960.0,36.0,5.895018612309967,11.561292754715536,7131.0,7.999999999999999,11.021363283918278,21.30320577078962,45.0,45.0,5.702861913441328,11.34201290361108,36.0,36.0,4.596480460586055,10.496434199049643,9.0,9.0,10.128387724862424,23.46420118957405,54.0,54.0,6.680762530035231,17.46069477423498,36.0,36.0,4.596480460586055,10.496434199049643,18.0,18.0,10.849326668933577,19.51947741156776
M10O90D1-S2,work-2,1501,1.501,100,130.0,0.0262626262626262,2.6,0.41,0.25,5.1,2.3222222222222224,130,8325.0,134.0,0.016096096096096,2.0615384615384613,0.3153846153846154,154,20,0.3384615384615385,0.3366521468574984,56.16469612113669,46.39468690702088,144.5030864197531,0,0,5.0,30.0,0.3454545454545454,0.3181818181818182,0.0181818181818181,0.009090909090909,0.3366521468574984,0.3056627255756067,0.0235220908525202,0.0074673304293715,0.38,0.35,0.02,0.01,16230.0,16230.0,7.084391172767234,16.007139097476543,11520.0,11520.0,4.978076019204715,10.729611519138835,4710.0,4710.0,12.236142885939255,22.652692217850632,16230.0,37.99999999999999,6.131819333251103,13.84460370886526,11520.0,32.0,4.978076019204715,10.729611519138835,4710.0,6.0,12.285117008165154,22.75857132881029,38.0,38.0,4.634142371104481,12.199545962959558,32.0,32.0,3.47177860494258,5.053170647429496,6.0,6.0,10.83341579063462,16.700199160856116,44.0,44.0,5.66428571734314,15.259808954047202,32.0,32.0,3.47177860494258,5.053170647429496,12.0,12.0,11.510971350411303,19.623714163360244
M10O90D1-S2,work-2,1601,1.601,100,123.0,0.0248484848484848,2.46,0.55,0.31,5.3,2.1444444444444444,130,8325.0,132.0,0.0158558558558558,2.0307692307692307,0.3230769230769231,152,20,0.3538461538461538,0.3522713130056005,59.159925326695706,55.28779253636939,149.07716049382717,0,0,4.0,30.0,0.3636363636363636,0.3090909090909091,0.0272727272727272,0.0272727272727272,0.3522713130056005,0.289607965152458,0.0309894212818917,0.0316739265712507,0.4,0.34,0.03,0.03,16983.0,16983.0,7.143966595247867,17.099280355247735,12240.0,12240.0,5.163315099148725,9.824508539939718,4743.0,4743.0,12.25532529485856,23.554811409553785,16983.0,39.99999999999999,6.233805976449265,14.468696911657997,12240.0,33.99999999999999,5.163315099148725,9.825088774756397,4743.0,5.999999999999999,12.29992094781899,23.564384483013345,40.0,40.0,4.903949530785202,10.75271568869072,34.0,34.0,3.782680152707587,7.529575765471685,6.0,6.0,11.257809339891688,19.957847105882667,46.0,46.0,5.830023059919631,16.98443200710829,34.0,34.0,3.782680152707587,7.529575765471685,12.0,12.0,11.630827963687096,22.090875771258517
M10O90D1-S2,work-2,1701,1.701,100,164.0,0.0331313131313131,3.28,0.61,0.19,7.1,2.855555555555556,130,8325.0,174.0,0.0209009009009009,2.6769230769230767,0.3692307692307692,194,20,0.5384615384615384,0.5377722464219041,77.89255341215515,74.16824794433903,195.61111111111111,0,0,5.0,29.0,0.5363636363636364,0.3090909090909091,0.1,0.1272727272727272,0.5377722464219041,0.2981953951462352,0.1085874299937772,0.1309894212818917,0.56,0.34,0.11,0.13,25926.0,25926.0,14.04095640825087,32.33533275774567,17280.0,17280.0,10.790021813281614,28.68169464093183,8646.0,8646.0,20.538313544622465,36.6534474904614,25926.0,56.0,12.012019659545004,29.95562764239784,17280.0,48.0,10.790021813281616,28.692098398641505,8646.0,7.999999999999999,19.34400673712533,34.723464767704954,59.0,59.0,11.674998263627929,29.308467675394837,48.0,48.0,9.76974860948573,26.645531614020527,11.0,11.0,19.98881493624842,29.308467675394837,70.0,70.0,13.11117690286063,31.19555872881798,48.0,48.0,9.76974860948573,26.645531614020527,22.0,22.0,20.40156590658768,32.47748537821707
M10O90D1-S2,work-2,1801,1.801,100,138.0,0.0278787878787878,2.76,0.56,0.27,5.4,2.466666666666667,130,8325.0,147.0,0.0176576576576576,2.261538461538461,0.3615384615384615,167,20,0.4307692307692308,0.4291848164281269,59.69300974901473,51.321948134092345,152.59876543209876,0,0,5.0,29.0,0.4363636363636363,0.3090909090909091,0.0818181818181818,0.0454545454545454,0.4291848164281269,0.2981953951462352,0.0936527691350342,0.0373366521468574,0.46,0.34,0.08,0.05,20691.0,20691.0,9.24370578138647,20.86369415182376,14400.0,14400.0,7.47508482264453,18.53173999897554,6291.0,6291.0,13.29205132357117,23.70847444574864,20691.0,46.00000000000001,8.242880592613155,19.71045159400879,14400.0,40.0,7.475084822644531,18.532612856655607,6291.0,5.999999999999999,13.361519059070648,24.13297803567557,48.0,48.0,7.272186270463113,18.896645943691706,40.0,40.0,6.284214573020532,18.02378488786809,8.0,8.0,12.212044757676017,18.896645943691706,56.0,56.0,8.167925409173295,19.629152837325645,40.0,40.0,6.284214573020532,18.02378488786809,16.0,16.0,12.877202499555205,20.560840300487605
M10O90D1-S2,work-2,1901,1.901,100,145.0,0.0292929292929292,2.9,0.61,0.18,6.1,2.5444444444444443,130,8325.0,166.0,0.0199399399399399,2.5538461538461537,0.4230769230769231,186,20,0.4769230769230769,0.4782825140012445,73.93071976768306,67.97596457938013,186.84259259259255,0,0,6.0,29.0,0.4727272727272727,0.3181818181818182,0.0909090909090909,0.0636363636363636,0.4782825140012445,0.314934660858743,0.111076540136901,0.0522713130056005,0.51,0.35,0.1,0.07,23058.0,23058.0,10.507801441263616,25.965230146763076,15120.0,15120.0,9.981068706135598,30.61805766049643,7938.0,7938.0,11.511101889126502,22.73264291641299,23058.0,51.0,10.271206490045188,27.34552825471378,15120.0,41.99999999999999,9.9810687061356,30.62872887407412,7938.0,9.0,11.62518281495661,22.67960984565485,52.0,52.0,9.23995661667173,26.32376535235273,42.0,42.0,8.799281779175598,28.010734401498475,10.0,10.0,11.090790934155487,17.38232300822702,62.0,62.0,9.598630633839266,26.32376535235273,42.0,42.0,8.799281779175598,28.010734401498475,20.0,20.0,11.277263228632972,22.45791744533535
M10O90D1-S2,work-2,2001,2.001,100,139.0,0.028080808080808,2.78,0.47,0.24,6.2,2.4,130,8325.0,152.0,0.0182582582582582,2.3384615384615386,0.3076923076923077,172,20,0.3538461538461538,0.3540759178593652,63.15287284795686,85.93295382669197,146.00617283950618,0,0,5.0,28.0,0.3545454545454545,0.3090909090909091,0.0363636363636363,0.009090909090909,0.3540759178593652,0.3074673304293715,0.029869321717486,0.0167392657125077,0.38,0.33,0.04,0.01,17070.0,17070.0,8.698136165950617,24.11689739774249,11520.0,11520.0,6.221554614307047,12.8454820663643,5550.0,5550.0,13.8387162515243,33.17729330153555,17070.0,37.99999999999999,7.576187348181114,20.15162050854888,11520.0,32.0,6.221554614307047,12.8454820663643,5550.0,5.999999999999999,14.80089526217614,33.45911541794529,39.0,39.0,6.311692109913502,17.131176244698864,32.0,32.0,4.864274621775231,11.491904511531704,7.0,7.0,12.928457769974171,33.60379024021883,46.0,46.0,7.456257950489041,24.315463737638947,32.0,32.0,4.864274621775231,11.491904511531704,14.0,14.0,13.38079127326346,32.715450151780004
M10O90D1-S2,work-2,2101,2.101,100,135.0,0.0272727272727272,2.7,0.56,0.26,5.2,2.422222222222222,130,8325.0,147.0,0.0176576576576576,2.261538461538461,0.3769230769230769,167,20,0.5076923076923077,0.509707529558183,56.3638249325866,63.18153067678684,136.90432098765433,0,0,5.0,28.0,0.4909090909090909,0.3090909090909091,0.0909090909090909,0.0909090909090909,0.509707529558183,0.3074673304293715,0.1182949595519601,0.0839452395768512,0.51,0.33,0.1,0.1,24573.0,24573.0,14.042732072447595,33.98066394737113,15120.0,15120.0,10.395549876090923,30.08520296219588,9453.0,9453.0,19.876371637549983,35.63103935375512,24573.0,51.0,12.213928607220147,32.859439660932566,15120.0,41.99999999999999,10.395549876090929,30.088591644576805,9453.0,9.0,20.69969601915652,35.72332228216719,54.0,54.0,11.53199363641735,33.22567560618127,42.0,42.0,9.273520762272575,28.45965430992804,12.0,12.0,19.436648695924077,35.9487101154874,66.0,66.0,13.09430840630668,33.22567560618127,42.0,42.0,9.273520762272575,28.45965430992804,24.0,24.0,19.780686783366374,35.607284754306875
M10O90D1-S2,work-2,2201,2.201,100,157.0,0.0317171717171717,3.14,0.54,0.21,6.8,2.7333333333333334,130,8325.0,177.0,0.0212612612612612,2.723076923076923,0.3923076923076923,197,20,0.4230769230769231,0.4235220908525202,65.78718108276291,79.12080961416825,157.16975308641975,1,203,5.0,28.0,0.4181818181818181,0.3090909090909091,0.0909090909090909,0.0181818181818181,0.4235220908525202,0.3074673304293715,0.1011200995644057,0.014934660858743,0.45,0.33,0.1,0.02,20418.0,20418.0,8.061351433592652,17.614446475119813,13320.0,13320.0,6.624791891623307,15.609916737898857,7098.0,7098.0,10.757177454870712,19.448770978469216,20418.0,45.0,7.419782573726308,16.92489278379026,13320.0,37.0,6.624791891623308,15.61910054925017,7098.0,8.0,11.09661447845268,19.85602244503421,46.0,46.0,6.13691683678283,14.47473216366483,37.0,37.0,5.274961896606223,17.159637775650882,9.0,9.0,9.680509368619983,14.47473216366483,55.0,55.0,6.8756551082154935,18.360645519774412,37.0,37.0,5.274961896606223,17.159637775650882,18.0,18.0,10.16596893207899,19.096392463899928
M10O90D1-S2,work-2,2301,2.301,100,159.0,0.0321212121212121,3.18,0.55,0.24,6.2,2.844444444444445,130,8325.0,173.0,0.0207807807807807,2.6615384615384614,0.4307692307692308,193,20,0.4692307692307692,0.4690105787181082,67.89670192906036,81.33459835547121,162.3672839506173,0,0,6.0,29.0,0.4727272727272727,0.3181818181818182,0.1181818181818181,0.0363636363636363,0.4690105787181082,0.3142501555693839,0.115619166148102,0.0391412570006222,0.5,0.35,0.13,0.04,22611.0,22611.0,8.532011787096796,17.208072408775518,15480.0,15480.0,7.354704614843382,15.926754223754552,7131.0,7131.0,11.087714357070556,18.935412801440187,22611.0,50.0,7.91120660429729,16.67146849454644,15480.0,42.99999999999999,7.354704614843386,15.927287919047334,7131.0,7.0,11.329718825228442,19.701590103465364,52.0,52.0,6.946641276346909,15.940984372962744,43.0,43.0,6.319365964714539,15.940984372962744,9.0,9.0,9.943623320812687,16.349470277375996,61.0,61.0,7.522543163741335,16.90825457091937,43.0,43.0,6.319365964714539,15.940984372962744,18.0,18.0,10.396799805860905,18.76243283632405
M10O90D1-S2,work-2,2401,2.401,100,157.0,0.0317171717171717,3.14,0.55,0.23,5.0,2.933333333333333,130,8325.0,169.0,0.0203003003003003,2.6,0.4538461538461538,189,20,0.5,0.4993154947106409,71.71126322339764,65.10436432637572,181.63888888888889,0,0,5.0,28.0,0.5,0.3090909090909091,0.0727272727272727,0.1181818181818181,0.4993154947106409,0.3067828251400124,0.0690105787181082,0.1235220908525202,0.52,0.33,0.08,0.13,24072.0,24072.0,10.848476081918514,25.047878689599376,16200.0,16200.0,8.323839555691686,19.62933197030384,7872.0,7872.0,16.043993323391412,28.354081935076543,24072.0,52.0,9.390285622345184,23.34783673526113,16200.0,44.99999999999999,8.323839555691688,19.62998294812705,7872.0,7.0,16.246010336546256,28.356220198722408,55.0,55.0,8.42797812268949,21.154293051989605,45.0,45.0,6.942852329788588,17.56246559882721,10.0,10.0,15.111044190743549,21.154293051989605,65.0,65.0,9.6203838107915,24.241467740745847,45.0,45.0,6.942852329788588,17.56246559882721,20.0,20.0,15.644829643048055,24.870773747603494
M10O90D1-S2,work-2,2501,2.501,100,155.0,0.0313131313131313,3.1,0.58,0.19,6.7,2.7,130,8325.0,173.0,0.0207807807807807,2.6615384615384614,0.4692307692307692,193,20,0.5538461538461539,0.5540759178593653,70.0663762704833,80.25300442757748,169.35185185185185,0,0,5.0,30.0,0.5545454545454546,0.3272727272727272,0.1363636363636363,0.0909090909090909,0.5540759178593653,0.3217174859987554,0.130553827006845,0.1018046048537647,0.57,0.35,0.15,0.1,26712.0,26712.0,12.018926132262994,27.47994859801295,18000.0,18000.0,10.59417788531781,26.606281299366422,8712.0,8712.0,14.962620857356352,28.92634909945192,26712.0,56.99999999999999,11.210664681418542,27.25459566214884,18000.0,50.00000000000001,10.594177885317809,26.607709769130544,8712.0,6.999999999999999,15.614141796423766,31.59769406430317,61.0,61.0,10.333407686331814,26.19039621610885,50.0,50.0,9.503868537939844,26.19039621610885,11.0,11.0,14.104040179022594,25.32244362522379,72.0,72.0,10.977627337586863,27.921975380050004,50.0,50.0,9.503868537939844,26.19039621610885,22.0,22.0,14.327079154966462,28.568434963749677
M10O90D1-S2,work-2,2601,2.601,100,147.0,0.0296969696969696,2.94,0.57,0.31,6.2,2.577777777777778,130,8325.0,163.0,0.0195795795795795,2.507692307692308,0.4615384615384615,183,20,0.4692307692307692,0.4690105787181082,49.82991080688654,58.58950031625553,119.70061728395062,0,0,5.0,28.0,0.4727272727272727,0.3090909090909091,0.1,0.0636363636363636,0.4690105787181082,0.3067828251400124,0.100684505289359,0.0615432482887367,0.49,0.33,0.11,0.07,22611.0,22611.0,9.57894026301152,22.20434170650315,15480.0,15480.0,8.44261407730437,22.048239139116426,7131.0,7131.0,12.045681162569322,22.38584001460012,22611.0,49.0,8.908334266002075,22.130622557471806,15480.0,42.99999999999999,8.442614077304373,22.04998970459437,7131.0,5.999999999999999,12.245995618335629,22.502673111441453,52.0,52.0,7.946517242495929,21.35160955510093,43.0,43.0,7.360822667142838,22.026163913439134,9.0,9.0,10.744835769182917,20.04293115019706,61.0,61.0,8.502079667260201,21.35160955510093,43.0,43.0,7.360822667142838,22.026163913439134,18.0,18.0,11.228415834207231,20.632558808992965
M10O90D1-S2,work-2,2701,2.701,100,156.0,0.0315151515151515,3.12,0.51,0.26,5.7,2.833333333333333,130,8325.0,171.0,0.0205405405405405,2.6307692307692307,0.4076923076923077,191,20,0.4692307692307692,0.4712507778469197,63.18398672474591,60.17710309930424,158.66666666666666,1,23,5.0,28.0,0.4545454545454545,0.3,0.0909090909090909,0.0636363636363636,0.4712507778469197,0.2900435594275046,0.1018046048537647,0.0794026135656502,0.47,0.33,0.09,0.07,22719.0,22719.0,10.857915774845925,24.61182195192834,14040.0,14040.0,7.225804129888218,16.748665070724435,8679.0,8679.0,16.733575124449125,27.816045601544,22719.0,47.0,8.704032018158333,21.75237248572847,14040.0,38.99999999999999,7.225804129888222,16.74948415302421,8679.0,8.0,15.91039297347514,29.232505042128675,50.0,50.0,8.021934381282675,20.36332370073663,39.0,39.0,5.83031555740674,15.98553642998188,11.0,11.0,15.79221930229735,24.92675515841221,61.0,61.0,9.576715554272006,24.05159246806036,39.0,39.0,5.83031555740674,15.98553642998188,22.0,22.0,16.218061003260434,26.144829669440536
M10O90D1-S2,work-2,2801,2.801,100,160.0,0.0323232323232323,3.2,0.49,0.21,5.3,2.966666666666667,130,8325.0,170.0,0.0204204204204204,2.6153846153846154,0.3076923076923077,190,20,0.3307692307692307,0.3273802115743621,68.72640531010164,58.070841239721695,176.18827160493828,0,0,5.0,29.0,0.3454545454545454,0.3090909090909091,0.0272727272727272,0.009090909090909,0.3273802115743621,0.2975108898568762,0.0224019912881145,0.0074673304293715,0.38,0.34,0.03,0.01,15783.0,15783.0,6.605378100422052,14.710284181244935,11880.0,11880.0,5.0059125397853945,10.861423431944957,3903.0,3903.0,11.47385129036914,22.932689429189335,15783.0,37.99999999999999,5.864179342138611,12.792257879825003,11880.0,33.0,5.0059125397853945,10.863123210372915,3903.0,5.0,11.528740237669831,23.07944481671928,38.0,38.0,4.669389393181141,10.669502204078876,33.0,33.0,3.838866530135024,8.325411276630826,5.0,5.0,10.1508402892855,18.1960924379002,43.0,43.0,5.488767925566131,10.669502204078876,33.0,33.0,3.838866530135024,8.325411276630826,10.0,10.0,10.93344253048878,21.220448647924023
M10O90D1-S2,work-2,2901,2.901,100,128.0,0.0258585858585858,2.56,0.54,0.25,5.8,2.2,130,8325.0,139.0,0.0166966966966966,2.1384615384615384,0.3692307692307692,159,20,0.4307692307692308,0.4291848164281269,61.69881767268202,72.69449715370018,148.13888888888889,0,0,5.0,28.0,0.4363636363636363,0.3090909090909091,0.0818181818181818,0.0454545454545454,0.4291848164281269,0.3067828251400124,0.085065339141257,0.0373366521468574,0.47,0.33,0.09,0.05,20691.0,20691.0,10.988224030329617,21.893627059530736,14400.0,14400.0,9.854676938316151,23.706930610248687,6291.0,6291.0,13.58289548558218,21.66756872705145,20691.0,47.0,10.451998660696631,22.6552151152676,14400.0,40.0,9.854676938316151,35.7028848566027,6291.0,7.0,13.865265645727954,22.249250575446677,48.0,48.0,9.285367041201964,20.88069287038557,40.0,40.0,8.662184635494885,19.3987548320783,8.0,8.0,12.401279069737358,20.88069287038557,56.0,56.0,9.97022524442676,20.09087513733664,40.0,40.0,8.662184635494885,19.3987548320783,16.0,16.0,13.240326766756446,20.09087513733664
M10O90D1-S2,work-2,3001,3.001,100,162.0,0.0327272727272727,3.24,0.58,0.22,6.8,2.844444444444445,130,8325.0,176.0,0.0211411411411411,2.707692307692308,0.4307692307692308,196,20,0.4846153846153846,0.4843808338518979,70.0041485169052,62.20746363061354,177.97222222222223,0,0,6.0,31.0,0.4818181818181818,0.3363636363636363,0.109090909090909,0.0363636363636363,0.4843808338518979,0.3291848164281269,0.1167392657125077,0.0384567517112632,0.51,0.37,0.12,0.04,23352.0,23352.0,9.394553939248802,18.90415155406538,15480.0,15480.0,6.749459223933173,13.6709717890927,7872.0,7872.0,14.596035925159104,30.396008720136727,23352.0,51.0,8.099934856785131,16.783252678390088,15480.0,42.99999999999999,6.749459223933176,13.673566770733084,7872.0,7.999999999999999,15.358741383364396,35.67292737814768,53.0,53.0,7.259398845820391,17.66194687577573,43.0,43.0,5.541966341879324,12.853979500495855,10.0,10.0,14.644358612766982,18.45530791995828,63.0,63.0,8.287053406475636,17.73053385568377,43.0,43.0,5.541966341879324,12.853979500495855,20.0,20.0,14.188990595357712,26.67722147005673
M10O90D1-S2,work-2,3101,3.101,100,145.0,0.0292929292929292,2.9,0.56,0.25,6.0,2.555555555555556,130,8325.0,158.0,0.0189789789789789,2.4307692307692306,0.4461538461538462,178,20,0.4538461538461538,0.4533914125700062,67.74735532047293,66.28716002530044,169.26543209876544,0,0,5.0,32.0,0.4545454545454545,0.3363636363636363,0.0545454545454545,0.0636363636363636,0.4533914125700062,0.3199128811449906,0.081207218419415,0.0522713130056005,0.49,0.37,0.06,0.07,21858.0,21858.0,8.765228295573086,18.894993809315004,14760.0,14760.0,6.9312812224744285,17.93923497210758,7098.0,7098.0,12.5788460469025,19.810334891099632,21858.0,49.0,7.84740757445822,18.565927202190878,14760.0,41.0,6.9312812224744285,17.939774242240183,7098.0,8.0,12.542555128375138,19.88216795253017,50.0,50.0,6.856642484543492,17.46201021012631,41.0,41.0,5.838282491760271,17.46201021012631,9.0,9.0,11.495838007222622,18.72751301656179,59.0,59.0,7.782826944001878,18.725486428867757,41.0,41.0,5.838282491760271,17.46201021012631,18.0,18.0,12.212067085218871,18.790823423244174
M10O90D1-S2,work-2,3201,3.201,100,142.0,0.0286868686868686,2.84,0.49,0.29,4.7,2.6333333333333333,130,8325.0,147.0,0.0176576576576576,2.261538461538461,0.3384615384615385,167,20,0.4076923076923077,0.4042937149968886,62.387471478946274,53.99114484503479,159.3148148148148,0,0,4.0,33.0,0.4181818181818181,0.3363636363636363,0.0636363636363636,0.0181818181818181,0.4042937149968886,0.3106409458618543,0.0787181082762912,0.014934660858743,0.45,0.37,0.06,0.02,19491.0,19491.0,10.051022960437075,28.41111950206461,14040.0,14040.0,6.780529732002957,14.392977717222012,5451.0,5451.0,18.4747479516708,37.2688249308449,19491.0,45.0,8.184789004443143,19.834033851364293,14040.0,38.99999999999999,6.780529732002961,14.395695218898744,5451.0,6.0,17.312474275304336,35.39506123125523,46.0,46.0,7.2982741387841665,17.959183595250806,39.0,39.0,5.515553647297888,13.698756714910584,7.0,7.0,17.230574019922003,36.43458623036975,53.0,53.0,8.76871245079108,26.43972907336249,39.0,39.0,5.515553647297888,13.698756714910584,14.0,14.0,17.831083403379253,33.26951545651034
M10O90D1-S2,work-2,3301,3.301,100,149.0,0.0301010101010101,2.98,0.58,0.2,4.8,2.7777777777777777,130,8325.0,156.0,0.0187387387387387,2.4,0.3615384615384615,176,20,0.4538461538461538,0.4509023024268824,65.83488902717279,40.96141682479443,175.9320987654321,0,0,4.0,31.0,0.4636363636363636,0.3181818181818182,0.0727272727272727,0.0727272727272727,0.4509023024268824,0.2957062850031114,0.0683260734287492,0.0868699439950217,0.51,0.35,0.08,0.08,21738.0,21738.0,12.969609040095593,36.044069731582425,15480.0,15480.0,8.822382441136526,17.38180452275227,6258.0,6258.0,23.228328719208136,40.6317459625031,21738.0,51.0,11.056146224567948,33.788733780252684,15480.0,42.99999999999999,8.822382441136527,17.385335734314655,6258.0,7.999999999999999,23.062626560511845,40.54110113891441,51.0,51.0,9.834879780700453,34.05191239559664,43.0,43.0,7.608398518258668,12.84763098026935,8.0,8.0,21.80221656632505,40.82438749946003,59.0,59.0,11.668223051667596,35.67074653327764,43.0,43.0,7.608398518258668,12.84763098026935,16.0,16.0,22.579001485204085,39.00444588689188
M10O90D1-S2,work-2,3401,3.401,100,136.0,0.0274747474747474,2.72,0.5,0.21,5.9,2.3666666666666667,130,8325.0,143.0,0.0171771771771771,2.2,0.3923076923076923,163,20,0.4153846153846154,0.414934660858743,72.86040240613981,59.7090449082859,187.69135802469137,0,0,4.0,29.0,0.4181818181818181,0.3090909090909091,0.0727272727272727,0.0363636363636363,0.414934660858743,0.2975108898568762,0.0690105787181082,0.0484131922837585,0.43,0.33,0.08,0.04,20004.0,20004.0,8.903232055621983,19.49289152129636,13680.0,13680.0,6.279598139930308,12.883914337725251,6324.0,6324.0,14.57864508007836,22.5667457663324,20004.0,43.0,7.205203709771729,15.00382023233322,13680.0,37.99999999999999,6.27959813993031,12.883988307295962,6324.0,4.999999999999998,14.239806040566522,22.100516883206964,46.0,46.0,6.522529686917491,14.8851075508579,38.0,38.0,4.989262489555247,11.2116100962418,8.0,8.0,13.805548874388151,21.55705991705344,54.0,54.0,7.732478355843542,17.909216862272633,38.0,38.0,4.989262489555247,11.2116100962418,16.0,16.0,14.247616038278238,23.067692593379373
M10O90D1-S2,work-2,3501,3.501,100,136.0,0.0274747474747474,2.72,0.52,0.27,5.8,2.3777777777777778,130,8325.0,146.0,0.0175375375375375,2.246153846153846,0.3307692307692307,166,20,0.3923076923076923,0.3911636589919104,56.65007259904584,61.865907653383935,138.39814814814815,0,0,5.0,29.0,0.3909090909090909,0.3181818181818182,0.0636363636363636,0.009090909090909,0.3911636589919104,0.3135656502800248,0.070130678282514,0.0074673304293715,0.41,0.34,0.07,0.01,18858.0,18858.0,8.91719954287866,23.058569898711244,12600.0,12600.0,5.8787527150211965,11.211533194235878,6258.0,6258.0,15.034877719772876,27.526140933121884,18858.0,41.0,7.407611149898,19.67395044914919,12600.0,35.0,5.878752715021197,11.213573760144657,6258.0,5.999999999999998,16.32595202001269,28.62843555892905,43.0,43.0,6.364609673978664,18.25330842719555,35.0,35.0,4.536410766363948,8.345813605482165,8.0,8.0,14.362979894793042,19.660404179845575,51.0,51.0,7.775159790734683,24.385542740140497,35.0,35.0,4.536410766363948,8.345813605482165,16.0,16.0,14.859923281545663,27.05424100210717
M10O90D1-S2,work-2,3601,3.601,100,140.0,0.0282828282828282,2.8,0.41,0.21,4.8,2.577777777777778,130,8325.0,146.0,0.0175375375375375,2.246153846153846,0.3076923076923077,166,20,0.3461538461538461,0.3441194772868699,65.50300767475628,49.54459203036053,170.75617283950618,0,0,4.0,27.0,0.3545454545454545,0.2818181818181818,0.0636363636363636,0.009090909090909,0.3441194772868699,0.2658369632856254,0.070815183571873,0.0074673304293715,0.37,0.31,0.07,0.01,16590.0,16590.0,6.9398629280027935,14.595646626865808,11880.0,11880.0,4.927794988565439,10.352986063228906,4710.0,4710.0,12.01488779435434,21.986662074650123,16590.0,36.99999999999999,5.793365836724135,11.753613900014496,11880.0,33.0,4.927794988565439,10.353125614426316,4710.0,4.0,12.934325334033373,23.64780699588814,39.0,39.0,4.8555455426889,10.306371771449564,33.0,33.0,3.785430902967202,9.15804344989601,6.0,6.0,10.741176061158235,16.520657456892312,45.0,45.0,5.831590314054486,13.0441728134297,33.0,33.0,3.785430902967202,9.15804344989601,12.0,12.0,11.45852869454452,19.80068424524661
M10O90D1-S2,work-2,3701,3.701,100,136.0,0.0274747474747474,2.72,0.54,0.25,4.8,2.488888888888889,130,8325.0,140.0,0.0168168168168168,2.1538461538461537,0.3230769230769231,160,20,0.3769230769230769,0.3733042937149969,71.85853557353246,57.53320683111954,185.7716049382716,0,0,4.0,28.0,0.3909090909090909,0.2909090909090909,0.0727272727272727,0.0272727272727272,0.3733042937149969,0.2733042937149968,0.0775980087118855,0.0224019912881145,0.43,0.32,0.08,0.03,17997.0,17997.0,8.430531686248901,19.17773558960942,13320.0,13320.0,6.657977183903962,17.233526579183874,4677.0,4677.0,13.478730525512232,23.465384304149158,17997.0,43.0,7.609502768485085,18.48424970159058,13320.0,37.0,6.657977183903963,17.23707504723297,4677.0,6.0,13.47724387340201,23.517905623662188,43.0,43.0,6.421706769391297,17.064637778280936,37.0,37.0,5.527537728563932,18.20855636053682,6.0,6.0,11.93574918782671,17.064637778280936,49.0,49.0,7.320847361831925,18.8377897091587,37.0,37.0,5.527537728563932,18.20855636053682,12.0,12.0,12.850218731074902,22.387704663775505
M10O90D1-S2,work-2,3801,3.801,100,144.0,0.029090909090909,2.88,0.61,0.23,5.2,2.6222222222222222,130,8325.0,153.0,0.0183783783783783,2.353846153846154,0.3384615384615385,173,20,0.3923076923076923,0.3907280647168637,59.40883634100809,53.68753953194181,150.59876543209876,0,0,4.0,26.0,0.4,0.2727272727272727,0.1181818181818181,0.009090909090909,0.3907280647168637,0.2583696328562539,0.1248911014312383,0.0074673304293715,0.43,0.3,0.13,0.01,18837.0,18837.0,8.190798412257369,16.65539548392944,13320.0,13320.0,6.6178452423029865,14.579230450123603,5517.0,5517.0,11.988466750809543,18.69835463384581,18837.0,43.0,7.327363688521213,15.503260929492964,13320.0,37.0,6.6178452423029865,14.582214673717504,5517.0,6.0,11.702727440200285,18.62734524191646,44.0,44.0,6.243109221161877,13.015919557606589,37.0,37.0,5.370177523403679,13.272123365466191,7.0,7.0,10.857176766455195,13.015919557606589,51.0,51.0,7.05361511143577,13.435732682862543,37.0,37.0,5.370177523403679,13.272123365466191,14.0,14.0,11.50270016552058,17.29686719367287
M10O90D1-S2,work-2,3901,3.901,100,123.0,0.0248484848484848,2.46,0.58,0.28,4.0,2.2888888888888888,130,8325.0,133.0,0.0159759759759759,2.046153846153846,0.2846153846153846,153,20,0.3384615384615385,0.3352831362787803,66.05268616469613,61.5686274509804,166.52469135802468,1,66,4.0,26.0,0.3545454545454545,0.2727272727272727,0.0545454545454545,0.0272727272727272,0.3520224019912881,0.2583696328562539,0.0626633478531425,0.0309894212818917,0.38,0.3,0.06,0.03,16971.0,16971.0,9.739389558699871,23.948188750207205,11520.0,11520.0,6.237488178950371,15.322482079376645,5451.0,5451.0,17.14021580979403,31.302274891345203,16971.0,37.99999999999999,7.863554838117171,19.959794747731348,11520.0,32.0,6.237488178950372,15.322482079376645,5451.0,6.0,16.535910353673433,30.98143981731622,39.0,39.0,7.030026742178923,22.203405513781146,32.0,32.0,5.004046750338415,14.347632760760108,7.0,7.0,16.291649562021252,34.86431507670246,46.0,46.0,8.481556441220203,22.20432580368739,32.0,32.0,5.004046750338415,14.347632760760108,14.0,14.0,16.430150020378573,29.354900499987348
M10O90D1-S2,work-2,4001,4.001,100,128.0,0.0258585858585858,2.56,0.42,0.27,5.0,2.2888888888888888,130,8325.0,132.0,0.0158558558558558,2.0307692307692307,0.3153846153846154,152,20,0.3846153846153846,0.3825762289981331,61.42294129848579,45.82542694497154,160.429012345679,0,0,5.0,27.0,0.4363636363636363,0.2909090909090909,0.1,0.0454545454545454,0.4199128811449906,0.2825762289981331,0.0907280647168637,0.0466085874299937,0.47,0.32,0.11,0.05,20244.0,20244.0,9.861004401685252,23.44693567036784,14760.0,14760.0,7.863644341786067,19.09206543426945,5484.0,5484.0,15.23683125874433,30.86606730516682,20244.0,47.0,8.664850062987545,20.424147699434688,14760.0,41.0,7.863644341786068,19.12100383570327,5484.0,6.0,14.13975582453098,30.966006916905997,48.0,48.0,8.127907296415776,20.483769948728455,41.0,41.0,6.979247482275071,18.64024405599633,7.0,7.0,14.855771922097038,32.29083507888677,55.0,55.0,8.967260605946697,22.55256808059981,41.0,41.0,6.979247482275071,18.64024405599633,14.0,14.0,14.789299039556456,27.602457310245217
M10O90D1-S2,work-2,4101,4.101,100,153.0,0.0309090909090909,3.06,0.47,0.15,5.3,2.811111111111111,130,8325.0,160.0,0.0192192192192192,2.4615384615384617,0.3384615384615385,180,20,0.3538461538461538,0.3497822028624767,65.15660651317154,40.55660974067046,174.11111111111111,0,0,5.0,31.0,0.3727272727272727,0.3272727272727272,0.0363636363636363,0.009090909090909,0.3497822028624767,0.3124455507156192,0.029869321717486,0.0074673304293715,0.41,0.36,0.04,0.01,16863.0,16863.0,6.308720440738849,13.161667452941405,12960.0,12960.0,5.400268427101084,11.987241836995128,3903.0,3903.0,9.32525595105026,18.746889933277185,16863.0,40.99999999999999,5.883291640887163,12.588956598957312,12960.0,36.0,5.400268427101084,11.996466816496593,3903.0,5.0,9.361058780146926,18.77178723349166,41.0,41.0,4.3444852157179605,11.006955770228403,36.0,36.0,3.8732413066023472,11.006955770228403,5.0,5.0,7.737441361350369,14.71202733063267,46.0,46.0,4.917334967879941,12.906705513556592,36.0,36.0,3.8732413066023472,11.006955770228403,10.0,10.0,8.676072148479282,15.317791844627376
M10O90D1-S2,work-2,4201,4.2010000000000005,100,147.0,0.0296969696969696,2.94,0.53,0.22,4.2,2.8,130,8325.0,152.0,0.0182582582582582,2.3384615384615386,0.3538461538461538,172,20,0.3846153846153846,0.3796515245799626,62.12818917237088,45.71157495256167,162.58333333333334,1,120,5.0,33.0,0.4272727272727272,0.3454545454545454,0.0727272727272727,0.009090909090909,0.4038581207218419,0.3273802115743621,0.0690105787181082,0.0074673304293715,0.46,0.38,0.08,0.01,19470.0,19470.0,8.668053980164624,21.90186246757399,14760.0,14760.0,6.327249894272062,12.720348380833316,4710.0,4710.0,16.003567421305643,33.527955286840104,19470.0,46.0,7.139666038982234,14.891594240219954,14760.0,41.0,6.327249894272062,12.720548910793203,4710.0,5.0,13.801478425605652,31.250919682638383,47.0,47.0,6.315885938305359,15.392521388701912,41.0,41.0,4.917489217051791,10.955688975576964,6.0,6.0,15.871596866871398,31.97826038859341,53.0,53.0,7.309092780891282,21.37083728057704,41.0,41.0,4.917489217051791,10.955688975576964,12.0,12.0,15.480404957342868,30.58130015386621
M10O90D1-S2,work-2,4301,4.301,100,136.0,0.0274747474747474,2.72,0.47,0.27,4.9,2.477777777777778,130,8325.0,146.0,0.0175375375375375,2.246153846153846,0.3307692307692307,166,20,0.3923076923076923,0.3907280647168637,63.439120514416096,55.376344086021504,161.7685185185185,0,0,5.0,30.0,0.4,0.3181818181818182,0.0636363636363636,0.0181818181818181,0.3907280647168637,0.3049782202862476,0.070815183571873,0.014934660858743,0.42,0.35,0.07,0.02,18837.0,18837.0,8.452087574191689,19.585245152293503,13320.0,13320.0,6.662953945497452,13.364425366476128,5517.0,5517.0,12.77169241997875,21.242770759083484,18837.0,42.0,7.289937721628175,17.688587408804853,13320.0,37.0,6.662953945497454,13.367504965029164,5517.0,4.999999999999999,11.929617664995524,20.65855696345101,44.0,44.0,6.308943746462258,13.65452874521548,37.0,37.0,5.321874095037897,10.309186154361065,7.0,7.0,11.526311903991024,16.580224930277552,51.0,51.0,7.221446323200687,19.425349817790885,37.0,37.0,5.321874095037897,10.309186154361065,14.0,14.0,12.241744354773774,20.24661317582461
M10O90D1-S2,work-2,4401,4.401,100,147.0,0.0296969696969696,2.94,0.65,0.2,6.6,2.533333333333333,130,8325.0,160.0,0.0192192192192192,2.4615384615384617,0.3846153846153846,180,20,0.4692307692307692,0.4712507778469197,62.12818917237088,76.38203668564199,147.6172839506173,0,0,5.0,27.0,0.4545454545454545,0.3,0.0909090909090909,0.0636363636363636,0.4712507778469197,0.2993154947106409,0.1024891101431238,0.0694461729931549,0.47,0.32,0.1,0.07,22719.0,22719.0,11.666686156247575,26.75329625257532,14040.0,14040.0,8.640764867261657,22.986323763486293,8679.0,8679.0,16.56171264517053,27.914816241066745,22719.0,47.0,10.166442659604089,27.17402805301509,14040.0,38.99999999999999,8.64076486726166,23.00892682443087,8679.0,8.0,17.60412189727343,34.18685109844164,50.0,50.0,9.372374095706675,23.12106529598015,39.0,39.0,7.51633327754352,28.62537354824284,11.0,11.0,15.952882451012409,23.12106529598015,61.0,61.0,10.754672666901117,23.784791096699465,39.0,39.0,7.51633327754352,28.62537354824284,22.0,22.0,16.49536522076231,23.784791096699465
M10O90D1-S2,work-2,4501,4.501,100,129.0,0.026060606060606,2.58,0.48,0.26,5.3,2.2777777777777777,130,8325.0,143.0,0.0171771771771771,2.2,0.3461538461538461,163,20,0.3615384615384615,0.3608587429993777,66.86372121966397,63.0550284629981,168.21296296296296,0,0,5.0,27.0,0.3636363636363636,0.3,0.0272727272727272,0.0363636363636363,0.3608587429993777,0.2993154947106409,0.0224019912881145,0.0391412570006222,0.39,0.32,0.03,0.04,17397.0,17397.0,8.158315247870727,18.16550140417472,11880.0,11880.0,5.997399399410914,13.361795517551306,5517.0,5517.0,12.811510875875545,24.263646008463365,17397.0,39.0,7.073072873548244,16.530757645008098,11880.0,33.0,5.997399399410916,13.367230864688391,5517.0,5.999999999999999,12.989276981303558,23.80831495013608,40.0,40.0,5.828334284486661,15.641338041147405,33.0,33.0,4.590558815974743,12.33089967117764,7.0,7.0,11.663561493185703,18.349399745438525,47.0,47.0,6.914996925182375,17.65803184671132,33.0,33.0,4.590558815974743,12.33089967117764,14.0,14.0,12.394029611171794,24.17905924263588
M10O90D1-S2,work-2,4601,4.601,100,138.0,0.0278787878787878,2.76,0.5,0.28,5.8,2.422222222222222,130,8325.0,146.0,0.0175375375375375,2.246153846153846,0.2923076923076923,166,20,0.3461538461538461,0.3441194772868699,57.54407799211782,61.79000632511069,141.09567901234567,1,19,5.0,26.0,0.3545454545454545,0.2909090909090909,0.0636363636363636,0.0,0.3441194772868699,0.2918481642812695,0.0522713130056005,0.0,0.38,0.31,0.07,0.0,16590.0,16590.0,7.606827047121966,17.289182059231777,11880.0,11880.0,5.8572885666750505,11.9580869862713,4710.0,4710.0,12.019675698440302,27.32030701398797,16590.0,37.99999999999999,6.6598010865686845,13.39303629117079,11880.0,33.0,5.8572885666750505,11.964894662520903,4710.0,5.0,11.95638371786666,25.31841717947576,39.0,39.0,5.372868100677743,13.022790488615838,33.0,33.0,4.417501020327153,11.07381748596018,6.0,6.0,10.627387042605994,19.89345420811192,45.0,45.0,6.308505790452877,15.52443707532625,33.0,33.0,4.417501020327153,11.07381748596018,12.0,12.0,11.508768908298611,29.96902414894386
M10O90D1-S2,work-2,4701,4.7010000000000005,100,134.0,0.027070707070707,2.68,0.47,0.24,4.1,2.522222222222222,130,8325.0,137.0,0.0164564564564564,2.107692307692308,0.3153846153846154,157,20,0.3538461538461538,0.3509023024268823,56.21862684090438,37.53320683111954,148.98765432098764,0,0,4.0,27.0,0.3636363636363636,0.2909090909090909,0.0454545454545454,0.0272727272727272,0.3509023024268823,0.2825762289981331,0.0459240821406347,0.0224019912881145,0.39,0.31,0.05,0.03,16917.0,16917.0,8.227661577523966,18.164461343610498,12240.0,12240.0,6.489732668103695,16.90329787306232,4677.0,4677.0,12.775929666321076,23.750830519820624,16917.0,38.99999999999999,7.285125734143952,17.391489682166497,12240.0,33.99999999999999,6.489732668103698,16.908666830060703,4677.0,5.0,12.69379858321768,23.403152267294296,40.0,40.0,6.299050781907707,16.60886234581224,34.0,34.0,5.294630094049476,16.60886234581224,6.0,6.0,11.990768013104342,17.05878570732331,46.0,46.0,7.148484364321615,17.670922826369967,34.0,34.0,5.294630094049476,16.60886234581224,12.0,12.0,12.401071463425994,24.999298483440477
M10O90D1-S2,work-2,4801,4.801,100,118.0,0.0238383838383838,2.36,0.49,0.23,4.5,2.1222222222222222,130,8325.0,123.0,0.0147747747747747,1.892307692307692,0.2769230769230769,143,20,0.3153846153846154,0.3106409458618543,56.01120099564406,43.763440860215056,145.33024691358025,0,0,4.0,26.0,0.3363636363636363,0.2727272727272727,0.0636363636363636,0.0,0.3106409458618543,0.2583696328562539,0.0522713130056005,0.0,0.37,0.3,0.07,0.0,14976.0,14976.0,7.759424726667486,18.20778275841073,11880.0,11880.0,6.097094747265321,13.086310380178778,3096.0,3096.0,14.13813278716417,23.311869163450865,14976.0,36.99999999999999,6.966396156984116,15.477001880986249,11880.0,33.0,6.09709474726532,13.091916569317698,3096.0,4.0,14.138132787164176,23.311869163450865,37.0,37.0,5.785923440385356,14.47321284518463,33.0,33.0,4.890711370912793,10.97483093380209,4.0,4.0,13.17142301353401,20.152645171544048,41.0,41.0,6.631936427457464,14.47321284518463,33.0,33.0,4.890711370912793,10.97483093380209,8.0,8.0,13.814489785704229,23.931911193040907
M10O90D1-S2,work-2,4901,4.901,100,129.0,0.026060606060606,2.58,0.52,0.24,5.0,2.311111111111111,130,8325.0,135.0,0.0162162162162162,2.076923076923077,0.3153846153846154,155,20,0.4076923076923077,0.4072184194150591,61.01223812487036,59.86717267552182,152.35493827160494,0,0,4.0,28.0,0.4,0.2909090909090909,0.0545454545454545,0.0545454545454545,0.4072184194150591,0.2733042937149968,0.0798382078406969,0.0540759178593652,0.43,0.32,0.06,0.06,19632.0,19632.0,11.623415328845535,28.55593964776604,12600.0,12600.0,7.1052424031421575,19.919767678735987,7032.0,7032.0,19.71911767012292,31.292257550314087,19632.0,43.0,9.392379585243669,25.92337741866531,12600.0,35.0,7.1052424031421575,19.924327295264256,7032.0,8.0,19.398604756937782,31.373206349988543,44.0,44.0,8.593893206890387,27.46476826708761,35.0,35.0,5.949661720486794,18.9145725474026,9.0,9.0,18.877015654015477,30.783271476955573,53.0,53.0,10.533279339115142,27.46476826708761,35.0,35.0,5.949661720486794,18.9145725474026,18.0,18.0,19.445869153114707,31.83285901429397
M10O90-S4,work-2,1001,1.001,100,69.0,0.0139393939393939,1.38,0.37,0.28,4.0,1.0888888888888888,130,8325.0,80.0,0.0096096096096096,1.2307692307692308,0.1076923076923077,80,0,0.1076923076923077,0.1091889649450321,55.30595312175897,93.12460468058192,119.14506172839506,11,6253,,,,,,,,,,,,,,,,,,,,,,,,,,,,,,,,,,,,,,,,,,,,,,,,,,,,,,,,,,,,,,
M10O90-S4,work-2,1101,1.101,100,71.0,0.0143434343434343,1.42,0.28,0.32,4.9,1.0333333333333334,130,8325.0,86.0,0.0103303303303303,1.323076923076923,0.0615384615384615,86,0,0.0615384615384615,0.0634308234806056,52.27961003941091,101.6888045540797,105.95987654320987,10,6573,,,,,,,,,,,,,,,,,,,,,,,,,,,,,,,,,,,,,,,,,,,,,,,,,,,,,,,,,,,,,,
M10O90-S4,work-2,1201,1.201,100,79.0,0.0159595959595959,1.58,0.3,0.25,4.5,1.2555555555555555,130,8325.0,93.0,0.0111711711711711,1.4307692307692308,0.1307692307692307,93,0,0.1307692307692307,0.1335407591785936,53.63202655050819,96.46426312460468,112.53395061728396,10,5842,,,,,,,,,,,,,,,,,,,,,,,,,,,,,,,,,,,,,,,,,,,,,,,,,,,,,,,,,,,,,,
M10O90-S4,work-2,1301,1.301,100,76.0,0.0153535353535353,1.52,0.27,0.25,5.0,1.1333333333333333,130,8325.0,87.0,0.0104504504504504,1.3384615384615384,0.0923076923076923,87,0,0.0923076923076923,0.0952914333125907,55.8431860609832,101.42947501581276,116.69135802469135,10,6132,,,,,,,,,,,,,,,,,,,,,,,,,,,,,,,,,,,,,,,,,,,,,,,,,,,,,,,,,,,,,,
M10O90-S4,work-2,1401,1.401,100,70.0,0.0141414141414141,1.4,0.23,0.29,4.8,1.022222222222222,130,8325.0,80.0,0.0096096096096096,1.2307692307692308,0.1076923076923077,80,0,0.1076923076923077,0.1092719352831362,52.77328355113047,82.48576850094877,116.79938271604938,10,6396,,,,,,,,,,,,,,,,,,,,,,,,,,,,,,,,,,,,,,,,,,,,,,,,,,,,,,,,,,,,,,
M10O90-S4,work-2,1501,1.501,100,66.0,0.0133333333333333,1.32,0.28,0.28,3.5,1.0777777777777775,130,8325.0,75.0,0.009009009009009,1.1538461538461535,0.0769230769230769,75,0,0.0769230769230769,0.0793196432275461,51.99958514830948,60.145477545857055,125.39814814814817,10,7381,,,,,,,,,,,,,,,,,,,,,,,,,,,,,,,,,,,,,,,,,,,,,,,,,,,,,,,,,,,,,,
M10O90-S4,work-2,1601,1.601,100,66.0,0.0133333333333333,1.32,0.16,0.33,3.8,1.0444444444444445,130,8325.0,79.0,0.0094894894894894,1.2153846153846153,0.0923076923076923,79,0,0.0923076923076923,0.0968263845675171,53.80833851897947,85.53447185325743,118.39197530864196,10,7633,,,,,,,,,,,,,,,,,,,,,,,,,,,,,,,,,,,,,,,,,,,,,,,,,,,,,,,,,,,,,,
M10O90-S4,work-2,1701,1.701,100,61.0,0.0123232323232323,1.22,0.11,0.35,3.9,0.9222222222222224,130,8325.0,72.0,0.0086486486486486,1.1076923076923078,0.0692307692307692,72,0,0.0692307692307692,0.0717278572910184,44.9367351171956,89.45604048070841,90.07716049382717,10,5826,,,,,,,,,,,,,,,,,,,,,,,,,,,,,,,,,,,,,,,,,,,,,,,,,,,,,,,,,,,,,,
M10O90-S4,work-2,1801,1.801,100,85.0,0.0171717171717171,1.7,0.44,0.26,5.2,1.3111111111111111,130,8325.0,101.0,0.0121321321321321,1.553846153846154,0.1307692307692307,101,0,0.1307692307692307,0.1324414021987139,64.24185853557353,85.83807716635042,149.29320987654322,10,6261,,,,,,,,,,,,,,,,,,,,,,,,,,,,,,,,,,,,,,,,,,,,,,,,,,,,,,,,,,,,,,
M10O90-S4,work-2,1901,1.901,100,67.0,0.0135353535353535,1.34,0.4,0.33,3.5,1.1,130,8325.0,77.0,0.0092492492492492,1.1846153846153846,0.0846153846153846,77,0,0.0846153846153846,0.085065339141257,52.82514001244555,83.59266287160025,116.41358024691358,10,6802,,,,,,,,,,,,,,,,,,,,,,,,,,,,,,,,,,,,,,,,,,,,,,,,,,,,,,,,,,,,,,
M10O90-S4,work-2,2001,2.001,100,68.0,0.0137373737373737,1.36,0.39,0.37,3.9,1.0777777777777775,130,8325.0,78.0,0.0093693693693693,1.2,0.0923076923076923,78,0,0.0923076923076923,0.091578510682431,45.72287907073221,81.65085388994308,96.2253086419753,10,5745,,,,,,,,,,,,,,,,,,,,,,,,,,,,,,,,,,,,,,,,,,,,,,,,,,,,,,,,,,,,,,
M10O90-S4,work-2,2101,2.101,100,68.0,0.0137373737373737,1.36,0.27,0.31,3.6,1.1111111111111112,130,8325.0,77.0,0.0092492492492492,1.1846153846153846,0.0692307692307692,77,0,0.0692307692307692,0.0700477079444098,50.9749014727235,82.04301075268818,111.66358024691358,10,6068,,,,,,,,,,,,,,,,,,,,,,,,,,,,,,,,,,,,,,,,,,,,,,,,,,,,,,,,,,,,,,
M10O90-S4,work-2,2201,2.201,100,66.0,0.0133333333333333,1.32,0.17,0.29,3.9,1.0333333333333334,130,8325.0,77.0,0.0092492492492492,1.1846153846153846,0.1076923076923077,77,0,0.1076923076923077,0.1092719352831362,46.560879485583904,72.0303605313093,103.41358024691358,10,6319,,,,,,,,,,,,,,,,,,,,,,,,,,,,,,,,,,,,,,,,,,,,,,,,,,,,,,,,,,,,,,
M10O90-S4,work-2,2301,2.301,100,66.0,0.0133333333333333,1.32,0.26,0.33,3.6,1.0666666666666669,130,8325.0,77.0,0.0092492492492492,1.1846153846153846,0.0846153846153846,77,0,0.0846153846153846,0.0840282099149554,55.24787388508608,83.33965844402277,123.74691358024693,12,6470,,,,,,,,,,,,,,,,,,,,,,,,,,,,,,,,,,,,,,,,,,,,,,,,,,,,,,,,,,,,,,
M10O90-S4,work-2,2401,2.401,100,58.0,0.0117171717171717,1.16,0.15,0.4,3.6,0.8888888888888888,130,8325.0,69.0,0.0082882882882882,1.0615384615384615,0.1076923076923077,69,0,0.1076923076923077,0.1073843600912673,50.39825762289981,91.82163187855788,105.17592592592592,10,6535,,,,,,,,,,,,,,,,,,,,,,,,,,,,,,,,,,,,,,,,,,,,,,,,,,,,,,,,,,,,,,
M10O90-S4,work-2,2501,2.501,100,77.0,0.0155555555555555,1.54,0.37,0.33,4.9,1.1666666666666667,130,8325.0,88.0,0.0105705705705705,1.353846153846154,0.0615384615384615,88,0,0.0615384615384615,0.0625803775150383,51.178178801078616,102.59962049335864,102.23765432098766,13,7680,,,,,,,,,,,,,,,,,,,,,,,,,,,,,,,,,,,,,,,,,,,,,,,,,,,,,,,,,,,,,,
M10O90-S4,work-2,2601,2.601,100,66.0,0.0133333333333333,1.32,0.32,0.28,3.9,1.0333333333333334,130,8325.0,77.0,0.0092492492492492,1.1846153846153846,0.0692307692307692,77,0,0.0692307692307692,0.0709396390790292,41.28811449906658,88.59582542694497,79.63888888888889,10,6014,,,,,,,,,,,,,,,,,,,,,,,,,,,,,,,,,,,,,,,,,,,,,,,,,,,,,,,,,,,,,,
M10O90-S4,work-2,2701,2.701,100,74.0,0.0149494949494949,1.48,0.31,0.21,3.9,1.211111111111111,130,8325.0,86.0,0.0103303303303303,1.323076923076923,0.1769230769230769,86,0,0.1769230769230769,0.1784691972619788,55.61501763119685,80.89184060721063,126.03395061728396,10,5646,,,,,,,,,,,,,,,,,,,,,,,,,,,,,,,,,,,,,,,,,,,,,,,,,,,,,,,,,,,,,,
M10O90-S4,work-2,2801,2.801,100,80.0,0.0161616161616161,1.6,0.49,0.29,5.3,1.1888888888888889,130,8325.0,97.0,0.0116516516516516,1.4923076923076923,0.1307692307692307,97,0,0.1307692307692307,0.1324414021987139,49.26778676623107,89.3168880455408,103.03395061728396,11,5670,,,,,,,,,,,,,,,,,,,,,,,,,,,,,,,,,,,,,,,,,,,,,,,,,,,,,,,,,,,,,,
M10O90-S4,work-2,2901,2.901,100,80.0,0.0161616161616161,1.6,0.32,0.27,4.3,1.3,130,8325.0,92.0,0.011051051051051,1.4153846153846157,0.0846153846153846,92,0,0.0846153846153846,0.0839452395768512,58.40696950840075,101.1258697027198,124.46913580246914,11,6233,,,,,,,,,,,,,,,,,,,,,,,,,,,,,,,,,,,,,,,,,,,,,,,,,,,,,,,,,,,,,,
M10O90-S4,work-2,3001,3.001,100,71.0,0.0143434343434343,1.42,0.22,0.22,3.9,1.1444444444444444,130,8325.0,81.0,0.0097297297297297,1.2461538461538462,0.123076923076923,81,0,0.123076923076923,0.1241236258037751,56.52354283343705,74.44655281467426,131.8827160493827,10,6117,,,,,,,,,,,,,,,,,,,,,,,,,,,,,,,,,,,,,,,,,,,,,,,,,,,,,,,,,,,,,,
M10O90-S4,work-2,3101,3.101,100,72.0,0.0145454545454545,1.44,0.2,0.26,4.2,1.1333333333333333,130,8325.0,85.0,0.0102102102102102,1.3076923076923077,0.0769230769230769,85,0,0.0769230769230769,0.0793196432275461,59.96058908940054,98.20366856419987,130.5185185185185,10,5977,,,,,,,,,,,,,,,,,,,,,,,,,,,,,,,,,,,,,,,,,,,,,,,,,,,,,,,,,,,,,,
M10O90-S4,work-2,3201,3.201,100,71.0,0.0143434343434343,1.42,0.45,0.34,5.1,1.011111111111111,130,8325.0,84.0,0.01009009009009,1.2923076923076924,0.123076923076923,84,0,0.123076923076923,0.1259282306575399,51.5556938394524,99.7280202403542,104.76234567901234,10,5722,,,,,,,,,,,,,,,,,,,,,,,,,,,,,,,,,,,,,,,,,,,,,,,,,,,,,,,,,,,,,,
M10O90-S4,work-2,3301,3.301,100,79.0,0.0159595959595959,1.58,0.41,0.36,4.9,1.211111111111111,130,8325.0,92.0,0.011051051051051,1.4153846153846157,0.1461538461538461,92,0,0.1461538461538461,0.1456544285417963,55.47604231487243,107.539531941809,112.61728395061728,10,5233,,,,,,,,,,,,,,,,,,,,,,,,,,,,,,,,,,,,,,,,,,,,,,,,,,,,,,,,,,,,,,
M10O90-S4,work-2,3401,3.401,100,84.0,0.0169696969696969,1.68,0.48,0.26,5.1,1.3,130,8325.0,99.0,0.0118918918918918,1.523076923076923,0.123076923076923,99,0,0.123076923076923,0.1269653598838415,55.70835926156399,96.74889310562936,118.57407407407408,11,6497,,,,,,,,,,,,,,,,,,,,,,,,,,,,,,,,,,,,,,,,,,,,,,,,,,,,,,,,,,,,,,
M10O90-S4,work-2,3501,3.501,100,73.0,0.0147474747474747,1.46,0.39,0.3,3.5,1.2333333333333334,130,8325.0,82.0,0.0098498498498498,1.2615384615384615,0.0846153846153846,82,0,0.0846153846153846,0.0831777639493881,53.39970960381664,74.10499683744466,122.75308641975307,10,6475,,,,,,,,,,,,,,,,,,,,,,,,,,,,,,,,,,,,,,,,,,,,,,,,,,,,,,,,,,,,,,
M10O90-S4,work-2,3601,3.601,100,86.0,0.0173737373737373,1.72,0.28,0.22,4.9,1.3666666666666667,130,8325.0,101.0,0.0121321321321321,1.553846153846154,0.0923076923076923,101,0,0.0923076923076923,0.0932171748599875,61.265297656087945,95.528146742568,135.70679012345678,10,6354,,,,,,,,,,,,,,,,,,,,,,,,,,,,,,,,,,,,,,,,,,,,,,,,,,,,,,,,,,,,,,
M10O90-S4,work-2,3701,3.701,100,61.0,0.0123232323232323,1.22,0.16,0.32,3.6,0.9555555555555556,130,8325.0,74.0,0.0088888888888888,1.1384615384615384,0.0769230769230769,74,0,0.0769230769230769,0.0793196432275461,49.11429164073844,85.22454142947501,104.57407407407408,10,5245,,,,,,,,,,,,,,,,,,,,,,,,,,,,,,,,,,,,,,,,,,,,,,,,,,,,,,,,,,,,,,
M10O90-S4,work-2,3801,3.801,100,60.0,0.0121212121212121,1.2,0.15,0.37,2.9,1.011111111111111,130,8325.0,71.0,0.0085285285285285,1.0923076923076922,0.1153846153846153,71,0,0.1153846153846153,0.115619166148102,48.218211989213856,77.77988614800759,105.54012345679013,11,6767,,,,,,,,,,,,,,,,,,,,,,,,,,,,,,,,,,,,,,,,,,,,,,,,,,,,,,,,,,,,,,
M10O90-S4,work-2,3901,3.901,100,70.0,0.0141414141414141,1.4,0.24,0.35,4.2,1.0888888888888888,130,8325.0,86.0,0.0103303303303303,1.323076923076923,0.0923076923076923,86,0,0.0923076923076923,0.0933831155361958,49.32379174445136,88.51992409867172,103.5895061728395,10,5566,,,,,,,,,,,,,,,,,,,,,,,,,,,,,,,,,,,,,,,,,,,,,,,,,,,,,,,,,,,,,,
M10O90-S4,work-2,4001,4.001,100,84.0,0.0169696969696969,1.68,0.31,0.27,4.1,1.4111111111111112,130,8325.0,93.0,0.0111711711711711,1.4307692307692308,0.1,93,0,0.1,0.1040033188135241,56.16469612113669,68.76027830487034,133.5895061728395,10,6202,,,,,,,,,,,,,,,,,,,,,,,,,,,,,,,,,,,,,,,,,,,,,,,,,,,,,,,,,,,,,,
M10O90-S4,work-2,4101,4.101,100,62.0,0.0125252525252525,1.24,0.21,0.38,4.2,0.9111111111111112,130,8325.0,70.0,0.0084084084084084,1.0769230769230769,0.0846153846153846,70,0,0.0846153846153846,0.0867869736569176,45.74777017216345,70.57558507273878,101.70370370370372,10,6324,,,,,,,,,,,,,,,,,,,,,,,,,,,,,,,,,,,,,,,,,,,,,,,,,,,,,,,,,,,,,,
M10O90-S4,work-2,4201,4.2010000000000005,100,62.0,0.0125252525252525,1.24,0.12,0.29,3.3,1.011111111111111,130,8325.0,73.0,0.0087687687687687,1.123076923076923,0.0692307692307692,73,0,0.0692307692307692,0.0711470649242895,55.02800248911014,79.51296647691335,124.95987654320987,12,5705,,,,,,,,,,,,,,,,,,,,,,,,,,,,,,,,,,,,,,,,,,,,,,,,,,,,,,,,,,,,,,
M10O90-S4,work-2,4301,4.301,100,80.0,0.0161616161616161,1.6,0.13,0.25,3.5,1.3888888888888888,130,8325.0,88.0,0.0105705705705705,1.353846153846154,0.0769230769230769,88,0,0.0769230769230769,0.0775980087118855,53.83737813731591,71.0752688172043,125.53395061728396,10,6163,,,,,,,,,,,,,,,,,,,,,,,,,,,,,,,,,,,,,,,,,,,,,,,,,,,,,,,,,,,,,,
M10O90-S4,work-2,4401,4.401,100,84.0,0.0169696969696969,1.68,0.36,0.28,4.3,1.3888888888888888,130,8325.0,98.0,0.0117717717717717,1.5076923076923077,0.1,98,0,0.1,0.1035262393694254,58.46919726197884,96.11638203668564,127.09876543209876,10,5712,,,,,,,,,,,,,,,,,,,,,,,,,,,,,,,,,,,,,,,,,,,,,,,,,,,,,,,,,,,,,,
M10O90-S4,work-2,4501,4.501,100,71.0,0.0143434343434343,1.42,0.25,0.27,4.1,1.1222222222222222,130,8325.0,83.0,0.0099699699699699,1.2769230769230768,0.1615384615384615,83,0,0.1615384615384615,0.1636175067413399,55.79340385812072,77.67868437697659,128.1327160493827,12,5850,,,,,,,,,,,,,,,,,,,,,,,,,,,,,,,,,,,,,,,,,,,,,,,,,,,,,,,,,,,,,,
M10O90-S4,work-2,4601,4.601,100,90.0,0.0181818181818181,1.8,0.37,0.27,6.4,1.288888888888889,130,8325.0,107.0,0.0128528528528528,1.646153846153846,0.123076923076923,107,0,0.123076923076923,0.1288529350757104,59.71375233354076,116.37571157495256,120.91666666666669,10,5249,,,,,,,,,,,,,,,,,,,,,,,,,,,,,,,,,,,,,,,,,,,,,,,,,,,,,,,,,,,,,,
M10O90-S4,work-2,4701,4.7010000000000005,100,69.0,0.0139393939393939,1.38,0.24,0.3,3.6,1.1333333333333333,130,8325.0,84.0,0.01009009009009,1.2923076923076924,0.0846153846153846,84,0,0.0846153846153846,0.085749844430616,54.83094793611284,89.27261227071473,119.61111111111111,10,5789,,,,,,,,,,,,,,,,,,,,,,,,,,,,,,,,,,,,,,,,,,,,,,,,,,,,,,,,,,,,,,
M10O90-S4,work-2,4801,4.801,100,62.0,0.0125252525252525,1.24,0.19,0.36,4.6,0.8666666666666667,130,8325.0,75.0,0.009009009009009,1.1538461538461535,0.0923076923076923,75,0,0.0923076923076923,0.0933001451980916,47.35532047293093,96.68564199873498,93.74691358024693,10,5145,,,,,,,,,,,,,,,,,,,,,,,,,,,,,,,,,,,,,,,,,,,,,,,,,,,,,,,,,,,,,,
M10O90-S4,work-2,4901,4.901,100,87.0,0.0175757575757575,1.74,0.37,0.21,5.0,1.3777777777777778,130,8325.0,103.0,0.0123723723723723,1.5846153846153843,0.1769230769230769,103,0,0.1769230769230769,0.1773283551130471,58.80107861439535,95.28779253636938,128.49074074074073,12,5910,,,,,,,,,,,,,,,,,,,,,,,,,,,,,,,,,,,,,,,,,,,,,,,,,,,,,,,,,,,,,,
M10O90D1-S4,work-2,1001,1.001,100,148.0,0.0298989898989899,2.96,0.57,0.24,6.6,2.555555555555556,130,8325.0,158.0,0.0189789789789789,2.4307692307692306,0.3769230769230769,158,0,0.3769230769230769,0.3784277120929268,78.16013275254096,87.03352308665401,190.1296296296296,10,6536,7.0,28.0,0.3846153846153846,0.2769230769230769,0.0846153846153846,0.023076923076923,0.3857705870151421,0.2797967226716449,0.0836963285625388,0.0222775357809583,0.45,0.35,0.11,0.03,18598.0,18598.0,7.331163785637055,14.414414122809456,13320.0,13320.0,6.228174815458017,13.099528906850049,5278.0,5278.0,10.114758534175284,17.806639574341844,18598.0,45.0,6.854092115748902,13.854447329688476,13320.0,37.0,6.228174815458018,13.100183961051176,5278.0,7.999999999999999,9.748959629594236,16.95161736854858,50.0,50.0,6.115268144987064,13.55404293138875,37.0,37.0,4.995068499368951,12.56209198609814,13.0,13.0,9.303528674823225,15.946946905786492,50.0,50.0,6.115268144987064,13.55404293138875,37.0,37.0,4.995068499368951,12.56209198609814,13.0,13.0,9.303528674823225,15.946946905786492
M10O90D1-S4,work-2,1101,1.101,100,155.0,0.0313131313131313,3.1,0.57,0.26,7.3,2.6333333333333333,130,8325.0,173.0,0.0207807807807807,2.6615384615384614,0.3692307692307692,173,0,0.3692307692307692,0.3690313213026343,67.62289981331674,93.75079063883618,155.49382716049382,10,6589,7.0,28.0,0.3692307692307692,0.2769230769230769,0.0846153846153846,0.0076923076923076,0.3690313213026343,0.2797967226716449,0.0817672682016179,0.0074673304293715,0.44,0.35,0.11,0.01,17791.0,17791.0,6.666608144456596,13.215275569253306,13320.0,13320.0,6.286377342719854,13.374531695841188,4471.0,4471.0,7.799391476850558,12.931662864557907,17791.0,44.0,6.551364476760276,13.333505567349942,13320.0,37.0,6.286377342719854,13.375829099683378,4471.0,7.0,7.952010756688218,13.231340521719776,48.0,48.0,5.520743491870399,11.979381072510652,37.0,37.0,5.028771895706587,12.797461674117589,11.0,11.0,7.175557042603222,8.966466909740015,48.0,48.0,5.520743491870399,11.979381072510652,37.0,37.0,5.028771895706587,12.797461674117589,11.0,11.0,7.175557042603222,8.966466909740015
M10O90D1-S4,work-2,1201,1.201,100,185.0,0.0373737373737373,3.7,0.64,0.22,7.5,3.2777777777777777,130,8325.0,201.0,0.0241441441441441,3.0923076923076924,0.4923076923076923,201,0,0.4923076923076923,0.4915992532669571,91.48309479361129,112.91587602783048,217.14814814814812,10,6034,5.0,28.0,0.4923076923076923,0.2692307692307692,0.1384615384615384,0.0846153846153846,0.4915992532669571,0.270130678282514,0.1381663555278987,0.0833022194565442,0.55,0.33,0.18,0.1,23700.0,23700.0,9.387597212942726,18.35083653849353,16920.0,16920.0,8.114665285982786,17.403863921252984,6780.0,6780.0,12.564294588187884,21.816695108636598,23700.0,54.99999999999999,8.71434622295086,17.80970998229198,16920.0,46.99999999999999,8.114665285982788,17.40559641436318,6780.0,7.999999999999998,12.237471727638288,21.22833959399081,64.0,64.0,8.505802405536539,17.223157364617308,47.0,47.0,7.172394470137313,17.223157364617308,17.0,17.0,12.192283168110867,25.448405631719275,64.0,64.0,8.505802405536539,17.223157364617308,47.0,47.0,7.172394470137313,17.223157364617308,17.0,17.0,12.192283168110867,25.448405631719275
M10O90D1-S4,work-2,1301,1.301,100,160.0,0.0323232323232323,3.2,0.6,0.23,5.1,2.988888888888889,130,8325.0,170.0,0.0204204204204204,2.6153846153846154,0.3692307692307692,170,0,0.3692307692307692,0.3669570628500311,75.44285417963079,70.20240354206199,190.25617283950615,13,7194,3.0,32.0,0.3692307692307692,0.2769230769230769,0.0769230769230769,0.0153846153846153,0.3669570628500311,0.2738643434971997,0.0781580584940883,0.014934660858743,0.44,0.35,0.08,0.02,17691.0,17691.0,6.192820847326983,12.73930944071187,14040.0,14040.0,5.72233871341185,12.434970519802896,3651.0,3651.0,8.002070137978437,13.239340340855406,17691.0,44.0,5.963012085677506,12.595085874181512,14040.0,38.99999999999999,5.722338713411854,12.444001626646468,3651.0,4.999999999999998,7.8402643893496275,13.14992809813386,48.0,48.0,4.823676803776238,12.208889223703636,39.0,39.0,4.258051147096928,12.208889223703636,9.0,9.0,7.274721316053245,12.218441911677646,48.0,48.0,4.823676803776238,12.208889223703636,39.0,39.0,4.258051147096928,12.208889223703636,9.0,9.0,7.274721316053245,12.218441911677646
M10O90D1-S4,work-2,1401,1.401,100,158.0,0.0319191919191919,3.16,0.69,0.21,6.7,2.7666666666666666,130,8325.0,168.0,0.0201801801801801,2.5846153846153848,0.3615384615384615,168,0,0.3615384615384615,0.3594897324206596,70.47915370255134,89.17141049968374,166.2283950617284,11,7295,5.0,29.0,0.3615384615384615,0.2615384615384615,0.0769230769230769,0.023076923076923,0.3594897324206596,0.2608587429993777,0.0763534536403235,0.0222775357809583,0.43,0.34,0.1,0.03,17331.0,17331.0,6.538394147852828,14.218622777622508,13680.0,13680.0,5.843356127996906,12.652628809375267,3651.0,3651.0,9.142645068594828,19.647046415577428,17331.0,43.0,6.100684906391363,12.98107630310056,13680.0,37.99999999999999,5.843356127996907,12.65966059421402,3651.0,4.999999999999999,8.056383622189232,17.082235104980477,47.0,47.0,5.308023383302332,11.6102067460086,38.0,38.0,4.526360782030462,11.350679619039465,9.0,9.0,8.608376588672447,21.21299943579688,47.0,47.0,5.308023383302332,11.6102067460086,38.0,38.0,4.526360782030462,11.350679619039465,9.0,9.0,8.608376588672447,21.21299943579688
M10O90D1-S4,work-2,1501,1.501,100,161.0,0.0325252525252525,3.22,0.62,0.29,5.6,2.955555555555556,130,8325.0,171.0,0.0205405405405405,2.6307692307692307,0.3615384615384615,171,0,0.3615384615384615,0.3578510682431031,69.25948973242066,78.70967741935483,167.7037037037037,10,6251,5.0,31.0,0.3615384615384615,0.2769230769230769,0.0769230769230769,0.0076923076923076,0.3578510682431031,0.2757934038581207,0.0745903339556108,0.0074673304293715,0.44,0.36,0.1,0.01,17252.0,17252.0,6.5417392011397695,14.247492816698305,13680.0,13680.0,5.934462588836756,13.06079957699489,3572.0,3572.0,8.867479418470463,17.41926619935901,17252.0,44.0,6.441674167727652,14.143923159719565,13680.0,37.99999999999999,5.934462588836756,13.062066664811008,3572.0,5.999999999999998,9.654014167370006,18.213005418445867,47.0,47.0,5.029343162865882,13.370652505388747,38.0,38.0,4.320709307534883,13.218760717141096,9.0,9.0,8.021352774263427,14.625667431155088,47.0,47.0,5.029343162865882,13.370652505388747,38.0,38.0,4.320709307534883,13.218760717141096,9.0,9.0,8.021352774263427,14.625667431155088
M10O90D1-S4,work-2,1601,1.601,100,173.0,0.0349494949494949,3.46,0.66,0.2,6.2,3.1555555555555554,130,8325.0,181.0,0.0217417417417417,2.7846153846153845,0.4153846153846154,181,0,0.4153846153846154,0.413648620618129,69.42543040862891,77.80518659076535,168.63888888888889,11,6022,5.0,34.0,0.4153846153846154,0.3,0.0538461538461538,0.0615384615384615,0.413648620618129,0.2981953951462352,0.0538270068450528,0.0616262186268409,0.49,0.39,0.07,0.08,19942.0,19942.0,7.116962148540308,14.579748249662387,15120.0,15120.0,6.114602534790987,12.834370846796809,4822.0,4822.0,10.259989390325815,19.72191667491731,19942.0,49.0,6.821963356884532,14.203223375112218,15120.0,41.99999999999999,6.114602534790989,12.841701106559617,4822.0,7.0,11.0661282894458,25.350910045676358,54.0,54.0,5.795416897778431,12.693278281987016,42.0,42.0,4.7149269686831285,11.26138900312604,12.0,12.0,9.577131649611983,17.122579005779755,54.0,54.0,5.795416897778431,12.693278281987016,42.0,42.0,4.7149269686831285,11.26138900312604,12.0,12.0,9.577131649611983,17.122579005779755
M10O90D1-S4,work-2,1701,1.701,100,172.0,0.0347474747474747,3.44,0.65,0.25,5.8,3.1777777777777776,130,8325.0,182.0,0.0218618618618618,2.8,0.4,182,0,0.4,0.3958722256793196,72.733872640531,78.51359898798229,178.13888888888889,10,6020,4.0,35.0,0.4,0.3,0.1,0.0,0.3958722256793196,0.2971582659199336,0.098713959759386,0.0,0.49,0.39,0.12,0.0,19085.0,19085.0,5.834625107920915,11.103781605466647,15480.0,15480.0,5.306168220364754,10.38819069287605,3605.0,3605.0,8.10383803978482,14.254224684785363,19085.0,49.00000000000001,5.716507652339089,11.07109367802574,15480.0,42.99999999999999,5.306168220364756,10.391840725199854,3605.0,5.999999999999999,8.657273581488505,14.77500655494324,52.0,52.0,4.457015842979067,9.818708683835087,43.0,43.0,3.868005148653568,9.818708683835087,9.0,9.0,7.271178049200898,11.06704287964932,52.0,52.0,4.457015842979067,9.818708683835087,43.0,43.0,3.868005148653568,9.818708683835087,9.0,9.0,7.271178049200898,11.06704287964932
M10O90D1-S4,work-2,1801,1.801,100,161.0,0.0325252525252525,3.22,0.56,0.26,5.3,2.988888888888889,130,8325.0,175.0,0.021021021021021,2.6923076923076925,0.4461538461538462,175,0,0.4461538461538462,0.4428334370462559,72.11574362165526,82.6122707147375,174.2993827160494,11,6314,3.0,34.0,0.4461538461538462,0.2846153846153846,0.123076923076923,0.0384615384615384,0.4428334370462559,0.281186475834889,0.1242273387264053,0.0374196224849616,0.52,0.37,0.13,0.05,21349.0,21349.0,8.295705686712596,19.41376664064025,16560.0,16560.0,7.04527291368478,17.197213735881338,4789.0,4789.0,12.61960769576264,21.399576029981684,21349.0,52.0,7.676247885010071,18.723259299802077,16560.0,45.99999999999999,7.045272913684781,17.20522944872444,4789.0,6.0,12.513722665170636,21.326352204689783,58.0,58.0,7.111698129131105,17.319887968614477,46.0,46.0,5.69669918566282,17.319887968614477,12.0,12.0,12.535860745759525,16.85892862214254,58.0,58.0,7.111698129131105,17.319887968614477,46.0,46.0,5.69669918566282,17.319887968614477,12.0,12.0,12.535860745759525,16.85892862214254
M10O90D1-S4,work-2,1901,1.901,100,164.0,0.0331313131313131,3.28,0.59,0.21,4.2,3.1777777777777776,130,8325.0,175.0,0.021021021021021,2.6923076923076925,0.3769230769230769,175,0,0.3769230769230769,0.3745073636175067,73.52209085252022,74.73750790638836,182.3271604938272,10,6039,3.0,34.0,0.3769230769230769,0.2846153846153846,0.0846153846153846,0.0076923076923076,0.3745073636175067,0.281186475834889,0.0839244969923252,0.0093963907902924,0.45,0.37,0.1,0.01,18055.0,18055.0,5.7375833071753135,12.318341684390058,14040.0,14040.0,4.507515720235604,8.844730754199864,4015.0,4015.0,10.038990261255888,17.907507433256868,18055.0,45.00000000000001,5.238127863584804,10.96674238339881,14040.0,38.99999999999999,4.507515720235606,8.844879102934849,4015.0,6.0,9.987106795354604,17.434005896372025,49.0,49.0,4.307937620520914,9.320207765480736,39.0,39.0,3.038142894975918,6.2402138324360426,10.0,10.0,9.2601370501464,16.089435655172526,49.0,49.0,4.307937620520914,9.320207765480736,39.0,39.0,3.038142894975918,6.2402138324360426,10.0,10.0,9.2601370501464,16.089435655172526
M10O90D1-S4,work-2,2001,2.001,100,179.0,0.0361616161616161,3.58,0.64,0.13,6.2,3.2888888888888888,130,8325.0,193.0,0.0231831831831831,2.9692307692307693,0.4769230769230769,193,0,0.4769230769230769,0.4751918689068658,95.29765608794855,102.94750158127768,233.3641975308642,10,5577,3.0,34.0,0.4769230769230769,0.2846153846153846,0.0923076923076923,0.1,0.4751918689068658,0.281186475834889,0.0924082140634723,0.1015971790085044,0.55,0.37,0.12,0.11,22909.0,22909.0,8.605403334969653,18.25460674656609,17280.0,17280.0,6.981425659369963,15.591986862720006,5629.0,5629.0,13.590717642015775,21.699647396140083,22909.0,55.0,7.816512064348703,17.045418818624753,17280.0,48.0,6.981425659369964,15.595057100331138,5629.0,6.999999999999999,13.542818841345774,21.232616577819496,62.0,62.0,7.352515753719105,17.231752933102875,48.0,48.0,5.719141743864945,14.989526088961812,14.0,14.0,12.952655216076227,21.363767405467577,62.0,62.0,7.352515753719105,17.231752933102875,48.0,48.0,5.719141743864945,14.989526088961812,14.0,14.0,12.952655216076227,21.363767405467577
M10O90D1-S4,work-2,2101,2.101,100,184.0,0.0371717171717171,3.68,0.7,0.14,7.7,3.2333333333333334,130,8325.0,203.0,0.0243843843843843,3.123076923076923,0.5230769230769231,203,0,0.5230769230769231,0.5228375855631612,83.11138767890479,120.2213788741303,188.66975308641972,10,5771,4.0,33.0,0.5230769230769231,0.2846153846153846,0.123076923076923,0.1153846153846153,0.5228375855631612,0.28311553619581,0.1242273387264053,0.1154947106409458,0.59,0.37,0.14,0.13,25206.0,25206.0,11.550989125677305,29.859562672288224,18360.0,18360.0,9.68501607391916,26.175843145098963,6846.0,6846.0,16.555263918297744,32.031037271725545,25206.0,59.0,10.673339628359573,28.261324228290288,18360.0,51.0,9.68501607391916,26.184071101710018,6846.0,7.999999999999998,16.973902287917184,32.14387911881833,68.0,68.0,10.39073514797605,30.890907978222103,51.0,51.0,8.435538383019013,24.9130752855846,17.0,17.0,16.256325442847167,32.37483794963806,68.0,68.0,10.39073514797605,30.890907978222103,51.0,51.0,8.435538383019013,24.9130752855846,17.0,17.0,16.256325442847167,32.37483794963806
M10O90D1-S4,work-2,2201,2.201,100,201.0,0.0406060606060606,4.02,0.72,0.2,7.5,3.633333333333333,130,8325.0,218.0,0.0261861861861861,3.353846153846154,0.5615384615384615,218,0,0.5615384615384615,0.5620618129018876,86.45716656295374,96.10373181530676,210.39506172839504,10,5837,5.0,34.0,0.5769230769230769,0.3153846153846154,0.1384615384615384,0.123076923076923,0.5788010786143953,0.3158265919933624,0.1360506119062435,0.1269238747147894,0.62,0.39,0.18,0.12,27904.0,27904.0,10.80491753536781,23.25923506236025,19080.0,19080.0,8.412351849647086,18.04689651332256,8824.0,8824.0,15.978325659070372,30.009739783765028,27904.0,61.99999999999999,9.492780325829116,20.60226077722411,19080.0,53.000000000000014,8.412351849647083,18.05132411694547,8824.0,9.0,15.855303574456602,28.321113671509536,75.0,75.0,9.626420838620248,22.419710857156357,53.0,53.0,7.156605951420495,16.83000001606582,22.0,22.0,15.57642943051055,27.28216728901145,75.0,75.0,9.626420838620248,22.419710857156357,53.0,53.0,7.156605951420495,16.83000001606582,22.0,22.0,15.57642943051055,27.28216728901145
M10O90D1-S4,work-2,2301,2.301,100,168.0,0.0339393939393939,3.36,0.62,0.3,5.6,3.111111111111111,130,8325.0,193.0,0.0231831831831831,2.9692307692307693,0.4615384615384615,193,0,0.4615384615384615,0.4612113669363202,83.80833851897947,120.4427577482606,190.6358024691358,11,5883,4.0,35.0,0.4615384615384615,0.3,0.1076923076923077,0.0538461538461538,0.4612113669363202,0.2971582659199336,0.1097075295581829,0.0543455714582036,0.53,0.39,0.11,0.07,22235.0,22235.0,7.771761263375495,16.62520205143577,16560.0,16560.0,6.9281598232930754,16.52129456144089,5675.0,5675.0,10.233442293818642,16.709676946119416,22235.0,53.0,7.457506777732389,16.94725052194949,16560.0,45.99999999999999,6.9281598232930754,16.52998355297596,5675.0,6.999999999999998,10.9360724783336,17.46801315732902,60.0,60.0,6.584501896239017,14.72658322099238,46.0,46.0,5.721867964622333,16.52278528700749,14.0,14.0,9.418870528693835,14.66306179726143,60.0,60.0,6.584501896239017,14.72658322099238,46.0,46.0,5.721867964622333,16.52278528700749,14.0,14.0,9.418870528693835,14.66306179726143
M10O90D1-S4,work-2,2401,2.401,100,169.0,0.0341414141414141,3.38,0.67,0.19,5.6,3.1333333333333333,130,8325.0,182.0,0.0218618618618618,2.8,0.4615384615384615,182,0,0.4615384615384615,0.4602572080481228,78.9670192906036,74.35800126502214,198.71604938271605,11,4828,4.0,34.0,0.4615384615384615,0.2923076923076923,0.0923076923076923,0.0769230769230769,0.4602572080481228,0.2896909354905621,0.0911221738228583,0.0794440987347023,0.52,0.38,0.11,0.09,22189.0,22189.0,8.915240378575058,20.013080815822608,16560.0,16560.0,7.532078666205475,18.78666290563153,5629.0,5629.0,12.984374853053708,22.81580343955698,22189.0,52.00000000000001,8.19599140233679,19.3875754237623,16560.0,45.99999999999999,7.532078666205476,18.790227018639857,5629.0,5.999999999999999,13.285989046010233,22.725919886770843,60.0,60.0,7.714968018877015,19.38254013874554,46.0,46.0,6.295470647084919,18.391714171205525,14.0,14.0,12.379030811908189,21.666829727485325,60.0,60.0,7.714968018877015,19.38254013874554,46.0,46.0,6.295470647084919,18.391714171205525,14.0,14.0,12.379030811908189,21.666829727485325
M10O90D1-S4,work-2,2501,2.501,100,171.0,0.0345454545454545,3.42,0.62,0.23,4.9,3.2555555555555555,130,8325.0,182.0,0.0218618618618618,2.8,0.3769230769230769,182,0,0.3769230769230769,0.3745488487865588,74.66500725990458,63.73181530676787,191.0987654320988,10,6009,2.0,33.0,0.3846153846153846,0.2692307692307692,0.0923076923076923,0.023076923076923,0.3818917237087741,0.264322754615225,0.0952914333125907,0.0222775357809583,0.45,0.35,0.1,0.03,18411.0,18411.0,6.736229182582418,13.46141011756045,14760.0,14760.0,5.538296235350098,11.46327144903951,3651.0,3651.0,11.579146274105018,21.26314737852008,18411.0,45.0,6.061844433747638,12.341337647051718,14760.0,41.0,5.538296235350099,11.46571440018633,3651.0,3.999999999999999,11.428213467322404,20.911350837797023,50.0,50.0,5.377278011735504,11.802867626345463,41.0,41.0,4.1765331148040525,9.7897794482196,9.0,9.0,10.847338097756555,21.518853137752977,50.0,50.0,5.377278011735504,11.802867626345463,41.0,41.0,4.1765331148040525,9.7897794482196,9.0,9.0,10.847338097756555,21.518853137752977
M10O90D1-S4,work-2,2601,2.601,100,156.0,0.0315151515151515,3.12,0.62,0.19,5.2,2.888888888888889,130,8325.0,168.0,0.0201801801801801,2.5846153846153848,0.3769230769230769,168,0,0.3769230769230769,0.3755444928438083,77.11885500933417,67.05882352941177,196.77777777777777,11,6894,4.0,31.0,0.3769230769230769,0.2769230769230769,0.0769230769230769,0.023076923076923,0.3755444928438083,0.2757934038581207,0.0755444928438083,0.0242065961418792,0.44,0.35,0.1,0.02,18105.0,18105.0,6.680560003802906,13.93885869181616,13680.0,13680.0,5.714634386447961,13.008444258066094,4425.0,4425.0,9.666743607286664,14.809129418973724,18105.0,44.00000000000001,6.220499174961972,13.663736384980188,13680.0,37.99999999999999,5.714634386447963,13.009349370559695,4425.0,6.0,9.424309502217378,14.795998972583682,49.0,49.0,5.409739489681579,13.613252207056306,38.0,38.0,4.398821530419156,13.613252207056306,11.0,11.0,8.902001530769956,12.560853025947292,49.0,49.0,5.409739489681579,13.613252207056306,38.0,38.0,4.398821530419156,13.613252207056306,11.0,11.0,8.902001530769956,12.560853025947292
M10O90D1-S4,work-2,2701,2.701,100,151.0,0.0305050505050505,3.02,0.66,0.19,5.6,2.7333333333333334,130,8325.0,163.0,0.0195795795795795,2.507692307692308,0.3846153846153846,163,0,0.3846153846153846,0.3847127152043144,69.16614810205351,78.96900695762176,167.2993827160494,10,6781,3.0,30.0,0.4,0.2538461538461538,0.0923076923076923,0.0538461538461538,0.3993984650487451,0.2504252229827836,0.0950217797137523,0.053951462352209,0.46,0.33,0.1,0.06,19255.0,19255.0,7.78322445668464,15.94810438064619,14400.0,14400.0,6.305620450866344,13.925387131281228,4855.0,4855.0,12.165819242221907,20.51589216310586,19255.0,46.0,6.977946543145097,14.750554894471142,14400.0,40.0,6.3056204508663445,13.92858124237998,4855.0,6.0,11.46012049167011,18.35253012065451,52.0,52.0,6.459104335562606,15.011425813011629,40.0,40.0,4.931598165501469,12.721239982952628,12.0,12.0,11.55079156909973,19.81309928382184,52.0,52.0,6.459104335562606,15.011425813011629,40.0,40.0,4.931598165501469,12.721239982952628,12.0,12.0,11.55079156909973,19.81309928382184
M10O90D1-S4,work-2,2801,2.801,100,144.0,0.029090909090909,2.88,0.6,0.16,4.7,2.6777777777777776,130,8325.0,152.0,0.0182582582582582,2.3384615384615386,0.3538461538461538,152,0,0.3538461538461538,0.3521053723293922,75.29143331259075,71.23339658444023,189.30246913580248,10,5345,3.0,30.0,0.3538461538461538,0.2538461538461538,0.0692307692307692,0.0307692307692307,0.3521053723293922,0.2504252229827836,0.0706907280647168,0.0309894212818917,0.43,0.33,0.07,0.04,16975.0,16975.0,6.79637622701103,14.89274900684509,12960.0,12960.0,5.464716862509983,12.796808984702496,4015.0,4015.0,11.094833353769085,17.620154388267746,16975.0,42.99999999999999,6.386571571079674,14.552479037317132,12960.0,36.0,5.464716862509984,12.80050896340086,4015.0,6.999999999999999,11.1275386437238,17.56298711527771,46.0,46.0,5.5274395546781365,15.264289288986925,36.0,36.0,4.072967902424782,13.006160442281589,10.0,10.0,10.76353750279021,15.336791241623295,46.0,46.0,5.5274395546781365,15.264289288986925,36.0,36.0,4.072967902424782,13.006160442281589,10.0,10.0,10.76353750279021,15.336791241623295
M10O90D1-S4,work-2,2901,2.901,100,164.0,0.0331313131313131,3.28,0.66,0.16,5.5,3.033333333333333,130,8325.0,176.0,0.0211411411411411,2.707692307692308,0.4,176,0,0.4,0.3969093549056212,73.33125907488073,91.0246679316888,173.81172839506172,11,4888,3.0,33.0,0.4,0.2769230769230769,0.0692307692307692,0.0538461538461538,0.3969093549056212,0.2728272142708982,0.0680771624144368,0.0560049782202862,0.48,0.36,0.09,0.06,19135.0,19135.0,7.283530284184226,16.028526446525902,15120.0,15120.0,5.957517660829352,13.29321662747996,4015.0,4015.0,12.277131994053631,21.933894850591127,19135.0,48.00000000000001,6.759544545004298,15.01025601980745,15120.0,41.99999999999999,5.957517660829354,13.295564655167237,4015.0,5.999999999999999,12.37373273422892,20.909409582459148,52.0,52.0,6.0768107223340735,14.52723873241684,42.0,42.0,4.788929709888031,10.083012165217353,10.0,10.0,11.485910974607457,22.211945223481653,52.0,52.0,6.0768107223340735,14.52723873241684,42.0,42.0,4.788929709888031,10.083012165217353,10.0,10.0,11.485910974607457,22.211945223481653
M10O90D1-S4,work-2,3001,3.001,100,173.0,0.0349494949494949,3.46,0.7,0.2,6.5,3.1222222222222222,130,8325.0,190.0,0.0228228228228228,2.923076923076923,0.3384615384615385,190,0,0.3384615384615385,0.332441402198714,88.19332088778262,116.04680581910183,205.83024691358025,12,4966,3.0,33.0,0.3384615384615385,0.2769230769230769,0.0615384615384615,0.0,0.332441402198714,0.2728272142708982,0.0596141879278158,0.0,0.43,0.36,0.08,0.0,16027.0,16027.0,5.860490508260626,11.589413278462048,14400.0,14400.0,5.481476264479766,11.125958521823764,1627.0,1627.0,9.215011166185873,16.995911886263244,16027.0,42.99999999999999,5.750597836895114,11.555880434500084,14400.0,40.0,5.481476264479767,11.126075022069468,1627.0,3.0,9.338885469099727,18.897146978504427,44.0,44.0,4.52852242331746,9.840680754024715,40.0,40.0,4.178828150390402,8.711044687035345,4.0,4.0,8.02546515258804,10.552957984833789,44.0,44.0,4.52852242331746,9.840680754024715,40.0,40.0,4.178828150390402,8.711044687035345,4.0,4.0,8.02546515258804,10.552957984833789
M10O90D1-S4,work-2,3101,3.101,100,157.0,0.0317171717171717,3.14,0.55,0.2,4.6,2.977777777777778,130,8325.0,167.0,0.02006006006006,2.569230769230769,0.3769230769230769,167,0,0.3769230769230769,0.3698610246836756,76.11491391827421,84.51612903225806,185.2716049382716,10,5138,3.0,33.0,0.3769230769230769,0.2769230769230769,0.0846153846153846,0.0153846153846153,0.3698610246836756,0.2728272142708982,0.0820991495540344,0.014934660858743,0.47,0.36,0.11,0.02,17831.0,17831.0,6.077540333733082,12.373725644897398,15840.0,15840.0,6.019131200911862,12.282737467657512,1991.0,1991.0,6.542231777172624,12.617737625321483,17831.0,47.0,6.069275630492518,12.379165018753431,15840.0,43.99999999999999,6.019131200911864,12.30097199677617,1991.0,3.0,6.804727264342141,13.033325230680804,49.0,49.0,4.81852102097563,11.045962183840286,44.0,44.0,4.714167551236908,11.045962183840286,5.0,5.0,5.736831554676375,10.55444993240307,49.0,49.0,4.81852102097563,11.045962183840286,44.0,44.0,4.714167551236908,11.045962183840286,5.0,5.0,5.736831554676375,10.55444993240307
M10O90D1-S4,work-2,3201,3.201,100,163.0,0.0329292929292929,3.26,0.6,0.23,4.6,3.111111111111111,130,8325.0,173.0,0.0207807807807807,2.6615384615384614,0.3846153846153846,173,0,0.3846153846153846,0.3802115743621655,79.90250985272765,81.42314990512334,198.05246913580248,10,5505,3.0,35.0,0.3923076923076923,0.2923076923076923,0.0461538461538461,0.0538461538461538,0.3875544492843808,0.2877618751296411,0.0466085874299937,0.0531839867247459,0.49,0.38,0.06,0.07,18684.0,18684.0,7.672886794306269,17.239070023847553,15840.0,15840.0,6.84923656403003,16.124968402027086,2844.0,2844.0,12.26030579837646,29.89620830070419,18684.0,49.0,7.561814022341108,17.408665352300563,15840.0,43.99999999999999,6.849236564030034,16.12788658558667,2844.0,4.999999999999999,13.832495655478583,34.126321656794566,51.0,51.0,6.35023499081129,15.355626301292595,44.0,44.0,5.500803942563117,15.355626301292595,7.0,7.0,11.689515865514103,32.85127877258099,51.0,51.0,6.35023499081129,15.355626301292595,44.0,44.0,5.500803942563117,15.355626301292595,7.0,7.0,11.689515865514103,32.85127877258099
M10O90D1-S4,work-2,3301,3.301,100,164.0,0.0331313131313131,3.28,0.45,0.27,4.7,3.1222222222222222,130,8325.0,177.0,0.0212612612612612,2.723076923076923,0.3615384615384615,177,0,0.3615384615384615,0.3566479983405932,79.42335615017632,88.07716635041113,193.3796296296296,10,5343,3.0,34.0,0.3615384615384615,0.2923076923076923,0.0461538461538461,0.023076923076923,0.3566479983405932,0.2876374196224849,0.044803982576229,0.0242065961418792,0.44,0.37,0.06,0.02,17194.0,17194.0,6.412507820192979,15.231340491579484,14760.0,14760.0,5.700959593922064,12.305724156974518,2434.0,2434.0,10.727401747784896,18.38329100886004,17194.0,44.0,5.970407539117451,13.709662340223804,14760.0,41.0,5.700959593922064,12.30640778720285,2434.0,2.999999999999999,9.65286279012108,17.299740812363904,47.0,47.0,4.904814719968582,15.537986196373472,41.0,41.0,4.197442679673081,10.05362048632052,6.0,6.0,9.738523661987836,20.54496938744284,47.0,47.0,4.904814719968582,15.537986196373472,41.0,41.0,4.197442679673081,10.05362048632052,6.0,6.0,9.738523661987836,20.54496938744284
M10O90D1-S4,work-2,3401,3.401,100,142.0,0.0286868686868686,2.84,0.51,0.23,5.8,2.511111111111111,130,8325.0,155.0,0.0186186186186186,2.3846153846153846,0.3923076923076923,155,0,0.3923076923076923,0.3922837585563161,73.49512549263638,94.54775458570523,172.58024691358025,10,5868,4.0,31.0,0.3923076923076923,0.2692307692307692,0.0461538461538461,0.0769230769230769,0.3922837585563161,0.2654428541796307,0.0464841319228375,0.0803567724538477,0.45,0.35,0.06,0.07,18912.0,18912.0,9.124701546724346,24.393532868417303,13680.0,13680.0,6.713580433245453,18.263812287730943,5232.0,5232.0,15.429009045270066,27.83936345633437,18912.0,45.0,7.736741217648381,21.85353415114142,13680.0,37.99999999999999,6.713580433245456,18.265609611224324,5232.0,6.999999999999998,13.291042618692847,26.70357943381953,51.0,51.0,7.902132509455779,23.422789649422025,38.0,38.0,5.471979973471261,18.901719751692617,13.0,13.0,15.005655306948984,27.829566291560027,51.0,51.0,7.902132509455779,23.422789649422025,38.0,38.0,5.471979973471261,18.901719751692617,13.0,13.0,15.005655306948984,27.829566291560027
M10O90D1-S4,work-2,3501,3.501,100,132.0,0.0266666666666666,2.64,0.56,0.26,5.1,2.3666666666666667,130,8325.0,139.0,0.0166966966966966,2.1384615384615384,0.3384615384615385,139,0,0.3384615384615385,0.3345986309894213,62.26094171333748,83.19418089816571,144.68827160493828,14,4625,4.0,29.0,0.3846153846153846,0.2538461538461538,0.0615384615384615,0.0692307692307692,0.3812901887575192,0.2505081933208878,0.0625803775150383,0.068201617921593,0.45,0.33,0.08,0.09,18382.0,18382.0,8.521863969702574,18.10014936387791,14400.0,14400.0,7.474216841069523,16.39648751298059,3982.0,3982.0,12.310442234975284,24.327399873428572,18382.0,45.0,7.937123919817746,17.042910821999822,14400.0,40.0,7.474216841069523,16.398952391068157,3982.0,4.999999999999999,11.64038054980353,22.696169366025902,50.0,50.0,7.277775701384927,16.05116775131968,40.0,40.0,6.2450538785628655,15.457424493185064,10.0,10.0,11.40866299267317,21.066542209714225,50.0,50.0,7.277775701384927,16.05116775131968,40.0,40.0,6.2450538785628655,15.457424493185064,10.0,10.0,11.40866299267317,21.066542209714225
M10O90D1-S4,work-2,3601,3.601,100,148.0,0.0298989898989899,2.96,0.52,0.25,5.6,2.6666666666666665,130,8325.0,162.0,0.0194594594594594,2.4923076923076923,0.3230769230769231,162,0,0.3230769230769231,0.3214893175689691,68.62684090437669,85.61669829222011,162.4506172839506,11,5856,3.0,30.0,0.3307692307692307,0.2615384615384615,0.0538461538461538,0.0153846153846153,0.3288321924911844,0.2577680979049989,0.0561709188964945,0.0148931756896909,0.38,0.33,0.06,0.02,15853.0,15853.0,5.729386945758362,12.329844634884353,11520.0,11520.0,4.473479947174449,9.147036465068192,4333.0,4333.0,9.068424246401486,16.91616027635303,15853.0,37.99999999999999,5.311925617696413,11.582703838858322,11520.0,32.0,4.47347994717445,9.147036465068192,4333.0,6.0,9.783635860480205,17.18061903071312,43.0,43.0,4.312164044672186,10.7284761300996,32.0,32.0,2.894584691870332,4.429145855240641,11.0,11.0,8.436031252823032,13.650077804504765,43.0,43.0,4.312164044672186,10.7284761300996,32.0,32.0,2.894584691870332,4.429145855240641,11.0,11.0,8.436031252823032,13.650077804504765
M10O90D1-S4,work-2,3701,3.701,100,157.0,0.0317171717171717,3.14,0.63,0.19,5.7,2.855555555555556,130,8325.0,171.0,0.0205405405405405,2.6307692307692307,0.3538461538461538,171,0,0.3538461538461538,0.3503837378137316,83.47230864965775,89.87349778621126,204.55246913580248,10,5268,4.0,31.0,0.3538461538461538,0.2692307692307692,0.0769230769230769,0.0076923076923076,0.3503837378137316,0.2652354283343704,0.0776809790499896,0.0074673304293715,0.44,0.35,0.1,0.01,16892.0,16892.0,6.053463076736336,12.732793931738469,13320.0,13320.0,5.307958035151065,11.655906083726236,3572.0,3572.0,8.833453881304024,18.88146336351221,16892.0,43.99999999999999,6.042235850292644,12.738456004543666,13320.0,37.0,5.307958035151066,11.657390037554237,3572.0,7.0,9.92341858746954,20.063972059236296,46.0,46.0,4.830368553041529,12.283428094143922,37.0,37.0,3.982594797858329,11.732527732419111,9.0,9.0,8.315660657683578,18.34733106658756,46.0,46.0,4.830368553041529,12.283428094143922,37.0,37.0,3.982594797858329,11.732527732419111,9.0,9.0,8.315660657683578,18.34733106658756
M10O90D1-S4,work-2,3801,3.801,100,175.0,0.0353535353535353,3.5,0.59,0.22,6.9,3.1222222222222222,130,8325.0,194.0,0.0233033033033033,2.9846153846153847,0.4846153846153846,194,0,0.4846153846153846,0.4874299937772246,77.24953329184817,104.85135989879822,178.72530864197532,10,5840,4.0,33.0,0.4923076923076923,0.2846153846153846,0.1,0.1076923076923077,0.4947728686994399,0.2822236050611906,0.1005185646131508,0.1120306990250985,0.53,0.37,0.12,0.11,23853.0,23853.0,9.904742064325982,23.29325922348906,16200.0,16200.0,7.800562383343267,21.300857216557645,7653.0,7653.0,14.358905246335649,25.63893124743533,23853.0,52.99999999999999,8.788409102804009,22.25277793116206,16200.0,44.99999999999999,7.800562383343268,21.30568198226072,7653.0,7.999999999999998,14.345046899770685,26.016359210933874,64.0,64.0,8.776001766780158,22.23982547762765,45.0,45.0,6.641877535255793,21.32585115760793,19.0,19.0,13.83050652565366,27.52522578733233,64.0,64.0,8.776001766780158,22.23982547762765,45.0,45.0,6.641877535255793,21.32585115760793,19.0,19.0,13.83050652565366,27.52522578733233
M10O90D1-S4,work-2,3901,3.901,100,133.0,0.0268686868686868,2.66,0.53,0.24,4.7,2.433333333333333,130,8325.0,141.0,0.0169369369369369,2.169230769230769,0.2923076923076923,141,0,0.2923076923076923,0.2904791537025513,70.06015349512549,70.79063883617964,173.9506172839506,10,6151,3.0,32.0,0.3538461538461538,0.2692307692307692,0.0615384615384615,0.023076923076923,0.3521883426674964,0.2653598838415266,0.0626218626840904,0.0242065961418792,0.4,0.35,0.05,0.02,16979.0,16979.0,6.832287336115103,15.282015183810437,12600.0,12600.0,5.070004207601909,10.122892140078184,4379.0,4379.0,11.903026641725113,20.936763278196462,16979.0,39.99999999999999,5.804550200118182,12.14338065345436,12600.0,35.0,5.07000420760191,10.12297911990504,4379.0,5.0,10.94637214773208,20.158598791935784,46.0,46.0,5.326806268574439,14.050816911060696,35.0,35.0,3.4642081601263124,6.989045546680421,11.0,11.0,11.253254795454842,19.150767750400863,46.0,46.0,5.326806268574439,14.050816911060696,35.0,35.0,3.4642081601263124,6.989045546680421,11.0,11.0,11.253254795454842,19.150767750400863
M10O90D1-S4,work-2,4001,4.001,100,152.0,0.0307070707070707,3.04,0.5,0.23,5.0,2.8222222222222224,130,8325.0,165.0,0.0198198198198198,2.5384615384615383,0.3230769230769231,165,0,0.3230769230769231,0.3204729309271935,72.42065961418793,93.92156862745098,169.68827160493828,10,5425,3.0,31.0,0.3307692307692307,0.2615384615384615,0.0615384615384615,0.0076923076923076,0.3278158058494088,0.2578925534121551,0.0625803775150383,0.0073428749222153,0.4,0.34,0.07,0.01,15804.0,15804.0,6.31456313232067,14.438966066124287,12960.0,12960.0,5.470406430610197,12.324297132466269,2844.0,2844.0,10.16135316543168,18.70695642049992,15804.0,39.99999999999999,5.8869345962622095,13.186276361000688,12960.0,36.0,5.470406430610199,12.327372283333547,2844.0,3.999999999999999,9.635688087130298,18.05414645910077,43.0,43.0,4.760861304112376,13.180164688021849,36.0,36.0,3.87293198816333,10.15274623817698,7.0,7.0,9.327354928993184,18.203703864812898,43.0,43.0,4.760861304112376,13.180164688021849,36.0,36.0,3.87293198816333,10.15274623817698,7.0,7.0,9.327354928993184,18.203703864812898
M10O90D1-S4,work-2,4101,4.101,100,144.0,0.029090909090909,2.88,0.51,0.18,5.2,2.6222222222222222,130,8325.0,160.0,0.0192192192192192,2.4615384615384617,0.3384615384615385,160,0,0.3384615384615385,0.3372121966397013,71.63244140219871,91.58760278304872,168.4814814814815,12,6239,3.0,31.0,0.3461538461538461,0.2692307692307692,0.0461538461538461,0.0307692307692307,0.3445550715619166,0.2652354283343704,0.0485376477909147,0.0307819954366314,0.41,0.34,0.05,0.04,16611.0,16611.0,7.001121765393037,14.93661801362674,12960.0,12960.0,5.8233377435557125,12.66558407000654,3651.0,3651.0,11.181916321134404,20.376796993275075,16611.0,40.99999999999999,6.654760904080357,14.712666610490157,12960.0,36.0,5.8233377435557125,12.667914753557566,3651.0,4.999999999999999,12.64100765985778,26.067658011846355,45.0,45.0,5.696440015162876,13.153323344428063,36.0,36.0,4.511677794300962,11.883475596871962,9.0,9.0,10.435488898610531,26.10635404503589,45.0,45.0,5.696440015162876,13.153323344428063,36.0,36.0,4.511677794300962,11.883475596871962,9.0,9.0,10.435488898610531,26.10635404503589
M10O90D1-S4,work-2,4201,4.2010000000000005,100,149.0,0.0301010101010101,2.98,0.7,0.18,5.5,2.7,130,8325.0,163.0,0.0195795795795795,2.507692307692308,0.3384615384615385,163,0,0.3384615384615385,0.334453432897739,81.27981746525617,88.61480075901328,198.641975308642,11,5923,3.0,31.0,0.3461538461538461,0.2692307692307692,0.0461538461538461,0.0307692307692307,0.3417963078199543,0.2652354283343704,0.046816013275254,0.0297448662103298,0.42,0.34,0.06,0.04,16478.0,16478.0,6.618054328801502,14.16633781343398,13680.0,13680.0,6.178969497837119,13.864574149184246,2798.0,2798.0,8.764830771829653,15.145962263877182,16478.0,41.99999999999999,6.481324196937712,14.242970027418352,13680.0,37.99999999999999,6.178969497837121,13.875747828977833,2798.0,4.0,9.353693838393324,16.898097831189443,45.0,45.0,5.411952339337445,13.571823901741558,38.0,38.0,4.944737559315851,13.92336855481241,7.0,7.0,7.9482611451689555,13.26316623589714,45.0,45.0,5.411952339337445,13.571823901741558,38.0,38.0,4.944737559315851,13.92336855481241,7.0,7.0,7.9482611451689555,13.26316623589714
M10O90D1-S4,work-2,4301,4.301,100,164.0,0.0331313131313131,3.28,0.7,0.22,5.8,3.0,130,8325.0,177.0,0.0212612612612612,2.723076923076923,0.4153846153846154,177,0,0.4153846153846154,0.4119684712715204,82.5326695706285,86.58444022770398,203.36111111111111,10,6496,3.0,32.0,0.4230769230769231,0.2692307692307692,0.0846153846153846,0.0692307692307692,0.4193113461937357,0.2653598838415266,0.0867869736569176,0.0671644886952914,0.51,0.35,0.1,0.09,20215.0,20215.0,8.09592320544441,17.553640009272282,16200.0,16200.0,7.169759661218728,16.760171212722035,4015.0,4015.0,11.832872001572944,22.169634824284355,20215.0,51.0,7.797287510333831,17.502733845295847,16200.0,44.99999999999999,7.169759661218731,16.762717119006403,4015.0,5.999999999999999,12.503746378697098,24.760693991814914,55.0,55.0,6.91887167542114,16.146535078795466,45.0,45.0,5.9507525061233135,16.146535078795466,10.0,10.0,11.275407937261363,15.902751250234008,55.0,55.0,6.91887167542114,16.146535078795466,45.0,45.0,5.9507525061233135,16.146535078795466,10.0,10.0,11.275407937261363,15.902751250234008
M10O90D1-S4,work-2,4401,4.401,100,162.0,0.0327272727272727,3.24,0.52,0.13,4.8,3.066666666666667,130,8325.0,172.0,0.0206606606606606,2.646153846153846,0.3769230769230769,172,0,0.3769230769230769,0.3719145405517527,77.26405310101639,82.2011385199241,189.820987654321,10,5941,3.0,34.0,0.3769230769230769,0.2846153846153846,0.0846153846153846,0.0076923076923076,0.3719145405517527,0.2802945447002696,0.0840696950840074,0.0075503007674756,0.45,0.37,0.09,0.01,17930.0,17930.0,6.019394393249916,12.443298963983588,14040.0,14040.0,4.828913274181837,9.663276419505696,3890.0,3890.0,10.316143727881236,17.34101884327439,17930.0,45.0,5.747446394880396,12.164999619964656,14040.0,38.99999999999999,4.828913274181839,9.67401354239214,3890.0,5.999999999999999,11.717911679421029,19.73416052344293,49.0,49.0,4.678658055863464,12.469494516866844,39.0,39.0,3.343950203521328,7.899121780173855,10.0,10.0,9.884018679997792,13.26433543864855,49.0,49.0,4.678658055863464,12.469494516866844,39.0,39.0,3.343950203521328,7.899121780173855,10.0,10.0,9.884018679997792,13.26433543864855
M10O90D1-S4,work-2,4501,4.501,100,162.0,0.0327272727272727,3.24,0.6,0.22,5.2,3.022222222222222,130,8325.0,170.0,0.0204204204204204,2.6153846153846154,0.4307692307692308,170,0,0.4307692307692308,0.4306575399294752,75.17942335615018,82.84629981024668,183.30246913580248,10,6003,3.0,32.0,0.4307692307692308,0.2769230769230769,0.1076923076923077,0.0461538461538461,0.4306575399294752,0.2727027587637419,0.1099564405724953,0.0479983405932379,0.5,0.35,0.11,0.06,20762.0,20762.0,7.690241966583558,16.935088808447833,15120.0,15120.0,5.927819934220455,12.363718595850626,5642.0,5642.0,12.413358083090143,25.95741317108102,20762.0,50.0,7.184679069874579,15.566734582900684,15120.0,41.99999999999999,5.927819934220455,12.364445241571843,5642.0,7.999999999999998,13.783189532058737,28.32384365814666,56.0,56.0,6.485277120902495,15.436822275642369,42.0,42.0,4.681864544963955,9.43500122501812,14.0,14.0,11.895514848718118,25.03111842542388,56.0,56.0,6.485277120902495,15.436822275642369,42.0,42.0,4.681864544963955,9.43500122501812,14.0,14.0,11.895514848718118,25.03111842542388
M10O90D1-S4,work-2,4601,4.601,100,150.0,0.0303030303030303,3.0,0.62,0.22,5.3,2.7444444444444445,130,8325.0,161.0,0.0193393393393393,2.476923076923077,0.3538461538461538,161,0,0.3538461538461538,0.3502177971375233,69.55403443269032,104.78810879190384,155.85493827160494,10,5894,3.0,33.0,0.3538461538461538,0.2769230769230769,0.0615384615384615,0.0153846153846153,0.3502177971375233,0.2728272142708982,0.0625803775150383,0.0148102053515868,0.44,0.36,0.08,0.02,16884.0,16884.0,6.408480660044088,14.399170993053469,14040.0,14040.0,5.539207373272709,11.560471908761524,2844.0,2844.0,10.699829797269883,17.93301743872585,16884.0,43.99999999999999,6.1613910698042,13.59703467433054,14040.0,38.99999999999999,5.539207373272711,11.564823458697736,2844.0,4.999999999999999,11.014423902749808,17.93301743872585,46.0,46.0,5.143038957356198,13.348063158112245,39.0,39.0,4.207841341583456,10.10839261577032,7.0,7.0,10.353425673804324,17.71260923750928,46.0,46.0,5.143038957356198,13.348063158112245,39.0,39.0,4.207841341583456,10.10839261577032,7.0,7.0,10.353425673804324,17.71260923750928
M10O90D1-S4,work-2,4701,4.7010000000000005,100,195.0,0.0393939393939393,3.9,0.64,0.12,7.0,3.555555555555556,130,8325.0,213.0,0.0255855855855855,3.276923076923077,0.4461538461538462,213,0,0.4461538461538462,0.4426260112009956,92.95166977805437,116.66034155597724,219.69135802469137,10,6017,4.0,35.0,0.5,0.3076923076923077,0.1076923076923077,0.0846153846153846,0.5004355942750467,0.3024476249740718,0.1092719352831362,0.0887160340178386,0.55,0.39,0.13,0.09,24126.0,24126.0,9.028262155474572,19.727719739542863,17280.0,17280.0,7.611151247407643,17.852244146737874,6846.0,6846.0,12.605194158307842,21.441308203546296,24126.0,54.99999999999999,8.200947908667631,18.74172541999285,17280.0,48.0,7.611151247407644,17.85324752842162,6846.0,6.999999999999998,12.245267871593231,20.451575041123736,65.0,65.0,7.9268564087002655,19.126291280219107,48.0,48.0,6.360306715793809,16.78958581501878,17.0,17.0,12.350055541612612,20.140223194518924,65.0,65.0,7.9268564087002655,19.126291280219107,48.0,48.0,6.360306715793809,16.78958581501878,17.0,17.0,12.350055541612612,20.140223194518924
M10O90D1-S4,work-2,4801,4.801,100,165.0,0.0333333333333333,3.3,0.6,0.18,5.5,3.055555555555556,130,8325.0,173.0,0.0207807807807807,2.6615384615384614,0.3538461538461538,173,0,0.3538461538461538,0.3494503215100601,72.53059531217589,64.69955724225174,184.27469135802468,10,4678,3.0,34.0,0.3538461538461538,0.2846153846153846,0.0538461538461538,0.0153846153846153,0.3494503215100601,0.2802945447002696,0.0531839867247459,0.0159717900850445,0.45,0.37,0.07,0.02,16847.0,16847.0,6.195223739116915,14.443744904603578,14400.0,14400.0,5.434527533326861,12.230180697157596,2447.0,2447.0,10.671735943194054,23.23325091555293,16847.0,44.99999999999999,6.154150198290168,14.312433255278547,14400.0,40.0,5.43452753332686,12.231199897934872,2447.0,5.0,11.911131517996624,23.709677635688443,46.0,46.0,4.798830238182166,13.8648367572729,40.0,40.0,3.92561691929452,9.436955502149406,6.0,6.0,10.620252364099803,26.756696866640365,46.0,46.0,4.798830238182166,13.8648367572729,40.0,40.0,3.92561691929452,9.436955502149406,6.0,6.0,10.620252364099803,26.756696866640365
M10O90D1-S4,work-2,4901,4.901,100,155.0,0.0313131313131313,3.1,0.63,0.24,4.7,2.922222222222222,130,8325.0,165.0,0.0198198198198198,2.5384615384615383,0.3384615384615385,165,0,0.3384615384615385,0.3342460070524787,70.43766853349928,79.90512333965845,170.62654320987653,10,5680,3.0,36.0,0.3384615384615385,0.3,0.0384615384615384,0.0,0.3342460070524787,0.2952292055590126,0.039016801493466,0.0,0.42,0.39,0.04,0.0,16114.0,16114.0,4.835921746171359,10.03182729383793,13680.0,13680.0,4.351973390853333,8.580582765447522,2434.0,2434.0,7.5558944251978994,12.171022913400993,16114.0,41.99999999999999,4.6340612154991,9.449512671549616,13680.0,37.99999999999999,4.351973390853334,8.5838017654188,2434.0,4.0,7.31389554963388,12.050244888624974,44.0,44.0,3.2322948585121973,5.958723757646471,38.0,38.0,2.698751855000025,4.48149234041134,6.0,6.0,6.61140054742262,11.372615051213812,44.0,44.0,3.2322948585121973,5.958723757646471,38.0,38.0,2.698751855000025,4.48149234041134,6.0,6.0,6.61140054742262,11.372615051213812
